anio,fuente,variable,unidad,valor
2004.0,CCNN oficial,vbp_tot,Millones de pesos corrientes,34700.885068475254
2005.0,CCNN oficial,vbp_tot,Millones de pesos corrientes,39435.60373276943
2006.0,CCNN oficial,vbp_tot,Millones de pesos corrientes,53832.1034535009
2007.0,CCNN oficial,vbp_tot,Millones de pesos corrientes,56155.49769032822
2008.0,CCNN oficial,vbp_tot,Millones de pesos corrientes,64210.197612939206
2009.0,CCNN oficial,vbp_tot,Millones de pesos corrientes,69059.79827423714
2010.0,CCNN oficial,vbp_tot,Millones de pesos corrientes,82616.23213857913
2011.0,CCNN oficial,vbp_tot,Millones de pesos corrientes,98731.95194679829
2012.0,CCNN oficial,vbp_tot,Millones de pesos corrientes,119348.92053009581
2013.0,CCNN oficial,vbp_tot,Millones de pesos corrientes,148325.90336800748
2014.0,CCNN oficial,vbp_tot,Millones de pesos corrientes,229226.20775410262
2015.0,CCNN oficial,vbp_tot,Millones de pesos corrientes,251831.60252344699
2016.0,CCNN oficial,vbp_tot,Millones de pesos corrientes,354686.9063898084
2017.0,CCNN oficial,vbp_tot,Millones de pesos corrientes,407149.29989827564
2018.0,CCNN oficial,vbp_tot,Millones de pesos corrientes,827566.4775253263
2019.0,CCNN oficial,vbp_tot,Millones de pesos corrientes,1143289.209678553
2020.0,CCNN oficial,vbp_tot,Millones de pesos corrientes,1066229.6718190925
2021.0,CCNN oficial,vbp_tot,Millones de pesos corrientes,2277204.7644472076
2022.0,CCNN oficial,vbp_tot,Millones de pesos corrientes,4043367.0477501005
2023.0,CCNN oficial,vbp_tot,Millones de pesos corrientes,10062005.171601433
2024.0,CCNN oficial,vbp_tot,Millones de pesos corrientes,33732039.91998815
2025.0,CCNN oficial,vbp_tot,Millones de pesos corrientes,45328728.55097801
1922.0,Criterio CCNN,vbp_tot,Millones de pesos corrientes,
1923.0,Criterio CCNN,vbp_tot,Millones de pesos corrientes,
1924.0,Criterio CCNN,vbp_tot,Millones de pesos corrientes,
1925.0,Criterio CCNN,vbp_tot,Millones de pesos corrientes,
1926.0,Criterio CCNN,vbp_tot,Millones de pesos corrientes,
1927.0,Criterio CCNN,vbp_tot,Millones de pesos corrientes,
1928.0,Criterio CCNN,vbp_tot,Millones de pesos corrientes,
1929.0,Criterio CCNN,vbp_tot,Millones de pesos corrientes,
1930.0,Criterio CCNN,vbp_tot,Millones de pesos corrientes,
1931.0,Criterio CCNN,vbp_tot,Millones de pesos corrientes,
1932.0,Criterio CCNN,vbp_tot,Millones de pesos corrientes,
1933.0,Criterio CCNN,vbp_tot,Millones de pesos corrientes,
1934.0,Criterio CCNN,vbp_tot,Millones de pesos corrientes,
1935.0,Criterio CCNN,vbp_tot,Millones de pesos corrientes,
1936.0,Criterio CCNN,vbp_tot,Millones de pesos corrientes,
1937.0,Criterio CCNN,vbp_tot,Millones de pesos corrientes,
1938.0,Criterio CCNN,vbp_tot,Millones de pesos corrientes,
1939.0,Criterio CCNN,vbp_tot,Millones de pesos corrientes,
1940.0,Criterio CCNN,vbp_tot,Millones de pesos corrientes,
1941.0,Criterio CCNN,vbp_tot,Millones de pesos corrientes,
1942.0,Criterio CCNN,vbp_tot,Millones de pesos corrientes,
1943.0,Criterio CCNN,vbp_tot,Millones de pesos corrientes,
1944.0,Criterio CCNN,vbp_tot,Millones de pesos corrientes,
1945.0,Criterio CCNN,vbp_tot,Millones de pesos corrientes,
1946.0,Criterio CCNN,vbp_tot,Millones de pesos corrientes,
1947.0,Criterio CCNN,vbp_tot,Millones de pesos corrientes,
1948.0,Criterio CCNN,vbp_tot,Millones de pesos corrientes,
1949.0,Criterio CCNN,vbp_tot,Millones de pesos corrientes,
1950.0,Criterio CCNN,vbp_tot,Millones de pesos corrientes,
1951.0,Criterio CCNN,vbp_tot,Millones de pesos corrientes,
1952.0,Criterio CCNN,vbp_tot,Millones de pesos corrientes,
1953.0,Criterio CCNN,vbp_tot,Millones de pesos corrientes,
1954.0,Criterio CCNN,vbp_tot,Millones de pesos corrientes,
1955.0,Criterio CCNN,vbp_tot,Millones de pesos corrientes,
1956.0,Criterio CCNN,vbp_tot,Millones de pesos corrientes,
1957.0,Criterio CCNN,vbp_tot,Millones de pesos corrientes,
1958.0,Criterio CCNN,vbp_tot,Millones de pesos corrientes,
1959.0,Criterio CCNN,vbp_tot,Millones de pesos corrientes,
1960.0,Criterio CCNN,vbp_tot,Millones de pesos corrientes,
1961.0,Criterio CCNN,vbp_tot,Millones de pesos corrientes,
1962.0,Criterio CCNN,vbp_tot,Millones de pesos corrientes,
1963.0,Criterio CCNN,vbp_tot,Millones de pesos corrientes,
1964.0,Criterio CCNN,vbp_tot,Millones de pesos corrientes,
1965.0,Criterio CCNN,vbp_tot,Millones de pesos corrientes,
1966.0,Criterio CCNN,vbp_tot,Millones de pesos corrientes,
1967.0,Criterio CCNN,vbp_tot,Millones de pesos corrientes,
1968.0,Criterio CCNN,vbp_tot,Millones de pesos corrientes,
1969.0,Criterio CCNN,vbp_tot,Millones de pesos corrientes,
1970.0,Criterio CCNN,vbp_tot,Millones de pesos corrientes,
1971.0,Criterio CCNN,vbp_tot,Millones de pesos corrientes,1.6775376735739532e-08
1972.0,Criterio CCNN,vbp_tot,Millones de pesos corrientes,2.278372728171155e-08
1973.0,Criterio CCNN,vbp_tot,Millones de pesos corrientes,
1974.0,Criterio CCNN,vbp_tot,Millones de pesos corrientes,9.921621542348092e-08
1975.0,Criterio CCNN,vbp_tot,Millones de pesos corrientes,1.741492244471156e-07
1976.0,Criterio CCNN,vbp_tot,Millones de pesos corrientes,1.3087341690501291e-06
1977.0,Criterio CCNN,vbp_tot,Millones de pesos corrientes,3.518820479911206e-06
1978.0,Criterio CCNN,vbp_tot,Millones de pesos corrientes,1.2598531786423027e-05
1979.0,Criterio CCNN,vbp_tot,Millones de pesos corrientes,
1980.0,Criterio CCNN,vbp_tot,Millones de pesos corrientes,
1981.0,Criterio CCNN,vbp_tot,Millones de pesos corrientes,
1982.0,Criterio CCNN,vbp_tot,Millones de pesos corrientes,
1983.0,Criterio CCNN,vbp_tot,Millones de pesos corrientes,
1984.0,Criterio CCNN,vbp_tot,Millones de pesos corrientes,0.0156046020861418
1985.0,Criterio CCNN,vbp_tot,Millones de pesos corrientes,0.14470797090944928
1986.0,Criterio CCNN,vbp_tot,Millones de pesos corrientes,0.23542135577990667
1987.0,Criterio CCNN,vbp_tot,Millones de pesos corrientes,0.4360549219372684
1988.0,Criterio CCNN,vbp_tot,Millones de pesos corrientes,2.604847606568693
1989.0,Criterio CCNN,vbp_tot,Millones de pesos corrientes,
1990.0,Criterio CCNN,vbp_tot,Millones de pesos corrientes,
1991.0,Criterio CCNN,vbp_tot,Millones de pesos corrientes,
1992.0,Criterio CCNN,vbp_tot,Millones de pesos corrientes,
1993.0,Criterio CCNN,vbp_tot,Millones de pesos corrientes,4215.6778411553
1993.0,Criterio CCNN,vbp_tot,Millones de pesos corrientes,4215.6778411553
1994.0,Criterio CCNN,vbp_tot,Millones de pesos corrientes,4535.849739212767
1994.0,Criterio CCNN,vbp_tot,Millones de pesos corrientes,4535.849739212767
1995.0,Criterio CCNN,vbp_tot,Millones de pesos corrientes,5329.502189225494
1995.0,Criterio CCNN,vbp_tot,Millones de pesos corrientes,5329.502189225494
1996.0,Criterio CCNN,vbp_tot,Millones de pesos corrientes,7114.180029779617
1996.0,Criterio CCNN,vbp_tot,Millones de pesos corrientes,7114.180029779617
1997.0,Criterio CCNN,vbp_tot,Millones de pesos corrientes,7198.936960556983
1997.0,Criterio CCNN,vbp_tot,Millones de pesos corrientes,7198.936960556983
1998.0,Criterio CCNN,vbp_tot,Millones de pesos corrientes,5356.916478495087
1998.0,Criterio CCNN,vbp_tot,Millones de pesos corrientes,5356.916478495087
1999.0,Criterio CCNN,vbp_tot,Millones de pesos corrientes,6505.872755622598
1999.0,Criterio CCNN,vbp_tot,Millones de pesos corrientes,6505.872755622598
2000.0,Criterio CCNN,vbp_tot,Millones de pesos corrientes,9688.103740995348
2000.0,Criterio CCNN,vbp_tot,Millones de pesos corrientes,9688.103740995348
2001.0,Criterio CCNN,vbp_tot,Millones de pesos corrientes,8658.426368030392
2001.0,Criterio CCNN,vbp_tot,Millones de pesos corrientes,8658.426368030392
2002.0,Criterio CCNN,vbp_tot,Millones de pesos corrientes,19704.950958888116
2002.0,Criterio CCNN,vbp_tot,Millones de pesos corrientes,19704.950958888116
2003.0,Criterio CCNN,vbp_tot,Millones de pesos corrientes,22137.03032582275
2003.0,Criterio CCNN,vbp_tot,Millones de pesos corrientes,22137.03032582275
2004.0,Criterio CCNN,vbp_tot,Millones de pesos corrientes,25391.334619155285
2004.0,Criterio CCNN,vbp_tot,Millones de pesos corrientes,25391.334619155285
2005.0,Criterio CCNN,vbp_tot,Millones de pesos corrientes,30218.214807839046
2005.0,Criterio CCNN,vbp_tot,Millones de pesos corrientes,30218.214807839046
2006.0,Criterio CCNN,vbp_tot,Millones de pesos corrientes,37005.58119672362
2006.0,Criterio CCNN,vbp_tot,Millones de pesos corrientes,37005.58119672362
2007.0,Criterio CCNN,vbp_tot,Millones de pesos corrientes,38718.28193800908
2007.0,Criterio CCNN,vbp_tot,Millones de pesos corrientes,38718.28193800908
2008.0,Criterio CCNN,vbp_tot,Millones de pesos corrientes,43059.088556794115
2008.0,Criterio CCNN,vbp_tot,Millones de pesos corrientes,43059.088556794115
2009.0,Criterio CCNN,vbp_tot,Millones de pesos corrientes,48103.828600283094
2009.0,Criterio CCNN,vbp_tot,Millones de pesos corrientes,48103.828600283094
2010.0,Criterio CCNN,vbp_tot,Millones de pesos corrientes,59841.294684315486
2011.0,Criterio CCNN,vbp_tot,Millones de pesos corrientes,69247.60301047353
2012.0,Criterio CCNN,vbp_tot,Millones de pesos corrientes,83828.25493962523
2013.0,Criterio CCNN,vbp_tot,Millones de pesos corrientes,96314.48231558173
2014.0,Criterio CCNN,vbp_tot,Millones de pesos corrientes,149204.36881954677
2015.0,Criterio CCNN,vbp_tot,Millones de pesos corrientes,159663.53697173172
2016.0,Criterio CCNN,vbp_tot,Millones de pesos corrientes,232128.69406054865
2017.0,Criterio CCNN,vbp_tot,Millones de pesos corrientes,249304.20212085807
2018.0,Criterio CCNN,vbp_tot,Millones de pesos corrientes,514295.0693281081
2019.0,Criterio CCNN,vbp_tot,Millones de pesos corrientes,747181.1217672344
2020.0,Criterio CCNN,vbp_tot,Millones de pesos corrientes,748158.3808280299
2021.0,Criterio CCNN,vbp_tot,Millones de pesos corrientes,1267362.2515429219
2022.0,Criterio CCNN,vbp_tot,Millones de pesos corrientes,2498970.273738828
2023.0,Criterio CCNN,vbp_tot,Millones de pesos corrientes,5926590.847885892
2024.0,Criterio CCNN,vbp_tot,Millones de pesos corrientes,21537196.446614914
2025.0,Criterio CCNN,vbp_tot,Millones de pesos corrientes,26408297.241231225
2026.0,Criterio CCNN,vbp_tot,Millones de pesos corrientes,
1960.0,Empalme CCNN,vbp_tot,Millones de pesos corrientes,
1961.0,Empalme CCNN,vbp_tot,Millones de pesos corrientes,
1962.0,Empalme CCNN,vbp_tot,Millones de pesos corrientes,
1963.0,Empalme CCNN,vbp_tot,Millones de pesos corrientes,
1964.0,Empalme CCNN,vbp_tot,Millones de pesos corrientes,
1965.0,Empalme CCNN,vbp_tot,Millones de pesos corrientes,
1966.0,Empalme CCNN,vbp_tot,Millones de pesos corrientes,
1967.0,Empalme CCNN,vbp_tot,Millones de pesos corrientes,
1968.0,Empalme CCNN,vbp_tot,Millones de pesos corrientes,
1969.0,Empalme CCNN,vbp_tot,Millones de pesos corrientes,
1970.0,Empalme CCNN,vbp_tot,Millones de pesos corrientes,
1971.0,Empalme CCNN,vbp_tot,Millones de pesos corrientes,2.2925948116493175e-08
1972.0,Empalme CCNN,vbp_tot,Millones de pesos corrientes,3.1137217231492605e-08
1973.0,Empalme CCNN,vbp_tot,Millones de pesos corrientes,
1974.0,Empalme CCNN,vbp_tot,Millones de pesos corrientes,1.3559312812734026e-07
1975.0,Empalme CCNN,vbp_tot,Millones de pesos corrientes,2.379997866573152e-07
1976.0,Empalme CCNN,vbp_tot,Millones de pesos corrientes,1.7885721513486098e-06
1977.0,Empalme CCNN,vbp_tot,Millones de pesos corrientes,4.808970732790016e-06
1978.0,Empalme CCNN,vbp_tot,Millones de pesos corrientes,1.7217692969253687e-05
1979.0,Empalme CCNN,vbp_tot,Millones de pesos corrientes,
1980.0,Empalme CCNN,vbp_tot,Millones de pesos corrientes,
1981.0,Empalme CCNN,vbp_tot,Millones de pesos corrientes,
1982.0,Empalme CCNN,vbp_tot,Millones de pesos corrientes,
1983.0,Empalme CCNN,vbp_tot,Millones de pesos corrientes,
1984.0,Empalme CCNN,vbp_tot,Millones de pesos corrientes,0.021325917351425545
1985.0,Empalme CCNN,vbp_tot,Millones de pesos corrientes,0.1977641089898769
1986.0,Empalme CCNN,vbp_tot,Millones de pesos corrientes,0.32173690481870937
1987.0,Empalme CCNN,vbp_tot,Millones de pesos corrientes,0.5959313268343471
1988.0,Empalme CCNN,vbp_tot,Millones de pesos corrientes,3.55989627060573
1989.0,Empalme CCNN,vbp_tot,Millones de pesos corrientes,
1990.0,Empalme CCNN,vbp_tot,Millones de pesos corrientes,
1991.0,Empalme CCNN,vbp_tot,Millones de pesos corrientes,
1992.0,Empalme CCNN,vbp_tot,Millones de pesos corrientes,
1993.0,Empalme CCNN,vbp_tot,Millones de pesos corrientes,5761.3258399299775
1993.0,Empalme CCNN,vbp_tot,Millones de pesos corrientes,5761.3258399299775
1994.0,Empalme CCNN,vbp_tot,Millones de pesos corrientes,6198.886464579702
1994.0,Empalme CCNN,vbp_tot,Millones de pesos corrientes,6198.886464579702
1995.0,Empalme CCNN,vbp_tot,Millones de pesos corrientes,7283.525884495379
1995.0,Empalme CCNN,vbp_tot,Millones de pesos corrientes,7283.525884495379
1996.0,Empalme CCNN,vbp_tot,Millones de pesos corrientes,9722.543035748355
1996.0,Empalme CCNN,vbp_tot,Millones de pesos corrientes,9722.543035748355
1997.0,Empalme CCNN,vbp_tot,Millones de pesos corrientes,9838.37548637674
1997.0,Empalme CCNN,vbp_tot,Millones de pesos corrientes,9838.37548637674
1998.0,Empalme CCNN,vbp_tot,Millones de pesos corrientes,7320.991426005766
1998.0,Empalme CCNN,vbp_tot,Millones de pesos corrientes,7320.991426005766
1999.0,Empalme CCNN,vbp_tot,Millones de pesos corrientes,8891.204269060778
1999.0,Empalme CCNN,vbp_tot,Millones de pesos corrientes,8891.204269060778
2000.0,Empalme CCNN,vbp_tot,Millones de pesos corrientes,13240.177386899755
2000.0,Empalme CCNN,vbp_tot,Millones de pesos corrientes,13240.177386899755
2001.0,Empalme CCNN,vbp_tot,Millones de pesos corrientes,11832.976201424804
2001.0,Empalme CCNN,vbp_tot,Millones de pesos corrientes,11832.976201424804
2002.0,Empalme CCNN,vbp_tot,Millones de pesos corrientes,26929.629685100248
2002.0,Empalme CCNN,vbp_tot,Millones de pesos corrientes,26929.629685100248
2003.0,Empalme CCNN,vbp_tot,Millones de pesos corrientes,30253.41348202366
2003.0,Empalme CCNN,vbp_tot,Millones de pesos corrientes,30253.41348202366
2004.0,Empalme CCNN,vbp_tot,Millones de pesos corrientes,34700.885068475254
2004.0,Empalme CCNN,vbp_tot,Millones de pesos corrientes,34700.885068475254
2005.0,Empalme CCNN,vbp_tot,Millones de pesos corrientes,39435.60373276943
2005.0,Empalme CCNN,vbp_tot,Millones de pesos corrientes,39435.60373276943
2006.0,Empalme CCNN,vbp_tot,Millones de pesos corrientes,53832.1034535009
2006.0,Empalme CCNN,vbp_tot,Millones de pesos corrientes,53832.1034535009
2007.0,Empalme CCNN,vbp_tot,Millones de pesos corrientes,56155.49769032822
2007.0,Empalme CCNN,vbp_tot,Millones de pesos corrientes,56155.49769032822
2008.0,Empalme CCNN,vbp_tot,Millones de pesos corrientes,64210.197612939206
2008.0,Empalme CCNN,vbp_tot,Millones de pesos corrientes,64210.197612939206
2009.0,Empalme CCNN,vbp_tot,Millones de pesos corrientes,69059.79827423714
2009.0,Empalme CCNN,vbp_tot,Millones de pesos corrientes,69059.79827423714
2010.0,Empalme CCNN,vbp_tot,Millones de pesos corrientes,82616.23213857913
2011.0,Empalme CCNN,vbp_tot,Millones de pesos corrientes,98731.95194679829
2012.0,Empalme CCNN,vbp_tot,Millones de pesos corrientes,119348.92053009581
2013.0,Empalme CCNN,vbp_tot,Millones de pesos corrientes,148325.90336800748
2014.0,Empalme CCNN,vbp_tot,Millones de pesos corrientes,229226.20775410262
2015.0,Empalme CCNN,vbp_tot,Millones de pesos corrientes,251831.60252344699
2016.0,Empalme CCNN,vbp_tot,Millones de pesos corrientes,354686.9063898084
2017.0,Empalme CCNN,vbp_tot,Millones de pesos corrientes,407149.29989827564
2018.0,Empalme CCNN,vbp_tot,Millones de pesos corrientes,827566.4775253263
2019.0,Empalme CCNN,vbp_tot,Millones de pesos corrientes,1143289.209678553
2020.0,Empalme CCNN,vbp_tot,Millones de pesos corrientes,1066229.6718190925
2021.0,Empalme CCNN,vbp_tot,Millones de pesos corrientes,2277204.7644472076
2022.0,Empalme CCNN,vbp_tot,Millones de pesos corrientes,4043367.0477501005
2023.0,Empalme CCNN,vbp_tot,Millones de pesos corrientes,10062005.171601433
2024.0,Empalme CCNN,vbp_tot,Millones de pesos corrientes,33732039.91998815
2025.0,Empalme CCNN,vbp_tot,Millones de pesos corrientes,45328728.55097801
2026.0,Empalme CCNN,vbp_tot,Millones de pesos corrientes,
2027.0,Empalme CCNN,vbp_tot,Millones de pesos corrientes,
2028.0,Empalme CCNN,vbp_tot,Millones de pesos corrientes,
2029.0,Empalme CCNN,vbp_tot,Millones de pesos corrientes,
2030.0,Empalme CCNN,vbp_tot,Millones de pesos corrientes,
1922.0,Criterio propio,vbp_tot,Millones de pesos corrientes,
1923.0,Criterio propio,vbp_tot,Millones de pesos corrientes,
1924.0,Criterio propio,vbp_tot,Millones de pesos corrientes,
1925.0,Criterio propio,vbp_tot,Millones de pesos corrientes,
1926.0,Criterio propio,vbp_tot,Millones de pesos corrientes,
1927.0,Criterio propio,vbp_tot,Millones de pesos corrientes,
1928.0,Criterio propio,vbp_tot,Millones de pesos corrientes,
1929.0,Criterio propio,vbp_tot,Millones de pesos corrientes,
1930.0,Criterio propio,vbp_tot,Millones de pesos corrientes,
1931.0,Criterio propio,vbp_tot,Millones de pesos corrientes,
1932.0,Criterio propio,vbp_tot,Millones de pesos corrientes,
1933.0,Criterio propio,vbp_tot,Millones de pesos corrientes,
1934.0,Criterio propio,vbp_tot,Millones de pesos corrientes,
1935.0,Criterio propio,vbp_tot,Millones de pesos corrientes,
1936.0,Criterio propio,vbp_tot,Millones de pesos corrientes,
1937.0,Criterio propio,vbp_tot,Millones de pesos corrientes,
1938.0,Criterio propio,vbp_tot,Millones de pesos corrientes,
1939.0,Criterio propio,vbp_tot,Millones de pesos corrientes,
1940.0,Criterio propio,vbp_tot,Millones de pesos corrientes,
1941.0,Criterio propio,vbp_tot,Millones de pesos corrientes,
1942.0,Criterio propio,vbp_tot,Millones de pesos corrientes,
1943.0,Criterio propio,vbp_tot,Millones de pesos corrientes,
1944.0,Criterio propio,vbp_tot,Millones de pesos corrientes,
1945.0,Criterio propio,vbp_tot,Millones de pesos corrientes,
1946.0,Criterio propio,vbp_tot,Millones de pesos corrientes,
1947.0,Criterio propio,vbp_tot,Millones de pesos corrientes,
1948.0,Criterio propio,vbp_tot,Millones de pesos corrientes,
1949.0,Criterio propio,vbp_tot,Millones de pesos corrientes,
1950.0,Criterio propio,vbp_tot,Millones de pesos corrientes,
1951.0,Criterio propio,vbp_tot,Millones de pesos corrientes,
1952.0,Criterio propio,vbp_tot,Millones de pesos corrientes,
1953.0,Criterio propio,vbp_tot,Millones de pesos corrientes,
1954.0,Criterio propio,vbp_tot,Millones de pesos corrientes,
1955.0,Criterio propio,vbp_tot,Millones de pesos corrientes,
1956.0,Criterio propio,vbp_tot,Millones de pesos corrientes,
1957.0,Criterio propio,vbp_tot,Millones de pesos corrientes,
1958.0,Criterio propio,vbp_tot,Millones de pesos corrientes,
1959.0,Criterio propio,vbp_tot,Millones de pesos corrientes,
1960.0,Criterio propio,vbp_tot,Millones de pesos corrientes,
1961.0,Criterio propio,vbp_tot,Millones de pesos corrientes,
1962.0,Criterio propio,vbp_tot,Millones de pesos corrientes,
1963.0,Criterio propio,vbp_tot,Millones de pesos corrientes,
1964.0,Criterio propio,vbp_tot,Millones de pesos corrientes,
1965.0,Criterio propio,vbp_tot,Millones de pesos corrientes,
1966.0,Criterio propio,vbp_tot,Millones de pesos corrientes,1.5046191757583508e-08
1967.0,Criterio propio,vbp_tot,Millones de pesos corrientes,7.62767121330359e-09
1968.0,Criterio propio,vbp_tot,Millones de pesos corrientes,
1969.0,Criterio propio,vbp_tot,Millones de pesos corrientes,
1970.0,Criterio propio,vbp_tot,Millones de pesos corrientes,
1971.0,Criterio propio,vbp_tot,Millones de pesos corrientes,
1972.0,Criterio propio,vbp_tot,Millones de pesos corrientes,4.813977835409814e-08
1973.0,Criterio propio,vbp_tot,Millones de pesos corrientes,9.306329000166046e-08
1974.0,Criterio propio,vbp_tot,Millones de pesos corrientes,3.0749832926034356e-07
1975.0,Criterio propio,vbp_tot,Millones de pesos corrientes,8.410076376927461e-07
1976.0,Criterio propio,vbp_tot,Millones de pesos corrientes,4.576759536930656e-06
1977.0,Criterio propio,vbp_tot,Millones de pesos corrientes,1.3152726593090226e-05
1978.0,Criterio propio,vbp_tot,Millones de pesos corrientes,3.842878829578922e-05
1979.0,Criterio propio,vbp_tot,Millones de pesos corrientes,0.00015567613979830332
1980.0,Criterio propio,vbp_tot,Millones de pesos corrientes,0.00033957904395155497
1981.0,Criterio propio,vbp_tot,Millones de pesos corrientes,0.0006885216474527212
1982.0,Criterio propio,vbp_tot,Millones de pesos corrientes,0.0016891087257130412
1983.0,Criterio propio,vbp_tot,Millones de pesos corrientes,0.007199870491310957
1984.0,Criterio propio,vbp_tot,Millones de pesos corrientes,0.05343839211526151
1985.0,Criterio propio,vbp_tot,Millones de pesos corrientes,0.41314746417433856
1986.0,Criterio propio,vbp_tot,Millones de pesos corrientes,0.5788497385865348
1987.0,Criterio propio,vbp_tot,Millones de pesos corrientes,1.1658876651512098
1988.0,Criterio propio,vbp_tot,Millones de pesos corrientes,4.24108663667001
1989.0,Criterio propio,vbp_tot,Millones de pesos corrientes,154.8620052089918
1990.0,Criterio propio,vbp_tot,Millones de pesos corrientes,4622.847510396406
1991.0,Criterio propio,vbp_tot,Millones de pesos corrientes,12407.55408194365
1992.0,Criterio propio,vbp_tot,Millones de pesos corrientes,11123.32853677232
1993.0,Criterio propio,vbp_tot,Millones de pesos corrientes,11566.750723257646
1993.0,Criterio propio,vbp_tot,Millones de pesos corrientes,11566.750723257646
1994.0,Criterio propio,vbp_tot,Millones de pesos corrientes,
1994.0,Criterio propio,vbp_tot,Millones de pesos corrientes,
1995.0,Criterio propio,vbp_tot,Millones de pesos corrientes,
1995.0,Criterio propio,vbp_tot,Millones de pesos corrientes,
1996.0,Criterio propio,vbp_tot,Millones de pesos corrientes,
1996.0,Criterio propio,vbp_tot,Millones de pesos corrientes,
1997.0,Criterio propio,vbp_tot,Millones de pesos corrientes,
1997.0,Criterio propio,vbp_tot,Millones de pesos corrientes,
1998.0,Criterio propio,vbp_tot,Millones de pesos corrientes,9712.427705062913
1998.0,Criterio propio,vbp_tot,Millones de pesos corrientes,9712.427705062913
1999.0,Criterio propio,vbp_tot,Millones de pesos corrientes,11582.707839906492
1999.0,Criterio propio,vbp_tot,Millones de pesos corrientes,11582.707839906492
2000.0,Criterio propio,vbp_tot,Millones de pesos corrientes,18413.456322571365
2000.0,Criterio propio,vbp_tot,Millones de pesos corrientes,18413.456322571365
2001.0,Criterio propio,vbp_tot,Millones de pesos corrientes,17467.11819168105
2001.0,Criterio propio,vbp_tot,Millones de pesos corrientes,17467.11819168105
2002.0,Criterio propio,vbp_tot,Millones de pesos corrientes,25885.90262247692
2002.0,Criterio propio,vbp_tot,Millones de pesos corrientes,25885.90262247692
2003.0,Criterio propio,vbp_tot,Millones de pesos corrientes,32993.03586993849
2003.0,Criterio propio,vbp_tot,Millones de pesos corrientes,32993.03586993849
2004.0,Criterio propio,vbp_tot,Millones de pesos corrientes,43428.67728096603
2004.0,Criterio propio,vbp_tot,Millones de pesos corrientes,43428.67728096603
2005.0,Criterio propio,vbp_tot,Millones de pesos corrientes,63436.14786685213
2005.0,Criterio propio,vbp_tot,Millones de pesos corrientes,63436.14786685213
2006.0,Criterio propio,vbp_tot,Millones de pesos corrientes,82187.07212084116
2006.0,Criterio propio,vbp_tot,Millones de pesos corrientes,82187.07212084116
2007.0,Criterio propio,vbp_tot,Millones de pesos corrientes,84501.8567983852
2007.0,Criterio propio,vbp_tot,Millones de pesos corrientes,84501.8567983852
2008.0,Criterio propio,vbp_tot,Millones de pesos corrientes,131948.77281247475
2008.0,Criterio propio,vbp_tot,Millones de pesos corrientes,131948.77281247475
2009.0,Criterio propio,vbp_tot,Millones de pesos corrientes,114983.9055877325
2009.0,Criterio propio,vbp_tot,Millones de pesos corrientes,114983.9055877325
2010.0,Criterio propio,vbp_tot,Millones de pesos corrientes,178391.592480696
2011.0,Criterio propio,vbp_tot,Millones de pesos corrientes,277979.3936268722
2012.0,Criterio propio,vbp_tot,Millones de pesos corrientes,407617.67274237087
2013.0,Criterio propio,vbp_tot,Millones de pesos corrientes,529910.006882109
2014.0,Criterio propio,vbp_tot,Millones de pesos corrientes,724202.1197316821
2015.0,Criterio propio,vbp_tot,Millones de pesos corrientes,594677.3623072054
2016.0,Criterio propio,vbp_tot,Millones de pesos corrientes,586515.9083816255
2017.0,Criterio propio,vbp_tot,Millones de pesos corrientes,788091.1982899309
2018.0,Criterio propio,vbp_tot,Millones de pesos corrientes,1339965.6541506771
2019.0,Criterio propio,vbp_tot,Millones de pesos corrientes,2074476.0435557454
2020.0,Criterio propio,vbp_tot,Millones de pesos corrientes,1648102.6094743873
2021.0,Criterio propio,vbp_tot,Millones de pesos corrientes,2705656.7199552436
2022.0,Criterio propio,vbp_tot,Millones de pesos corrientes,6249474.913093067
2023.0,Criterio propio,vbp_tot,Millones de pesos corrientes,14222546.613021439
2024.0,Criterio propio,vbp_tot,Millones de pesos corrientes,54211080.26827799
2025.0,Criterio propio,vbp_tot,Millones de pesos corrientes,61746748.24974646
2026.0,Criterio propio,vbp_tot,Millones de pesos corrientes,
2004.0,CCNN oficial,vbp_extr,Millones de pesos corrientes,31328.254003085796
2005.0,CCNN oficial,vbp_extr,Millones de pesos corrientes,35602.798259102856
2006.0,CCNN oficial,vbp_extr,Millones de pesos corrientes,48600.08057960958
2007.0,CCNN oficial,vbp_extr,Millones de pesos corrientes,50697.66064585284
2008.0,CCNN oficial,vbp_extr,Millones de pesos corrientes,57969.51220226849
2009.0,CCNN oficial,vbp_extr,Millones de pesos corrientes,62347.772901696524
2010.0,CCNN oficial,vbp_extr,Millones de pesos corrientes,74586.63662635602
2011.0,CCNN oficial,vbp_extr,Millones de pesos corrientes,89136.04545550191
2012.0,CCNN oficial,vbp_extr,Millones de pesos corrientes,107749.21994014813
2013.0,CCNN oficial,vbp_extr,Millones de pesos corrientes,133909.8863553648
2014.0,CCNN oficial,vbp_extr,Millones de pesos corrientes,206947.3688211084
2015.0,CCNN oficial,vbp_extr,Millones de pesos corrientes,227355.71136846938
2016.0,CCNN oficial,vbp_extr,Millones de pesos corrientes,320214.35398612666
2017.0,CCNN oficial,vbp_extr,Millones de pesos corrientes,367577.8487845986
2018.0,CCNN oficial,vbp_extr,Millones de pesos corrientes,747134.050361892
2019.0,CCNN oficial,vbp_extr,Millones de pesos corrientes,1032171.2166453028
2020.0,CCNN oficial,vbp_extr,Millones de pesos corrientes,962601.210846956
2021.0,CCNN oficial,vbp_extr,Millones de pesos corrientes,2055879.817960331
2022.0,CCNN oficial,vbp_extr,Millones de pesos corrientes,3650386.1399979037
2023.0,CCNN oficial,vbp_extr,Millones de pesos corrientes,9084063.797631068
2024.0,CCNN oficial,vbp_extr,Millones de pesos corrientes,30453572.367687523
2025.0,CCNN oficial,vbp_extr,Millones de pesos corrientes,40923161.437517874
1922.0,Criterio CCNN,vbp_extr,Millones de pesos corrientes,
1923.0,Criterio CCNN,vbp_extr,Millones de pesos corrientes,
1924.0,Criterio CCNN,vbp_extr,Millones de pesos corrientes,
1925.0,Criterio CCNN,vbp_extr,Millones de pesos corrientes,
1926.0,Criterio CCNN,vbp_extr,Millones de pesos corrientes,
1927.0,Criterio CCNN,vbp_extr,Millones de pesos corrientes,
1928.0,Criterio CCNN,vbp_extr,Millones de pesos corrientes,
1929.0,Criterio CCNN,vbp_extr,Millones de pesos corrientes,
1930.0,Criterio CCNN,vbp_extr,Millones de pesos corrientes,
1931.0,Criterio CCNN,vbp_extr,Millones de pesos corrientes,
1932.0,Criterio CCNN,vbp_extr,Millones de pesos corrientes,
1933.0,Criterio CCNN,vbp_extr,Millones de pesos corrientes,
1934.0,Criterio CCNN,vbp_extr,Millones de pesos corrientes,
1935.0,Criterio CCNN,vbp_extr,Millones de pesos corrientes,
1936.0,Criterio CCNN,vbp_extr,Millones de pesos corrientes,
1937.0,Criterio CCNN,vbp_extr,Millones de pesos corrientes,
1938.0,Criterio CCNN,vbp_extr,Millones de pesos corrientes,
1939.0,Criterio CCNN,vbp_extr,Millones de pesos corrientes,
1940.0,Criterio CCNN,vbp_extr,Millones de pesos corrientes,
1941.0,Criterio CCNN,vbp_extr,Millones de pesos corrientes,
1942.0,Criterio CCNN,vbp_extr,Millones de pesos corrientes,
1943.0,Criterio CCNN,vbp_extr,Millones de pesos corrientes,
1944.0,Criterio CCNN,vbp_extr,Millones de pesos corrientes,
1945.0,Criterio CCNN,vbp_extr,Millones de pesos corrientes,
1946.0,Criterio CCNN,vbp_extr,Millones de pesos corrientes,
1947.0,Criterio CCNN,vbp_extr,Millones de pesos corrientes,
1948.0,Criterio CCNN,vbp_extr,Millones de pesos corrientes,
1949.0,Criterio CCNN,vbp_extr,Millones de pesos corrientes,
1950.0,Criterio CCNN,vbp_extr,Millones de pesos corrientes,
1951.0,Criterio CCNN,vbp_extr,Millones de pesos corrientes,
1952.0,Criterio CCNN,vbp_extr,Millones de pesos corrientes,
1953.0,Criterio CCNN,vbp_extr,Millones de pesos corrientes,
1954.0,Criterio CCNN,vbp_extr,Millones de pesos corrientes,
1955.0,Criterio CCNN,vbp_extr,Millones de pesos corrientes,
1956.0,Criterio CCNN,vbp_extr,Millones de pesos corrientes,
1957.0,Criterio CCNN,vbp_extr,Millones de pesos corrientes,
1958.0,Criterio CCNN,vbp_extr,Millones de pesos corrientes,
1959.0,Criterio CCNN,vbp_extr,Millones de pesos corrientes,
1960.0,Criterio CCNN,vbp_extr,Millones de pesos corrientes,
1961.0,Criterio CCNN,vbp_extr,Millones de pesos corrientes,
1962.0,Criterio CCNN,vbp_extr,Millones de pesos corrientes,
1963.0,Criterio CCNN,vbp_extr,Millones de pesos corrientes,
1964.0,Criterio CCNN,vbp_extr,Millones de pesos corrientes,
1965.0,Criterio CCNN,vbp_extr,Millones de pesos corrientes,
1966.0,Criterio CCNN,vbp_extr,Millones de pesos corrientes,
1967.0,Criterio CCNN,vbp_extr,Millones de pesos corrientes,
1968.0,Criterio CCNN,vbp_extr,Millones de pesos corrientes,
1969.0,Criterio CCNN,vbp_extr,Millones de pesos corrientes,
1970.0,Criterio CCNN,vbp_extr,Millones de pesos corrientes,
1971.0,Criterio CCNN,vbp_extr,Millones de pesos corrientes,1.514495271050435e-08
1972.0,Criterio CCNN,vbp_extr,Millones de pesos corrientes,2.056934265538196e-08
1973.0,Criterio CCNN,vbp_extr,Millones de pesos corrientes,
1974.0,Criterio CCNN,vbp_extr,Millones de pesos corrientes,8.957324263857068e-08
1975.0,Criterio CCNN,vbp_extr,Millones de pesos corrientes,1.5722340012808676e-07
1976.0,Criterio CCNN,vbp_extr,Millones de pesos corrientes,1.1815363322754986e-06
1977.0,Criterio CCNN,vbp_extr,Millones de pesos corrientes,3.1768210398203065e-06
1978.0,Criterio CCNN,vbp_extr,Millones de pesos corrientes,1.1374061586388043e-05
1979.0,Criterio CCNN,vbp_extr,Millones de pesos corrientes,
1980.0,Criterio CCNN,vbp_extr,Millones de pesos corrientes,
1981.0,Criterio CCNN,vbp_extr,Millones de pesos corrientes,
1982.0,Criterio CCNN,vbp_extr,Millones de pesos corrientes,
1983.0,Criterio CCNN,vbp_extr,Millones de pesos corrientes,
1984.0,Criterio CCNN,vbp_extr,Millones de pesos corrientes,0.014087967405069226
1985.0,Criterio CCNN,vbp_extr,Millones de pesos corrientes,0.1306435861787538
1986.0,Criterio CCNN,vbp_extr,Millones de pesos corrientes,0.21254040111858785
1987.0,Criterio CCNN,vbp_extr,Millones de pesos corrientes,0.3936740900639727
1988.0,Criterio CCNN,vbp_extr,Millones de pesos corrientes,2.3516785608459934
1989.0,Criterio CCNN,vbp_extr,Millones de pesos corrientes,
1990.0,Criterio CCNN,vbp_extr,Millones de pesos corrientes,
1991.0,Criterio CCNN,vbp_extr,Millones de pesos corrientes,
1992.0,Criterio CCNN,vbp_extr,Millones de pesos corrientes,
1993.0,Criterio CCNN,vbp_extr,Millones de pesos corrientes,3805.94978895438
1993.0,Criterio CCNN,vbp_extr,Millones de pesos corrientes,3805.94978895438
1994.0,Criterio CCNN,vbp_extr,Millones de pesos corrientes,4095.0037000347866
1994.0,Criterio CCNN,vbp_extr,Millones de pesos corrientes,4095.0037000347866
1995.0,Criterio CCNN,vbp_extr,Millones de pesos corrientes,4811.519878083456
1995.0,Criterio CCNN,vbp_extr,Millones de pesos corrientes,4811.519878083456
1996.0,Criterio CCNN,vbp_extr,Millones de pesos corrientes,6422.742202592741
1996.0,Criterio CCNN,vbp_extr,Millones de pesos corrientes,6422.742202592741
1997.0,Criterio CCNN,vbp_extr,Millones de pesos corrientes,6499.261480146486
1997.0,Criterio CCNN,vbp_extr,Millones de pesos corrientes,6499.261480146486
1998.0,Criterio CCNN,vbp_extr,Millones de pesos corrientes,4836.269731462041
1998.0,Criterio CCNN,vbp_extr,Millones de pesos corrientes,4836.269731462041
1999.0,Criterio CCNN,vbp_extr,Millones de pesos corrientes,5873.557224771274
1999.0,Criterio CCNN,vbp_extr,Millones de pesos corrientes,5873.557224771274
2000.0,Criterio CCNN,vbp_extr,Millones de pesos corrientes,8746.50240785585
2000.0,Criterio CCNN,vbp_extr,Millones de pesos corrientes,8746.50240785585
2001.0,Criterio CCNN,vbp_extr,Millones de pesos corrientes,7816.900923114999
2001.0,Criterio CCNN,vbp_extr,Millones de pesos corrientes,7816.900923114999
2002.0,Criterio CCNN,vbp_extr,Millones de pesos corrientes,17789.797221028657
2002.0,Criterio CCNN,vbp_extr,Millones de pesos corrientes,17789.797221028657
2003.0,Criterio CCNN,vbp_extr,Millones de pesos corrientes,19985.49914657439
2003.0,Criterio CCNN,vbp_extr,Millones de pesos corrientes,19985.49914657439
2004.0,Criterio CCNN,vbp_extr,Millones de pesos corrientes,22923.51272472011
2004.0,Criterio CCNN,vbp_extr,Millones de pesos corrientes,22923.51272472011
2005.0,Criterio CCNN,vbp_extr,Millones de pesos corrientes,27281.261188344295
2005.0,Criterio CCNN,vbp_extr,Millones de pesos corrientes,27281.261188344295
2006.0,Criterio CCNN,vbp_extr,Millones de pesos corrientes,33408.953257966954
2006.0,Criterio CCNN,vbp_extr,Millones de pesos corrientes,33408.953257966954
2007.0,Criterio CCNN,vbp_extr,Millones de pesos corrientes,34955.19404543923
2007.0,Criterio CCNN,vbp_extr,Millones de pesos corrientes,34955.19404543923
2008.0,Criterio CCNN,vbp_extr,Millones de pesos corrientes,38874.11115845306
2008.0,Criterio CCNN,vbp_extr,Millones de pesos corrientes,38874.11115845306
2009.0,Criterio CCNN,vbp_extr,Millones de pesos corrientes,43428.54535084022
2009.0,Criterio CCNN,vbp_extr,Millones de pesos corrientes,43428.54535084022
2010.0,Criterio CCNN,vbp_extr,Millones de pesos corrientes,54025.229501909016
2011.0,Criterio CCNN,vbp_extr,Millones de pesos corrientes,62517.32461394208
2012.0,Criterio CCNN,vbp_extr,Millones de pesos corrientes,75680.86111353483
2013.0,Criterio CCNN,vbp_extr,Millones de pesos corrientes,86953.53332354763
2014.0,Criterio CCNN,vbp_extr,Millones de pesos corrientes,134702.97243211622
2015.0,Criterio CCNN,vbp_extr,Millones de pesos corrientes,144145.59834456915
2016.0,Criterio CCNN,vbp_extr,Millones de pesos corrientes,209567.75813018184
2017.0,Criterio CCNN,vbp_extr,Millones de pesos corrientes,225073.95280169038
2018.0,Criterio CCNN,vbp_extr,Millones de pesos corrientes,464309.9601826249
2019.0,Criterio CCNN,vbp_extr,Millones de pesos corrientes,674561.4678946582
2020.0,Criterio CCNN,vbp_extr,Millones de pesos corrientes,675443.7456816082
2021.0,Criterio CCNN,vbp_extr,Millones de pesos corrientes,1144185.4134818458
2022.0,Criterio CCNN,vbp_extr,Millones de pesos corrientes,2256091.604792339
2023.0,Criterio CCNN,vbp_extr,Millones de pesos corrientes,5350576.594474485
2024.0,Criterio CCNN,vbp_extr,Millones de pesos corrientes,19443964.021738306
2025.0,Criterio CCNN,vbp_extr,Millones de pesos corrientes,23841635.224280868
2026.0,Criterio CCNN,vbp_extr,Millones de pesos corrientes,
1960.0,Empalme CCNN,vbp_extr,Millones de pesos corrientes,
1961.0,Empalme CCNN,vbp_extr,Millones de pesos corrientes,
1962.0,Empalme CCNN,vbp_extr,Millones de pesos corrientes,
1963.0,Empalme CCNN,vbp_extr,Millones de pesos corrientes,
1964.0,Empalme CCNN,vbp_extr,Millones de pesos corrientes,
1965.0,Empalme CCNN,vbp_extr,Millones de pesos corrientes,
1966.0,Empalme CCNN,vbp_extr,Millones de pesos corrientes,
1967.0,Empalme CCNN,vbp_extr,Millones de pesos corrientes,
1968.0,Empalme CCNN,vbp_extr,Millones de pesos corrientes,
1969.0,Empalme CCNN,vbp_extr,Millones de pesos corrientes,
1970.0,Empalme CCNN,vbp_extr,Millones de pesos corrientes,
1971.0,Empalme CCNN,vbp_extr,Millones de pesos corrientes,2.0697740833923446e-08
1972.0,Empalme CCNN,vbp_extr,Millones de pesos corrientes,2.8110944388091433e-08
1973.0,Empalme CCNN,vbp_extr,Millones de pesos corrientes,
1974.0,Empalme CCNN,vbp_extr,Millones de pesos corrientes,1.2241462863739354e-07
1975.0,Empalme CCNN,vbp_extr,Millones de pesos corrientes,2.148682304318015e-07
1976.0,Empalme CCNN,vbp_extr,Millones de pesos corrientes,1.6147381413968332e-06
1977.0,Empalme CCNN,vbp_extr,Millones de pesos corrientes,4.341579654609976e-06
1978.0,Empalme CCNN,vbp_extr,Millones de pesos corrientes,1.5544279565882125e-05
1979.0,Empalme CCNN,vbp_extr,Millones de pesos corrientes,
1980.0,Empalme CCNN,vbp_extr,Millones de pesos corrientes,
1981.0,Empalme CCNN,vbp_extr,Millones de pesos corrientes,
1982.0,Empalme CCNN,vbp_extr,Millones de pesos corrientes,
1983.0,Empalme CCNN,vbp_extr,Millones de pesos corrientes,
1984.0,Empalme CCNN,vbp_extr,Millones de pesos corrientes,0.019253219458694067
1985.0,Empalme CCNN,vbp_extr,Millones de pesos corrientes,0.1785431186237187
1986.0,Empalme CCNN,vbp_extr,Millones de pesos corrientes,0.29046681248727163
1987.0,Empalme CCNN,vbp_extr,Millones de pesos corrientes,0.5380118673809577
1988.0,Empalme CCNN,vbp_extr,Millones de pesos corrientes,3.2139046128103423
1989.0,Empalme CCNN,vbp_extr,Millones de pesos corrientes,
1990.0,Empalme CCNN,vbp_extr,Millones de pesos corrientes,
1991.0,Empalme CCNN,vbp_extr,Millones de pesos corrientes,
1992.0,Empalme CCNN,vbp_extr,Millones de pesos corrientes,
1993.0,Empalme CCNN,vbp_extr,Millones de pesos corrientes,5201.373940511965
1993.0,Empalme CCNN,vbp_extr,Millones de pesos corrientes,5201.373940511965
1994.0,Empalme CCNN,vbp_extr,Millones de pesos corrientes,5596.407391783466
1994.0,Empalme CCNN,vbp_extr,Millones de pesos corrientes,5596.407391783466
1995.0,Empalme CCNN,vbp_extr,Millones de pesos corrientes,6575.629079697924
1995.0,Empalme CCNN,vbp_extr,Millones de pesos corrientes,6575.629079697924
1996.0,Empalme CCNN,vbp_extr,Millones de pesos corrientes,8777.594495898573
1996.0,Empalme CCNN,vbp_extr,Millones de pesos corrientes,8777.594495898573
1997.0,Empalme CCNN,vbp_extr,Millones de pesos corrientes,8882.16901692088
1997.0,Empalme CCNN,vbp_extr,Millones de pesos corrientes,8882.16901692088
1998.0,Empalme CCNN,vbp_extr,Millones de pesos corrientes,6609.4532890368055
1998.0,Empalme CCNN,vbp_extr,Millones de pesos corrientes,6609.4532890368055
1999.0,Empalme CCNN,vbp_extr,Millones de pesos corrientes,8027.054790815917
1999.0,Empalme CCNN,vbp_extr,Millones de pesos corrientes,8027.054790815917
2000.0,Empalme CCNN,vbp_extr,Millones de pesos corrientes,11953.344688592235
2000.0,Empalme CCNN,vbp_extr,Millones de pesos corrientes,11953.344688592235
2001.0,Empalme CCNN,vbp_extr,Millones de pesos corrientes,10682.91149690247
2001.0,Empalme CCNN,vbp_extr,Millones de pesos corrientes,10682.91149690247
2002.0,Empalme CCNN,vbp_extr,Millones de pesos corrientes,24312.29858601788
2002.0,Empalme CCNN,vbp_extr,Millones de pesos corrientes,24312.29858601788
2003.0,Empalme CCNN,vbp_extr,Millones de pesos corrientes,27313.038850592722
2003.0,Empalme CCNN,vbp_extr,Millones de pesos corrientes,27313.038850592722
2004.0,Empalme CCNN,vbp_extr,Millones de pesos corrientes,31328.254003085796
2004.0,Empalme CCNN,vbp_extr,Millones de pesos corrientes,31328.254003085796
2005.0,Empalme CCNN,vbp_extr,Millones de pesos corrientes,35602.798259102856
2005.0,Empalme CCNN,vbp_extr,Millones de pesos corrientes,35602.798259102856
2006.0,Empalme CCNN,vbp_extr,Millones de pesos corrientes,48600.08057960958
2006.0,Empalme CCNN,vbp_extr,Millones de pesos corrientes,48600.08057960958
2007.0,Empalme CCNN,vbp_extr,Millones de pesos corrientes,50697.66064585284
2007.0,Empalme CCNN,vbp_extr,Millones de pesos corrientes,50697.66064585284
2008.0,Empalme CCNN,vbp_extr,Millones de pesos corrientes,57969.51220226849
2008.0,Empalme CCNN,vbp_extr,Millones de pesos corrientes,57969.51220226849
2009.0,Empalme CCNN,vbp_extr,Millones de pesos corrientes,62347.772901696524
2009.0,Empalme CCNN,vbp_extr,Millones de pesos corrientes,62347.772901696524
2010.0,Empalme CCNN,vbp_extr,Millones de pesos corrientes,74586.63662635602
2011.0,Empalme CCNN,vbp_extr,Millones de pesos corrientes,89136.04545550191
2012.0,Empalme CCNN,vbp_extr,Millones de pesos corrientes,107749.21994014813
2013.0,Empalme CCNN,vbp_extr,Millones de pesos corrientes,133909.8863553648
2014.0,Empalme CCNN,vbp_extr,Millones de pesos corrientes,206947.3688211084
2015.0,Empalme CCNN,vbp_extr,Millones de pesos corrientes,227355.71136846938
2016.0,Empalme CCNN,vbp_extr,Millones de pesos corrientes,320214.35398612666
2017.0,Empalme CCNN,vbp_extr,Millones de pesos corrientes,367577.8487845986
2018.0,Empalme CCNN,vbp_extr,Millones de pesos corrientes,747134.050361892
2019.0,Empalme CCNN,vbp_extr,Millones de pesos corrientes,1032171.2166453028
2020.0,Empalme CCNN,vbp_extr,Millones de pesos corrientes,962601.210846956
2021.0,Empalme CCNN,vbp_extr,Millones de pesos corrientes,2055879.817960331
2022.0,Empalme CCNN,vbp_extr,Millones de pesos corrientes,3650386.1399979037
2023.0,Empalme CCNN,vbp_extr,Millones de pesos corrientes,9084063.797631068
2024.0,Empalme CCNN,vbp_extr,Millones de pesos corrientes,30453572.367687523
2025.0,Empalme CCNN,vbp_extr,Millones de pesos corrientes,40923161.437517874
2026.0,Empalme CCNN,vbp_extr,Millones de pesos corrientes,
2027.0,Empalme CCNN,vbp_extr,Millones de pesos corrientes,
2028.0,Empalme CCNN,vbp_extr,Millones de pesos corrientes,
2029.0,Empalme CCNN,vbp_extr,Millones de pesos corrientes,
2030.0,Empalme CCNN,vbp_extr,Millones de pesos corrientes,
1922.0,Criterio propio,vbp_extr,Millones de pesos corrientes,
1923.0,Criterio propio,vbp_extr,Millones de pesos corrientes,
1924.0,Criterio propio,vbp_extr,Millones de pesos corrientes,
1925.0,Criterio propio,vbp_extr,Millones de pesos corrientes,
1926.0,Criterio propio,vbp_extr,Millones de pesos corrientes,
1927.0,Criterio propio,vbp_extr,Millones de pesos corrientes,
1928.0,Criterio propio,vbp_extr,Millones de pesos corrientes,
1929.0,Criterio propio,vbp_extr,Millones de pesos corrientes,
1930.0,Criterio propio,vbp_extr,Millones de pesos corrientes,
1931.0,Criterio propio,vbp_extr,Millones de pesos corrientes,
1932.0,Criterio propio,vbp_extr,Millones de pesos corrientes,
1933.0,Criterio propio,vbp_extr,Millones de pesos corrientes,
1934.0,Criterio propio,vbp_extr,Millones de pesos corrientes,
1935.0,Criterio propio,vbp_extr,Millones de pesos corrientes,
1936.0,Criterio propio,vbp_extr,Millones de pesos corrientes,
1937.0,Criterio propio,vbp_extr,Millones de pesos corrientes,
1938.0,Criterio propio,vbp_extr,Millones de pesos corrientes,
1939.0,Criterio propio,vbp_extr,Millones de pesos corrientes,
1940.0,Criterio propio,vbp_extr,Millones de pesos corrientes,
1941.0,Criterio propio,vbp_extr,Millones de pesos corrientes,
1942.0,Criterio propio,vbp_extr,Millones de pesos corrientes,
1943.0,Criterio propio,vbp_extr,Millones de pesos corrientes,
1944.0,Criterio propio,vbp_extr,Millones de pesos corrientes,
1945.0,Criterio propio,vbp_extr,Millones de pesos corrientes,
1946.0,Criterio propio,vbp_extr,Millones de pesos corrientes,
1947.0,Criterio propio,vbp_extr,Millones de pesos corrientes,
1948.0,Criterio propio,vbp_extr,Millones de pesos corrientes,
1949.0,Criterio propio,vbp_extr,Millones de pesos corrientes,
1950.0,Criterio propio,vbp_extr,Millones de pesos corrientes,
1951.0,Criterio propio,vbp_extr,Millones de pesos corrientes,
1952.0,Criterio propio,vbp_extr,Millones de pesos corrientes,
1953.0,Criterio propio,vbp_extr,Millones de pesos corrientes,
1954.0,Criterio propio,vbp_extr,Millones de pesos corrientes,
1955.0,Criterio propio,vbp_extr,Millones de pesos corrientes,
1956.0,Criterio propio,vbp_extr,Millones de pesos corrientes,
1957.0,Criterio propio,vbp_extr,Millones de pesos corrientes,
1958.0,Criterio propio,vbp_extr,Millones de pesos corrientes,
1959.0,Criterio propio,vbp_extr,Millones de pesos corrientes,
1960.0,Criterio propio,vbp_extr,Millones de pesos corrientes,
1961.0,Criterio propio,vbp_extr,Millones de pesos corrientes,
1962.0,Criterio propio,vbp_extr,Millones de pesos corrientes,
1963.0,Criterio propio,vbp_extr,Millones de pesos corrientes,
1964.0,Criterio propio,vbp_extr,Millones de pesos corrientes,
1965.0,Criterio propio,vbp_extr,Millones de pesos corrientes,
1966.0,Criterio propio,vbp_extr,Millones de pesos corrientes,1.3583829813866586e-08
1967.0,Criterio propio,vbp_extr,Millones de pesos corrientes,6.8863264078382305e-09
1968.0,Criterio propio,vbp_extr,Millones de pesos corrientes,
1969.0,Criterio propio,vbp_extr,Millones de pesos corrientes,
1970.0,Criterio propio,vbp_extr,Millones de pesos corrientes,
1971.0,Criterio propio,vbp_extr,Millones de pesos corrientes,
1972.0,Criterio propio,vbp_extr,Millones de pesos corrientes,4.34610010941633e-08
1973.0,Criterio propio,vbp_extr,Millones de pesos corrientes,8.401832926686674e-08
1974.0,Criterio propio,vbp_extr,Millones de pesos corrientes,2.776121054429301e-07
1975.0,Criterio propio,vbp_extr,Millones de pesos corrientes,7.592688440131246e-07
1976.0,Criterio propio,vbp_extr,Millones de pesos corrientes,4.131937413154547e-06
1977.0,Criterio propio,vbp_extr,Millones de pesos corrientes,1.1874393368594771e-05
1978.0,Criterio propio,vbp_extr,Millones de pesos corrientes,3.469383672449927e-05
1979.0,Criterio propio,vbp_extr,Millones de pesos corrientes,0.00014054574228286208
1980.0,Criterio propio,vbp_extr,Millones de pesos corrientes,0.00030657484735754025
1981.0,Criterio propio,vbp_extr,Millones de pesos corrientes,0.0006216031958682755
1982.0,Criterio propio,vbp_extr,Millones de pesos corrientes,0.0015249417152774622
1983.0,Criterio propio,vbp_extr,Millones de pesos corrientes,0.0065001042796463395
1984.0,Criterio propio,vbp_extr,Millones de pesos corrientes,0.04824463463683552
1985.0,Criterio propio,vbp_extr,Millones de pesos corrientes,0.3729930424784173
1986.0,Criterio propio,vbp_extr,Millones de pesos corrientes,0.5225904643145055
1987.0,Criterio propio,vbp_extr,Millones de pesos corrientes,1.052573294336629
1988.0,Criterio propio,vbp_extr,Millones de pesos corrientes,3.828889065524028
1989.0,Criterio propio,vbp_extr,Millones de pesos corrientes,139.8107346553529
1990.0,Criterio propio,vbp_extr,Millones de pesos corrientes,4173.546027354829
1991.0,Criterio propio,vbp_extr,Millones de pesos corrientes,11201.645291441966
1992.0,Criterio propio,vbp_extr,Millones de pesos corrientes,10042.235553131606
1993.0,Criterio propio,vbp_extr,Millones de pesos corrientes,10442.560872252534
1993.0,Criterio propio,vbp_extr,Millones de pesos corrientes,10442.560872252534
1994.0,Criterio propio,vbp_extr,Millones de pesos corrientes,
1994.0,Criterio propio,vbp_extr,Millones de pesos corrientes,
1995.0,Criterio propio,vbp_extr,Millones de pesos corrientes,
1995.0,Criterio propio,vbp_extr,Millones de pesos corrientes,
1996.0,Criterio propio,vbp_extr,Millones de pesos corrientes,
1996.0,Criterio propio,vbp_extr,Millones de pesos corrientes,
1997.0,Criterio propio,vbp_extr,Millones de pesos corrientes,
1997.0,Criterio propio,vbp_extr,Millones de pesos corrientes,
1998.0,Criterio propio,vbp_extr,Millones de pesos corrientes,8768.46228937377
1998.0,Criterio propio,vbp_extr,Millones de pesos corrientes,8768.46228937377
1999.0,Criterio propio,vbp_extr,Millones de pesos corrientes,10456.967092801244
1999.0,Criterio propio,vbp_extr,Millones de pesos corrientes,10456.967092801244
2000.0,Criterio propio,vbp_extr,Millones de pesos corrientes,16623.824885443733
2000.0,Criterio propio,vbp_extr,Millones de pesos corrientes,16623.824885443733
2001.0,Criterio propio,vbp_extr,Millones de pesos corrientes,15769.462776845217
2001.0,Criterio propio,vbp_extr,Millones de pesos corrientes,15769.462776845217
2002.0,Criterio propio,vbp_extr,Millones de pesos corrientes,23370.01292202876
2002.0,Criterio propio,vbp_extr,Millones de pesos corrientes,23370.01292202876
2003.0,Criterio propio,vbp_extr,Millones de pesos corrientes,29786.393229645953
2003.0,Criterio propio,vbp_extr,Millones de pesos corrientes,29786.393229645953
2004.0,Criterio propio,vbp_extr,Millones de pesos corrientes,39207.77900020079
2004.0,Criterio propio,vbp_extr,Millones de pesos corrientes,39207.77900020079
2005.0,Criterio propio,vbp_extr,Millones de pesos corrientes,57270.69351195012
2005.0,Criterio propio,vbp_extr,Millones de pesos corrientes,57270.69351195012
2006.0,Criterio propio,vbp_extr,Millones de pesos corrientes,74199.18731441098
2006.0,Criterio propio,vbp_extr,Millones de pesos corrientes,74199.18731441098
2007.0,Criterio propio,vbp_extr,Millones de pesos corrientes,76288.99459735063
2007.0,Criterio propio,vbp_extr,Millones de pesos corrientes,76288.99459735063
2008.0,Criterio propio,vbp_extr,Millones de pesos corrientes,119124.47368150961
2008.0,Criterio propio,vbp_extr,Millones de pesos corrientes,119124.47368150961
2009.0,Criterio propio,vbp_extr,Millones de pesos corrientes,103808.44734683308
2009.0,Criterio propio,vbp_extr,Millones de pesos corrientes,103808.44734683308
2010.0,Criterio propio,vbp_extr,Millones de pesos corrientes,161053.44604963358
2011.0,Criterio propio,vbp_extr,Millones de pesos corrientes,250962.1594371937
2012.0,Criterio propio,vbp_extr,Millones de pesos corrientes,368000.6997694945
2013.0,Criterio propio,vbp_extr,Millones de pesos corrientes,478407.25853593054
2014.0,Criterio propio,vbp_extr,Millones de pesos corrientes,653815.8295316411
2015.0,Criterio propio,vbp_extr,Millones de pesos corrientes,536879.7775469482
2016.0,Criterio propio,vbp_extr,Millones de pesos corrientes,529511.5475692255
2017.0,Criterio propio,vbp_extr,Millones de pesos corrientes,711495.43272177
2018.0,Criterio propio,vbp_extr,Millones de pesos corrientes,1209732.382497066
2019.0,Criterio propio,vbp_extr,Millones de pesos corrientes,1872854.6055118383
2020.0,Criterio propio,vbp_extr,Millones de pesos corrientes,1487921.0449784305
2021.0,Criterio propio,vbp_extr,Millones de pesos corrientes,2442689.8853055197
2022.0,Criterio propio,vbp_extr,Millones de pesos corrientes,5642079.073111516
2023.0,Criterio propio,vbp_extr,Millones de pesos corrientes,12840235.976235902
2024.0,Criterio propio,vbp_extr,Millones de pesos corrientes,48942224.06935598
2025.0,Criterio propio,vbp_extr,Millones de pesos corrientes,55745489.17745077
2026.0,Criterio propio,vbp_extr,Millones de pesos corrientes,
2004.0,CCNN oficial,ci_tot,Millones de pesos corrientes,13346.362397624765
2005.0,CCNN oficial,ci_tot,Millones de pesos corrientes,14765.022659584112
2006.0,CCNN oficial,ci_tot,Millones de pesos corrientes,20655.76321874334
2007.0,CCNN oficial,ci_tot,Millones de pesos corrientes,24770.863791739434
2008.0,CCNN oficial,ci_tot,Millones de pesos corrientes,29549.65160836547
2009.0,CCNN oficial,ci_tot,Millones de pesos corrientes,28873.782477373235
2010.0,CCNN oficial,ci_tot,Millones de pesos corrientes,34583.544185478815
2011.0,CCNN oficial,ci_tot,Millones de pesos corrientes,45478.13318051624
2012.0,CCNN oficial,ci_tot,Millones de pesos corrientes,56426.681208793874
2013.0,CCNN oficial,ci_tot,Millones de pesos corrientes,73294.07471109502
2014.0,CCNN oficial,ci_tot,Millones de pesos corrientes,91656.16540909471
2015.0,CCNN oficial,ci_tot,Millones de pesos corrientes,99709.05546601515
2016.0,CCNN oficial,ci_tot,Millones de pesos corrientes,141003.9136602297
2017.0,CCNN oficial,ci_tot,Millones de pesos corrientes,158420.93634394207
2018.0,CCNN oficial,ci_tot,Millones de pesos corrientes,354841.090706905
2019.0,CCNN oficial,ci_tot,Millones de pesos corrientes,454753.5162079971
2020.0,CCNN oficial,ci_tot,Millones de pesos corrientes,427563.085810588
2021.0,CCNN oficial,ci_tot,Millones de pesos corrientes,1088256.6996524073
2022.0,CCNN oficial,ci_tot,Millones de pesos corrientes,2134538.4716377393
2023.0,CCNN oficial,ci_tot,Millones de pesos corrientes,4542414.331754329
2024.0,CCNN oficial,ci_tot,Millones de pesos corrientes,15515144.658037443
2025.0,CCNN oficial,ci_tot,Millones de pesos corrientes,20886893.394018263
1922.0,Criterio CCNN,ci_tot,Millones de pesos corrientes,
1923.0,Criterio CCNN,ci_tot,Millones de pesos corrientes,
1924.0,Criterio CCNN,ci_tot,Millones de pesos corrientes,
1925.0,Criterio CCNN,ci_tot,Millones de pesos corrientes,
1926.0,Criterio CCNN,ci_tot,Millones de pesos corrientes,
1927.0,Criterio CCNN,ci_tot,Millones de pesos corrientes,
1928.0,Criterio CCNN,ci_tot,Millones de pesos corrientes,
1929.0,Criterio CCNN,ci_tot,Millones de pesos corrientes,
1930.0,Criterio CCNN,ci_tot,Millones de pesos corrientes,
1931.0,Criterio CCNN,ci_tot,Millones de pesos corrientes,
1932.0,Criterio CCNN,ci_tot,Millones de pesos corrientes,
1933.0,Criterio CCNN,ci_tot,Millones de pesos corrientes,
1934.0,Criterio CCNN,ci_tot,Millones de pesos corrientes,
1935.0,Criterio CCNN,ci_tot,Millones de pesos corrientes,
1936.0,Criterio CCNN,ci_tot,Millones de pesos corrientes,
1937.0,Criterio CCNN,ci_tot,Millones de pesos corrientes,
1938.0,Criterio CCNN,ci_tot,Millones de pesos corrientes,
1939.0,Criterio CCNN,ci_tot,Millones de pesos corrientes,
1940.0,Criterio CCNN,ci_tot,Millones de pesos corrientes,
1941.0,Criterio CCNN,ci_tot,Millones de pesos corrientes,
1942.0,Criterio CCNN,ci_tot,Millones de pesos corrientes,
1943.0,Criterio CCNN,ci_tot,Millones de pesos corrientes,
1944.0,Criterio CCNN,ci_tot,Millones de pesos corrientes,
1945.0,Criterio CCNN,ci_tot,Millones de pesos corrientes,
1946.0,Criterio CCNN,ci_tot,Millones de pesos corrientes,
1947.0,Criterio CCNN,ci_tot,Millones de pesos corrientes,
1948.0,Criterio CCNN,ci_tot,Millones de pesos corrientes,
1949.0,Criterio CCNN,ci_tot,Millones de pesos corrientes,
1950.0,Criterio CCNN,ci_tot,Millones de pesos corrientes,
1951.0,Criterio CCNN,ci_tot,Millones de pesos corrientes,
1952.0,Criterio CCNN,ci_tot,Millones de pesos corrientes,
1953.0,Criterio CCNN,ci_tot,Millones de pesos corrientes,
1954.0,Criterio CCNN,ci_tot,Millones de pesos corrientes,
1955.0,Criterio CCNN,ci_tot,Millones de pesos corrientes,
1956.0,Criterio CCNN,ci_tot,Millones de pesos corrientes,
1957.0,Criterio CCNN,ci_tot,Millones de pesos corrientes,
1958.0,Criterio CCNN,ci_tot,Millones de pesos corrientes,
1959.0,Criterio CCNN,ci_tot,Millones de pesos corrientes,
1960.0,Criterio CCNN,ci_tot,Millones de pesos corrientes,
1961.0,Criterio CCNN,ci_tot,Millones de pesos corrientes,
1962.0,Criterio CCNN,ci_tot,Millones de pesos corrientes,
1963.0,Criterio CCNN,ci_tot,Millones de pesos corrientes,
1964.0,Criterio CCNN,ci_tot,Millones de pesos corrientes,
1965.0,Criterio CCNN,ci_tot,Millones de pesos corrientes,
1966.0,Criterio CCNN,ci_tot,Millones de pesos corrientes,
1967.0,Criterio CCNN,ci_tot,Millones de pesos corrientes,
1968.0,Criterio CCNN,ci_tot,Millones de pesos corrientes,
1969.0,Criterio CCNN,ci_tot,Millones de pesos corrientes,
1970.0,Criterio CCNN,ci_tot,Millones de pesos corrientes,
1971.0,Criterio CCNN,ci_tot,Millones de pesos corrientes,
1972.0,Criterio CCNN,ci_tot,Millones de pesos corrientes,
1973.0,Criterio CCNN,ci_tot,Millones de pesos corrientes,
1974.0,Criterio CCNN,ci_tot,Millones de pesos corrientes,
1975.0,Criterio CCNN,ci_tot,Millones de pesos corrientes,
1976.0,Criterio CCNN,ci_tot,Millones de pesos corrientes,
1977.0,Criterio CCNN,ci_tot,Millones de pesos corrientes,
1978.0,Criterio CCNN,ci_tot,Millones de pesos corrientes,
1979.0,Criterio CCNN,ci_tot,Millones de pesos corrientes,
1980.0,Criterio CCNN,ci_tot,Millones de pesos corrientes,
1981.0,Criterio CCNN,ci_tot,Millones de pesos corrientes,
1982.0,Criterio CCNN,ci_tot,Millones de pesos corrientes,
1983.0,Criterio CCNN,ci_tot,Millones de pesos corrientes,
1984.0,Criterio CCNN,ci_tot,Millones de pesos corrientes,
1985.0,Criterio CCNN,ci_tot,Millones de pesos corrientes,
1986.0,Criterio CCNN,ci_tot,Millones de pesos corrientes,
1987.0,Criterio CCNN,ci_tot,Millones de pesos corrientes,
1988.0,Criterio CCNN,ci_tot,Millones de pesos corrientes,
1989.0,Criterio CCNN,ci_tot,Millones de pesos corrientes,
1990.0,Criterio CCNN,ci_tot,Millones de pesos corrientes,
1991.0,Criterio CCNN,ci_tot,Millones de pesos corrientes,
1992.0,Criterio CCNN,ci_tot,Millones de pesos corrientes,
1993.0,Criterio CCNN,ci_tot,Millones de pesos corrientes,2615.8775887346656
1993.0,Criterio CCNN,ci_tot,Millones de pesos corrientes,2616.6399546073208
1994.0,Criterio CCNN,ci_tot,Millones de pesos corrientes,2800.1040842911166
1994.0,Criterio CCNN,ci_tot,Millones de pesos corrientes,2800.8375742756584
1995.0,Criterio CCNN,ci_tot,Millones de pesos corrientes,3283.5247944740386
1995.0,Criterio CCNN,ci_tot,Millones de pesos corrientes,3284.318848289059
1996.0,Criterio CCNN,ci_tot,Millones de pesos corrientes,4333.189612908925
1996.0,Criterio CCNN,ci_tot,Millones de pesos corrientes,4334.69066873453
1997.0,Criterio CCNN,ci_tot,Millones de pesos corrientes,4310.224379337707
1997.0,Criterio CCNN,ci_tot,Millones de pesos corrientes,4311.6628572036525
1998.0,Criterio CCNN,ci_tot,Millones de pesos corrientes,2867.1954979637712
1998.0,Criterio CCNN,ci_tot,Millones de pesos corrientes,2867.993877722112
1999.0,Criterio CCNN,ci_tot,Millones de pesos corrientes,3986.119005524061
1999.0,Criterio CCNN,ci_tot,Millones de pesos corrientes,3987.0246818398955
2000.0,Criterio CCNN,ci_tot,Millones de pesos corrientes,6280.006745810644
2000.0,Criterio CCNN,ci_tot,Millones de pesos corrientes,6280.881913462006
2001.0,Criterio CCNN,ci_tot,Millones de pesos corrientes,5152.468250503389
2001.0,Criterio CCNN,ci_tot,Millones de pesos corrientes,5153.283534440223
2002.0,Criterio CCNN,ci_tot,Millones de pesos corrientes,7517.237655427104
2002.0,Criterio CCNN,ci_tot,Millones de pesos corrientes,7517.755503028898
2003.0,Criterio CCNN,ci_tot,Millones de pesos corrientes,9215.37631845524
2003.0,Criterio CCNN,ci_tot,Millones de pesos corrientes,9216.12820785154
2004.0,Criterio CCNN,ci_tot,Millones de pesos corrientes,9765.801446213442
2004.0,Criterio CCNN,ci_tot,Millones de pesos corrientes,9766.623446388872
2005.0,Criterio CCNN,ci_tot,Millones de pesos corrientes,11313.954501454022
2005.0,Criterio CCNN,ci_tot,Millones de pesos corrientes,11313.954501454022
2006.0,Criterio CCNN,ci_tot,Millones de pesos corrientes,14199.306249137355
2006.0,Criterio CCNN,ci_tot,Millones de pesos corrientes,14199.306249137355
2007.0,Criterio CCNN,ci_tot,Millones de pesos corrientes,17079.09870954226
2007.0,Criterio CCNN,ci_tot,Millones de pesos corrientes,17079.09870954226
2008.0,Criterio CCNN,ci_tot,Millones de pesos corrientes,19815.87213135474
2008.0,Criterio CCNN,ci_tot,Millones de pesos corrientes,19815.87213135474
2009.0,Criterio CCNN,ci_tot,Millones de pesos corrientes,20112.127721803172
2009.0,Criterio CCNN,ci_tot,Millones de pesos corrientes,20112.127721803172
2010.0,Criterio CCNN,ci_tot,Millones de pesos corrientes,25049.848017274584
2011.0,Criterio CCNN,ci_tot,Millones de pesos corrientes,31896.986234393567
2012.0,Criterio CCNN,ci_tot,Millones de pesos corrientes,39632.95350103269
2013.0,Criterio CCNN,ci_tot,Millones de pesos corrientes,47593.041419637215
2014.0,Criterio CCNN,ci_tot,Millones de pesos corrientes,59659.40998750913
2015.0,Criterio CCNN,ci_tot,Millones de pesos corrientes,63216.45220175384
2016.0,Criterio CCNN,ci_tot,Millones de pesos corrientes,92281.5411161622
2017.0,Criterio CCNN,ci_tot,Millones de pesos corrientes,97003.7407514476
2018.0,Criterio CCNN,ci_tot,Millones de pesos corrientes,220517.66027459022
2019.0,Criterio CCNN,ci_tot,Millones de pesos corrientes,297197.97885910154
2020.0,Criterio CCNN,ci_tot,Millones de pesos corrientes,300015.0103083611
2021.0,Criterio CCNN,ci_tot,Millones de pesos corrientes,605661.5912021198
2022.0,Criterio CCNN,ci_tot,Millones de pesos corrientes,1319234.2237993868
2023.0,Criterio CCNN,ci_tot,Millones de pesos corrientes,2675513.552891193
2024.0,Criterio CCNN,ci_tot,Millones de pesos corrientes,9906092.818293978
2025.0,Criterio CCNN,ci_tot,Millones de pesos corrientes,12168602.712401519
2026.0,Criterio CCNN,ci_tot,Millones de pesos corrientes,
1960.0,Empalme CCNN,ci_tot,Millones de pesos corrientes,
1961.0,Empalme CCNN,ci_tot,Millones de pesos corrientes,
1962.0,Empalme CCNN,ci_tot,Millones de pesos corrientes,
1963.0,Empalme CCNN,ci_tot,Millones de pesos corrientes,
1964.0,Empalme CCNN,ci_tot,Millones de pesos corrientes,
1965.0,Empalme CCNN,ci_tot,Millones de pesos corrientes,
1966.0,Empalme CCNN,ci_tot,Millones de pesos corrientes,
1967.0,Empalme CCNN,ci_tot,Millones de pesos corrientes,
1968.0,Empalme CCNN,ci_tot,Millones de pesos corrientes,
1969.0,Empalme CCNN,ci_tot,Millones de pesos corrientes,
1970.0,Empalme CCNN,ci_tot,Millones de pesos corrientes,
1971.0,Empalme CCNN,ci_tot,Millones de pesos corrientes,
1972.0,Empalme CCNN,ci_tot,Millones de pesos corrientes,
1973.0,Empalme CCNN,ci_tot,Millones de pesos corrientes,
1974.0,Empalme CCNN,ci_tot,Millones de pesos corrientes,
1975.0,Empalme CCNN,ci_tot,Millones de pesos corrientes,
1976.0,Empalme CCNN,ci_tot,Millones de pesos corrientes,
1977.0,Empalme CCNN,ci_tot,Millones de pesos corrientes,
1978.0,Empalme CCNN,ci_tot,Millones de pesos corrientes,
1979.0,Empalme CCNN,ci_tot,Millones de pesos corrientes,
1980.0,Empalme CCNN,ci_tot,Millones de pesos corrientes,
1981.0,Empalme CCNN,ci_tot,Millones de pesos corrientes,
1982.0,Empalme CCNN,ci_tot,Millones de pesos corrientes,
1983.0,Empalme CCNN,ci_tot,Millones de pesos corrientes,
1984.0,Empalme CCNN,ci_tot,Millones de pesos corrientes,
1985.0,Empalme CCNN,ci_tot,Millones de pesos corrientes,
1986.0,Empalme CCNN,ci_tot,Millones de pesos corrientes,
1987.0,Empalme CCNN,ci_tot,Millones de pesos corrientes,
1988.0,Empalme CCNN,ci_tot,Millones de pesos corrientes,
1989.0,Empalme CCNN,ci_tot,Millones de pesos corrientes,
1990.0,Empalme CCNN,ci_tot,Millones de pesos corrientes,
1991.0,Empalme CCNN,ci_tot,Millones de pesos corrientes,
1992.0,Empalme CCNN,ci_tot,Millones de pesos corrientes,
1993.0,Empalme CCNN,ci_tot,Millones de pesos corrientes,3574.9703165032624
1993.0,Empalme CCNN,ci_tot,Millones de pesos corrientes,3576.012198346967
1994.0,Empalme CCNN,ci_tot,Millones de pesos corrientes,3826.7421333359866
1994.0,Empalme CCNN,ci_tot,Millones de pesos corrientes,3827.74455215462
1995.0,Empalme CCNN,ci_tot,Millones de pesos corrientes,4487.405574442508
1995.0,Empalme CCNN,ci_tot,Millones de pesos corrientes,4488.490762385029
1996.0,Empalme CCNN,ci_tot,Millones de pesos corrientes,5921.922458696882
1996.0,Empalme CCNN,ci_tot,Millones de pesos corrientes,5923.973865858695
1997.0,Empalme CCNN,ci_tot,Millones de pesos corrientes,5890.537187198619
1997.0,Empalme CCNN,ci_tot,Millones de pesos corrientes,5892.503072641365
1998.0,Empalme CCNN,ci_tot,Millones de pesos corrientes,3918.4321319066
1998.0,Empalme CCNN,ci_tot,Millones de pesos corrientes,3919.5232318684853
1999.0,Empalme CCNN,ci_tot,Millones de pesos corrientes,5447.600906161309
1999.0,Empalme CCNN,ci_tot,Millones de pesos corrientes,5448.83864219277
2000.0,Empalme CCNN,ci_tot,Millones de pesos corrientes,8582.526109172053
2000.0,Empalme CCNN,ci_tot,Millones de pesos corrientes,8583.722150756359
2001.0,Empalme CCNN,ci_tot,Millones de pesos corrientes,7041.583723795374
2001.0,Empalme CCNN,ci_tot,Millones de pesos corrientes,7042.697925731372
2002.0,Empalme CCNN,ci_tot,Millones de pesos corrientes,10273.37884463154
2002.0,Empalme CCNN,ci_tot,Millones de pesos corrientes,10274.086557336774
2003.0,Empalme CCNN,ci_tot,Millones de pesos corrientes,12594.12785053921
2003.0,Empalme CCNN,ci_tot,Millones de pesos corrientes,12595.155414781755
2004.0,Empalme CCNN,ci_tot,Millones de pesos corrientes,13346.362397624765
2004.0,Empalme CCNN,ci_tot,Millones de pesos corrientes,13347.48577826
2005.0,Empalme CCNN,ci_tot,Millones de pesos corrientes,14765.022659584114
2005.0,Empalme CCNN,ci_tot,Millones de pesos corrientes,14765.022659584114
2006.0,Empalme CCNN,ci_tot,Millones de pesos corrientes,20655.76321874334
2006.0,Empalme CCNN,ci_tot,Millones de pesos corrientes,20655.76321874334
2007.0,Empalme CCNN,ci_tot,Millones de pesos corrientes,24770.863791739434
2007.0,Empalme CCNN,ci_tot,Millones de pesos corrientes,24770.863791739434
2008.0,Empalme CCNN,ci_tot,Millones de pesos corrientes,29549.651608365475
2008.0,Empalme CCNN,ci_tot,Millones de pesos corrientes,29549.651608365475
2009.0,Empalme CCNN,ci_tot,Millones de pesos corrientes,28873.78247737324
2009.0,Empalme CCNN,ci_tot,Millones de pesos corrientes,28873.78247737324
2010.0,Empalme CCNN,ci_tot,Millones de pesos corrientes,34583.544185478815
2011.0,Empalme CCNN,ci_tot,Millones de pesos corrientes,45478.13318051624
2012.0,Empalme CCNN,ci_tot,Millones de pesos corrientes,56426.681208793874
2013.0,Empalme CCNN,ci_tot,Millones de pesos corrientes,73294.07471109502
2014.0,Empalme CCNN,ci_tot,Millones de pesos corrientes,91656.16540909471
2015.0,Empalme CCNN,ci_tot,Millones de pesos corrientes,99709.05546601515
2016.0,Empalme CCNN,ci_tot,Millones de pesos corrientes,141003.9136602297
2017.0,Empalme CCNN,ci_tot,Millones de pesos corrientes,158420.93634394207
2018.0,Empalme CCNN,ci_tot,Millones de pesos corrientes,354841.090706905
2019.0,Empalme CCNN,ci_tot,Millones de pesos corrientes,454753.51620799716
2020.0,Empalme CCNN,ci_tot,Millones de pesos corrientes,427563.0858105879
2021.0,Empalme CCNN,ci_tot,Millones de pesos corrientes,1088256.6996524073
2022.0,Empalme CCNN,ci_tot,Millones de pesos corrientes,2134538.47163774
2023.0,Empalme CCNN,ci_tot,Millones de pesos corrientes,4542414.331754329
2024.0,Empalme CCNN,ci_tot,Millones de pesos corrientes,15515144.658037443
2025.0,Empalme CCNN,ci_tot,Millones de pesos corrientes,20886893.394018263
2026.0,Empalme CCNN,ci_tot,Millones de pesos corrientes,
2027.0,Empalme CCNN,ci_tot,Millones de pesos corrientes,
2028.0,Empalme CCNN,ci_tot,Millones de pesos corrientes,
2029.0,Empalme CCNN,ci_tot,Millones de pesos corrientes,
2030.0,Empalme CCNN,ci_tot,Millones de pesos corrientes,
1922.0,Criterio propio,ci_tot,Millones de pesos corrientes,
1923.0,Criterio propio,ci_tot,Millones de pesos corrientes,
1924.0,Criterio propio,ci_tot,Millones de pesos corrientes,
1925.0,Criterio propio,ci_tot,Millones de pesos corrientes,
1926.0,Criterio propio,ci_tot,Millones de pesos corrientes,
1927.0,Criterio propio,ci_tot,Millones de pesos corrientes,
1928.0,Criterio propio,ci_tot,Millones de pesos corrientes,
1929.0,Criterio propio,ci_tot,Millones de pesos corrientes,
1930.0,Criterio propio,ci_tot,Millones de pesos corrientes,
1931.0,Criterio propio,ci_tot,Millones de pesos corrientes,
1932.0,Criterio propio,ci_tot,Millones de pesos corrientes,
1933.0,Criterio propio,ci_tot,Millones de pesos corrientes,
1934.0,Criterio propio,ci_tot,Millones de pesos corrientes,
1935.0,Criterio propio,ci_tot,Millones de pesos corrientes,
1936.0,Criterio propio,ci_tot,Millones de pesos corrientes,
1937.0,Criterio propio,ci_tot,Millones de pesos corrientes,
1938.0,Criterio propio,ci_tot,Millones de pesos corrientes,
1939.0,Criterio propio,ci_tot,Millones de pesos corrientes,
1940.0,Criterio propio,ci_tot,Millones de pesos corrientes,
1941.0,Criterio propio,ci_tot,Millones de pesos corrientes,
1942.0,Criterio propio,ci_tot,Millones de pesos corrientes,
1943.0,Criterio propio,ci_tot,Millones de pesos corrientes,
1944.0,Criterio propio,ci_tot,Millones de pesos corrientes,
1945.0,Criterio propio,ci_tot,Millones de pesos corrientes,
1946.0,Criterio propio,ci_tot,Millones de pesos corrientes,
1947.0,Criterio propio,ci_tot,Millones de pesos corrientes,
1948.0,Criterio propio,ci_tot,Millones de pesos corrientes,
1949.0,Criterio propio,ci_tot,Millones de pesos corrientes,
1950.0,Criterio propio,ci_tot,Millones de pesos corrientes,
1951.0,Criterio propio,ci_tot,Millones de pesos corrientes,
1952.0,Criterio propio,ci_tot,Millones de pesos corrientes,
1953.0,Criterio propio,ci_tot,Millones de pesos corrientes,
1954.0,Criterio propio,ci_tot,Millones de pesos corrientes,
1955.0,Criterio propio,ci_tot,Millones de pesos corrientes,
1956.0,Criterio propio,ci_tot,Millones de pesos corrientes,
1957.0,Criterio propio,ci_tot,Millones de pesos corrientes,
1958.0,Criterio propio,ci_tot,Millones de pesos corrientes,
1959.0,Criterio propio,ci_tot,Millones de pesos corrientes,
1960.0,Criterio propio,ci_tot,Millones de pesos corrientes,
1961.0,Criterio propio,ci_tot,Millones de pesos corrientes,
1962.0,Criterio propio,ci_tot,Millones de pesos corrientes,
1963.0,Criterio propio,ci_tot,Millones de pesos corrientes,
1964.0,Criterio propio,ci_tot,Millones de pesos corrientes,
1965.0,Criterio propio,ci_tot,Millones de pesos corrientes,
1966.0,Criterio propio,ci_tot,Millones de pesos corrientes,
1967.0,Criterio propio,ci_tot,Millones de pesos corrientes,
1968.0,Criterio propio,ci_tot,Millones de pesos corrientes,
1969.0,Criterio propio,ci_tot,Millones de pesos corrientes,
1970.0,Criterio propio,ci_tot,Millones de pesos corrientes,
1971.0,Criterio propio,ci_tot,Millones de pesos corrientes,
1972.0,Criterio propio,ci_tot,Millones de pesos corrientes,
1973.0,Criterio propio,ci_tot,Millones de pesos corrientes,
1974.0,Criterio propio,ci_tot,Millones de pesos corrientes,
1975.0,Criterio propio,ci_tot,Millones de pesos corrientes,
1976.0,Criterio propio,ci_tot,Millones de pesos corrientes,
1977.0,Criterio propio,ci_tot,Millones de pesos corrientes,
1978.0,Criterio propio,ci_tot,Millones de pesos corrientes,
1979.0,Criterio propio,ci_tot,Millones de pesos corrientes,
1980.0,Criterio propio,ci_tot,Millones de pesos corrientes,
1981.0,Criterio propio,ci_tot,Millones de pesos corrientes,
1982.0,Criterio propio,ci_tot,Millones de pesos corrientes,
1983.0,Criterio propio,ci_tot,Millones de pesos corrientes,
1984.0,Criterio propio,ci_tot,Millones de pesos corrientes,
1985.0,Criterio propio,ci_tot,Millones de pesos corrientes,
1986.0,Criterio propio,ci_tot,Millones de pesos corrientes,
1987.0,Criterio propio,ci_tot,Millones de pesos corrientes,
1988.0,Criterio propio,ci_tot,Millones de pesos corrientes,
1989.0,Criterio propio,ci_tot,Millones de pesos corrientes,
1990.0,Criterio propio,ci_tot,Millones de pesos corrientes,
1991.0,Criterio propio,ci_tot,Millones de pesos corrientes,
1992.0,Criterio propio,ci_tot,Millones de pesos corrientes,
1993.0,Criterio propio,ci_tot,Millones de pesos corrientes,3574.9703165032624
1993.0,Criterio propio,ci_tot,Millones de pesos corrientes,3576.012198346967
1994.0,Criterio propio,ci_tot,Millones de pesos corrientes,3826.7421333359866
1994.0,Criterio propio,ci_tot,Millones de pesos corrientes,3827.74455215462
1995.0,Criterio propio,ci_tot,Millones de pesos corrientes,4487.405574442508
1995.0,Criterio propio,ci_tot,Millones de pesos corrientes,4488.490762385029
1996.0,Criterio propio,ci_tot,Millones de pesos corrientes,5921.922458696882
1996.0,Criterio propio,ci_tot,Millones de pesos corrientes,5923.973865858695
1997.0,Criterio propio,ci_tot,Millones de pesos corrientes,5890.537187198619
1997.0,Criterio propio,ci_tot,Millones de pesos corrientes,5892.503072641365
1998.0,Criterio propio,ci_tot,Millones de pesos corrientes,3918.4321319066
1998.0,Criterio propio,ci_tot,Millones de pesos corrientes,3919.5232318684853
1999.0,Criterio propio,ci_tot,Millones de pesos corrientes,5447.600906161309
1999.0,Criterio propio,ci_tot,Millones de pesos corrientes,5448.83864219277
2000.0,Criterio propio,ci_tot,Millones de pesos corrientes,8582.526109172053
2000.0,Criterio propio,ci_tot,Millones de pesos corrientes,8583.722150756359
2001.0,Criterio propio,ci_tot,Millones de pesos corrientes,7041.583723795374
2001.0,Criterio propio,ci_tot,Millones de pesos corrientes,7042.697925731372
2002.0,Criterio propio,ci_tot,Millones de pesos corrientes,10273.37884463154
2002.0,Criterio propio,ci_tot,Millones de pesos corrientes,10274.086557336774
2003.0,Criterio propio,ci_tot,Millones de pesos corrientes,12594.12785053921
2003.0,Criterio propio,ci_tot,Millones de pesos corrientes,12595.155414781755
2004.0,Criterio propio,ci_tot,Millones de pesos corrientes,13346.362397624765
2004.0,Criterio propio,ci_tot,Millones de pesos corrientes,13347.48577826
2005.0,Criterio propio,ci_tot,Millones de pesos corrientes,14765.022659584114
2005.0,Criterio propio,ci_tot,Millones de pesos corrientes,14765.022659584114
2006.0,Criterio propio,ci_tot,Millones de pesos corrientes,20655.76321874334
2006.0,Criterio propio,ci_tot,Millones de pesos corrientes,20655.76321874334
2007.0,Criterio propio,ci_tot,Millones de pesos corrientes,24770.863791739434
2007.0,Criterio propio,ci_tot,Millones de pesos corrientes,24770.863791739434
2008.0,Criterio propio,ci_tot,Millones de pesos corrientes,29549.651608365475
2008.0,Criterio propio,ci_tot,Millones de pesos corrientes,29549.651608365475
2009.0,Criterio propio,ci_tot,Millones de pesos corrientes,28873.78247737324
2009.0,Criterio propio,ci_tot,Millones de pesos corrientes,28873.78247737324
2010.0,Criterio propio,ci_tot,Millones de pesos corrientes,34583.544185478815
2011.0,Criterio propio,ci_tot,Millones de pesos corrientes,45478.13318051624
2012.0,Criterio propio,ci_tot,Millones de pesos corrientes,56426.681208793874
2013.0,Criterio propio,ci_tot,Millones de pesos corrientes,73294.07471109502
2014.0,Criterio propio,ci_tot,Millones de pesos corrientes,91656.16540909471
2015.0,Criterio propio,ci_tot,Millones de pesos corrientes,99709.05546601515
2016.0,Criterio propio,ci_tot,Millones de pesos corrientes,141003.9136602297
2017.0,Criterio propio,ci_tot,Millones de pesos corrientes,158420.93634394207
2018.0,Criterio propio,ci_tot,Millones de pesos corrientes,354841.090706905
2019.0,Criterio propio,ci_tot,Millones de pesos corrientes,454753.51620799716
2020.0,Criterio propio,ci_tot,Millones de pesos corrientes,427563.0858105879
2021.0,Criterio propio,ci_tot,Millones de pesos corrientes,1088256.6996524073
2022.0,Criterio propio,ci_tot,Millones de pesos corrientes,2134538.47163774
2023.0,Criterio propio,ci_tot,Millones de pesos corrientes,4542414.331754329
2024.0,Criterio propio,ci_tot,Millones de pesos corrientes,15515144.658037443
2025.0,Criterio propio,ci_tot,Millones de pesos corrientes,20886893.394018263
2026.0,Criterio propio,ci_tot,Millones de pesos corrientes,
2004.0,CCNN oficial,ci_extr,Millones de pesos corrientes,12049.209418864943
2005.0,CCNN oficial,ci_extr,Millones de pesos corrientes,13329.987962208867
2006.0,CCNN oficial,ci_extr,Millones de pesos corrientes,18648.19861128753
2007.0,CCNN oficial,ci_extr,Millones de pesos corrientes,22363.346387624355
2008.0,CCNN oficial,ci_extr,Millones de pesos corrientes,26677.676648961704
2009.0,CCNN oficial,ci_extr,Millones de pesos corrientes,26067.49625250244
2010.0,CCNN oficial,ci_extr,Millones de pesos corrientes,31222.31765649969
2011.0,CCNN oficial,ci_extr,Millones de pesos corrientes,41058.04520702906
2012.0,CCNN oficial,ci_extr,Millones de pesos corrientes,50942.48743142842
2013.0,CCNN oficial,ci_extr,Millones de pesos corrientes,66170.51366094234
2014.0,CCNN oficial,ci_extr,Millones de pesos corrientes,82747.96522390646
2015.0,CCNN oficial,ci_extr,Millones de pesos corrientes,90018.18281819252
2016.0,CCNN oficial,ci_extr,Millones de pesos corrientes,127299.53180905871
2017.0,CCNN oficial,ci_extr,Millones de pesos corrientes,143023.76793548962
2018.0,CCNN oficial,ci_extr,Millones de pesos corrientes,320353.5528981937
2019.0,CCNN oficial,ci_extr,Millones de pesos corrientes,410555.3399127327
2020.0,CCNN oficial,ci_extr,Millones de pesos corrientes,386007.588226793
2021.0,CCNN oficial,ci_extr,Millones de pesos corrientes,982487.3988082549
2022.0,CCNN oficial,ci_extr,Millones de pesos corrientes,1927079.476124842
2023.0,CCNN oficial,ci_extr,Millones de pesos corrientes,4100930.26998143
2024.0,CCNN oficial,ci_extr,Millones de pesos corrientes,14007204.478573669
2025.0,CCNN oficial,ci_extr,Millones de pesos corrientes,18856864.898170475
1922.0,Criterio CCNN,ci_extr,Millones de pesos corrientes,
1923.0,Criterio CCNN,ci_extr,Millones de pesos corrientes,
1924.0,Criterio CCNN,ci_extr,Millones de pesos corrientes,
1925.0,Criterio CCNN,ci_extr,Millones de pesos corrientes,
1926.0,Criterio CCNN,ci_extr,Millones de pesos corrientes,
1927.0,Criterio CCNN,ci_extr,Millones de pesos corrientes,
1928.0,Criterio CCNN,ci_extr,Millones de pesos corrientes,
1929.0,Criterio CCNN,ci_extr,Millones de pesos corrientes,
1930.0,Criterio CCNN,ci_extr,Millones de pesos corrientes,
1931.0,Criterio CCNN,ci_extr,Millones de pesos corrientes,
1932.0,Criterio CCNN,ci_extr,Millones de pesos corrientes,
1933.0,Criterio CCNN,ci_extr,Millones de pesos corrientes,
1934.0,Criterio CCNN,ci_extr,Millones de pesos corrientes,
1935.0,Criterio CCNN,ci_extr,Millones de pesos corrientes,
1936.0,Criterio CCNN,ci_extr,Millones de pesos corrientes,
1937.0,Criterio CCNN,ci_extr,Millones de pesos corrientes,
1938.0,Criterio CCNN,ci_extr,Millones de pesos corrientes,
1939.0,Criterio CCNN,ci_extr,Millones de pesos corrientes,
1940.0,Criterio CCNN,ci_extr,Millones de pesos corrientes,
1941.0,Criterio CCNN,ci_extr,Millones de pesos corrientes,
1942.0,Criterio CCNN,ci_extr,Millones de pesos corrientes,
1943.0,Criterio CCNN,ci_extr,Millones de pesos corrientes,
1944.0,Criterio CCNN,ci_extr,Millones de pesos corrientes,
1945.0,Criterio CCNN,ci_extr,Millones de pesos corrientes,
1946.0,Criterio CCNN,ci_extr,Millones de pesos corrientes,
1947.0,Criterio CCNN,ci_extr,Millones de pesos corrientes,
1948.0,Criterio CCNN,ci_extr,Millones de pesos corrientes,
1949.0,Criterio CCNN,ci_extr,Millones de pesos corrientes,
1950.0,Criterio CCNN,ci_extr,Millones de pesos corrientes,
1951.0,Criterio CCNN,ci_extr,Millones de pesos corrientes,
1952.0,Criterio CCNN,ci_extr,Millones de pesos corrientes,
1953.0,Criterio CCNN,ci_extr,Millones de pesos corrientes,
1954.0,Criterio CCNN,ci_extr,Millones de pesos corrientes,
1955.0,Criterio CCNN,ci_extr,Millones de pesos corrientes,
1956.0,Criterio CCNN,ci_extr,Millones de pesos corrientes,
1957.0,Criterio CCNN,ci_extr,Millones de pesos corrientes,
1958.0,Criterio CCNN,ci_extr,Millones de pesos corrientes,
1959.0,Criterio CCNN,ci_extr,Millones de pesos corrientes,
1960.0,Criterio CCNN,ci_extr,Millones de pesos corrientes,
1961.0,Criterio CCNN,ci_extr,Millones de pesos corrientes,
1962.0,Criterio CCNN,ci_extr,Millones de pesos corrientes,
1963.0,Criterio CCNN,ci_extr,Millones de pesos corrientes,
1964.0,Criterio CCNN,ci_extr,Millones de pesos corrientes,
1965.0,Criterio CCNN,ci_extr,Millones de pesos corrientes,
1966.0,Criterio CCNN,ci_extr,Millones de pesos corrientes,
1967.0,Criterio CCNN,ci_extr,Millones de pesos corrientes,
1968.0,Criterio CCNN,ci_extr,Millones de pesos corrientes,
1969.0,Criterio CCNN,ci_extr,Millones de pesos corrientes,
1970.0,Criterio CCNN,ci_extr,Millones de pesos corrientes,
1971.0,Criterio CCNN,ci_extr,Millones de pesos corrientes,
1972.0,Criterio CCNN,ci_extr,Millones de pesos corrientes,
1973.0,Criterio CCNN,ci_extr,Millones de pesos corrientes,
1974.0,Criterio CCNN,ci_extr,Millones de pesos corrientes,
1975.0,Criterio CCNN,ci_extr,Millones de pesos corrientes,
1976.0,Criterio CCNN,ci_extr,Millones de pesos corrientes,
1977.0,Criterio CCNN,ci_extr,Millones de pesos corrientes,
1978.0,Criterio CCNN,ci_extr,Millones de pesos corrientes,
1979.0,Criterio CCNN,ci_extr,Millones de pesos corrientes,
1980.0,Criterio CCNN,ci_extr,Millones de pesos corrientes,
1981.0,Criterio CCNN,ci_extr,Millones de pesos corrientes,
1982.0,Criterio CCNN,ci_extr,Millones de pesos corrientes,
1983.0,Criterio CCNN,ci_extr,Millones de pesos corrientes,
1984.0,Criterio CCNN,ci_extr,Millones de pesos corrientes,
1985.0,Criterio CCNN,ci_extr,Millones de pesos corrientes,
1986.0,Criterio CCNN,ci_extr,Millones de pesos corrientes,
1987.0,Criterio CCNN,ci_extr,Millones de pesos corrientes,
1988.0,Criterio CCNN,ci_extr,Millones de pesos corrientes,
1989.0,Criterio CCNN,ci_extr,Millones de pesos corrientes,
1990.0,Criterio CCNN,ci_extr,Millones de pesos corrientes,
1991.0,Criterio CCNN,ci_extr,Millones de pesos corrientes,
1992.0,Criterio CCNN,ci_extr,Millones de pesos corrientes,
1993.0,Criterio CCNN,ci_extr,Millones de pesos corrientes,2361.6365225021073
1993.0,Criterio CCNN,ci_extr,Millones de pesos corrientes,2362.3247928921764
1994.0,Criterio CCNN,ci_extr,Millones de pesos corrientes,2527.9577686461744
1994.0,Criterio CCNN,ci_extr,Millones de pesos corrientes,2528.6199696390054
1995.0,Criterio CCNN,ci_extr,Millones de pesos corrientes,2964.3940949553626
1995.0,Criterio CCNN,ci_extr,Millones de pesos corrientes,2965.110973489152
1996.0,Criterio CCNN,ci_extr,Millones de pesos corrientes,3912.0404153630616
1996.0,Criterio CCNN,ci_extr,Millones de pesos corrientes,3913.395581321641
1997.0,Criterio CCNN,ci_extr,Millones de pesos corrientes,3891.3072072866808
1997.0,Criterio CCNN,ci_extr,Millones de pesos corrientes,3892.6058773313557
1998.0,Criterio CCNN,ci_extr,Millones de pesos corrientes,2588.528467197967
1998.0,Criterio CCNN,ci_extr,Millones de pesos corrientes,2589.2492512301574
1999.0,Criterio CCNN,ci_extr,Millones de pesos corrientes,3598.7021208584015
1999.0,Criterio CCNN,ci_extr,Millones de pesos corrientes,3599.5197731347357
2000.0,Criterio CCNN,ci_extr,Millones de pesos corrientes,5669.6434712145765
2000.0,Criterio CCNN,ci_extr,Millones de pesos corrientes,5670.433580009296
2001.0,Criterio CCNN,ci_extr,Millones de pesos corrientes,4651.692133387361
2001.0,Criterio CCNN,ci_extr,Millones de pesos corrientes,4652.428178655582
2002.0,Criterio CCNN,ci_extr,Millones de pesos corrientes,6786.626053083819
2002.0,Criterio CCNN,ci_extr,Millones de pesos corrientes,6787.093570300509
2003.0,Criterio CCNN,ci_extr,Millones de pesos corrientes,8319.720072525311
2003.0,Criterio CCNN,ci_extr,Millones de pesos corrientes,8320.398884663475
2004.0,Criterio CCNN,ci_extr,Millones de pesos corrientes,8816.6485565701
2004.0,Criterio CCNN,ci_extr,Millones de pesos corrientes,8817.390665315617
2005.0,Criterio CCNN,ci_extr,Millones de pesos corrientes,10214.334294398497
2005.0,Criterio CCNN,ci_extr,Millones de pesos corrientes,10214.334294398497
2006.0,Criterio CCNN,ci_extr,Millones de pesos corrientes,12819.254378174412
2006.0,Criterio CCNN,ci_extr,Millones de pesos corrientes,12819.254378174412
2007.0,Criterio CCNN,ci_extr,Millones de pesos corrientes,15419.1554901405
2007.0,Criterio CCNN,ci_extr,Millones de pesos corrientes,15419.1554901405
2008.0,Criterio CCNN,ci_extr,Millones de pesos corrientes,17889.937798379848
2008.0,Criterio CCNN,ci_extr,Millones de pesos corrientes,17889.937798379848
2009.0,Criterio CCNN,ci_extr,Millones de pesos corrientes,18157.399863658247
2009.0,Criterio CCNN,ci_extr,Millones de pesos corrientes,18157.399863658247
2010.0,Criterio CCNN,ci_extr,Millones de pesos corrientes,22615.215717849576
2011.0,Criterio CCNN,ci_extr,Millones de pesos corrientes,28796.870302072693
2012.0,Criterio CCNN,ci_extr,Millones de pesos corrientes,35780.96730739662
2013.0,Criterio CCNN,ci_extr,Millones de pesos corrientes,42967.40234237755
2014.0,Criterio CCNN,ci_extr,Millones de pesos corrientes,53861.02245158221
2015.0,Criterio CCNN,ci_extr,Millones de pesos corrientes,57072.35039804987
2016.0,Criterio CCNN,ci_extr,Millones de pesos corrientes,83312.559728044
2017.0,Criterio CCNN,ci_extr,Millones de pesos corrientes,87575.80169825812
2018.0,Criterio CCNN,ci_extr,Millones de pesos corrientes,199085.2181325097
2019.0,Criterio CCNN,ci_extr,Millones de pesos corrientes,268312.86154600565
2020.0,Criterio CCNN,ci_extr,Millones de pesos corrientes,270856.1014836307
2021.0,Criterio CCNN,ci_extr,Millones de pesos corrientes,546796.4327610405
2022.0,Criterio CCNN,ci_extr,Millones de pesos corrientes,1191015.8709553317
2023.0,Criterio CCNN,ci_extr,Millones de pesos corrientes,2415476.377858186
2024.0,Criterio CCNN,ci_extr,Millones de pesos corrientes,8943304.79978429
2025.0,Criterio CCNN,ci_extr,Millones de pesos corrientes,10985917.96389314
2026.0,Criterio CCNN,ci_extr,Millones de pesos corrientes,
1960.0,Empalme CCNN,ci_extr,Millones de pesos corrientes,
1961.0,Empalme CCNN,ci_extr,Millones de pesos corrientes,
1962.0,Empalme CCNN,ci_extr,Millones de pesos corrientes,
1963.0,Empalme CCNN,ci_extr,Millones de pesos corrientes,
1964.0,Empalme CCNN,ci_extr,Millones de pesos corrientes,
1965.0,Empalme CCNN,ci_extr,Millones de pesos corrientes,
1966.0,Empalme CCNN,ci_extr,Millones de pesos corrientes,
1967.0,Empalme CCNN,ci_extr,Millones de pesos corrientes,
1968.0,Empalme CCNN,ci_extr,Millones de pesos corrientes,
1969.0,Empalme CCNN,ci_extr,Millones de pesos corrientes,
1970.0,Empalme CCNN,ci_extr,Millones de pesos corrientes,
1971.0,Empalme CCNN,ci_extr,Millones de pesos corrientes,
1972.0,Empalme CCNN,ci_extr,Millones de pesos corrientes,
1973.0,Empalme CCNN,ci_extr,Millones de pesos corrientes,
1974.0,Empalme CCNN,ci_extr,Millones de pesos corrientes,
1975.0,Empalme CCNN,ci_extr,Millones de pesos corrientes,
1976.0,Empalme CCNN,ci_extr,Millones de pesos corrientes,
1977.0,Empalme CCNN,ci_extr,Millones de pesos corrientes,
1978.0,Empalme CCNN,ci_extr,Millones de pesos corrientes,
1979.0,Empalme CCNN,ci_extr,Millones de pesos corrientes,
1980.0,Empalme CCNN,ci_extr,Millones de pesos corrientes,
1981.0,Empalme CCNN,ci_extr,Millones de pesos corrientes,
1982.0,Empalme CCNN,ci_extr,Millones de pesos corrientes,
1983.0,Empalme CCNN,ci_extr,Millones de pesos corrientes,
1984.0,Empalme CCNN,ci_extr,Millones de pesos corrientes,
1985.0,Empalme CCNN,ci_extr,Millones de pesos corrientes,
1986.0,Empalme CCNN,ci_extr,Millones de pesos corrientes,
1987.0,Empalme CCNN,ci_extr,Millones de pesos corrientes,
1988.0,Empalme CCNN,ci_extr,Millones de pesos corrientes,
1989.0,Empalme CCNN,ci_extr,Millones de pesos corrientes,
1990.0,Empalme CCNN,ci_extr,Millones de pesos corrientes,
1991.0,Empalme CCNN,ci_extr,Millones de pesos corrientes,
1992.0,Empalme CCNN,ci_extr,Millones de pesos corrientes,
1993.0,Empalme CCNN,ci_extr,Millones de pesos corrientes,3227.5135895785193
1993.0,Empalme CCNN,ci_extr,Millones de pesos corrientes,3228.4542093631844
1994.0,Empalme CCNN,ci_extr,Millones de pesos corrientes,3454.8153259172163
1994.0,Empalme CCNN,ci_extr,Millones de pesos corrientes,3455.7203181474047
1995.0,Empalme CCNN,ci_extr,Millones de pesos corrientes,4051.2678962967775
1995.0,Empalme CCNN,ci_extr,Millones de pesos corrientes,4052.2476131955623
1996.0,Empalme CCNN,ci_extr,Millones de pesos corrientes,5346.361933032567
1996.0,Empalme CCNN,ci_extr,Millones de pesos corrientes,5348.213960855552
1997.0,Empalme CCNN,ci_extr,Millones de pesos corrientes,5318.027043143932
1997.0,Empalme CCNN,ci_extr,Millones de pesos corrientes,5319.801861231995
1998.0,Empalme CCNN,ci_extr,Millones de pesos corrientes,3537.5938360069295
1998.0,Empalme CCNN,ci_extr,Millones de pesos corrientes,3538.57889032705
1999.0,Empalme CCNN,ci_extr,Millones de pesos corrientes,4918.140403591749
1999.0,Empalme CCNN,ci_extr,Millones de pesos corrientes,4919.257842201914
2000.0,Empalme CCNN,ci_extr,Millones de pesos corrientes,7748.377524252928
2000.0,Empalme CCNN,ci_extr,Millones de pesos corrientes,7749.457320761792
2001.0,Empalme CCNN,ci_extr,Millones de pesos corrientes,6357.20164046955
2001.0,Empalme CCNN,ci_extr,Millones de pesos corrientes,6358.20755144827
2002.0,Empalme CCNN,ci_extr,Millones de pesos corrientes,9274.893746353853
2002.0,Empalme CCNN,ci_extr,Millones de pesos corrientes,9275.532675399814
2003.0,Empalme CCNN,ci_extr,Millones de pesos corrientes,11370.085675637949
2003.0,Empalme CCNN,ci_extr,Millones de pesos corrientes,11371.013369370585
2004.0,Empalme CCNN,ci_extr,Millones de pesos corrientes,12049.20941886494
2004.0,Empalme CCNN,ci_extr,Millones de pesos corrientes,12050.22361645135
2005.0,Empalme CCNN,ci_extr,Millones de pesos corrientes,13329.987962208867
2005.0,Empalme CCNN,ci_extr,Millones de pesos corrientes,13329.987962208867
2006.0,Empalme CCNN,ci_extr,Millones de pesos corrientes,18648.198611287527
2006.0,Empalme CCNN,ci_extr,Millones de pesos corrientes,18648.198611287527
2007.0,Empalme CCNN,ci_extr,Millones de pesos corrientes,22363.346387624355
2007.0,Empalme CCNN,ci_extr,Millones de pesos corrientes,22363.346387624355
2008.0,Empalme CCNN,ci_extr,Millones de pesos corrientes,26677.676648961708
2008.0,Empalme CCNN,ci_extr,Millones de pesos corrientes,26677.676648961708
2009.0,Empalme CCNN,ci_extr,Millones de pesos corrientes,26067.496252502442
2009.0,Empalme CCNN,ci_extr,Millones de pesos corrientes,26067.496252502442
2010.0,Empalme CCNN,ci_extr,Millones de pesos corrientes,31222.317656499687
2011.0,Empalme CCNN,ci_extr,Millones de pesos corrientes,41058.04520702906
2012.0,Empalme CCNN,ci_extr,Millones de pesos corrientes,50942.48743142842
2013.0,Empalme CCNN,ci_extr,Millones de pesos corrientes,66170.51366094234
2014.0,Empalme CCNN,ci_extr,Millones de pesos corrientes,82747.96522390646
2015.0,Empalme CCNN,ci_extr,Millones de pesos corrientes,90018.18281819252
2016.0,Empalme CCNN,ci_extr,Millones de pesos corrientes,127299.53180905868
2017.0,Empalme CCNN,ci_extr,Millones de pesos corrientes,143023.76793548965
2018.0,Empalme CCNN,ci_extr,Millones de pesos corrientes,320353.5528981937
2019.0,Empalme CCNN,ci_extr,Millones de pesos corrientes,410555.3399127327
2020.0,Empalme CCNN,ci_extr,Millones de pesos corrientes,386007.588226793
2021.0,Empalme CCNN,ci_extr,Millones de pesos corrientes,982487.3988082549
2022.0,Empalme CCNN,ci_extr,Millones de pesos corrientes,1927079.4761248422
2023.0,Empalme CCNN,ci_extr,Millones de pesos corrientes,4100930.2699814304
2024.0,Empalme CCNN,ci_extr,Millones de pesos corrientes,14007204.478573667
2025.0,Empalme CCNN,ci_extr,Millones de pesos corrientes,18856864.898170475
2026.0,Empalme CCNN,ci_extr,Millones de pesos corrientes,
2027.0,Empalme CCNN,ci_extr,Millones de pesos corrientes,
2028.0,Empalme CCNN,ci_extr,Millones de pesos corrientes,
2029.0,Empalme CCNN,ci_extr,Millones de pesos corrientes,
2030.0,Empalme CCNN,ci_extr,Millones de pesos corrientes,
1922.0,Criterio propio,ci_extr,Millones de pesos corrientes,
1923.0,Criterio propio,ci_extr,Millones de pesos corrientes,
1924.0,Criterio propio,ci_extr,Millones de pesos corrientes,
1925.0,Criterio propio,ci_extr,Millones de pesos corrientes,
1926.0,Criterio propio,ci_extr,Millones de pesos corrientes,
1927.0,Criterio propio,ci_extr,Millones de pesos corrientes,
1928.0,Criterio propio,ci_extr,Millones de pesos corrientes,
1929.0,Criterio propio,ci_extr,Millones de pesos corrientes,
1930.0,Criterio propio,ci_extr,Millones de pesos corrientes,
1931.0,Criterio propio,ci_extr,Millones de pesos corrientes,
1932.0,Criterio propio,ci_extr,Millones de pesos corrientes,
1933.0,Criterio propio,ci_extr,Millones de pesos corrientes,
1934.0,Criterio propio,ci_extr,Millones de pesos corrientes,
1935.0,Criterio propio,ci_extr,Millones de pesos corrientes,
1936.0,Criterio propio,ci_extr,Millones de pesos corrientes,
1937.0,Criterio propio,ci_extr,Millones de pesos corrientes,
1938.0,Criterio propio,ci_extr,Millones de pesos corrientes,
1939.0,Criterio propio,ci_extr,Millones de pesos corrientes,
1940.0,Criterio propio,ci_extr,Millones de pesos corrientes,
1941.0,Criterio propio,ci_extr,Millones de pesos corrientes,
1942.0,Criterio propio,ci_extr,Millones de pesos corrientes,
1943.0,Criterio propio,ci_extr,Millones de pesos corrientes,
1944.0,Criterio propio,ci_extr,Millones de pesos corrientes,
1945.0,Criterio propio,ci_extr,Millones de pesos corrientes,
1946.0,Criterio propio,ci_extr,Millones de pesos corrientes,
1947.0,Criterio propio,ci_extr,Millones de pesos corrientes,
1948.0,Criterio propio,ci_extr,Millones de pesos corrientes,
1949.0,Criterio propio,ci_extr,Millones de pesos corrientes,
1950.0,Criterio propio,ci_extr,Millones de pesos corrientes,
1951.0,Criterio propio,ci_extr,Millones de pesos corrientes,
1952.0,Criterio propio,ci_extr,Millones de pesos corrientes,
1953.0,Criterio propio,ci_extr,Millones de pesos corrientes,
1954.0,Criterio propio,ci_extr,Millones de pesos corrientes,
1955.0,Criterio propio,ci_extr,Millones de pesos corrientes,
1956.0,Criterio propio,ci_extr,Millones de pesos corrientes,
1957.0,Criterio propio,ci_extr,Millones de pesos corrientes,
1958.0,Criterio propio,ci_extr,Millones de pesos corrientes,
1959.0,Criterio propio,ci_extr,Millones de pesos corrientes,
1960.0,Criterio propio,ci_extr,Millones de pesos corrientes,
1961.0,Criterio propio,ci_extr,Millones de pesos corrientes,
1962.0,Criterio propio,ci_extr,Millones de pesos corrientes,
1963.0,Criterio propio,ci_extr,Millones de pesos corrientes,
1964.0,Criterio propio,ci_extr,Millones de pesos corrientes,
1965.0,Criterio propio,ci_extr,Millones de pesos corrientes,
1966.0,Criterio propio,ci_extr,Millones de pesos corrientes,
1967.0,Criterio propio,ci_extr,Millones de pesos corrientes,
1968.0,Criterio propio,ci_extr,Millones de pesos corrientes,
1969.0,Criterio propio,ci_extr,Millones de pesos corrientes,
1970.0,Criterio propio,ci_extr,Millones de pesos corrientes,
1971.0,Criterio propio,ci_extr,Millones de pesos corrientes,
1972.0,Criterio propio,ci_extr,Millones de pesos corrientes,
1973.0,Criterio propio,ci_extr,Millones de pesos corrientes,
1974.0,Criterio propio,ci_extr,Millones de pesos corrientes,
1975.0,Criterio propio,ci_extr,Millones de pesos corrientes,
1976.0,Criterio propio,ci_extr,Millones de pesos corrientes,
1977.0,Criterio propio,ci_extr,Millones de pesos corrientes,
1978.0,Criterio propio,ci_extr,Millones de pesos corrientes,
1979.0,Criterio propio,ci_extr,Millones de pesos corrientes,
1980.0,Criterio propio,ci_extr,Millones de pesos corrientes,
1981.0,Criterio propio,ci_extr,Millones de pesos corrientes,
1982.0,Criterio propio,ci_extr,Millones de pesos corrientes,
1983.0,Criterio propio,ci_extr,Millones de pesos corrientes,
1984.0,Criterio propio,ci_extr,Millones de pesos corrientes,
1985.0,Criterio propio,ci_extr,Millones de pesos corrientes,
1986.0,Criterio propio,ci_extr,Millones de pesos corrientes,
1987.0,Criterio propio,ci_extr,Millones de pesos corrientes,
1988.0,Criterio propio,ci_extr,Millones de pesos corrientes,
1989.0,Criterio propio,ci_extr,Millones de pesos corrientes,
1990.0,Criterio propio,ci_extr,Millones de pesos corrientes,
1991.0,Criterio propio,ci_extr,Millones de pesos corrientes,
1992.0,Criterio propio,ci_extr,Millones de pesos corrientes,
1993.0,Criterio propio,ci_extr,Millones de pesos corrientes,3227.5135895785193
1993.0,Criterio propio,ci_extr,Millones de pesos corrientes,3228.4542093631844
1994.0,Criterio propio,ci_extr,Millones de pesos corrientes,3454.8153259172163
1994.0,Criterio propio,ci_extr,Millones de pesos corrientes,3455.7203181474047
1995.0,Criterio propio,ci_extr,Millones de pesos corrientes,4051.2678962967775
1995.0,Criterio propio,ci_extr,Millones de pesos corrientes,4052.2476131955623
1996.0,Criterio propio,ci_extr,Millones de pesos corrientes,5346.361933032567
1996.0,Criterio propio,ci_extr,Millones de pesos corrientes,5348.213960855552
1997.0,Criterio propio,ci_extr,Millones de pesos corrientes,5318.027043143932
1997.0,Criterio propio,ci_extr,Millones de pesos corrientes,5319.801861231995
1998.0,Criterio propio,ci_extr,Millones de pesos corrientes,3537.5938360069295
1998.0,Criterio propio,ci_extr,Millones de pesos corrientes,3538.57889032705
1999.0,Criterio propio,ci_extr,Millones de pesos corrientes,4918.140403591749
1999.0,Criterio propio,ci_extr,Millones de pesos corrientes,4919.257842201914
2000.0,Criterio propio,ci_extr,Millones de pesos corrientes,7748.377524252928
2000.0,Criterio propio,ci_extr,Millones de pesos corrientes,7749.457320761792
2001.0,Criterio propio,ci_extr,Millones de pesos corrientes,6357.20164046955
2001.0,Criterio propio,ci_extr,Millones de pesos corrientes,6358.20755144827
2002.0,Criterio propio,ci_extr,Millones de pesos corrientes,9274.893746353853
2002.0,Criterio propio,ci_extr,Millones de pesos corrientes,9275.532675399814
2003.0,Criterio propio,ci_extr,Millones de pesos corrientes,11370.085675637949
2003.0,Criterio propio,ci_extr,Millones de pesos corrientes,11371.013369370585
2004.0,Criterio propio,ci_extr,Millones de pesos corrientes,12049.20941886494
2004.0,Criterio propio,ci_extr,Millones de pesos corrientes,12050.22361645135
2005.0,Criterio propio,ci_extr,Millones de pesos corrientes,13329.987962208867
2005.0,Criterio propio,ci_extr,Millones de pesos corrientes,13329.987962208867
2006.0,Criterio propio,ci_extr,Millones de pesos corrientes,18648.198611287527
2006.0,Criterio propio,ci_extr,Millones de pesos corrientes,18648.198611287527
2007.0,Criterio propio,ci_extr,Millones de pesos corrientes,22363.346387624355
2007.0,Criterio propio,ci_extr,Millones de pesos corrientes,22363.346387624355
2008.0,Criterio propio,ci_extr,Millones de pesos corrientes,26677.676648961708
2008.0,Criterio propio,ci_extr,Millones de pesos corrientes,26677.676648961708
2009.0,Criterio propio,ci_extr,Millones de pesos corrientes,26067.496252502442
2009.0,Criterio propio,ci_extr,Millones de pesos corrientes,26067.496252502442
2010.0,Criterio propio,ci_extr,Millones de pesos corrientes,31222.317656499687
2011.0,Criterio propio,ci_extr,Millones de pesos corrientes,41058.04520702906
2012.0,Criterio propio,ci_extr,Millones de pesos corrientes,50942.48743142842
2013.0,Criterio propio,ci_extr,Millones de pesos corrientes,66170.51366094234
2014.0,Criterio propio,ci_extr,Millones de pesos corrientes,82747.96522390646
2015.0,Criterio propio,ci_extr,Millones de pesos corrientes,90018.18281819252
2016.0,Criterio propio,ci_extr,Millones de pesos corrientes,127299.53180905868
2017.0,Criterio propio,ci_extr,Millones de pesos corrientes,143023.76793548965
2018.0,Criterio propio,ci_extr,Millones de pesos corrientes,320353.5528981937
2019.0,Criterio propio,ci_extr,Millones de pesos corrientes,410555.3399127327
2020.0,Criterio propio,ci_extr,Millones de pesos corrientes,386007.588226793
2021.0,Criterio propio,ci_extr,Millones de pesos corrientes,982487.3988082549
2022.0,Criterio propio,ci_extr,Millones de pesos corrientes,1927079.4761248422
2023.0,Criterio propio,ci_extr,Millones de pesos corrientes,4100930.2699814304
2024.0,Criterio propio,ci_extr,Millones de pesos corrientes,14007204.478573667
2025.0,Criterio propio,ci_extr,Millones de pesos corrientes,18856864.898170475
2026.0,Criterio propio,ci_extr,Millones de pesos corrientes,
2004.0,CCNN oficial,ms_tot,Millones de pesos corrientes,1718.7353693706398
2005.0,CCNN oficial,ms_tot,Millones de pesos corrientes,2414.22994387732
2006.0,CCNN oficial,ms_tot,Millones de pesos corrientes,3297.0779891657075
2007.0,CCNN oficial,ms_tot,Millones de pesos corrientes,4627.081046307343
2008.0,CCNN oficial,ms_tot,Millones de pesos corrientes,7006.9954138276935
2009.0,CCNN oficial,ms_tot,Millones de pesos corrientes,8375.483492483741
2010.0,CCNN oficial,ms_tot,Millones de pesos corrientes,10934.974078009405
2011.0,CCNN oficial,ms_tot,Millones de pesos corrientes,15526.741180435263
2012.0,CCNN oficial,ms_tot,Millones de pesos corrientes,19291.45780190686
2013.0,CCNN oficial,ms_tot,Millones de pesos corrientes,25210.4416819125
2014.0,CCNN oficial,ms_tot,Millones de pesos corrientes,36967.364475585586
2015.0,CCNN oficial,ms_tot,Millones de pesos corrientes,49948.26959065372
2016.0,CCNN oficial,ms_tot,Millones de pesos corrientes,56885.45635461411
2017.0,CCNN oficial,ms_tot,Millones de pesos corrientes,66312.31923046391
2018.0,CCNN oficial,ms_tot,Millones de pesos corrientes,90880.60271643594
2019.0,CCNN oficial,ms_tot,Millones de pesos corrientes,146966.34318155138
2020.0,CCNN oficial,ms_tot,Millones de pesos corrientes,165830.2857856836
2021.0,CCNN oficial,ms_tot,Millones de pesos corrientes,250724.71058659372
2022.0,CCNN oficial,ms_tot,Millones de pesos corrientes,517717.07926635933
2023.0,CCNN oficial,ms_tot,Millones de pesos corrientes,1321740.8025481561
2024.0,CCNN oficial,ms_tot,Millones de pesos corrientes,4418287.269647062
2025.0,CCNN oficial,ms_tot,Millones de pesos corrientes,
1922.0,Criterio CCNN,ms_tot,Millones de pesos corrientes,
1923.0,Criterio CCNN,ms_tot,Millones de pesos corrientes,
1924.0,Criterio CCNN,ms_tot,Millones de pesos corrientes,
1925.0,Criterio CCNN,ms_tot,Millones de pesos corrientes,
1926.0,Criterio CCNN,ms_tot,Millones de pesos corrientes,
1927.0,Criterio CCNN,ms_tot,Millones de pesos corrientes,
1928.0,Criterio CCNN,ms_tot,Millones de pesos corrientes,
1929.0,Criterio CCNN,ms_tot,Millones de pesos corrientes,
1930.0,Criterio CCNN,ms_tot,Millones de pesos corrientes,
1931.0,Criterio CCNN,ms_tot,Millones de pesos corrientes,
1932.0,Criterio CCNN,ms_tot,Millones de pesos corrientes,
1933.0,Criterio CCNN,ms_tot,Millones de pesos corrientes,
1934.0,Criterio CCNN,ms_tot,Millones de pesos corrientes,
1935.0,Criterio CCNN,ms_tot,Millones de pesos corrientes,
1936.0,Criterio CCNN,ms_tot,Millones de pesos corrientes,
1937.0,Criterio CCNN,ms_tot,Millones de pesos corrientes,
1938.0,Criterio CCNN,ms_tot,Millones de pesos corrientes,
1939.0,Criterio CCNN,ms_tot,Millones de pesos corrientes,
1940.0,Criterio CCNN,ms_tot,Millones de pesos corrientes,
1941.0,Criterio CCNN,ms_tot,Millones de pesos corrientes,
1942.0,Criterio CCNN,ms_tot,Millones de pesos corrientes,
1943.0,Criterio CCNN,ms_tot,Millones de pesos corrientes,
1944.0,Criterio CCNN,ms_tot,Millones de pesos corrientes,
1945.0,Criterio CCNN,ms_tot,Millones de pesos corrientes,
1946.0,Criterio CCNN,ms_tot,Millones de pesos corrientes,
1947.0,Criterio CCNN,ms_tot,Millones de pesos corrientes,
1948.0,Criterio CCNN,ms_tot,Millones de pesos corrientes,
1949.0,Criterio CCNN,ms_tot,Millones de pesos corrientes,
1950.0,Criterio CCNN,ms_tot,Millones de pesos corrientes,
1951.0,Criterio CCNN,ms_tot,Millones de pesos corrientes,
1952.0,Criterio CCNN,ms_tot,Millones de pesos corrientes,
1953.0,Criterio CCNN,ms_tot,Millones de pesos corrientes,
1954.0,Criterio CCNN,ms_tot,Millones de pesos corrientes,
1955.0,Criterio CCNN,ms_tot,Millones de pesos corrientes,
1956.0,Criterio CCNN,ms_tot,Millones de pesos corrientes,
1957.0,Criterio CCNN,ms_tot,Millones de pesos corrientes,
1958.0,Criterio CCNN,ms_tot,Millones de pesos corrientes,
1959.0,Criterio CCNN,ms_tot,Millones de pesos corrientes,
1960.0,Criterio CCNN,ms_tot,Millones de pesos corrientes,
1961.0,Criterio CCNN,ms_tot,Millones de pesos corrientes,
1962.0,Criterio CCNN,ms_tot,Millones de pesos corrientes,
1963.0,Criterio CCNN,ms_tot,Millones de pesos corrientes,
1964.0,Criterio CCNN,ms_tot,Millones de pesos corrientes,
1965.0,Criterio CCNN,ms_tot,Millones de pesos corrientes,
1966.0,Criterio CCNN,ms_tot,Millones de pesos corrientes,
1967.0,Criterio CCNN,ms_tot,Millones de pesos corrientes,
1968.0,Criterio CCNN,ms_tot,Millones de pesos corrientes,
1969.0,Criterio CCNN,ms_tot,Millones de pesos corrientes,
1970.0,Criterio CCNN,ms_tot,Millones de pesos corrientes,
1971.0,Criterio CCNN,ms_tot,Millones de pesos corrientes,1.7180645258599992e-09
1972.0,Criterio CCNN,ms_tot,Millones de pesos corrientes,2.3334148750401613e-09
1973.0,Criterio CCNN,ms_tot,Millones de pesos corrientes,
1974.0,Criterio CCNN,ms_tot,Millones de pesos corrientes,1.0161313381773758e-08
1975.0,Criterio CCNN,ms_tot,Millones de pesos corrientes,1.7835641454846303e-08
1976.0,Criterio CCNN,ms_tot,Millones de pesos corrientes,1.340351269033224e-07
1977.0,Criterio CCNN,ms_tot,Millones de pesos corrientes,3.603830026973511e-07
1978.0,Criterio CCNN,ms_tot,Millones de pesos corrientes,1.2902893855169682e-06
1979.0,Criterio CCNN,ms_tot,Millones de pesos corrientes,
1980.0,Criterio CCNN,ms_tot,Millones de pesos corrientes,
1981.0,Criterio CCNN,ms_tot,Millones de pesos corrientes,
1982.0,Criterio CCNN,ms_tot,Millones de pesos corrientes,
1983.0,Criterio CCNN,ms_tot,Millones de pesos corrientes,
1984.0,Criterio CCNN,ms_tot,Millones de pesos corrientes,0.001598158640887255
1985.0,Criterio CCNN,ms_tot,Millones de pesos corrientes,0.014820390346228812
1986.0,Criterio CCNN,ms_tot,Millones de pesos corrientes,0.024110879079908352
1987.0,Criterio CCNN,ms_tot,Millones de pesos corrientes,0.04465893699489815
1988.0,Criterio CCNN,ms_tot,Millones de pesos corrientes,0.266777690815282
1989.0,Criterio CCNN,ms_tot,Millones de pesos corrientes,
1990.0,Criterio CCNN,ms_tot,Millones de pesos corrientes,
1991.0,Criterio CCNN,ms_tot,Millones de pesos corrientes,
1992.0,Criterio CCNN,ms_tot,Millones de pesos corrientes,
1993.0,Criterio CCNN,ms_tot,Millones de pesos corrientes,431.7522441038455
1993.0,Criterio CCNN,ms_tot,Millones de pesos corrientes,431.7522441038455
1994.0,Criterio CCNN,ms_tot,Millones de pesos corrientes,464.54292230410766
1994.0,Criterio CCNN,ms_tot,Millones de pesos corrientes,464.54292230410766
1995.0,Criterio CCNN,ms_tot,Millones de pesos corrientes,545.8255153396333
1995.0,Criterio CCNN,ms_tot,Millones de pesos corrientes,545.8255153396333
1996.0,Criterio CCNN,ms_tot,Millones de pesos corrientes,728.6048195690294
1996.0,Criterio CCNN,ms_tot,Millones de pesos corrientes,728.6048195690294
1997.0,Criterio CCNN,ms_tot,Millones de pesos corrientes,737.2852729730431
1997.0,Criterio CCNN,ms_tot,Millones de pesos corrientes,737.2852729730431
1998.0,Criterio CCNN,ms_tot,Millones de pesos corrientes,548.6331731727602
1998.0,Criterio CCNN,ms_tot,Millones de pesos corrientes,548.6331731727602
1999.0,Criterio CCNN,ms_tot,Millones de pesos corrientes,666.3045109073952
1999.0,Criterio CCNN,ms_tot,Millones de pesos corrientes,666.3045109073952
2000.0,Criterio CCNN,ms_tot,Millones de pesos corrientes,992.2154132487733
2000.0,Criterio CCNN,ms_tot,Millones de pesos corrientes,992.2154132487733
2001.0,Criterio CCNN,ms_tot,Millones de pesos corrientes,886.7601262862526
2001.0,Criterio CCNN,ms_tot,Millones de pesos corrientes,886.7601262862526
2002.0,Criterio CCNN,ms_tot,Millones de pesos corrientes,2018.0993702603841
2002.0,Criterio CCNN,ms_tot,Millones de pesos corrientes,2018.0993702603841
2003.0,Criterio CCNN,ms_tot,Millones de pesos corrientes,2267.1828543590937
2003.0,Criterio CCNN,ms_tot,Millones de pesos corrientes,2267.1828543590937
2004.0,Criterio CCNN,ms_tot,Millones de pesos corrientes,2600.475206048389
2004.0,Criterio CCNN,ms_tot,Millones de pesos corrientes,2600.475206048389
2005.0,Criterio CCNN,ms_tot,Millones de pesos corrientes,3094.8242602240953
2005.0,Criterio CCNN,ms_tot,Millones de pesos corrientes,3094.8242602240953
2006.0,Criterio CCNN,ms_tot,Millones de pesos corrientes,3789.9581818315496
2006.0,Criterio CCNN,ms_tot,Millones de pesos corrientes,3789.9581818315496
2007.0,Criterio CCNN,ms_tot,Millones de pesos corrientes,3965.365890008242
2007.0,Criterio CCNN,ms_tot,Millones de pesos corrientes,3965.365890008242
2008.0,Criterio CCNN,ms_tot,Millones de pesos corrientes,4409.9333046681
2008.0,Criterio CCNN,ms_tot,Millones de pesos corrientes,4409.9333046681
2009.0,Criterio CCNN,ms_tot,Millones de pesos corrientes,4926.594661812981
2009.0,Criterio CCNN,ms_tot,Millones de pesos corrientes,4926.594661812981
2010.0,Criterio CCNN,ms_tot,Millones de pesos corrientes,6128.6972685161945
2011.0,Criterio CCNN,ms_tot,Millones de pesos corrientes,7092.052363847306
2012.0,Criterio CCNN,ms_tot,Millones de pesos corrientes,8585.342275484178
2013.0,Criterio CCNN,ms_tot,Millones de pesos corrientes,9864.12990895351
2014.0,Criterio CCNN,ms_tot,Millones de pesos corrientes,15280.892775782682
2015.0,Criterio CCNN,ms_tot,Millones de pesos corrientes,16352.077408792444
2016.0,Criterio CCNN,ms_tot,Millones de pesos corrientes,23773.658319695314
2017.0,Criterio CCNN,ms_tot,Millones de pesos corrientes,25532.702636665716
2018.0,Criterio CCNN,ms_tot,Millones de pesos corrientes,52671.96846642854
2019.0,Criterio CCNN,ms_tot,Millones de pesos corrientes,76523.19229085704
2020.0,Criterio CCNN,ms_tot,Millones de pesos corrientes,76623.27911164069
2021.0,Criterio CCNN,ms_tot,Millones de pesos corrientes,129797.98666166655
2022.0,Criterio CCNN,ms_tot,Millones de pesos corrientes,255934.17340919471
2023.0,Criterio CCNN,ms_tot,Millones de pesos corrientes,606976.8599203031
2024.0,Criterio CCNN,ms_tot,Millones de pesos corrientes,2205750.355673064
2025.0,Criterio CCNN,ms_tot,Millones de pesos corrientes,2704628.30094681
2026.0,Criterio CCNN,ms_tot,Millones de pesos corrientes,
1960.0,Empalme CCNN,ms_tot,Millones de pesos corrientes,
1961.0,Empalme CCNN,ms_tot,Millones de pesos corrientes,
1962.0,Empalme CCNN,ms_tot,Millones de pesos corrientes,
1963.0,Empalme CCNN,ms_tot,Millones de pesos corrientes,
1964.0,Empalme CCNN,ms_tot,Millones de pesos corrientes,
1965.0,Empalme CCNN,ms_tot,Millones de pesos corrientes,
1966.0,Empalme CCNN,ms_tot,Millones de pesos corrientes,
1967.0,Empalme CCNN,ms_tot,Millones de pesos corrientes,
1968.0,Empalme CCNN,ms_tot,Millones de pesos corrientes,
1969.0,Empalme CCNN,ms_tot,Millones de pesos corrientes,
1970.0,Empalme CCNN,ms_tot,Millones de pesos corrientes,
1971.0,Empalme CCNN,ms_tot,Millones de pesos corrientes,2.347980543217135e-09
1972.0,Empalme CCNN,ms_tot,Millones de pesos corrientes,3.1889446777938974e-09
1973.0,Empalme CCNN,ms_tot,Millones de pesos corrientes,
1974.0,Empalme CCNN,ms_tot,Millones de pesos corrientes,1.3886885943351852e-08
1975.0,Empalme CCNN,ms_tot,Millones de pesos corrientes,2.4374951278860514e-08
1976.0,Empalme CCNN,ms_tot,Millones de pesos corrientes,1.8317814339313448e-07
1977.0,Empalme CCNN,ms_tot,Millones de pesos corrientes,4.925148419649642e-07
1978.0,Empalme CCNN,ms_tot,Millones de pesos corrientes,1.7633647204239561e-06
1979.0,Empalme CCNN,ms_tot,Millones de pesos corrientes,
1980.0,Empalme CCNN,ms_tot,Millones de pesos corrientes,
1981.0,Empalme CCNN,ms_tot,Millones de pesos corrientes,
1982.0,Empalme CCNN,ms_tot,Millones de pesos corrientes,
1983.0,Empalme CCNN,ms_tot,Millones de pesos corrientes,
1984.0,Empalme CCNN,ms_tot,Millones de pesos corrientes,0.002184112026816502
1985.0,Empalme CCNN,ms_tot,Millones de pesos corrientes,0.020254180010154
1986.0,Empalme CCNN,ms_tot,Millones de pesos corrientes,0.032950959703418624
1987.0,Empalme CCNN,ms_tot,Millones de pesos corrientes,0.06103281545394379
1988.0,Empalme CCNN,ms_tot,Millones de pesos corrientes,0.3645898148587473
1989.0,Empalme CCNN,ms_tot,Millones de pesos corrientes,
1990.0,Empalme CCNN,ms_tot,Millones de pesos corrientes,
1991.0,Empalme CCNN,ms_tot,Millones de pesos corrientes,
1992.0,Empalme CCNN,ms_tot,Millones de pesos corrientes,
1993.0,Empalme CCNN,ms_tot,Millones de pesos corrientes,590.0511030799153
1993.0,Empalme CCNN,ms_tot,Millones de pesos corrientes,590.0511030799153
1994.0,Empalme CCNN,ms_tot,Millones de pesos corrientes,634.8642479031986
1994.0,Empalme CCNN,ms_tot,Millones de pesos corrientes,634.8642479031986
1995.0,Empalme CCNN,ms_tot,Millones de pesos corrientes,745.948519813253
1995.0,Empalme CCNN,ms_tot,Millones de pesos corrientes,745.948519813253
1996.0,Empalme CCNN,ms_tot,Millones de pesos corrientes,995.7425430141943
1996.0,Empalme CCNN,ms_tot,Millones de pesos corrientes,995.7425430141943
1997.0,Empalme CCNN,ms_tot,Millones de pesos corrientes,1007.6056223061233
1997.0,Empalme CCNN,ms_tot,Millones de pesos corrientes,1007.6056223061233
1998.0,Empalme CCNN,ms_tot,Millones de pesos corrientes,749.785585223176
1998.0,Empalme CCNN,ms_tot,Millones de pesos corrientes,749.785585223176
1999.0,Empalme CCNN,ms_tot,Millones de pesos corrientes,910.6002736918497
1999.0,Empalme CCNN,ms_tot,Millones de pesos corrientes,910.6002736918497
2000.0,Empalme CCNN,ms_tot,Millones de pesos corrientes,1356.0040673222713
2000.0,Empalme CCNN,ms_tot,Millones de pesos corrientes,1356.0040673222713
2001.0,Empalme CCNN,ms_tot,Millones de pesos corrientes,1211.8843568920502
2001.0,Empalme CCNN,ms_tot,Millones de pesos corrientes,1211.8843568920502
2002.0,Empalme CCNN,ms_tot,Millones de pesos corrientes,2758.0210081331134
2002.0,Empalme CCNN,ms_tot,Millones de pesos corrientes,2758.0210081331134
2003.0,Empalme CCNN,ms_tot,Millones de pesos corrientes,3098.429162482121
2003.0,Empalme CCNN,ms_tot,Millones de pesos corrientes,3098.429162482121
2004.0,Empalme CCNN,ms_tot,Millones de pesos corrientes,1718.7353693706398
2004.0,Empalme CCNN,ms_tot,Millones de pesos corrientes,1718.7353693706398
2005.0,Empalme CCNN,ms_tot,Millones de pesos corrientes,2414.22994387732
2005.0,Empalme CCNN,ms_tot,Millones de pesos corrientes,2414.22994387732
2006.0,Empalme CCNN,ms_tot,Millones de pesos corrientes,3297.0779891657075
2006.0,Empalme CCNN,ms_tot,Millones de pesos corrientes,3297.0779891657075
2007.0,Empalme CCNN,ms_tot,Millones de pesos corrientes,4627.081046307343
2007.0,Empalme CCNN,ms_tot,Millones de pesos corrientes,4627.081046307343
2008.0,Empalme CCNN,ms_tot,Millones de pesos corrientes,7006.9954138276935
2008.0,Empalme CCNN,ms_tot,Millones de pesos corrientes,7006.9954138276935
2009.0,Empalme CCNN,ms_tot,Millones de pesos corrientes,8375.483492483741
2009.0,Empalme CCNN,ms_tot,Millones de pesos corrientes,8375.483492483741
2010.0,Empalme CCNN,ms_tot,Millones de pesos corrientes,10934.974078009405
2011.0,Empalme CCNN,ms_tot,Millones de pesos corrientes,15526.741180435263
2012.0,Empalme CCNN,ms_tot,Millones de pesos corrientes,19291.45780190686
2013.0,Empalme CCNN,ms_tot,Millones de pesos corrientes,25210.4416819125
2014.0,Empalme CCNN,ms_tot,Millones de pesos corrientes,36967.364475585586
2015.0,Empalme CCNN,ms_tot,Millones de pesos corrientes,49948.26959065372
2016.0,Empalme CCNN,ms_tot,Millones de pesos corrientes,56885.45635461411
2017.0,Empalme CCNN,ms_tot,Millones de pesos corrientes,66312.31923046391
2018.0,Empalme CCNN,ms_tot,Millones de pesos corrientes,90880.60271643594
2019.0,Empalme CCNN,ms_tot,Millones de pesos corrientes,146966.34318155138
2020.0,Empalme CCNN,ms_tot,Millones de pesos corrientes,165830.2857856836
2021.0,Empalme CCNN,ms_tot,Millones de pesos corrientes,250724.71058659372
2022.0,Empalme CCNN,ms_tot,Millones de pesos corrientes,517717.07926635933
2023.0,Empalme CCNN,ms_tot,Millones de pesos corrientes,1321740.8025481561
2024.0,Empalme CCNN,ms_tot,Millones de pesos corrientes,4418287.269647062
2025.0,Empalme CCNN,ms_tot,Millones de pesos corrientes,4642380.421767587
2026.0,Empalme CCNN,ms_tot,Millones de pesos corrientes,
2027.0,Empalme CCNN,ms_tot,Millones de pesos corrientes,
2028.0,Empalme CCNN,ms_tot,Millones de pesos corrientes,
2029.0,Empalme CCNN,ms_tot,Millones de pesos corrientes,
2030.0,Empalme CCNN,ms_tot,Millones de pesos corrientes,
1922.0,Criterio propio,ms_tot,Millones de pesos corrientes,
1923.0,Criterio propio,ms_tot,Millones de pesos corrientes,
1924.0,Criterio propio,ms_tot,Millones de pesos corrientes,
1925.0,Criterio propio,ms_tot,Millones de pesos corrientes,
1926.0,Criterio propio,ms_tot,Millones de pesos corrientes,
1927.0,Criterio propio,ms_tot,Millones de pesos corrientes,
1928.0,Criterio propio,ms_tot,Millones de pesos corrientes,
1929.0,Criterio propio,ms_tot,Millones de pesos corrientes,
1930.0,Criterio propio,ms_tot,Millones de pesos corrientes,
1931.0,Criterio propio,ms_tot,Millones de pesos corrientes,
1932.0,Criterio propio,ms_tot,Millones de pesos corrientes,
1933.0,Criterio propio,ms_tot,Millones de pesos corrientes,
1934.0,Criterio propio,ms_tot,Millones de pesos corrientes,
1935.0,Criterio propio,ms_tot,Millones de pesos corrientes,
1936.0,Criterio propio,ms_tot,Millones de pesos corrientes,
1937.0,Criterio propio,ms_tot,Millones de pesos corrientes,
1938.0,Criterio propio,ms_tot,Millones de pesos corrientes,
1939.0,Criterio propio,ms_tot,Millones de pesos corrientes,
1940.0,Criterio propio,ms_tot,Millones de pesos corrientes,
1941.0,Criterio propio,ms_tot,Millones de pesos corrientes,
1942.0,Criterio propio,ms_tot,Millones de pesos corrientes,
1943.0,Criterio propio,ms_tot,Millones de pesos corrientes,
1944.0,Criterio propio,ms_tot,Millones de pesos corrientes,
1945.0,Criterio propio,ms_tot,Millones de pesos corrientes,
1946.0,Criterio propio,ms_tot,Millones de pesos corrientes,
1947.0,Criterio propio,ms_tot,Millones de pesos corrientes,
1948.0,Criterio propio,ms_tot,Millones de pesos corrientes,
1949.0,Criterio propio,ms_tot,Millones de pesos corrientes,
1950.0,Criterio propio,ms_tot,Millones de pesos corrientes,
1951.0,Criterio propio,ms_tot,Millones de pesos corrientes,
1952.0,Criterio propio,ms_tot,Millones de pesos corrientes,
1953.0,Criterio propio,ms_tot,Millones de pesos corrientes,
1954.0,Criterio propio,ms_tot,Millones de pesos corrientes,
1955.0,Criterio propio,ms_tot,Millones de pesos corrientes,
1956.0,Criterio propio,ms_tot,Millones de pesos corrientes,
1957.0,Criterio propio,ms_tot,Millones de pesos corrientes,
1958.0,Criterio propio,ms_tot,Millones de pesos corrientes,
1959.0,Criterio propio,ms_tot,Millones de pesos corrientes,
1960.0,Criterio propio,ms_tot,Millones de pesos corrientes,
1961.0,Criterio propio,ms_tot,Millones de pesos corrientes,
1962.0,Criterio propio,ms_tot,Millones de pesos corrientes,
1963.0,Criterio propio,ms_tot,Millones de pesos corrientes,
1964.0,Criterio propio,ms_tot,Millones de pesos corrientes,
1965.0,Criterio propio,ms_tot,Millones de pesos corrientes,
1966.0,Criterio propio,ms_tot,Millones de pesos corrientes,
1967.0,Criterio propio,ms_tot,Millones de pesos corrientes,
1968.0,Criterio propio,ms_tot,Millones de pesos corrientes,
1969.0,Criterio propio,ms_tot,Millones de pesos corrientes,
1970.0,Criterio propio,ms_tot,Millones de pesos corrientes,
1971.0,Criterio propio,ms_tot,Millones de pesos corrientes,2.347980543217135e-09
1972.0,Criterio propio,ms_tot,Millones de pesos corrientes,3.1889446777938974e-09
1973.0,Criterio propio,ms_tot,Millones de pesos corrientes,
1974.0,Criterio propio,ms_tot,Millones de pesos corrientes,1.3886885943351852e-08
1975.0,Criterio propio,ms_tot,Millones de pesos corrientes,2.4374951278860514e-08
1976.0,Criterio propio,ms_tot,Millones de pesos corrientes,1.8317814339313448e-07
1977.0,Criterio propio,ms_tot,Millones de pesos corrientes,4.925148419649642e-07
1978.0,Criterio propio,ms_tot,Millones de pesos corrientes,1.7633647204239561e-06
1979.0,Criterio propio,ms_tot,Millones de pesos corrientes,
1980.0,Criterio propio,ms_tot,Millones de pesos corrientes,
1981.0,Criterio propio,ms_tot,Millones de pesos corrientes,
1982.0,Criterio propio,ms_tot,Millones de pesos corrientes,
1983.0,Criterio propio,ms_tot,Millones de pesos corrientes,
1984.0,Criterio propio,ms_tot,Millones de pesos corrientes,0.002184112026816502
1985.0,Criterio propio,ms_tot,Millones de pesos corrientes,0.020254180010154
1986.0,Criterio propio,ms_tot,Millones de pesos corrientes,0.032950959703418624
1987.0,Criterio propio,ms_tot,Millones de pesos corrientes,0.06103281545394379
1988.0,Criterio propio,ms_tot,Millones de pesos corrientes,0.3645898148587473
1989.0,Criterio propio,ms_tot,Millones de pesos corrientes,
1990.0,Criterio propio,ms_tot,Millones de pesos corrientes,
1991.0,Criterio propio,ms_tot,Millones de pesos corrientes,
1992.0,Criterio propio,ms_tot,Millones de pesos corrientes,
1993.0,Criterio propio,ms_tot,Millones de pesos corrientes,590.0511030799153
1993.0,Criterio propio,ms_tot,Millones de pesos corrientes,590.0511030799153
1994.0,Criterio propio,ms_tot,Millones de pesos corrientes,634.8642479031986
1994.0,Criterio propio,ms_tot,Millones de pesos corrientes,634.8642479031986
1995.0,Criterio propio,ms_tot,Millones de pesos corrientes,745.948519813253
1995.0,Criterio propio,ms_tot,Millones de pesos corrientes,745.948519813253
1996.0,Criterio propio,ms_tot,Millones de pesos corrientes,995.7425430141943
1996.0,Criterio propio,ms_tot,Millones de pesos corrientes,995.7425430141943
1997.0,Criterio propio,ms_tot,Millones de pesos corrientes,1007.6056223061233
1997.0,Criterio propio,ms_tot,Millones de pesos corrientes,1007.6056223061233
1998.0,Criterio propio,ms_tot,Millones de pesos corrientes,749.785585223176
1998.0,Criterio propio,ms_tot,Millones de pesos corrientes,749.785585223176
1999.0,Criterio propio,ms_tot,Millones de pesos corrientes,910.6002736918497
1999.0,Criterio propio,ms_tot,Millones de pesos corrientes,910.6002736918497
2000.0,Criterio propio,ms_tot,Millones de pesos corrientes,1356.0040673222713
2000.0,Criterio propio,ms_tot,Millones de pesos corrientes,1356.0040673222713
2001.0,Criterio propio,ms_tot,Millones de pesos corrientes,1211.8843568920502
2001.0,Criterio propio,ms_tot,Millones de pesos corrientes,1211.8843568920502
2002.0,Criterio propio,ms_tot,Millones de pesos corrientes,2758.0210081331134
2002.0,Criterio propio,ms_tot,Millones de pesos corrientes,2758.0210081331134
2003.0,Criterio propio,ms_tot,Millones de pesos corrientes,3098.429162482121
2003.0,Criterio propio,ms_tot,Millones de pesos corrientes,3098.429162482121
2004.0,Criterio propio,ms_tot,Millones de pesos corrientes,1718.7353693706398
2004.0,Criterio propio,ms_tot,Millones de pesos corrientes,1718.7353693706398
2005.0,Criterio propio,ms_tot,Millones de pesos corrientes,2414.22994387732
2005.0,Criterio propio,ms_tot,Millones de pesos corrientes,2414.22994387732
2006.0,Criterio propio,ms_tot,Millones de pesos corrientes,3297.0779891657075
2006.0,Criterio propio,ms_tot,Millones de pesos corrientes,3297.0779891657075
2007.0,Criterio propio,ms_tot,Millones de pesos corrientes,4627.081046307343
2007.0,Criterio propio,ms_tot,Millones de pesos corrientes,4627.081046307343
2008.0,Criterio propio,ms_tot,Millones de pesos corrientes,7006.9954138276935
2008.0,Criterio propio,ms_tot,Millones de pesos corrientes,7006.9954138276935
2009.0,Criterio propio,ms_tot,Millones de pesos corrientes,8375.483492483741
2009.0,Criterio propio,ms_tot,Millones de pesos corrientes,8375.483492483741
2010.0,Criterio propio,ms_tot,Millones de pesos corrientes,10934.974078009405
2011.0,Criterio propio,ms_tot,Millones de pesos corrientes,15526.741180435263
2012.0,Criterio propio,ms_tot,Millones de pesos corrientes,19291.45780190686
2013.0,Criterio propio,ms_tot,Millones de pesos corrientes,25210.4416819125
2014.0,Criterio propio,ms_tot,Millones de pesos corrientes,36967.364475585586
2015.0,Criterio propio,ms_tot,Millones de pesos corrientes,49948.26959065372
2016.0,Criterio propio,ms_tot,Millones de pesos corrientes,56885.45635461411
2017.0,Criterio propio,ms_tot,Millones de pesos corrientes,66312.31923046391
2018.0,Criterio propio,ms_tot,Millones de pesos corrientes,90880.60271643594
2019.0,Criterio propio,ms_tot,Millones de pesos corrientes,146966.34318155138
2020.0,Criterio propio,ms_tot,Millones de pesos corrientes,165830.2857856836
2021.0,Criterio propio,ms_tot,Millones de pesos corrientes,250724.71058659372
2022.0,Criterio propio,ms_tot,Millones de pesos corrientes,517717.07926635933
2023.0,Criterio propio,ms_tot,Millones de pesos corrientes,1321740.8025481561
2024.0,Criterio propio,ms_tot,Millones de pesos corrientes,4418287.269647062
2025.0,Criterio propio,ms_tot,Millones de pesos corrientes,4642380.421767587
2026.0,Criterio propio,ms_tot,Millones de pesos corrientes,
2004.0,CCNN oficial,ms_extr,Millones de pesos corrientes,752.4348447873757
2005.0,CCNN oficial,ms_extr,Millones de pesos corrientes,980.624452718001
2006.0,CCNN oficial,ms_extr,Millones de pesos corrientes,1287.38672443017
2007.0,CCNN oficial,ms_extr,Millones de pesos corrientes,1774.418848045038
2008.0,CCNN oficial,ms_extr,Millones de pesos corrientes,2474.292500529876
2009.0,CCNN oficial,ms_extr,Millones de pesos corrientes,2992.411358056097
2010.0,CCNN oficial,ms_extr,Millones de pesos corrientes,3726.315061388917
2011.0,CCNN oficial,ms_extr,Millones de pesos corrientes,5101.865425166738
2012.0,CCNN oficial,ms_extr,Millones de pesos corrientes,6378.761662060359
2013.0,CCNN oficial,ms_extr,Millones de pesos corrientes,8248.9245964125
2014.0,CCNN oficial,ms_extr,Millones de pesos corrientes,11626.309569411484
2015.0,CCNN oficial,ms_extr,Millones de pesos corrientes,15802.205523114788
2016.0,CCNN oficial,ms_extr,Millones de pesos corrientes,19526.242657351293
2017.0,CCNN oficial,ms_extr,Millones de pesos corrientes,24621.064844301618
2018.0,CCNN oficial,ms_extr,Millones de pesos corrientes,36226.18038688063
2019.0,CCNN oficial,ms_extr,Millones de pesos corrientes,59657.97623484026
2020.0,CCNN oficial,ms_extr,Millones de pesos corrientes,79004.51699928124
2021.0,CCNN oficial,ms_extr,Millones de pesos corrientes,110127.61276298437
2022.0,CCNN oficial,ms_extr,Millones de pesos corrientes,208809.2013044375
2023.0,CCNN oficial,ms_extr,Millones de pesos corrientes,546942.5919945
2024.0,CCNN oficial,ms_extr,Millones de pesos corrientes,1857970.224030375
2025.0,CCNN oficial,ms_extr,Millones de pesos corrientes,
1922.0,Criterio CCNN,ms_extr,Millones de pesos corrientes,
1923.0,Criterio CCNN,ms_extr,Millones de pesos corrientes,
1924.0,Criterio CCNN,ms_extr,Millones de pesos corrientes,
1925.0,Criterio CCNN,ms_extr,Millones de pesos corrientes,
1926.0,Criterio CCNN,ms_extr,Millones de pesos corrientes,
1927.0,Criterio CCNN,ms_extr,Millones de pesos corrientes,
1928.0,Criterio CCNN,ms_extr,Millones de pesos corrientes,
1929.0,Criterio CCNN,ms_extr,Millones de pesos corrientes,
1930.0,Criterio CCNN,ms_extr,Millones de pesos corrientes,
1931.0,Criterio CCNN,ms_extr,Millones de pesos corrientes,
1932.0,Criterio CCNN,ms_extr,Millones de pesos corrientes,
1933.0,Criterio CCNN,ms_extr,Millones de pesos corrientes,
1934.0,Criterio CCNN,ms_extr,Millones de pesos corrientes,
1935.0,Criterio CCNN,ms_extr,Millones de pesos corrientes,
1936.0,Criterio CCNN,ms_extr,Millones de pesos corrientes,
1937.0,Criterio CCNN,ms_extr,Millones de pesos corrientes,
1938.0,Criterio CCNN,ms_extr,Millones de pesos corrientes,
1939.0,Criterio CCNN,ms_extr,Millones de pesos corrientes,
1940.0,Criterio CCNN,ms_extr,Millones de pesos corrientes,
1941.0,Criterio CCNN,ms_extr,Millones de pesos corrientes,
1942.0,Criterio CCNN,ms_extr,Millones de pesos corrientes,
1943.0,Criterio CCNN,ms_extr,Millones de pesos corrientes,
1944.0,Criterio CCNN,ms_extr,Millones de pesos corrientes,
1945.0,Criterio CCNN,ms_extr,Millones de pesos corrientes,
1946.0,Criterio CCNN,ms_extr,Millones de pesos corrientes,
1947.0,Criterio CCNN,ms_extr,Millones de pesos corrientes,
1948.0,Criterio CCNN,ms_extr,Millones de pesos corrientes,
1949.0,Criterio CCNN,ms_extr,Millones de pesos corrientes,
1950.0,Criterio CCNN,ms_extr,Millones de pesos corrientes,
1951.0,Criterio CCNN,ms_extr,Millones de pesos corrientes,
1952.0,Criterio CCNN,ms_extr,Millones de pesos corrientes,
1953.0,Criterio CCNN,ms_extr,Millones de pesos corrientes,
1954.0,Criterio CCNN,ms_extr,Millones de pesos corrientes,
1955.0,Criterio CCNN,ms_extr,Millones de pesos corrientes,
1956.0,Criterio CCNN,ms_extr,Millones de pesos corrientes,
1957.0,Criterio CCNN,ms_extr,Millones de pesos corrientes,
1958.0,Criterio CCNN,ms_extr,Millones de pesos corrientes,
1959.0,Criterio CCNN,ms_extr,Millones de pesos corrientes,
1960.0,Criterio CCNN,ms_extr,Millones de pesos corrientes,
1961.0,Criterio CCNN,ms_extr,Millones de pesos corrientes,
1962.0,Criterio CCNN,ms_extr,Millones de pesos corrientes,
1963.0,Criterio CCNN,ms_extr,Millones de pesos corrientes,
1964.0,Criterio CCNN,ms_extr,Millones de pesos corrientes,
1965.0,Criterio CCNN,ms_extr,Millones de pesos corrientes,
1966.0,Criterio CCNN,ms_extr,Millones de pesos corrientes,
1967.0,Criterio CCNN,ms_extr,Millones de pesos corrientes,
1968.0,Criterio CCNN,ms_extr,Millones de pesos corrientes,
1969.0,Criterio CCNN,ms_extr,Millones de pesos corrientes,
1970.0,Criterio CCNN,ms_extr,Millones de pesos corrientes,
1971.0,Criterio CCNN,ms_extr,Millones de pesos corrientes,6.135280838568708e-10
1972.0,Criterio CCNN,ms_extr,Millones de pesos corrientes,8.332722872616769e-10
1973.0,Criterio CCNN,ms_extr,Millones de pesos corrientes,
1974.0,Criterio CCNN,ms_extr,Millones de pesos corrientes,3.6286478387464522e-09
1975.0,Criterio CCNN,ms_extr,Millones de pesos corrientes,6.369182741068781e-09
1976.0,Criterio CCNN,ms_extr,Millones de pesos corrientes,4.7864508777599295e-08
1977.0,Criterio CCNN,ms_extr,Millones de pesos corrientes,1.2869428928393383e-07
1978.0,Criterio CCNN,ms_extr,Millones de pesos corrientes,4.6076777816061656e-07
1979.0,Criterio CCNN,ms_extr,Millones de pesos corrientes,
1980.0,Criterio CCNN,ms_extr,Millones de pesos corrientes,
1981.0,Criterio CCNN,ms_extr,Millones de pesos corrientes,
1982.0,Criterio CCNN,ms_extr,Millones de pesos corrientes,
1983.0,Criterio CCNN,ms_extr,Millones de pesos corrientes,
1984.0,Criterio CCNN,ms_extr,Millones de pesos corrientes,0.0005707091869276849
1985.0,Criterio CCNN,ms_extr,Millones de pesos corrientes,0.005292423860844895
1986.0,Criterio CCNN,ms_extr,Millones de pesos corrientes,0.008610096547215658
1987.0,Criterio CCNN,ms_extr,Millones de pesos corrientes,0.01594789463908488
1988.0,Criterio CCNN,ms_extr,Millones de pesos corrientes,0.09526743786280716
1989.0,Criterio CCNN,ms_extr,Millones de pesos corrientes,
1990.0,Criterio CCNN,ms_extr,Millones de pesos corrientes,
1991.0,Criterio CCNN,ms_extr,Millones de pesos corrientes,
1992.0,Criterio CCNN,ms_extr,Millones de pesos corrientes,
1993.0,Criterio CCNN,ms_extr,Millones de pesos corrientes,154.1805462128037
1993.0,Criterio CCNN,ms_extr,Millones de pesos corrientes,154.1805462128037
1994.0,Criterio CCNN,ms_extr,Millones de pesos corrientes,165.89023561140405
1994.0,Criterio CCNN,ms_extr,Millones de pesos corrientes,165.89023561140405
1995.0,Criterio CCNN,ms_extr,Millones de pesos corrientes,194.91659219195287
1995.0,Criterio CCNN,ms_extr,Millones de pesos corrientes,194.91659219195287
1996.0,Criterio CCNN,ms_extr,Millones de pesos corrientes,260.1878521502598
1996.0,Criterio CCNN,ms_extr,Millones de pesos corrientes,260.1878521502598
1997.0,Criterio CCNN,ms_extr,Millones de pesos corrientes,263.28767864909724
1997.0,Criterio CCNN,ms_extr,Millones de pesos corrientes,263.28767864909724
1998.0,Criterio CCNN,ms_extr,Millones de pesos corrientes,195.91921863848972
1998.0,Criterio CCNN,ms_extr,Millones de pesos corrientes,195.91921863848972
1999.0,Criterio CCNN,ms_extr,Millones de pesos corrientes,237.94014933029095
1999.0,Criterio CCNN,ms_extr,Millones de pesos corrientes,237.94014933029095
2000.0,Criterio CCNN,ms_extr,Millones de pesos corrientes,354.3243062765961
2000.0,Criterio CCNN,ms_extr,Millones de pesos corrientes,354.3243062765961
2001.0,Criterio CCNN,ms_extr,Millones de pesos corrientes,316.66577880638624
2001.0,Criterio CCNN,ms_extr,Millones de pesos corrientes,316.66577880638624
2002.0,Criterio CCNN,ms_extr,Millones de pesos corrientes,720.671791444407
2002.0,Criterio CCNN,ms_extr,Millones de pesos corrientes,720.671791444407
2003.0,Criterio CCNN,ms_extr,Millones de pesos corrientes,809.6205535073329
2003.0,Criterio CCNN,ms_extr,Millones de pesos corrientes,809.6205535073329
2004.0,Criterio CCNN,ms_extr,Millones de pesos corrientes,928.6406571287184
2004.0,Criterio CCNN,ms_extr,Millones de pesos corrientes,928.6406571287184
2005.0,Criterio CCNN,ms_extr,Millones de pesos corrientes,1105.1747880648416
2005.0,Criterio CCNN,ms_extr,Millones de pesos corrientes,1105.1747880648416
2006.0,Criterio CCNN,ms_extr,Millones de pesos corrientes,1353.4100414725979
2006.0,Criterio CCNN,ms_extr,Millones de pesos corrientes,1353.4100414725979
2007.0,Criterio CCNN,ms_extr,Millones de pesos corrientes,1416.048873409077
2007.0,Criterio CCNN,ms_extr,Millones de pesos corrientes,1416.048873409077
2008.0,Criterio CCNN,ms_extr,Millones de pesos corrientes,1574.8057710436028
2008.0,Criterio CCNN,ms_extr,Millones de pesos corrientes,1574.8057710436028
2009.0,Criterio CCNN,ms_extr,Millones de pesos corrientes,1759.3077194167686
2009.0,Criterio CCNN,ms_extr,Millones de pesos corrientes,1759.3077194167686
2010.0,Criterio CCNN,ms_extr,Millones de pesos corrientes,2188.5836271541657
2011.0,Criterio CCNN,ms_extr,Millones de pesos corrientes,2532.601792255616
2012.0,Criterio CCNN,ms_extr,Millones de pesos corrientes,3065.8619139444463
2013.0,Criterio CCNN,ms_extr,Millones de pesos corrientes,3522.5223679687647
2014.0,Criterio CCNN,ms_extr,Millones de pesos corrientes,5456.87121946444
2015.0,Criterio CCNN,ms_extr,Millones de pesos corrientes,5839.395766974339
2016.0,Criterio CCNN,ms_extr,Millones de pesos corrientes,8489.673592352132
2017.0,Criterio CCNN,ms_extr,Millones de pesos corrientes,9117.83573234507
2018.0,Criterio CCNN,ms_extr,Millones de pesos corrientes,18809.381952637297
2019.0,Criterio CCNN,ms_extr,Millones de pesos corrientes,27326.754513669624
2020.0,Criterio CCNN,ms_extr,Millones de pesos corrientes,27362.49593923918
2021.0,Criterio CCNN,ms_extr,Millones de pesos corrientes,46351.40813768318
2022.0,Criterio CCNN,ms_extr,Millones de pesos corrientes,91395.17209147636
2023.0,Criterio CCNN,ms_extr,Millones de pesos corrientes,216753.99509570556
2024.0,Criterio CCNN,ms_extr,Millones de pesos corrientes,787682.7492874865
2025.0,Criterio CCNN,ms_extr,Millones de pesos corrientes,965834.1663240755
2026.0,Criterio CCNN,ms_extr,Millones de pesos corrientes,
1960.0,Empalme CCNN,ms_extr,Millones de pesos corrientes,
1961.0,Empalme CCNN,ms_extr,Millones de pesos corrientes,
1962.0,Empalme CCNN,ms_extr,Millones de pesos corrientes,
1963.0,Empalme CCNN,ms_extr,Millones de pesos corrientes,
1964.0,Empalme CCNN,ms_extr,Millones de pesos corrientes,
1965.0,Empalme CCNN,ms_extr,Millones de pesos corrientes,
1966.0,Empalme CCNN,ms_extr,Millones de pesos corrientes,
1967.0,Empalme CCNN,ms_extr,Millones de pesos corrientes,
1968.0,Empalme CCNN,ms_extr,Millones de pesos corrientes,
1969.0,Empalme CCNN,ms_extr,Millones de pesos corrientes,
1970.0,Empalme CCNN,ms_extr,Millones de pesos corrientes,
1971.0,Empalme CCNN,ms_extr,Millones de pesos corrientes,8.384737487622224e-10
1972.0,Empalme CCNN,ms_extr,Millones de pesos corrientes,1.1387855858982373e-09
1973.0,Empalme CCNN,ms_extr,Millones de pesos corrientes,
1974.0,Empalme CCNN,ms_extr,Millones de pesos corrientes,4.9590655038400166e-09
1975.0,Empalme CCNN,ms_extr,Millones de pesos corrientes,8.70439784253045e-09
1976.0,Empalme CCNN,ms_extr,Millones de pesos corrientes,6.541368710479207e-08
1977.0,Empalme CCNN,ms_extr,Millones de pesos corrientes,1.758791260244304e-07
1978.0,Empalme CCNN,ms_extr,Millones de pesos corrientes,6.297049742767787e-07
1979.0,Empalme CCNN,ms_extr,Millones de pesos corrientes,
1980.0,Empalme CCNN,ms_extr,Millones de pesos corrientes,
1981.0,Empalme CCNN,ms_extr,Millones de pesos corrientes,
1982.0,Empalme CCNN,ms_extr,Millones de pesos corrientes,
1983.0,Empalme CCNN,ms_extr,Millones de pesos corrientes,
1984.0,Empalme CCNN,ms_extr,Millones de pesos corrientes,0.0007799556108468707
1985.0,Empalme CCNN,ms_extr,Millones de pesos corrientes,0.007232853053351807
1986.0,Empalme CCNN,ms_extr,Millones de pesos corrientes,0.011766926598966852
1987.0,Empalme CCNN,ms_extr,Millones de pesos corrientes,0.021795075652996446
1988.0,Empalme CCNN,ms_extr,Millones de pesos corrientes,0.13019655963855584
1989.0,Empalme CCNN,ms_extr,Millones de pesos corrientes,
1990.0,Empalme CCNN,ms_extr,Millones de pesos corrientes,
1991.0,Empalme CCNN,ms_extr,Millones de pesos corrientes,
1992.0,Empalme CCNN,ms_extr,Millones de pesos corrientes,
1993.0,Empalme CCNN,ms_extr,Millones de pesos corrientes,210.70973598563953
1993.0,Empalme CCNN,ms_extr,Millones de pesos corrientes,210.70973598563953
1994.0,Empalme CCNN,ms_extr,Millones de pesos corrientes,226.71269889022952
1994.0,Empalme CCNN,ms_extr,Millones de pesos corrientes,226.71269889022952
1995.0,Empalme CCNN,ms_extr,Millones de pesos corrientes,266.3813606114744
1995.0,Empalme CCNN,ms_extr,Millones de pesos corrientes,266.3813606114744
1996.0,Empalme CCNN,ms_extr,Millones de pesos corrientes,355.5838591827421
1996.0,Empalme CCNN,ms_extr,Millones de pesos corrientes,355.5838591827421
1997.0,Empalme CCNN,ms_extr,Millones de pesos corrientes,359.82021480097825
1997.0,Empalme CCNN,ms_extr,Millones de pesos corrientes,359.82021480097825
1998.0,Empalme CCNN,ms_extr,Millones de pesos corrientes,267.75159284265624
1998.0,Empalme CCNN,ms_extr,Millones de pesos corrientes,267.75159284265624
1999.0,Empalme CCNN,ms_extr,Millones de pesos corrientes,325.1791959315666
1999.0,Empalme CCNN,ms_extr,Millones de pesos corrientes,325.1791959315666
2000.0,Empalme CCNN,ms_extr,Millones de pesos corrientes,484.23476802183256
2000.0,Empalme CCNN,ms_extr,Millones de pesos corrientes,484.23476802183256
2001.0,Empalme CCNN,ms_extr,Millones de pesos corrientes,432.7690119600803
2001.0,Empalme CCNN,ms_extr,Millones de pesos corrientes,432.7690119600803
2002.0,Empalme CCNN,ms_extr,Millones de pesos corrientes,984.9009271115067
2002.0,Empalme CCNN,ms_extr,Millones de pesos corrientes,984.9009271115067
2003.0,Empalme CCNN,ms_extr,Millones de pesos corrientes,1106.4621138559091
2003.0,Empalme CCNN,ms_extr,Millones de pesos corrientes,1106.4621138559091
2004.0,Empalme CCNN,ms_extr,Millones de pesos corrientes,752.4348447873757
2004.0,Empalme CCNN,ms_extr,Millones de pesos corrientes,752.4348447873757
2005.0,Empalme CCNN,ms_extr,Millones de pesos corrientes,980.624452718001
2005.0,Empalme CCNN,ms_extr,Millones de pesos corrientes,980.624452718001
2006.0,Empalme CCNN,ms_extr,Millones de pesos corrientes,1287.38672443017
2006.0,Empalme CCNN,ms_extr,Millones de pesos corrientes,1287.38672443017
2007.0,Empalme CCNN,ms_extr,Millones de pesos corrientes,1774.418848045038
2007.0,Empalme CCNN,ms_extr,Millones de pesos corrientes,1774.418848045038
2008.0,Empalme CCNN,ms_extr,Millones de pesos corrientes,2474.292500529876
2008.0,Empalme CCNN,ms_extr,Millones de pesos corrientes,2474.292500529876
2009.0,Empalme CCNN,ms_extr,Millones de pesos corrientes,2992.411358056097
2009.0,Empalme CCNN,ms_extr,Millones de pesos corrientes,2992.411358056097
2010.0,Empalme CCNN,ms_extr,Millones de pesos corrientes,3726.315061388917
2011.0,Empalme CCNN,ms_extr,Millones de pesos corrientes,5101.865425166738
2012.0,Empalme CCNN,ms_extr,Millones de pesos corrientes,6378.761662060359
2013.0,Empalme CCNN,ms_extr,Millones de pesos corrientes,8248.9245964125
2014.0,Empalme CCNN,ms_extr,Millones de pesos corrientes,11626.309569411484
2015.0,Empalme CCNN,ms_extr,Millones de pesos corrientes,15802.205523114788
2016.0,Empalme CCNN,ms_extr,Millones de pesos corrientes,19526.242657351293
2017.0,Empalme CCNN,ms_extr,Millones de pesos corrientes,24621.064844301618
2018.0,Empalme CCNN,ms_extr,Millones de pesos corrientes,36226.18038688063
2019.0,Empalme CCNN,ms_extr,Millones de pesos corrientes,59657.97623484026
2020.0,Empalme CCNN,ms_extr,Millones de pesos corrientes,79004.51699928124
2021.0,Empalme CCNN,ms_extr,Millones de pesos corrientes,110127.61276298437
2022.0,Empalme CCNN,ms_extr,Millones de pesos corrientes,208809.2013044375
2023.0,Empalme CCNN,ms_extr,Millones de pesos corrientes,546942.5919945
2024.0,Empalme CCNN,ms_extr,Millones de pesos corrientes,1857970.224030375
2025.0,Empalme CCNN,ms_extr,Millones de pesos corrientes,1657813.616328526
2026.0,Empalme CCNN,ms_extr,Millones de pesos corrientes,
2027.0,Empalme CCNN,ms_extr,Millones de pesos corrientes,
2028.0,Empalme CCNN,ms_extr,Millones de pesos corrientes,
2029.0,Empalme CCNN,ms_extr,Millones de pesos corrientes,
2030.0,Empalme CCNN,ms_extr,Millones de pesos corrientes,
1922.0,Criterio propio,ms_extr,Millones de pesos corrientes,
1923.0,Criterio propio,ms_extr,Millones de pesos corrientes,
1924.0,Criterio propio,ms_extr,Millones de pesos corrientes,
1925.0,Criterio propio,ms_extr,Millones de pesos corrientes,
1926.0,Criterio propio,ms_extr,Millones de pesos corrientes,
1927.0,Criterio propio,ms_extr,Millones de pesos corrientes,
1928.0,Criterio propio,ms_extr,Millones de pesos corrientes,
1929.0,Criterio propio,ms_extr,Millones de pesos corrientes,
1930.0,Criterio propio,ms_extr,Millones de pesos corrientes,
1931.0,Criterio propio,ms_extr,Millones de pesos corrientes,
1932.0,Criterio propio,ms_extr,Millones de pesos corrientes,
1933.0,Criterio propio,ms_extr,Millones de pesos corrientes,
1934.0,Criterio propio,ms_extr,Millones de pesos corrientes,
1935.0,Criterio propio,ms_extr,Millones de pesos corrientes,
1936.0,Criterio propio,ms_extr,Millones de pesos corrientes,
1937.0,Criterio propio,ms_extr,Millones de pesos corrientes,
1938.0,Criterio propio,ms_extr,Millones de pesos corrientes,
1939.0,Criterio propio,ms_extr,Millones de pesos corrientes,
1940.0,Criterio propio,ms_extr,Millones de pesos corrientes,
1941.0,Criterio propio,ms_extr,Millones de pesos corrientes,
1942.0,Criterio propio,ms_extr,Millones de pesos corrientes,
1943.0,Criterio propio,ms_extr,Millones de pesos corrientes,
1944.0,Criterio propio,ms_extr,Millones de pesos corrientes,
1945.0,Criterio propio,ms_extr,Millones de pesos corrientes,
1946.0,Criterio propio,ms_extr,Millones de pesos corrientes,
1947.0,Criterio propio,ms_extr,Millones de pesos corrientes,
1948.0,Criterio propio,ms_extr,Millones de pesos corrientes,
1949.0,Criterio propio,ms_extr,Millones de pesos corrientes,
1950.0,Criterio propio,ms_extr,Millones de pesos corrientes,
1951.0,Criterio propio,ms_extr,Millones de pesos corrientes,
1952.0,Criterio propio,ms_extr,Millones de pesos corrientes,
1953.0,Criterio propio,ms_extr,Millones de pesos corrientes,
1954.0,Criterio propio,ms_extr,Millones de pesos corrientes,
1955.0,Criterio propio,ms_extr,Millones de pesos corrientes,
1956.0,Criterio propio,ms_extr,Millones de pesos corrientes,
1957.0,Criterio propio,ms_extr,Millones de pesos corrientes,
1958.0,Criterio propio,ms_extr,Millones de pesos corrientes,
1959.0,Criterio propio,ms_extr,Millones de pesos corrientes,
1960.0,Criterio propio,ms_extr,Millones de pesos corrientes,
1961.0,Criterio propio,ms_extr,Millones de pesos corrientes,
1962.0,Criterio propio,ms_extr,Millones de pesos corrientes,
1963.0,Criterio propio,ms_extr,Millones de pesos corrientes,
1964.0,Criterio propio,ms_extr,Millones de pesos corrientes,
1965.0,Criterio propio,ms_extr,Millones de pesos corrientes,
1966.0,Criterio propio,ms_extr,Millones de pesos corrientes,
1967.0,Criterio propio,ms_extr,Millones de pesos corrientes,
1968.0,Criterio propio,ms_extr,Millones de pesos corrientes,
1969.0,Criterio propio,ms_extr,Millones de pesos corrientes,
1970.0,Criterio propio,ms_extr,Millones de pesos corrientes,
1971.0,Criterio propio,ms_extr,Millones de pesos corrientes,8.384737487622224e-10
1972.0,Criterio propio,ms_extr,Millones de pesos corrientes,1.1387855858982373e-09
1973.0,Criterio propio,ms_extr,Millones de pesos corrientes,
1974.0,Criterio propio,ms_extr,Millones de pesos corrientes,4.9590655038400166e-09
1975.0,Criterio propio,ms_extr,Millones de pesos corrientes,8.70439784253045e-09
1976.0,Criterio propio,ms_extr,Millones de pesos corrientes,6.541368710479207e-08
1977.0,Criterio propio,ms_extr,Millones de pesos corrientes,1.758791260244304e-07
1978.0,Criterio propio,ms_extr,Millones de pesos corrientes,6.297049742767787e-07
1979.0,Criterio propio,ms_extr,Millones de pesos corrientes,
1980.0,Criterio propio,ms_extr,Millones de pesos corrientes,
1981.0,Criterio propio,ms_extr,Millones de pesos corrientes,
1982.0,Criterio propio,ms_extr,Millones de pesos corrientes,
1983.0,Criterio propio,ms_extr,Millones de pesos corrientes,
1984.0,Criterio propio,ms_extr,Millones de pesos corrientes,0.0007799556108468707
1985.0,Criterio propio,ms_extr,Millones de pesos corrientes,0.007232853053351807
1986.0,Criterio propio,ms_extr,Millones de pesos corrientes,0.011766926598966852
1987.0,Criterio propio,ms_extr,Millones de pesos corrientes,0.021795075652996446
1988.0,Criterio propio,ms_extr,Millones de pesos corrientes,0.13019655963855584
1989.0,Criterio propio,ms_extr,Millones de pesos corrientes,
1990.0,Criterio propio,ms_extr,Millones de pesos corrientes,
1991.0,Criterio propio,ms_extr,Millones de pesos corrientes,
1992.0,Criterio propio,ms_extr,Millones de pesos corrientes,
1993.0,Criterio propio,ms_extr,Millones de pesos corrientes,210.70973598563953
1993.0,Criterio propio,ms_extr,Millones de pesos corrientes,210.70973598563953
1994.0,Criterio propio,ms_extr,Millones de pesos corrientes,226.71269889022952
1994.0,Criterio propio,ms_extr,Millones de pesos corrientes,226.71269889022952
1995.0,Criterio propio,ms_extr,Millones de pesos corrientes,266.3813606114744
1995.0,Criterio propio,ms_extr,Millones de pesos corrientes,266.3813606114744
1996.0,Criterio propio,ms_extr,Millones de pesos corrientes,355.5838591827421
1996.0,Criterio propio,ms_extr,Millones de pesos corrientes,355.5838591827421
1997.0,Criterio propio,ms_extr,Millones de pesos corrientes,359.82021480097825
1997.0,Criterio propio,ms_extr,Millones de pesos corrientes,359.82021480097825
1998.0,Criterio propio,ms_extr,Millones de pesos corrientes,267.75159284265624
1998.0,Criterio propio,ms_extr,Millones de pesos corrientes,267.75159284265624
1999.0,Criterio propio,ms_extr,Millones de pesos corrientes,325.1791959315666
1999.0,Criterio propio,ms_extr,Millones de pesos corrientes,325.1791959315666
2000.0,Criterio propio,ms_extr,Millones de pesos corrientes,484.23476802183256
2000.0,Criterio propio,ms_extr,Millones de pesos corrientes,484.23476802183256
2001.0,Criterio propio,ms_extr,Millones de pesos corrientes,432.7690119600803
2001.0,Criterio propio,ms_extr,Millones de pesos corrientes,432.7690119600803
2002.0,Criterio propio,ms_extr,Millones de pesos corrientes,984.9009271115067
2002.0,Criterio propio,ms_extr,Millones de pesos corrientes,984.9009271115067
2003.0,Criterio propio,ms_extr,Millones de pesos corrientes,1106.4621138559091
2003.0,Criterio propio,ms_extr,Millones de pesos corrientes,1106.4621138559091
2004.0,Criterio propio,ms_extr,Millones de pesos corrientes,752.4348447873757
2004.0,Criterio propio,ms_extr,Millones de pesos corrientes,752.4348447873757
2005.0,Criterio propio,ms_extr,Millones de pesos corrientes,980.624452718001
2005.0,Criterio propio,ms_extr,Millones de pesos corrientes,980.624452718001
2006.0,Criterio propio,ms_extr,Millones de pesos corrientes,1287.38672443017
2006.0,Criterio propio,ms_extr,Millones de pesos corrientes,1287.38672443017
2007.0,Criterio propio,ms_extr,Millones de pesos corrientes,1774.418848045038
2007.0,Criterio propio,ms_extr,Millones de pesos corrientes,1774.418848045038
2008.0,Criterio propio,ms_extr,Millones de pesos corrientes,2474.292500529876
2008.0,Criterio propio,ms_extr,Millones de pesos corrientes,2474.292500529876
2009.0,Criterio propio,ms_extr,Millones de pesos corrientes,2992.411358056097
2009.0,Criterio propio,ms_extr,Millones de pesos corrientes,2992.411358056097
2010.0,Criterio propio,ms_extr,Millones de pesos corrientes,3726.315061388917
2011.0,Criterio propio,ms_extr,Millones de pesos corrientes,5101.865425166738
2012.0,Criterio propio,ms_extr,Millones de pesos corrientes,6378.761662060359
2013.0,Criterio propio,ms_extr,Millones de pesos corrientes,8248.9245964125
2014.0,Criterio propio,ms_extr,Millones de pesos corrientes,11626.309569411484
2015.0,Criterio propio,ms_extr,Millones de pesos corrientes,15802.205523114788
2016.0,Criterio propio,ms_extr,Millones de pesos corrientes,19526.242657351293
2017.0,Criterio propio,ms_extr,Millones de pesos corrientes,24621.064844301618
2018.0,Criterio propio,ms_extr,Millones de pesos corrientes,36226.18038688063
2019.0,Criterio propio,ms_extr,Millones de pesos corrientes,59657.97623484026
2020.0,Criterio propio,ms_extr,Millones de pesos corrientes,79004.51699928124
2021.0,Criterio propio,ms_extr,Millones de pesos corrientes,110127.61276298437
2022.0,Criterio propio,ms_extr,Millones de pesos corrientes,208809.2013044375
2023.0,Criterio propio,ms_extr,Millones de pesos corrientes,546942.5919945
2024.0,Criterio propio,ms_extr,Millones de pesos corrientes,1857970.224030375
2025.0,Criterio propio,ms_extr,Millones de pesos corrientes,1657813.616328526
2026.0,Criterio propio,ms_extr,Millones de pesos corrientes,
2004.0,CCNN oficial,va_tot,Millones de pesos corrientes,21354.52267085049
2005.0,CCNN oficial,va_tot,Millones de pesos corrientes,24670.581073185316
2006.0,CCNN oficial,va_tot,Millones de pesos corrientes,33176.34023475756
2007.0,CCNN oficial,va_tot,Millones de pesos corrientes,31384.63389858879
2008.0,CCNN oficial,va_tot,Millones de pesos corrientes,34660.546004573735
2009.0,CCNN oficial,va_tot,Millones de pesos corrientes,40186.0157968639
2010.0,CCNN oficial,va_tot,Millones de pesos corrientes,48032.687953100314
2011.0,CCNN oficial,va_tot,Millones de pesos corrientes,53253.81876628205
2012.0,CCNN oficial,va_tot,Millones de pesos corrientes,62922.23932130194
2013.0,CCNN oficial,va_tot,Millones de pesos corrientes,75031.82865691246
2014.0,CCNN oficial,va_tot,Millones de pesos corrientes,137570.0423450079
2015.0,CCNN oficial,va_tot,Millones de pesos corrientes,152122.54705743183
2016.0,CCNN oficial,va_tot,Millones de pesos corrientes,213682.9927295787
2017.0,CCNN oficial,va_tot,Millones de pesos corrientes,248728.36355433357
2018.0,CCNN oficial,va_tot,Millones de pesos corrientes,472725.3868184213
2019.0,CCNN oficial,va_tot,Millones de pesos corrientes,688535.6934705559
2020.0,CCNN oficial,va_tot,Millones de pesos corrientes,638666.5860085045
2021.0,CCNN oficial,va_tot,Millones de pesos corrientes,1188948.0647948002
2022.0,CCNN oficial,va_tot,Millones de pesos corrientes,1908828.5761123612
2023.0,CCNN oficial,va_tot,Millones de pesos corrientes,5519590.839847105
2024.0,CCNN oficial,va_tot,Millones de pesos corrientes,18216895.261950705
2025.0,CCNN oficial,va_tot,Millones de pesos corrientes,24441835.15695975
1922.0,Criterio CCNN,va_tot,Millones de pesos corrientes,
1923.0,Criterio CCNN,va_tot,Millones de pesos corrientes,
1924.0,Criterio CCNN,va_tot,Millones de pesos corrientes,
1925.0,Criterio CCNN,va_tot,Millones de pesos corrientes,
1926.0,Criterio CCNN,va_tot,Millones de pesos corrientes,
1927.0,Criterio CCNN,va_tot,Millones de pesos corrientes,
1928.0,Criterio CCNN,va_tot,Millones de pesos corrientes,
1929.0,Criterio CCNN,va_tot,Millones de pesos corrientes,
1930.0,Criterio CCNN,va_tot,Millones de pesos corrientes,
1931.0,Criterio CCNN,va_tot,Millones de pesos corrientes,
1932.0,Criterio CCNN,va_tot,Millones de pesos corrientes,
1933.0,Criterio CCNN,va_tot,Millones de pesos corrientes,
1934.0,Criterio CCNN,va_tot,Millones de pesos corrientes,
1935.0,Criterio CCNN,va_tot,Millones de pesos corrientes,
1936.0,Criterio CCNN,va_tot,Millones de pesos corrientes,
1937.0,Criterio CCNN,va_tot,Millones de pesos corrientes,
1938.0,Criterio CCNN,va_tot,Millones de pesos corrientes,
1939.0,Criterio CCNN,va_tot,Millones de pesos corrientes,
1940.0,Criterio CCNN,va_tot,Millones de pesos corrientes,
1941.0,Criterio CCNN,va_tot,Millones de pesos corrientes,
1942.0,Criterio CCNN,va_tot,Millones de pesos corrientes,
1943.0,Criterio CCNN,va_tot,Millones de pesos corrientes,
1944.0,Criterio CCNN,va_tot,Millones de pesos corrientes,
1945.0,Criterio CCNN,va_tot,Millones de pesos corrientes,
1946.0,Criterio CCNN,va_tot,Millones de pesos corrientes,
1947.0,Criterio CCNN,va_tot,Millones de pesos corrientes,
1948.0,Criterio CCNN,va_tot,Millones de pesos corrientes,
1949.0,Criterio CCNN,va_tot,Millones de pesos corrientes,
1950.0,Criterio CCNN,va_tot,Millones de pesos corrientes,
1951.0,Criterio CCNN,va_tot,Millones de pesos corrientes,
1952.0,Criterio CCNN,va_tot,Millones de pesos corrientes,
1953.0,Criterio CCNN,va_tot,Millones de pesos corrientes,
1954.0,Criterio CCNN,va_tot,Millones de pesos corrientes,
1955.0,Criterio CCNN,va_tot,Millones de pesos corrientes,
1956.0,Criterio CCNN,va_tot,Millones de pesos corrientes,
1957.0,Criterio CCNN,va_tot,Millones de pesos corrientes,
1958.0,Criterio CCNN,va_tot,Millones de pesos corrientes,
1959.0,Criterio CCNN,va_tot,Millones de pesos corrientes,
1960.0,Criterio CCNN,va_tot,Millones de pesos corrientes,
1961.0,Criterio CCNN,va_tot,Millones de pesos corrientes,
1962.0,Criterio CCNN,va_tot,Millones de pesos corrientes,
1963.0,Criterio CCNN,va_tot,Millones de pesos corrientes,
1964.0,Criterio CCNN,va_tot,Millones de pesos corrientes,
1965.0,Criterio CCNN,va_tot,Millones de pesos corrientes,
1966.0,Criterio CCNN,va_tot,Millones de pesos corrientes,
1967.0,Criterio CCNN,va_tot,Millones de pesos corrientes,
1968.0,Criterio CCNN,va_tot,Millones de pesos corrientes,
1969.0,Criterio CCNN,va_tot,Millones de pesos corrientes,
1970.0,Criterio CCNN,va_tot,Millones de pesos corrientes,
1971.0,Criterio CCNN,va_tot,Millones de pesos corrientes,
1972.0,Criterio CCNN,va_tot,Millones de pesos corrientes,
1973.0,Criterio CCNN,va_tot,Millones de pesos corrientes,
1974.0,Criterio CCNN,va_tot,Millones de pesos corrientes,
1975.0,Criterio CCNN,va_tot,Millones de pesos corrientes,
1976.0,Criterio CCNN,va_tot,Millones de pesos corrientes,
1977.0,Criterio CCNN,va_tot,Millones de pesos corrientes,
1978.0,Criterio CCNN,va_tot,Millones de pesos corrientes,
1979.0,Criterio CCNN,va_tot,Millones de pesos corrientes,
1980.0,Criterio CCNN,va_tot,Millones de pesos corrientes,
1981.0,Criterio CCNN,va_tot,Millones de pesos corrientes,
1982.0,Criterio CCNN,va_tot,Millones de pesos corrientes,
1983.0,Criterio CCNN,va_tot,Millones de pesos corrientes,
1984.0,Criterio CCNN,va_tot,Millones de pesos corrientes,
1985.0,Criterio CCNN,va_tot,Millones de pesos corrientes,
1986.0,Criterio CCNN,va_tot,Millones de pesos corrientes,
1987.0,Criterio CCNN,va_tot,Millones de pesos corrientes,
1988.0,Criterio CCNN,va_tot,Millones de pesos corrientes,
1989.0,Criterio CCNN,va_tot,Millones de pesos corrientes,
1990.0,Criterio CCNN,va_tot,Millones de pesos corrientes,
1991.0,Criterio CCNN,va_tot,Millones de pesos corrientes,
1992.0,Criterio CCNN,va_tot,Millones de pesos corrientes,
1993.0,Criterio CCNN,va_tot,Millones de pesos corrientes,1599.800252420634
1993.0,Criterio CCNN,va_tot,Millones de pesos corrientes,1599.0378865479788
1994.0,Criterio CCNN,va_tot,Millones de pesos corrientes,1735.7456549216508
1994.0,Criterio CCNN,va_tot,Millones de pesos corrientes,1735.012164937109
1995.0,Criterio CCNN,va_tot,Millones de pesos corrientes,2045.977394751455
1995.0,Criterio CCNN,va_tot,Millones de pesos corrientes,2045.1833409364344
1996.0,Criterio CCNN,va_tot,Millones de pesos corrientes,2780.9904168706926
1996.0,Criterio CCNN,va_tot,Millones de pesos corrientes,2779.489361045087
1997.0,Criterio CCNN,va_tot,Millones de pesos corrientes,2888.7125812192753
1997.0,Criterio CCNN,va_tot,Millones de pesos corrientes,2887.2741033533302
1998.0,Criterio CCNN,va_tot,Millones de pesos corrientes,2489.720980531316
1998.0,Criterio CCNN,va_tot,Millones de pesos corrientes,2488.9226007729753
1999.0,Criterio CCNN,va_tot,Millones de pesos corrientes,2519.753750098537
1999.0,Criterio CCNN,va_tot,Millones de pesos corrientes,2518.848073782702
2000.0,Criterio CCNN,va_tot,Millones de pesos corrientes,3408.0969951847037
2000.0,Criterio CCNN,va_tot,Millones de pesos corrientes,3407.2218275333416
2001.0,Criterio CCNN,va_tot,Millones de pesos corrientes,3505.958117527003
2001.0,Criterio CCNN,va_tot,Millones de pesos corrientes,3505.142833590169
2002.0,Criterio CCNN,va_tot,Millones de pesos corrientes,12187.713303461012
2002.0,Criterio CCNN,va_tot,Millones de pesos corrientes,12187.195455859219
2003.0,Criterio CCNN,va_tot,Millones de pesos corrientes,12921.65400736751
2003.0,Criterio CCNN,va_tot,Millones de pesos corrientes,12920.90211797121
2004.0,Criterio CCNN,va_tot,Millones de pesos corrientes,15625.533172941843
2004.0,Criterio CCNN,va_tot,Millones de pesos corrientes,15624.711172766412
2005.0,Criterio CCNN,va_tot,Millones de pesos corrientes,18904.260306385026
2005.0,Criterio CCNN,va_tot,Millones de pesos corrientes,18904.260306385026
2006.0,Criterio CCNN,va_tot,Millones de pesos corrientes,22806.274947586266
2006.0,Criterio CCNN,va_tot,Millones de pesos corrientes,22806.274947586266
2007.0,Criterio CCNN,va_tot,Millones de pesos corrientes,21639.18322846682
2007.0,Criterio CCNN,va_tot,Millones de pesos corrientes,21639.18322846682
2008.0,Criterio CCNN,va_tot,Millones de pesos corrientes,23243.216425439376
2008.0,Criterio CCNN,va_tot,Millones de pesos corrientes,23243.216425439376
2009.0,Criterio CCNN,va_tot,Millones de pesos corrientes,27991.70087847992
2009.0,Criterio CCNN,va_tot,Millones de pesos corrientes,27991.70087847992
2010.0,Criterio CCNN,va_tot,Millones de pesos corrientes,34791.4466670409
2011.0,Criterio CCNN,va_tot,Millones de pesos corrientes,37350.61677607996
2012.0,Criterio CCNN,va_tot,Millones de pesos corrientes,44195.30143859254
2013.0,Criterio CCNN,va_tot,Millones de pesos corrientes,48721.44089594451
2014.0,Criterio CCNN,va_tot,Millones de pesos corrientes,89544.95883203764
2015.0,Criterio CCNN,va_tot,Millones de pesos corrientes,96447.08476997788
2016.0,Criterio CCNN,va_tot,Millones de pesos corrientes,139847.15294438644
2017.0,Criterio CCNN,va_tot,Millones de pesos corrientes,152300.46136941045
2018.0,Criterio CCNN,va_tot,Millones de pesos corrientes,293777.40905351785
2019.0,Criterio CCNN,va_tot,Millones de pesos corrientes,449983.14290813287
2020.0,Criterio CCNN,va_tot,Millones de pesos corrientes,448143.37051966885
2021.0,Criterio CCNN,va_tot,Millones de pesos corrientes,661700.660340802
2022.0,Criterio CCNN,va_tot,Millones de pesos corrientes,1179736.0499394413
2023.0,Criterio CCNN,va_tot,Millones de pesos corrientes,3251077.294994699
2024.0,Criterio CCNN,va_tot,Millones de pesos corrientes,11631103.628320936
2025.0,Criterio CCNN,va_tot,Millones de pesos corrientes,14239694.528829707
2026.0,Criterio CCNN,va_tot,Millones de pesos corrientes,
1960.0,Empalme CCNN,va_tot,Millones de pesos corrientes,
1961.0,Empalme CCNN,va_tot,Millones de pesos corrientes,
1962.0,Empalme CCNN,va_tot,Millones de pesos corrientes,
1963.0,Empalme CCNN,va_tot,Millones de pesos corrientes,
1964.0,Empalme CCNN,va_tot,Millones de pesos corrientes,
1965.0,Empalme CCNN,va_tot,Millones de pesos corrientes,
1966.0,Empalme CCNN,va_tot,Millones de pesos corrientes,
1967.0,Empalme CCNN,va_tot,Millones de pesos corrientes,
1968.0,Empalme CCNN,va_tot,Millones de pesos corrientes,
1969.0,Empalme CCNN,va_tot,Millones de pesos corrientes,
1970.0,Empalme CCNN,va_tot,Millones de pesos corrientes,
1971.0,Empalme CCNN,va_tot,Millones de pesos corrientes,
1972.0,Empalme CCNN,va_tot,Millones de pesos corrientes,
1973.0,Empalme CCNN,va_tot,Millones de pesos corrientes,
1974.0,Empalme CCNN,va_tot,Millones de pesos corrientes,
1975.0,Empalme CCNN,va_tot,Millones de pesos corrientes,
1976.0,Empalme CCNN,va_tot,Millones de pesos corrientes,
1977.0,Empalme CCNN,va_tot,Millones de pesos corrientes,
1978.0,Empalme CCNN,va_tot,Millones de pesos corrientes,
1979.0,Empalme CCNN,va_tot,Millones de pesos corrientes,
1980.0,Empalme CCNN,va_tot,Millones de pesos corrientes,
1981.0,Empalme CCNN,va_tot,Millones de pesos corrientes,
1982.0,Empalme CCNN,va_tot,Millones de pesos corrientes,
1983.0,Empalme CCNN,va_tot,Millones de pesos corrientes,
1984.0,Empalme CCNN,va_tot,Millones de pesos corrientes,
1985.0,Empalme CCNN,va_tot,Millones de pesos corrientes,
1986.0,Empalme CCNN,va_tot,Millones de pesos corrientes,
1987.0,Empalme CCNN,va_tot,Millones de pesos corrientes,
1988.0,Empalme CCNN,va_tot,Millones de pesos corrientes,
1989.0,Empalme CCNN,va_tot,Millones de pesos corrientes,
1990.0,Empalme CCNN,va_tot,Millones de pesos corrientes,
1991.0,Empalme CCNN,va_tot,Millones de pesos corrientes,
1992.0,Empalme CCNN,va_tot,Millones de pesos corrientes,
1993.0,Empalme CCNN,va_tot,Millones de pesos corrientes,2186.355523426715
1993.0,Empalme CCNN,va_tot,Millones de pesos corrientes,2185.3136415830104
1994.0,Empalme CCNN,va_tot,Millones de pesos corrientes,2372.1443312437154
1994.0,Empalme CCNN,va_tot,Millones de pesos corrientes,2371.141912425082
1995.0,Empalme CCNN,va_tot,Millones de pesos corrientes,2796.120310052871
1995.0,Empalme CCNN,va_tot,Millones de pesos corrientes,2795.03512211035
1996.0,Empalme CCNN,va_tot,Millones de pesos corrientes,3800.6205770514725
1996.0,Empalme CCNN,va_tot,Millones de pesos corrientes,3798.56916988966
1997.0,Empalme CCNN,va_tot,Millones de pesos corrientes,3947.838299178122
1997.0,Empalme CCNN,va_tot,Millones de pesos corrientes,3945.8724137353756
1998.0,Empalme CCNN,va_tot,Millones de pesos corrientes,3402.559294099166
1998.0,Empalme CCNN,va_tot,Millones de pesos corrientes,3401.4681941372805
1999.0,Empalme CCNN,va_tot,Millones de pesos corrientes,3443.603362899469
1999.0,Empalme CCNN,va_tot,Millones de pesos corrientes,3442.365626868008
2000.0,Empalme CCNN,va_tot,Millones de pesos corrientes,4657.651277727702
2000.0,Empalme CCNN,va_tot,Millones de pesos corrientes,4656.455236143396
2001.0,Empalme CCNN,va_tot,Millones de pesos corrientes,4791.392477629431
2001.0,Empalme CCNN,va_tot,Millones de pesos corrientes,4790.278275693432
2002.0,Empalme CCNN,va_tot,Millones de pesos corrientes,16656.25084046871
2002.0,Empalme CCNN,va_tot,Millones de pesos corrientes,16655.543127763474
2003.0,Empalme CCNN,va_tot,Millones de pesos corrientes,17659.285631484454
2003.0,Empalme CCNN,va_tot,Millones de pesos corrientes,17658.258067241906
2004.0,Empalme CCNN,va_tot,Millones de pesos corrientes,21354.52267085049
2004.0,Empalme CCNN,va_tot,Millones de pesos corrientes,21354.52267085049
2005.0,Empalme CCNN,va_tot,Millones de pesos corrientes,24670.581073185316
2005.0,Empalme CCNN,va_tot,Millones de pesos corrientes,24670.581073185316
2006.0,Empalme CCNN,va_tot,Millones de pesos corrientes,33176.34023475756
2006.0,Empalme CCNN,va_tot,Millones de pesos corrientes,33176.34023475756
2007.0,Empalme CCNN,va_tot,Millones de pesos corrientes,31384.63389858879
2007.0,Empalme CCNN,va_tot,Millones de pesos corrientes,31384.63389858879
2008.0,Empalme CCNN,va_tot,Millones de pesos corrientes,34660.546004573735
2008.0,Empalme CCNN,va_tot,Millones de pesos corrientes,34660.546004573735
2009.0,Empalme CCNN,va_tot,Millones de pesos corrientes,40186.0157968639
2009.0,Empalme CCNN,va_tot,Millones de pesos corrientes,40186.0157968639
2010.0,Empalme CCNN,va_tot,Millones de pesos corrientes,48032.687953100314
2011.0,Empalme CCNN,va_tot,Millones de pesos corrientes,53253.81876628205
2012.0,Empalme CCNN,va_tot,Millones de pesos corrientes,62922.23932130194
2013.0,Empalme CCNN,va_tot,Millones de pesos corrientes,75031.82865691246
2014.0,Empalme CCNN,va_tot,Millones de pesos corrientes,137570.0423450079
2015.0,Empalme CCNN,va_tot,Millones de pesos corrientes,152122.54705743183
2016.0,Empalme CCNN,va_tot,Millones de pesos corrientes,213682.9927295787
2017.0,Empalme CCNN,va_tot,Millones de pesos corrientes,248728.36355433357
2018.0,Empalme CCNN,va_tot,Millones de pesos corrientes,472725.3868184213
2019.0,Empalme CCNN,va_tot,Millones de pesos corrientes,688535.6934705559
2020.0,Empalme CCNN,va_tot,Millones de pesos corrientes,638666.5860085045
2021.0,Empalme CCNN,va_tot,Millones de pesos corrientes,1188948.0647948002
2022.0,Empalme CCNN,va_tot,Millones de pesos corrientes,1908828.5761123612
2023.0,Empalme CCNN,va_tot,Millones de pesos corrientes,5519590.839847105
2024.0,Empalme CCNN,va_tot,Millones de pesos corrientes,18216895.261950705
2025.0,Empalme CCNN,va_tot,Millones de pesos corrientes,24441835.15695975
2026.0,Empalme CCNN,va_tot,Millones de pesos corrientes,
2027.0,Empalme CCNN,va_tot,Millones de pesos corrientes,
2028.0,Empalme CCNN,va_tot,Millones de pesos corrientes,
2029.0,Empalme CCNN,va_tot,Millones de pesos corrientes,
2030.0,Empalme CCNN,va_tot,Millones de pesos corrientes,
1922.0,Criterio propio,va_tot,Millones de pesos corrientes,
1923.0,Criterio propio,va_tot,Millones de pesos corrientes,
1924.0,Criterio propio,va_tot,Millones de pesos corrientes,
1925.0,Criterio propio,va_tot,Millones de pesos corrientes,
1926.0,Criterio propio,va_tot,Millones de pesos corrientes,
1927.0,Criterio propio,va_tot,Millones de pesos corrientes,
1928.0,Criterio propio,va_tot,Millones de pesos corrientes,
1929.0,Criterio propio,va_tot,Millones de pesos corrientes,
1930.0,Criterio propio,va_tot,Millones de pesos corrientes,
1931.0,Criterio propio,va_tot,Millones de pesos corrientes,
1932.0,Criterio propio,va_tot,Millones de pesos corrientes,
1933.0,Criterio propio,va_tot,Millones de pesos corrientes,
1934.0,Criterio propio,va_tot,Millones de pesos corrientes,
1935.0,Criterio propio,va_tot,Millones de pesos corrientes,
1936.0,Criterio propio,va_tot,Millones de pesos corrientes,
1937.0,Criterio propio,va_tot,Millones de pesos corrientes,
1938.0,Criterio propio,va_tot,Millones de pesos corrientes,
1939.0,Criterio propio,va_tot,Millones de pesos corrientes,
1940.0,Criterio propio,va_tot,Millones de pesos corrientes,
1941.0,Criterio propio,va_tot,Millones de pesos corrientes,
1942.0,Criterio propio,va_tot,Millones de pesos corrientes,
1943.0,Criterio propio,va_tot,Millones de pesos corrientes,
1944.0,Criterio propio,va_tot,Millones de pesos corrientes,
1945.0,Criterio propio,va_tot,Millones de pesos corrientes,
1946.0,Criterio propio,va_tot,Millones de pesos corrientes,
1947.0,Criterio propio,va_tot,Millones de pesos corrientes,
1948.0,Criterio propio,va_tot,Millones de pesos corrientes,
1949.0,Criterio propio,va_tot,Millones de pesos corrientes,
1950.0,Criterio propio,va_tot,Millones de pesos corrientes,
1951.0,Criterio propio,va_tot,Millones de pesos corrientes,
1952.0,Criterio propio,va_tot,Millones de pesos corrientes,
1953.0,Criterio propio,va_tot,Millones de pesos corrientes,
1954.0,Criterio propio,va_tot,Millones de pesos corrientes,
1955.0,Criterio propio,va_tot,Millones de pesos corrientes,
1956.0,Criterio propio,va_tot,Millones de pesos corrientes,
1957.0,Criterio propio,va_tot,Millones de pesos corrientes,
1958.0,Criterio propio,va_tot,Millones de pesos corrientes,
1959.0,Criterio propio,va_tot,Millones de pesos corrientes,
1960.0,Criterio propio,va_tot,Millones de pesos corrientes,
1961.0,Criterio propio,va_tot,Millones de pesos corrientes,
1962.0,Criterio propio,va_tot,Millones de pesos corrientes,
1963.0,Criterio propio,va_tot,Millones de pesos corrientes,
1964.0,Criterio propio,va_tot,Millones de pesos corrientes,
1965.0,Criterio propio,va_tot,Millones de pesos corrientes,
1966.0,Criterio propio,va_tot,Millones de pesos corrientes,
1967.0,Criterio propio,va_tot,Millones de pesos corrientes,
1968.0,Criterio propio,va_tot,Millones de pesos corrientes,
1969.0,Criterio propio,va_tot,Millones de pesos corrientes,
1970.0,Criterio propio,va_tot,Millones de pesos corrientes,
1971.0,Criterio propio,va_tot,Millones de pesos corrientes,
1972.0,Criterio propio,va_tot,Millones de pesos corrientes,
1973.0,Criterio propio,va_tot,Millones de pesos corrientes,
1974.0,Criterio propio,va_tot,Millones de pesos corrientes,
1975.0,Criterio propio,va_tot,Millones de pesos corrientes,
1976.0,Criterio propio,va_tot,Millones de pesos corrientes,
1977.0,Criterio propio,va_tot,Millones de pesos corrientes,
1978.0,Criterio propio,va_tot,Millones de pesos corrientes,
1979.0,Criterio propio,va_tot,Millones de pesos corrientes,
1980.0,Criterio propio,va_tot,Millones de pesos corrientes,
1981.0,Criterio propio,va_tot,Millones de pesos corrientes,
1982.0,Criterio propio,va_tot,Millones de pesos corrientes,
1983.0,Criterio propio,va_tot,Millones de pesos corrientes,
1984.0,Criterio propio,va_tot,Millones de pesos corrientes,
1985.0,Criterio propio,va_tot,Millones de pesos corrientes,
1986.0,Criterio propio,va_tot,Millones de pesos corrientes,
1987.0,Criterio propio,va_tot,Millones de pesos corrientes,
1988.0,Criterio propio,va_tot,Millones de pesos corrientes,
1989.0,Criterio propio,va_tot,Millones de pesos corrientes,
1990.0,Criterio propio,va_tot,Millones de pesos corrientes,
1991.0,Criterio propio,va_tot,Millones de pesos corrientes,
1992.0,Criterio propio,va_tot,Millones de pesos corrientes,
1993.0,Criterio propio,va_tot,Millones de pesos corrientes,7991.780406754384
1993.0,Criterio propio,va_tot,Millones de pesos corrientes,7990.738524910679
1994.0,Criterio propio,va_tot,Millones de pesos corrientes,
1994.0,Criterio propio,va_tot,Millones de pesos corrientes,
1995.0,Criterio propio,va_tot,Millones de pesos corrientes,
1995.0,Criterio propio,va_tot,Millones de pesos corrientes,
1996.0,Criterio propio,va_tot,Millones de pesos corrientes,
1996.0,Criterio propio,va_tot,Millones de pesos corrientes,
1997.0,Criterio propio,va_tot,Millones de pesos corrientes,
1997.0,Criterio propio,va_tot,Millones de pesos corrientes,
1998.0,Criterio propio,va_tot,Millones de pesos corrientes,5793.995573156313
1998.0,Criterio propio,va_tot,Millones de pesos corrientes,5792.904473194429
1999.0,Criterio propio,va_tot,Millones de pesos corrientes,6135.106933745184
1999.0,Criterio propio,va_tot,Millones de pesos corrientes,6133.869197713722
2000.0,Criterio propio,va_tot,Millones de pesos corrientes,9830.930213399311
2000.0,Criterio propio,va_tot,Millones de pesos corrientes,9829.734171815006
2001.0,Criterio propio,va_tot,Millones de pesos corrientes,10425.534467885675
2001.0,Criterio propio,va_tot,Millones de pesos corrientes,10424.420265949677
2002.0,Criterio propio,va_tot,Millones de pesos corrientes,15612.52377784538
2002.0,Criterio propio,va_tot,Millones de pesos corrientes,15611.816065140145
2003.0,Criterio propio,va_tot,Millones de pesos corrientes,20398.908019399278
2003.0,Criterio propio,va_tot,Millones de pesos corrientes,20397.880455156734
2004.0,Criterio propio,va_tot,Millones de pesos corrientes,30082.314883341267
2004.0,Criterio propio,va_tot,Millones de pesos corrientes,30081.19150270603
2005.0,Criterio propio,va_tot,Millones de pesos corrientes,48671.125207268014
2005.0,Criterio propio,va_tot,Millones de pesos corrientes,48671.125207268014
2006.0,Criterio propio,va_tot,Millones de pesos corrientes,61531.308902097815
2006.0,Criterio propio,va_tot,Millones de pesos corrientes,61531.308902097815
2007.0,Criterio propio,va_tot,Millones de pesos corrientes,59730.99300664576
2007.0,Criterio propio,va_tot,Millones de pesos corrientes,59730.99300664576
2008.0,Criterio propio,va_tot,Millones de pesos corrientes,102399.12120410928
2008.0,Criterio propio,va_tot,Millones de pesos corrientes,102399.12120410928
2009.0,Criterio propio,va_tot,Millones de pesos corrientes,86110.12311035926
2009.0,Criterio propio,va_tot,Millones de pesos corrientes,86110.12311035926
2010.0,Criterio propio,va_tot,Millones de pesos corrientes,143808.0482952172
2011.0,Criterio propio,va_tot,Millones de pesos corrientes,232501.26044635597
2012.0,Criterio propio,va_tot,Millones de pesos corrientes,351190.991533577
2013.0,Criterio propio,va_tot,Millones de pesos corrientes,456615.93217101396
2014.0,Criterio propio,va_tot,Millones de pesos corrientes,632545.9543225875
2015.0,Criterio propio,va_tot,Millones de pesos corrientes,494968.3068411903
2016.0,Criterio propio,va_tot,Millones de pesos corrientes,445511.99472139584
2017.0,Criterio propio,va_tot,Millones de pesos corrientes,629670.2619459889
2018.0,Criterio propio,va_tot,Millones de pesos corrientes,985124.5634437721
2019.0,Criterio propio,va_tot,Millones de pesos corrientes,1619722.5273477482
2020.0,Criterio propio,va_tot,Millones de pesos corrientes,1220539.5236637993
2021.0,Criterio propio,va_tot,Millones de pesos corrientes,1617400.0203028363
2022.0,Criterio propio,va_tot,Millones de pesos corrientes,4114936.441455327
2023.0,Criterio propio,va_tot,Millones de pesos corrientes,9680132.28126711
2024.0,Criterio propio,va_tot,Millones de pesos corrientes,38695935.61024055
2025.0,Criterio propio,va_tot,Millones de pesos corrientes,40859854.855728194
2026.0,Criterio propio,va_tot,Millones de pesos corrientes,
2004.0,CCNN oficial,va_extr,Millones de pesos corrientes,19279.044584220854
2005.0,CCNN oficial,va_extr,Millones de pesos corrientes,22272.81029689399
2006.0,CCNN oficial,va_extr,Millones de pesos corrientes,29951.88196832205
2007.0,CCNN oficial,va_extr,Millones de pesos corrientes,28334.314258228485
2008.0,CCNN oficial,va_extr,Millones de pesos corrientes,31291.835553306784
2009.0,CCNN oficial,va_extr,Millones de pesos corrientes,36280.276649194086
2010.0,CCNN oficial,va_extr,Millones de pesos corrientes,43364.31896985633
2011.0,CCNN oficial,va_extr,Millones de pesos corrientes,48078.00024847285
2012.0,CCNN oficial,va_extr,Millones de pesos corrientes,56806.73250871972
2013.0,CCNN oficial,va_extr,Millones de pesos corrientes,67739.37269442248
2014.0,CCNN oficial,va_extr,Millones de pesos corrientes,124199.40359720193
2015.0,CCNN oficial,va_extr,Millones de pesos corrientes,137337.52855027685
2016.0,CCNN oficial,va_extr,Millones de pesos corrientes,192914.82217706795
2017.0,CCNN oficial,va_extr,Millones de pesos corrientes,224554.08084910896
2018.0,CCNN oficial,va_extr,Millones de pesos corrientes,426780.49746369827
2019.0,CCNN oficial,va_extr,Millones de pesos corrientes,621615.8767325701
2020.0,CCNN oficial,va_extr,Millones de pesos corrientes,576593.622620163
2021.0,CCNN oficial,va_extr,Millones de pesos corrientes,1073392.4191520761
2022.0,CCNN oficial,va_extr,Millones de pesos corrientes,1723306.6638730618
2023.0,CCNN oficial,va_extr,Millones de pesos corrientes,4983133.527649638
2024.0,CCNN oficial,va_extr,Millones de pesos corrientes,16446367.889113855
2025.0,CCNN oficial,va_extr,Millones de pesos corrientes,22066296.5393474
1922.0,Criterio CCNN,va_extr,Millones de pesos corrientes,
1923.0,Criterio CCNN,va_extr,Millones de pesos corrientes,
1924.0,Criterio CCNN,va_extr,Millones de pesos corrientes,
1925.0,Criterio CCNN,va_extr,Millones de pesos corrientes,
1926.0,Criterio CCNN,va_extr,Millones de pesos corrientes,
1927.0,Criterio CCNN,va_extr,Millones de pesos corrientes,
1928.0,Criterio CCNN,va_extr,Millones de pesos corrientes,
1929.0,Criterio CCNN,va_extr,Millones de pesos corrientes,
1930.0,Criterio CCNN,va_extr,Millones de pesos corrientes,
1931.0,Criterio CCNN,va_extr,Millones de pesos corrientes,
1932.0,Criterio CCNN,va_extr,Millones de pesos corrientes,
1933.0,Criterio CCNN,va_extr,Millones de pesos corrientes,
1934.0,Criterio CCNN,va_extr,Millones de pesos corrientes,
1935.0,Criterio CCNN,va_extr,Millones de pesos corrientes,
1936.0,Criterio CCNN,va_extr,Millones de pesos corrientes,
1937.0,Criterio CCNN,va_extr,Millones de pesos corrientes,
1938.0,Criterio CCNN,va_extr,Millones de pesos corrientes,
1939.0,Criterio CCNN,va_extr,Millones de pesos corrientes,
1940.0,Criterio CCNN,va_extr,Millones de pesos corrientes,
1941.0,Criterio CCNN,va_extr,Millones de pesos corrientes,
1942.0,Criterio CCNN,va_extr,Millones de pesos corrientes,
1943.0,Criterio CCNN,va_extr,Millones de pesos corrientes,
1944.0,Criterio CCNN,va_extr,Millones de pesos corrientes,
1945.0,Criterio CCNN,va_extr,Millones de pesos corrientes,
1946.0,Criterio CCNN,va_extr,Millones de pesos corrientes,
1947.0,Criterio CCNN,va_extr,Millones de pesos corrientes,
1948.0,Criterio CCNN,va_extr,Millones de pesos corrientes,
1949.0,Criterio CCNN,va_extr,Millones de pesos corrientes,
1950.0,Criterio CCNN,va_extr,Millones de pesos corrientes,
1951.0,Criterio CCNN,va_extr,Millones de pesos corrientes,
1952.0,Criterio CCNN,va_extr,Millones de pesos corrientes,
1953.0,Criterio CCNN,va_extr,Millones de pesos corrientes,
1954.0,Criterio CCNN,va_extr,Millones de pesos corrientes,
1955.0,Criterio CCNN,va_extr,Millones de pesos corrientes,
1956.0,Criterio CCNN,va_extr,Millones de pesos corrientes,
1957.0,Criterio CCNN,va_extr,Millones de pesos corrientes,
1958.0,Criterio CCNN,va_extr,Millones de pesos corrientes,
1959.0,Criterio CCNN,va_extr,Millones de pesos corrientes,
1960.0,Criterio CCNN,va_extr,Millones de pesos corrientes,
1961.0,Criterio CCNN,va_extr,Millones de pesos corrientes,
1962.0,Criterio CCNN,va_extr,Millones de pesos corrientes,
1963.0,Criterio CCNN,va_extr,Millones de pesos corrientes,
1964.0,Criterio CCNN,va_extr,Millones de pesos corrientes,
1965.0,Criterio CCNN,va_extr,Millones de pesos corrientes,
1966.0,Criterio CCNN,va_extr,Millones de pesos corrientes,
1967.0,Criterio CCNN,va_extr,Millones de pesos corrientes,
1968.0,Criterio CCNN,va_extr,Millones de pesos corrientes,
1969.0,Criterio CCNN,va_extr,Millones de pesos corrientes,
1970.0,Criterio CCNN,va_extr,Millones de pesos corrientes,
1971.0,Criterio CCNN,va_extr,Millones de pesos corrientes,
1972.0,Criterio CCNN,va_extr,Millones de pesos corrientes,
1973.0,Criterio CCNN,va_extr,Millones de pesos corrientes,
1974.0,Criterio CCNN,va_extr,Millones de pesos corrientes,
1975.0,Criterio CCNN,va_extr,Millones de pesos corrientes,
1976.0,Criterio CCNN,va_extr,Millones de pesos corrientes,
1977.0,Criterio CCNN,va_extr,Millones de pesos corrientes,
1978.0,Criterio CCNN,va_extr,Millones de pesos corrientes,
1979.0,Criterio CCNN,va_extr,Millones de pesos corrientes,
1980.0,Criterio CCNN,va_extr,Millones de pesos corrientes,
1981.0,Criterio CCNN,va_extr,Millones de pesos corrientes,
1982.0,Criterio CCNN,va_extr,Millones de pesos corrientes,
1983.0,Criterio CCNN,va_extr,Millones de pesos corrientes,
1984.0,Criterio CCNN,va_extr,Millones de pesos corrientes,
1985.0,Criterio CCNN,va_extr,Millones de pesos corrientes,
1986.0,Criterio CCNN,va_extr,Millones de pesos corrientes,
1987.0,Criterio CCNN,va_extr,Millones de pesos corrientes,
1988.0,Criterio CCNN,va_extr,Millones de pesos corrientes,
1989.0,Criterio CCNN,va_extr,Millones de pesos corrientes,
1990.0,Criterio CCNN,va_extr,Millones de pesos corrientes,
1991.0,Criterio CCNN,va_extr,Millones de pesos corrientes,
1992.0,Criterio CCNN,va_extr,Millones de pesos corrientes,
1993.0,Criterio CCNN,va_extr,Millones de pesos corrientes,1444.3132664522727
1993.0,Criterio CCNN,va_extr,Millones de pesos corrientes,1443.6249960622035
1994.0,Criterio CCNN,va_extr,Millones de pesos corrientes,1567.0459313886122
1994.0,Criterio CCNN,va_extr,Millones de pesos corrientes,1566.3837303957812
1995.0,Criterio CCNN,va_extr,Millones de pesos corrientes,1847.1257831280936
1995.0,Criterio CCNN,va_extr,Millones de pesos corrientes,1846.4089045943042
1996.0,Criterio CCNN,va_extr,Millones de pesos corrientes,2510.701787229679
1996.0,Criterio CCNN,va_extr,Millones de pesos corrientes,2509.3466212710996
1997.0,Criterio CCNN,va_extr,Millones de pesos corrientes,2607.9542728598053
1997.0,Criterio CCNN,va_extr,Millones de pesos corrientes,2606.6556028151304
1998.0,Criterio CCNN,va_extr,Millones de pesos corrientes,2247.741264264074
1998.0,Criterio CCNN,va_extr,Millones de pesos corrientes,2247.0204802318835
1999.0,Criterio CCNN,va_extr,Millones de pesos corrientes,2274.855103912873
1999.0,Criterio CCNN,va_extr,Millones de pesos corrientes,2274.0374516365387
2000.0,Criterio CCNN,va_extr,Millones de pesos corrientes,3076.8589366412743
2000.0,Criterio CCNN,va_extr,Millones de pesos corrientes,3076.068827846555
2001.0,Criterio CCNN,va_extr,Millones de pesos corrientes,3165.2087897276388
2001.0,Criterio CCNN,va_extr,Millones de pesos corrientes,3164.4727444594173
2002.0,Criterio CCNN,va_extr,Millones de pesos corrientes,11003.171167944838
2002.0,Criterio CCNN,va_extr,Millones de pesos corrientes,11002.703650728148
2003.0,Criterio CCNN,va_extr,Millones de pesos corrientes,11665.77907404908
2003.0,Criterio CCNN,va_extr,Millones de pesos corrientes,11665.100261910917
2004.0,Criterio CCNN,va_extr,Millones de pesos corrientes,14106.864168150008
2004.0,Criterio CCNN,va_extr,Millones de pesos corrientes,14106.122059404492
2005.0,Criterio CCNN,va_extr,Millones de pesos corrientes,17066.926893945798
2005.0,Criterio CCNN,va_extr,Millones de pesos corrientes,17066.926893945798
2006.0,Criterio CCNN,va_extr,Millones de pesos corrientes,20589.698879792544
2006.0,Criterio CCNN,va_extr,Millones de pesos corrientes,20589.698879792544
2007.0,Criterio CCNN,va_extr,Millones de pesos corrientes,19536.03855529873
2007.0,Criterio CCNN,va_extr,Millones de pesos corrientes,19536.03855529873
2008.0,Criterio CCNN,va_extr,Millones de pesos corrientes,20984.17336007321
2008.0,Criterio CCNN,va_extr,Millones de pesos corrientes,20984.17336007321
2009.0,Criterio CCNN,va_extr,Millones de pesos corrientes,25271.145487181973
2009.0,Criterio CCNN,va_extr,Millones de pesos corrientes,25271.145487181973
2010.0,Criterio CCNN,va_extr,Millones de pesos corrientes,31410.01378405944
2011.0,Criterio CCNN,va_extr,Millones de pesos corrientes,33720.454311869384
2012.0,Criterio CCNN,va_extr,Millones de pesos corrientes,39899.893806138214
2013.0,Criterio CCNN,va_extr,Millones de pesos corrientes,43986.13098117008
2014.0,Criterio CCNN,va_extr,Millones de pesos corrientes,80841.949980534
2015.0,Criterio CCNN,va_extr,Millones de pesos corrientes,87073.24794651929
2016.0,Criterio CCNN,va_extr,Millones de pesos corrientes,126255.19840213784
2017.0,Criterio CCNN,va_extr,Millones de pesos corrientes,137498.15110343226
2018.0,Criterio CCNN,va_extr,Millones de pesos corrientes,265224.74205011525
2019.0,Criterio CCNN,va_extr,Millones de pesos corrientes,406248.60634865257
2020.0,Criterio CCNN,va_extr,Millones de pesos corrientes,404587.6441979775
2021.0,Criterio CCNN,va_extr,Millones de pesos corrientes,597388.9807208052
2022.0,Criterio CCNN,va_extr,Millones de pesos corrientes,1065075.733837007
2023.0,Criterio CCNN,va_extr,Millones de pesos corrientes,2935100.216616299
2024.0,Criterio CCNN,va_extr,Millones de pesos corrientes,10500659.221954016
2025.0,Criterio CCNN,va_extr,Millones de pesos corrientes,12855717.260387728
2026.0,Criterio CCNN,va_extr,Millones de pesos corrientes,
1960.0,Empalme CCNN,va_extr,Millones de pesos corrientes,
1961.0,Empalme CCNN,va_extr,Millones de pesos corrientes,
1962.0,Empalme CCNN,va_extr,Millones de pesos corrientes,
1963.0,Empalme CCNN,va_extr,Millones de pesos corrientes,
1964.0,Empalme CCNN,va_extr,Millones de pesos corrientes,
1965.0,Empalme CCNN,va_extr,Millones de pesos corrientes,
1966.0,Empalme CCNN,va_extr,Millones de pesos corrientes,
1967.0,Empalme CCNN,va_extr,Millones de pesos corrientes,
1968.0,Empalme CCNN,va_extr,Millones de pesos corrientes,
1969.0,Empalme CCNN,va_extr,Millones de pesos corrientes,
1970.0,Empalme CCNN,va_extr,Millones de pesos corrientes,
1971.0,Empalme CCNN,va_extr,Millones de pesos corrientes,
1972.0,Empalme CCNN,va_extr,Millones de pesos corrientes,
1973.0,Empalme CCNN,va_extr,Millones de pesos corrientes,
1974.0,Empalme CCNN,va_extr,Millones de pesos corrientes,
1975.0,Empalme CCNN,va_extr,Millones de pesos corrientes,
1976.0,Empalme CCNN,va_extr,Millones de pesos corrientes,
1977.0,Empalme CCNN,va_extr,Millones de pesos corrientes,
1978.0,Empalme CCNN,va_extr,Millones de pesos corrientes,
1979.0,Empalme CCNN,va_extr,Millones de pesos corrientes,
1980.0,Empalme CCNN,va_extr,Millones de pesos corrientes,
1981.0,Empalme CCNN,va_extr,Millones de pesos corrientes,
1982.0,Empalme CCNN,va_extr,Millones de pesos corrientes,
1983.0,Empalme CCNN,va_extr,Millones de pesos corrientes,
1984.0,Empalme CCNN,va_extr,Millones de pesos corrientes,
1985.0,Empalme CCNN,va_extr,Millones de pesos corrientes,
1986.0,Empalme CCNN,va_extr,Millones de pesos corrientes,
1987.0,Empalme CCNN,va_extr,Millones de pesos corrientes,
1988.0,Empalme CCNN,va_extr,Millones de pesos corrientes,
1989.0,Empalme CCNN,va_extr,Millones de pesos corrientes,
1990.0,Empalme CCNN,va_extr,Millones de pesos corrientes,
1991.0,Empalme CCNN,va_extr,Millones de pesos corrientes,
1992.0,Empalme CCNN,va_extr,Millones de pesos corrientes,
1993.0,Empalme CCNN,va_extr,Millones de pesos corrientes,1973.8603509334457
1993.0,Empalme CCNN,va_extr,Millones de pesos corrientes,1972.9197311487806
1994.0,Empalme CCNN,va_extr,Millones de pesos corrientes,2141.5920658662494
1994.0,Empalme CCNN,va_extr,Millones de pesos corrientes,2140.687073636061
1995.0,Empalme CCNN,va_extr,Millones de pesos corrientes,2524.3611834011463
1995.0,Empalme CCNN,va_extr,Millones de pesos corrientes,2523.3814665023615
1996.0,Empalme CCNN,va_extr,Millones de pesos corrientes,3431.2325628660055
1996.0,Empalme CCNN,va_extr,Millones de pesos corrientes,3429.380535043021
1997.0,Empalme CCNN,va_extr,Millones de pesos corrientes,3564.1419737769475
1997.0,Empalme CCNN,va_extr,Millones de pesos corrientes,3562.367155688885
1998.0,Empalme CCNN,va_extr,Millones de pesos corrientes,3071.859453029876
1998.0,Empalme CCNN,va_extr,Millones de pesos corrientes,3070.8743987097555
1999.0,Empalme CCNN,va_extr,Millones de pesos corrientes,3108.9143872241675
1999.0,Empalme CCNN,va_extr,Millones de pesos corrientes,3107.7969486140028
2000.0,Empalme CCNN,va_extr,Millones de pesos corrientes,4204.967164339307
2000.0,Empalme CCNN,va_extr,Millones de pesos corrientes,4203.887367830443
2001.0,Empalme CCNN,va_extr,Millones de pesos corrientes,4325.709856432921
2001.0,Empalme CCNN,va_extr,Millones de pesos corrientes,4324.7039454542
2002.0,Empalme CCNN,va_extr,Millones de pesos corrientes,15037.404839664028
2002.0,Empalme CCNN,va_extr,Millones de pesos corrientes,15036.765910618067
2003.0,Empalme CCNN,va_extr,Millones de pesos corrientes,15942.953174954773
2003.0,Empalme CCNN,va_extr,Millones de pesos corrientes,15942.025481222137
2004.0,Empalme CCNN,va_extr,Millones de pesos corrientes,19279.044584220854
2004.0,Empalme CCNN,va_extr,Millones de pesos corrientes,19279.044584220854
2005.0,Empalme CCNN,va_extr,Millones de pesos corrientes,22272.81029689399
2005.0,Empalme CCNN,va_extr,Millones de pesos corrientes,22272.81029689399
2006.0,Empalme CCNN,va_extr,Millones de pesos corrientes,29951.88196832205
2006.0,Empalme CCNN,va_extr,Millones de pesos corrientes,29951.88196832205
2007.0,Empalme CCNN,va_extr,Millones de pesos corrientes,28334.314258228485
2007.0,Empalme CCNN,va_extr,Millones de pesos corrientes,28334.314258228485
2008.0,Empalme CCNN,va_extr,Millones de pesos corrientes,31291.835553306784
2008.0,Empalme CCNN,va_extr,Millones de pesos corrientes,31291.835553306784
2009.0,Empalme CCNN,va_extr,Millones de pesos corrientes,36280.276649194086
2009.0,Empalme CCNN,va_extr,Millones de pesos corrientes,36280.276649194086
2010.0,Empalme CCNN,va_extr,Millones de pesos corrientes,43364.31896985633
2011.0,Empalme CCNN,va_extr,Millones de pesos corrientes,48078.00024847285
2012.0,Empalme CCNN,va_extr,Millones de pesos corrientes,56806.73250871972
2013.0,Empalme CCNN,va_extr,Millones de pesos corrientes,67739.37269442248
2014.0,Empalme CCNN,va_extr,Millones de pesos corrientes,124199.40359720193
2015.0,Empalme CCNN,va_extr,Millones de pesos corrientes,137337.52855027685
2016.0,Empalme CCNN,va_extr,Millones de pesos corrientes,192914.82217706795
2017.0,Empalme CCNN,va_extr,Millones de pesos corrientes,224554.08084910896
2018.0,Empalme CCNN,va_extr,Millones de pesos corrientes,426780.49746369827
2019.0,Empalme CCNN,va_extr,Millones de pesos corrientes,621615.8767325701
2020.0,Empalme CCNN,va_extr,Millones de pesos corrientes,576593.622620163
2021.0,Empalme CCNN,va_extr,Millones de pesos corrientes,1073392.4191520761
2022.0,Empalme CCNN,va_extr,Millones de pesos corrientes,1723306.6638730618
2023.0,Empalme CCNN,va_extr,Millones de pesos corrientes,4983133.527649638
2024.0,Empalme CCNN,va_extr,Millones de pesos corrientes,16446367.889113855
2025.0,Empalme CCNN,va_extr,Millones de pesos corrientes,22066296.5393474
2026.0,Empalme CCNN,va_extr,Millones de pesos corrientes,
2027.0,Empalme CCNN,va_extr,Millones de pesos corrientes,
2028.0,Empalme CCNN,va_extr,Millones de pesos corrientes,
2029.0,Empalme CCNN,va_extr,Millones de pesos corrientes,
2030.0,Empalme CCNN,va_extr,Millones de pesos corrientes,
1922.0,Criterio propio,va_extr,Millones de pesos corrientes,
1923.0,Criterio propio,va_extr,Millones de pesos corrientes,
1924.0,Criterio propio,va_extr,Millones de pesos corrientes,
1925.0,Criterio propio,va_extr,Millones de pesos corrientes,
1926.0,Criterio propio,va_extr,Millones de pesos corrientes,
1927.0,Criterio propio,va_extr,Millones de pesos corrientes,
1928.0,Criterio propio,va_extr,Millones de pesos corrientes,
1929.0,Criterio propio,va_extr,Millones de pesos corrientes,
1930.0,Criterio propio,va_extr,Millones de pesos corrientes,
1931.0,Criterio propio,va_extr,Millones de pesos corrientes,
1932.0,Criterio propio,va_extr,Millones de pesos corrientes,
1933.0,Criterio propio,va_extr,Millones de pesos corrientes,
1934.0,Criterio propio,va_extr,Millones de pesos corrientes,
1935.0,Criterio propio,va_extr,Millones de pesos corrientes,
1936.0,Criterio propio,va_extr,Millones de pesos corrientes,
1937.0,Criterio propio,va_extr,Millones de pesos corrientes,
1938.0,Criterio propio,va_extr,Millones de pesos corrientes,
1939.0,Criterio propio,va_extr,Millones de pesos corrientes,
1940.0,Criterio propio,va_extr,Millones de pesos corrientes,
1941.0,Criterio propio,va_extr,Millones de pesos corrientes,
1942.0,Criterio propio,va_extr,Millones de pesos corrientes,
1943.0,Criterio propio,va_extr,Millones de pesos corrientes,
1944.0,Criterio propio,va_extr,Millones de pesos corrientes,
1945.0,Criterio propio,va_extr,Millones de pesos corrientes,
1946.0,Criterio propio,va_extr,Millones de pesos corrientes,
1947.0,Criterio propio,va_extr,Millones de pesos corrientes,
1948.0,Criterio propio,va_extr,Millones de pesos corrientes,
1949.0,Criterio propio,va_extr,Millones de pesos corrientes,
1950.0,Criterio propio,va_extr,Millones de pesos corrientes,
1951.0,Criterio propio,va_extr,Millones de pesos corrientes,
1952.0,Criterio propio,va_extr,Millones de pesos corrientes,
1953.0,Criterio propio,va_extr,Millones de pesos corrientes,
1954.0,Criterio propio,va_extr,Millones de pesos corrientes,
1955.0,Criterio propio,va_extr,Millones de pesos corrientes,
1956.0,Criterio propio,va_extr,Millones de pesos corrientes,
1957.0,Criterio propio,va_extr,Millones de pesos corrientes,
1958.0,Criterio propio,va_extr,Millones de pesos corrientes,
1959.0,Criterio propio,va_extr,Millones de pesos corrientes,
1960.0,Criterio propio,va_extr,Millones de pesos corrientes,
1961.0,Criterio propio,va_extr,Millones de pesos corrientes,
1962.0,Criterio propio,va_extr,Millones de pesos corrientes,
1963.0,Criterio propio,va_extr,Millones de pesos corrientes,
1964.0,Criterio propio,va_extr,Millones de pesos corrientes,
1965.0,Criterio propio,va_extr,Millones de pesos corrientes,
1966.0,Criterio propio,va_extr,Millones de pesos corrientes,
1967.0,Criterio propio,va_extr,Millones de pesos corrientes,
1968.0,Criterio propio,va_extr,Millones de pesos corrientes,
1969.0,Criterio propio,va_extr,Millones de pesos corrientes,
1970.0,Criterio propio,va_extr,Millones de pesos corrientes,
1971.0,Criterio propio,va_extr,Millones de pesos corrientes,
1972.0,Criterio propio,va_extr,Millones de pesos corrientes,
1973.0,Criterio propio,va_extr,Millones de pesos corrientes,
1974.0,Criterio propio,va_extr,Millones de pesos corrientes,
1975.0,Criterio propio,va_extr,Millones de pesos corrientes,
1976.0,Criterio propio,va_extr,Millones de pesos corrientes,
1977.0,Criterio propio,va_extr,Millones de pesos corrientes,
1978.0,Criterio propio,va_extr,Millones de pesos corrientes,
1979.0,Criterio propio,va_extr,Millones de pesos corrientes,
1980.0,Criterio propio,va_extr,Millones de pesos corrientes,
1981.0,Criterio propio,va_extr,Millones de pesos corrientes,
1982.0,Criterio propio,va_extr,Millones de pesos corrientes,
1983.0,Criterio propio,va_extr,Millones de pesos corrientes,
1984.0,Criterio propio,va_extr,Millones de pesos corrientes,
1985.0,Criterio propio,va_extr,Millones de pesos corrientes,
1986.0,Criterio propio,va_extr,Millones de pesos corrientes,
1987.0,Criterio propio,va_extr,Millones de pesos corrientes,
1988.0,Criterio propio,va_extr,Millones de pesos corrientes,
1989.0,Criterio propio,va_extr,Millones de pesos corrientes,
1990.0,Criterio propio,va_extr,Millones de pesos corrientes,
1991.0,Criterio propio,va_extr,Millones de pesos corrientes,
1992.0,Criterio propio,va_extr,Millones de pesos corrientes,
1993.0,Criterio propio,va_extr,Millones de pesos corrientes,7215.047282674015
1993.0,Criterio propio,va_extr,Millones de pesos corrientes,7214.1066628893495
1994.0,Criterio propio,va_extr,Millones de pesos corrientes,
1994.0,Criterio propio,va_extr,Millones de pesos corrientes,
1995.0,Criterio propio,va_extr,Millones de pesos corrientes,
1995.0,Criterio propio,va_extr,Millones de pesos corrientes,
1996.0,Criterio propio,va_extr,Millones de pesos corrientes,
1996.0,Criterio propio,va_extr,Millones de pesos corrientes,
1997.0,Criterio propio,va_extr,Millones de pesos corrientes,
1997.0,Criterio propio,va_extr,Millones de pesos corrientes,
1998.0,Criterio propio,va_extr,Millones de pesos corrientes,5230.868453366841
1998.0,Criterio propio,va_extr,Millones de pesos corrientes,5229.883399046721
1999.0,Criterio propio,va_extr,Millones de pesos corrientes,5538.826689209494
1999.0,Criterio propio,va_extr,Millones de pesos corrientes,5537.70925059933
2000.0,Criterio propio,va_extr,Millones de pesos corrientes,8875.447361190805
2000.0,Criterio propio,va_extr,Millones de pesos corrientes,8874.367564681941
2001.0,Criterio propio,va_extr,Millones de pesos corrientes,9412.261136375668
2001.0,Criterio propio,va_extr,Millones de pesos corrientes,9411.255225396948
2002.0,Criterio propio,va_extr,Millones de pesos corrientes,14095.119175674907
2002.0,Criterio propio,va_extr,Millones de pesos corrientes,14094.480246628946
2003.0,Criterio propio,va_extr,Millones de pesos corrientes,18416.307554008003
2003.0,Criterio propio,va_extr,Millones de pesos corrientes,18415.379860275367
2004.0,Criterio propio,va_extr,Millones de pesos corrientes,27158.569581335847
2004.0,Criterio propio,va_extr,Millones de pesos corrientes,27157.555383749437
2005.0,Criterio propio,va_extr,Millones de pesos corrientes,43940.70554974125
2005.0,Criterio propio,va_extr,Millones de pesos corrientes,43940.70554974125
2006.0,Criterio propio,va_extr,Millones de pesos corrientes,55550.988703123454
2006.0,Criterio propio,va_extr,Millones de pesos corrientes,55550.988703123454
2007.0,Criterio propio,va_extr,Millones de pesos corrientes,53925.64820972627
2007.0,Criterio propio,va_extr,Millones de pesos corrientes,53925.64820972627
2008.0,Criterio propio,va_extr,Millones de pesos corrientes,92446.79703254791
2008.0,Criterio propio,va_extr,Millones de pesos corrientes,92446.79703254791
2009.0,Criterio propio,va_extr,Millones de pesos corrientes,77740.95109433064
2009.0,Criterio propio,va_extr,Millones de pesos corrientes,77740.95109433064
2010.0,Criterio propio,va_extr,Millones de pesos corrientes,129831.1283931339
2011.0,Criterio propio,va_extr,Millones de pesos corrientes,209904.11423016465
2012.0,Criterio propio,va_extr,Millones de pesos corrientes,317058.2123380661
2013.0,Criterio propio,va_extr,Millones de pesos corrientes,412236.7448749882
2014.0,Criterio propio,va_extr,Millones de pesos corrientes,571067.8643077346
2015.0,Criterio propio,va_extr,Millones de pesos corrientes,446861.59472875565
2016.0,Criterio propio,va_extr,Millones de pesos corrientes,402212.01576016686
2017.0,Criterio propio,va_extr,Millones de pesos corrientes,568471.6647862804
2018.0,Criterio propio,va_extr,Millones de pesos corrientes,889378.8295988722
2019.0,Criterio propio,va_extr,Millones de pesos corrientes,1462299.2655991055
2020.0,Criterio propio,va_extr,Millones de pesos corrientes,1101913.4567516376
2021.0,Criterio propio,va_extr,Millones de pesos corrientes,1460202.4864972648
2022.0,Criterio propio,va_extr,Millones de pesos corrientes,3714999.5969866742
2023.0,Criterio propio,va_extr,Millones de pesos corrientes,8739305.706254471
2024.0,Criterio propio,va_extr,Millones de pesos corrientes,34935019.590782315
2025.0,Criterio propio,va_extr,Millones de pesos corrientes,36888624.27928029
2026.0,Criterio propio,va_extr,Millones de pesos corrientes,
2004.0,CCNN oficial,ebe_tot,Millones de pesos corrientes,19635.78730147985
2005.0,CCNN oficial,ebe_tot,Millones de pesos corrientes,22256.351129307997
2006.0,CCNN oficial,ebe_tot,Millones de pesos corrientes,29879.262245591854
2007.0,CCNN oficial,ebe_tot,Millones de pesos corrientes,26757.552852281446
2008.0,CCNN oficial,ebe_tot,Millones de pesos corrientes,27653.55059074604
2009.0,CCNN oficial,ebe_tot,Millones de pesos corrientes,31810.53230438016
2010.0,CCNN oficial,ebe_tot,Millones de pesos corrientes,37097.71387509091
2011.0,CCNN oficial,ebe_tot,Millones de pesos corrientes,37727.07758584678
2012.0,CCNN oficial,ebe_tot,Millones de pesos corrientes,43630.78151939508
2013.0,CCNN oficial,ebe_tot,Millones de pesos corrientes,49821.38697499996
2014.0,CCNN oficial,ebe_tot,Millones de pesos corrientes,100602.67786942233
2015.0,CCNN oficial,ebe_tot,Millones de pesos corrientes,102174.27746677812
2016.0,CCNN oficial,ebe_tot,Millones de pesos corrientes,156797.53637496458
2017.0,CCNN oficial,ebe_tot,Millones de pesos corrientes,182416.04432386966
2018.0,CCNN oficial,ebe_tot,Millones de pesos corrientes,381844.7841019854
2019.0,CCNN oficial,ebe_tot,Millones de pesos corrientes,541569.3502890046
2020.0,CCNN oficial,ebe_tot,Millones de pesos corrientes,472836.3002228209
2021.0,CCNN oficial,ebe_tot,Millones de pesos corrientes,938223.3542082065
2022.0,CCNN oficial,ebe_tot,Millones de pesos corrientes,1391111.4968460018
2023.0,CCNN oficial,ebe_tot,Millones de pesos corrientes,4197850.0372989485
2024.0,CCNN oficial,ebe_tot,Millones de pesos corrientes,13798607.992303643
2025.0,CCNN oficial,ebe_tot,Millones de pesos corrientes,
1922.0,Criterio CCNN,ebe_tot,Millones de pesos corrientes,
1923.0,Criterio CCNN,ebe_tot,Millones de pesos corrientes,
1924.0,Criterio CCNN,ebe_tot,Millones de pesos corrientes,
1925.0,Criterio CCNN,ebe_tot,Millones de pesos corrientes,
1926.0,Criterio CCNN,ebe_tot,Millones de pesos corrientes,
1927.0,Criterio CCNN,ebe_tot,Millones de pesos corrientes,
1928.0,Criterio CCNN,ebe_tot,Millones de pesos corrientes,
1929.0,Criterio CCNN,ebe_tot,Millones de pesos corrientes,
1930.0,Criterio CCNN,ebe_tot,Millones de pesos corrientes,
1931.0,Criterio CCNN,ebe_tot,Millones de pesos corrientes,
1932.0,Criterio CCNN,ebe_tot,Millones de pesos corrientes,
1933.0,Criterio CCNN,ebe_tot,Millones de pesos corrientes,
1934.0,Criterio CCNN,ebe_tot,Millones de pesos corrientes,
1935.0,Criterio CCNN,ebe_tot,Millones de pesos corrientes,
1936.0,Criterio CCNN,ebe_tot,Millones de pesos corrientes,
1937.0,Criterio CCNN,ebe_tot,Millones de pesos corrientes,
1938.0,Criterio CCNN,ebe_tot,Millones de pesos corrientes,
1939.0,Criterio CCNN,ebe_tot,Millones de pesos corrientes,
1940.0,Criterio CCNN,ebe_tot,Millones de pesos corrientes,
1941.0,Criterio CCNN,ebe_tot,Millones de pesos corrientes,
1942.0,Criterio CCNN,ebe_tot,Millones de pesos corrientes,
1943.0,Criterio CCNN,ebe_tot,Millones de pesos corrientes,
1944.0,Criterio CCNN,ebe_tot,Millones de pesos corrientes,
1945.0,Criterio CCNN,ebe_tot,Millones de pesos corrientes,
1946.0,Criterio CCNN,ebe_tot,Millones de pesos corrientes,
1947.0,Criterio CCNN,ebe_tot,Millones de pesos corrientes,
1948.0,Criterio CCNN,ebe_tot,Millones de pesos corrientes,
1949.0,Criterio CCNN,ebe_tot,Millones de pesos corrientes,
1950.0,Criterio CCNN,ebe_tot,Millones de pesos corrientes,
1951.0,Criterio CCNN,ebe_tot,Millones de pesos corrientes,
1952.0,Criterio CCNN,ebe_tot,Millones de pesos corrientes,
1953.0,Criterio CCNN,ebe_tot,Millones de pesos corrientes,
1954.0,Criterio CCNN,ebe_tot,Millones de pesos corrientes,
1955.0,Criterio CCNN,ebe_tot,Millones de pesos corrientes,
1956.0,Criterio CCNN,ebe_tot,Millones de pesos corrientes,
1957.0,Criterio CCNN,ebe_tot,Millones de pesos corrientes,
1958.0,Criterio CCNN,ebe_tot,Millones de pesos corrientes,
1959.0,Criterio CCNN,ebe_tot,Millones de pesos corrientes,
1960.0,Criterio CCNN,ebe_tot,Millones de pesos corrientes,
1961.0,Criterio CCNN,ebe_tot,Millones de pesos corrientes,
1962.0,Criterio CCNN,ebe_tot,Millones de pesos corrientes,
1963.0,Criterio CCNN,ebe_tot,Millones de pesos corrientes,
1964.0,Criterio CCNN,ebe_tot,Millones de pesos corrientes,
1965.0,Criterio CCNN,ebe_tot,Millones de pesos corrientes,
1966.0,Criterio CCNN,ebe_tot,Millones de pesos corrientes,
1967.0,Criterio CCNN,ebe_tot,Millones de pesos corrientes,
1968.0,Criterio CCNN,ebe_tot,Millones de pesos corrientes,
1969.0,Criterio CCNN,ebe_tot,Millones de pesos corrientes,
1970.0,Criterio CCNN,ebe_tot,Millones de pesos corrientes,
1971.0,Criterio CCNN,ebe_tot,Millones de pesos corrientes,
1972.0,Criterio CCNN,ebe_tot,Millones de pesos corrientes,
1973.0,Criterio CCNN,ebe_tot,Millones de pesos corrientes,
1974.0,Criterio CCNN,ebe_tot,Millones de pesos corrientes,
1975.0,Criterio CCNN,ebe_tot,Millones de pesos corrientes,
1976.0,Criterio CCNN,ebe_tot,Millones de pesos corrientes,
1977.0,Criterio CCNN,ebe_tot,Millones de pesos corrientes,
1978.0,Criterio CCNN,ebe_tot,Millones de pesos corrientes,
1979.0,Criterio CCNN,ebe_tot,Millones de pesos corrientes,
1980.0,Criterio CCNN,ebe_tot,Millones de pesos corrientes,
1981.0,Criterio CCNN,ebe_tot,Millones de pesos corrientes,
1982.0,Criterio CCNN,ebe_tot,Millones de pesos corrientes,
1983.0,Criterio CCNN,ebe_tot,Millones de pesos corrientes,
1984.0,Criterio CCNN,ebe_tot,Millones de pesos corrientes,
1985.0,Criterio CCNN,ebe_tot,Millones de pesos corrientes,
1986.0,Criterio CCNN,ebe_tot,Millones de pesos corrientes,
1987.0,Criterio CCNN,ebe_tot,Millones de pesos corrientes,
1988.0,Criterio CCNN,ebe_tot,Millones de pesos corrientes,
1989.0,Criterio CCNN,ebe_tot,Millones de pesos corrientes,
1990.0,Criterio CCNN,ebe_tot,Millones de pesos corrientes,
1991.0,Criterio CCNN,ebe_tot,Millones de pesos corrientes,
1992.0,Criterio CCNN,ebe_tot,Millones de pesos corrientes,
1993.0,Criterio CCNN,ebe_tot,Millones de pesos corrientes,1168.0480083167886
1993.0,Criterio CCNN,ebe_tot,Millones de pesos corrientes,1167.2856424441334
1994.0,Criterio CCNN,ebe_tot,Millones de pesos corrientes,1271.2027326175432
1994.0,Criterio CCNN,ebe_tot,Millones de pesos corrientes,1270.4692426330014
1995.0,Criterio CCNN,ebe_tot,Millones de pesos corrientes,1500.1518794118217
1995.0,Criterio CCNN,ebe_tot,Millones de pesos corrientes,1499.3578255968011
1996.0,Criterio CCNN,ebe_tot,Millones de pesos corrientes,2052.3855973016634
1996.0,Criterio CCNN,ebe_tot,Millones de pesos corrientes,2050.884541476058
1997.0,Criterio CCNN,ebe_tot,Millones de pesos corrientes,2151.4273082462323
1997.0,Criterio CCNN,ebe_tot,Millones de pesos corrientes,2149.9888303802873
1998.0,Criterio CCNN,ebe_tot,Millones de pesos corrientes,1941.087807358556
1998.0,Criterio CCNN,ebe_tot,Millones de pesos corrientes,1940.2894276002153
1999.0,Criterio CCNN,ebe_tot,Millones de pesos corrientes,1853.4492391911417
1999.0,Criterio CCNN,ebe_tot,Millones de pesos corrientes,1852.543562875307
2000.0,Criterio CCNN,ebe_tot,Millones de pesos corrientes,2415.8815819359306
2000.0,Criterio CCNN,ebe_tot,Millones de pesos corrientes,2415.0064142845686
2001.0,Criterio CCNN,ebe_tot,Millones de pesos corrientes,2619.1979912407505
2001.0,Criterio CCNN,ebe_tot,Millones de pesos corrientes,2618.3827073039165
2002.0,Criterio CCNN,ebe_tot,Millones de pesos corrientes,10169.613933200628
2002.0,Criterio CCNN,ebe_tot,Millones de pesos corrientes,10169.096085598834
2003.0,Criterio CCNN,ebe_tot,Millones de pesos corrientes,10654.471153008417
2003.0,Criterio CCNN,ebe_tot,Millones de pesos corrientes,10653.719263612118
2004.0,Criterio CCNN,ebe_tot,Millones de pesos corrientes,13025.057966893455
2004.0,Criterio CCNN,ebe_tot,Millones de pesos corrientes,13024.235966718024
2005.0,Criterio CCNN,ebe_tot,Millones de pesos corrientes,15809.43604616093
2005.0,Criterio CCNN,ebe_tot,Millones de pesos corrientes,15809.43604616093
2006.0,Criterio CCNN,ebe_tot,Millones de pesos corrientes,19016.316765754716
2006.0,Criterio CCNN,ebe_tot,Millones de pesos corrientes,19016.316765754716
2007.0,Criterio CCNN,ebe_tot,Millones de pesos corrientes,17673.81733845858
2007.0,Criterio CCNN,ebe_tot,Millones de pesos corrientes,17673.81733845858
2008.0,Criterio CCNN,ebe_tot,Millones de pesos corrientes,18833.283120771273
2008.0,Criterio CCNN,ebe_tot,Millones de pesos corrientes,18833.283120771273
2009.0,Criterio CCNN,ebe_tot,Millones de pesos corrientes,23065.10621666694
2009.0,Criterio CCNN,ebe_tot,Millones de pesos corrientes,23065.10621666694
2010.0,Criterio CCNN,ebe_tot,Millones de pesos corrientes,28662.749398524706
2011.0,Criterio CCNN,ebe_tot,Millones de pesos corrientes,30258.564412232652
2012.0,Criterio CCNN,ebe_tot,Millones de pesos corrientes,35609.95916310836
2013.0,Criterio CCNN,ebe_tot,Millones de pesos corrientes,38857.310986991004
2014.0,Criterio CCNN,ebe_tot,Millones de pesos corrientes,74264.06605625496
2015.0,Criterio CCNN,ebe_tot,Millones de pesos corrientes,80095.00736118545
2016.0,Criterio CCNN,ebe_tot,Millones de pesos corrientes,116073.49462469113
2017.0,Criterio CCNN,ebe_tot,Millones de pesos corrientes,126767.75873274473
2018.0,Criterio CCNN,ebe_tot,Millones de pesos corrientes,241105.4405870893
2019.0,Criterio CCNN,ebe_tot,Millones de pesos corrientes,373459.95061727584
2020.0,Criterio CCNN,ebe_tot,Millones de pesos corrientes,371520.09140802815
2021.0,Criterio CCNN,ebe_tot,Millones de pesos corrientes,531902.6736791355
2022.0,Criterio CCNN,ebe_tot,Millones de pesos corrientes,923801.8765302466
2023.0,Criterio CCNN,ebe_tot,Millones de pesos corrientes,2644100.4350743955
2024.0,Criterio CCNN,ebe_tot,Millones de pesos corrientes,9425353.272647873
2025.0,Criterio CCNN,ebe_tot,Millones de pesos corrientes,11535066.227882897
2026.0,Criterio CCNN,ebe_tot,Millones de pesos corrientes,
1960.0,Empalme CCNN,ebe_tot,Millones de pesos corrientes,
1961.0,Empalme CCNN,ebe_tot,Millones de pesos corrientes,
1962.0,Empalme CCNN,ebe_tot,Millones de pesos corrientes,
1963.0,Empalme CCNN,ebe_tot,Millones de pesos corrientes,
1964.0,Empalme CCNN,ebe_tot,Millones de pesos corrientes,
1965.0,Empalme CCNN,ebe_tot,Millones de pesos corrientes,
1966.0,Empalme CCNN,ebe_tot,Millones de pesos corrientes,
1967.0,Empalme CCNN,ebe_tot,Millones de pesos corrientes,
1968.0,Empalme CCNN,ebe_tot,Millones de pesos corrientes,
1969.0,Empalme CCNN,ebe_tot,Millones de pesos corrientes,
1970.0,Empalme CCNN,ebe_tot,Millones de pesos corrientes,
1971.0,Empalme CCNN,ebe_tot,Millones de pesos corrientes,
1972.0,Empalme CCNN,ebe_tot,Millones de pesos corrientes,
1973.0,Empalme CCNN,ebe_tot,Millones de pesos corrientes,
1974.0,Empalme CCNN,ebe_tot,Millones de pesos corrientes,
1975.0,Empalme CCNN,ebe_tot,Millones de pesos corrientes,
1976.0,Empalme CCNN,ebe_tot,Millones de pesos corrientes,
1977.0,Empalme CCNN,ebe_tot,Millones de pesos corrientes,
1978.0,Empalme CCNN,ebe_tot,Millones de pesos corrientes,
1979.0,Empalme CCNN,ebe_tot,Millones de pesos corrientes,
1980.0,Empalme CCNN,ebe_tot,Millones de pesos corrientes,
1981.0,Empalme CCNN,ebe_tot,Millones de pesos corrientes,
1982.0,Empalme CCNN,ebe_tot,Millones de pesos corrientes,
1983.0,Empalme CCNN,ebe_tot,Millones de pesos corrientes,
1984.0,Empalme CCNN,ebe_tot,Millones de pesos corrientes,
1985.0,Empalme CCNN,ebe_tot,Millones de pesos corrientes,
1986.0,Empalme CCNN,ebe_tot,Millones de pesos corrientes,
1987.0,Empalme CCNN,ebe_tot,Millones de pesos corrientes,
1988.0,Empalme CCNN,ebe_tot,Millones de pesos corrientes,
1989.0,Empalme CCNN,ebe_tot,Millones de pesos corrientes,
1990.0,Empalme CCNN,ebe_tot,Millones de pesos corrientes,
1991.0,Empalme CCNN,ebe_tot,Millones de pesos corrientes,
1992.0,Empalme CCNN,ebe_tot,Millones de pesos corrientes,
1993.0,Empalme CCNN,ebe_tot,Millones de pesos corrientes,1596.3044203467998
1993.0,Empalme CCNN,ebe_tot,Millones de pesos corrientes,1595.2625385030951
1994.0,Empalme CCNN,ebe_tot,Millones de pesos corrientes,1737.2800833405167
1994.0,Empalme CCNN,ebe_tot,Millones de pesos corrientes,1736.2776645218833
1995.0,Empalme CCNN,ebe_tot,Millones de pesos corrientes,2050.171790239618
1995.0,Empalme CCNN,ebe_tot,Millones de pesos corrientes,2049.086602297097
1996.0,Empalme CCNN,ebe_tot,Millones de pesos corrientes,2804.878034037278
1996.0,Empalme CCNN,ebe_tot,Millones de pesos corrientes,2802.8266268754655
1997.0,Empalme CCNN,ebe_tot,Millones de pesos corrientes,2940.2326768719986
1997.0,Empalme CCNN,ebe_tot,Millones de pesos corrientes,2938.2667914292524
1998.0,Empalme CCNN,ebe_tot,Millones de pesos corrientes,2652.77370887599
1998.0,Empalme CCNN,ebe_tot,Millones de pesos corrientes,2651.6826089141045
1999.0,Empalme CCNN,ebe_tot,Millones de pesos corrientes,2533.0030892076193
1999.0,Empalme CCNN,ebe_tot,Millones de pesos corrientes,2531.765353176158
2000.0,Empalme CCNN,ebe_tot,Millones de pesos corrientes,3301.647210405431
2000.0,Empalme CCNN,ebe_tot,Millones de pesos corrientes,3300.451168821125
2001.0,Empalme CCNN,ebe_tot,Millones de pesos corrientes,3579.5081207373805
2001.0,Empalme CCNN,ebe_tot,Millones de pesos corrientes,3578.393918801382
2002.0,Empalme CCNN,ebe_tot,Millones de pesos corrientes,13898.229832335597
2002.0,Empalme CCNN,ebe_tot,Millones de pesos corrientes,13897.522119630361
2003.0,Empalme CCNN,ebe_tot,Millones de pesos corrientes,14560.856469002334
2003.0,Empalme CCNN,ebe_tot,Millones de pesos corrientes,14559.828904759786
2004.0,Empalme CCNN,ebe_tot,Millones de pesos corrientes,19635.78730147985
2004.0,Empalme CCNN,ebe_tot,Millones de pesos corrientes,19635.78730147985
2005.0,Empalme CCNN,ebe_tot,Millones de pesos corrientes,22256.351129307997
2005.0,Empalme CCNN,ebe_tot,Millones de pesos corrientes,22256.351129307997
2006.0,Empalme CCNN,ebe_tot,Millones de pesos corrientes,29879.262245591854
2006.0,Empalme CCNN,ebe_tot,Millones de pesos corrientes,29879.262245591854
2007.0,Empalme CCNN,ebe_tot,Millones de pesos corrientes,26757.552852281446
2007.0,Empalme CCNN,ebe_tot,Millones de pesos corrientes,26757.552852281446
2008.0,Empalme CCNN,ebe_tot,Millones de pesos corrientes,27653.55059074604
2008.0,Empalme CCNN,ebe_tot,Millones de pesos corrientes,27653.55059074604
2009.0,Empalme CCNN,ebe_tot,Millones de pesos corrientes,31810.53230438016
2009.0,Empalme CCNN,ebe_tot,Millones de pesos corrientes,31810.53230438016
2010.0,Empalme CCNN,ebe_tot,Millones de pesos corrientes,37097.71387509091
2011.0,Empalme CCNN,ebe_tot,Millones de pesos corrientes,37727.07758584678
2012.0,Empalme CCNN,ebe_tot,Millones de pesos corrientes,43630.78151939508
2013.0,Empalme CCNN,ebe_tot,Millones de pesos corrientes,49821.38697499996
2014.0,Empalme CCNN,ebe_tot,Millones de pesos corrientes,100602.67786942233
2015.0,Empalme CCNN,ebe_tot,Millones de pesos corrientes,102174.27746677812
2016.0,Empalme CCNN,ebe_tot,Millones de pesos corrientes,156797.53637496458
2017.0,Empalme CCNN,ebe_tot,Millones de pesos corrientes,182416.04432386966
2018.0,Empalme CCNN,ebe_tot,Millones de pesos corrientes,381844.7841019854
2019.0,Empalme CCNN,ebe_tot,Millones de pesos corrientes,541569.3502890046
2020.0,Empalme CCNN,ebe_tot,Millones de pesos corrientes,472836.3002228209
2021.0,Empalme CCNN,ebe_tot,Millones de pesos corrientes,938223.3542082065
2022.0,Empalme CCNN,ebe_tot,Millones de pesos corrientes,1391111.4968460018
2023.0,Empalme CCNN,ebe_tot,Millones de pesos corrientes,4197850.0372989485
2024.0,Empalme CCNN,ebe_tot,Millones de pesos corrientes,13798607.992303643
2025.0,Empalme CCNN,ebe_tot,Millones de pesos corrientes,19799454.735192165
2026.0,Empalme CCNN,ebe_tot,Millones de pesos corrientes,
2027.0,Empalme CCNN,ebe_tot,Millones de pesos corrientes,
2028.0,Empalme CCNN,ebe_tot,Millones de pesos corrientes,
2029.0,Empalme CCNN,ebe_tot,Millones de pesos corrientes,
2030.0,Empalme CCNN,ebe_tot,Millones de pesos corrientes,
1922.0,Criterio propio,ebe_tot,Millones de pesos corrientes,
1923.0,Criterio propio,ebe_tot,Millones de pesos corrientes,
1924.0,Criterio propio,ebe_tot,Millones de pesos corrientes,
1925.0,Criterio propio,ebe_tot,Millones de pesos corrientes,
1926.0,Criterio propio,ebe_tot,Millones de pesos corrientes,
1927.0,Criterio propio,ebe_tot,Millones de pesos corrientes,
1928.0,Criterio propio,ebe_tot,Millones de pesos corrientes,
1929.0,Criterio propio,ebe_tot,Millones de pesos corrientes,
1930.0,Criterio propio,ebe_tot,Millones de pesos corrientes,
1931.0,Criterio propio,ebe_tot,Millones de pesos corrientes,
1932.0,Criterio propio,ebe_tot,Millones de pesos corrientes,
1933.0,Criterio propio,ebe_tot,Millones de pesos corrientes,
1934.0,Criterio propio,ebe_tot,Millones de pesos corrientes,
1935.0,Criterio propio,ebe_tot,Millones de pesos corrientes,
1936.0,Criterio propio,ebe_tot,Millones de pesos corrientes,
1937.0,Criterio propio,ebe_tot,Millones de pesos corrientes,
1938.0,Criterio propio,ebe_tot,Millones de pesos corrientes,
1939.0,Criterio propio,ebe_tot,Millones de pesos corrientes,
1940.0,Criterio propio,ebe_tot,Millones de pesos corrientes,
1941.0,Criterio propio,ebe_tot,Millones de pesos corrientes,
1942.0,Criterio propio,ebe_tot,Millones de pesos corrientes,
1943.0,Criterio propio,ebe_tot,Millones de pesos corrientes,
1944.0,Criterio propio,ebe_tot,Millones de pesos corrientes,
1945.0,Criterio propio,ebe_tot,Millones de pesos corrientes,
1946.0,Criterio propio,ebe_tot,Millones de pesos corrientes,
1947.0,Criterio propio,ebe_tot,Millones de pesos corrientes,
1948.0,Criterio propio,ebe_tot,Millones de pesos corrientes,
1949.0,Criterio propio,ebe_tot,Millones de pesos corrientes,
1950.0,Criterio propio,ebe_tot,Millones de pesos corrientes,
1951.0,Criterio propio,ebe_tot,Millones de pesos corrientes,
1952.0,Criterio propio,ebe_tot,Millones de pesos corrientes,
1953.0,Criterio propio,ebe_tot,Millones de pesos corrientes,
1954.0,Criterio propio,ebe_tot,Millones de pesos corrientes,
1955.0,Criterio propio,ebe_tot,Millones de pesos corrientes,
1956.0,Criterio propio,ebe_tot,Millones de pesos corrientes,
1957.0,Criterio propio,ebe_tot,Millones de pesos corrientes,
1958.0,Criterio propio,ebe_tot,Millones de pesos corrientes,
1959.0,Criterio propio,ebe_tot,Millones de pesos corrientes,
1960.0,Criterio propio,ebe_tot,Millones de pesos corrientes,
1961.0,Criterio propio,ebe_tot,Millones de pesos corrientes,
1962.0,Criterio propio,ebe_tot,Millones de pesos corrientes,
1963.0,Criterio propio,ebe_tot,Millones de pesos corrientes,
1964.0,Criterio propio,ebe_tot,Millones de pesos corrientes,
1965.0,Criterio propio,ebe_tot,Millones de pesos corrientes,
1966.0,Criterio propio,ebe_tot,Millones de pesos corrientes,
1967.0,Criterio propio,ebe_tot,Millones de pesos corrientes,
1968.0,Criterio propio,ebe_tot,Millones de pesos corrientes,
1969.0,Criterio propio,ebe_tot,Millones de pesos corrientes,
1970.0,Criterio propio,ebe_tot,Millones de pesos corrientes,
1971.0,Criterio propio,ebe_tot,Millones de pesos corrientes,
1972.0,Criterio propio,ebe_tot,Millones de pesos corrientes,
1973.0,Criterio propio,ebe_tot,Millones de pesos corrientes,
1974.0,Criterio propio,ebe_tot,Millones de pesos corrientes,
1975.0,Criterio propio,ebe_tot,Millones de pesos corrientes,
1976.0,Criterio propio,ebe_tot,Millones de pesos corrientes,
1977.0,Criterio propio,ebe_tot,Millones de pesos corrientes,
1978.0,Criterio propio,ebe_tot,Millones de pesos corrientes,
1979.0,Criterio propio,ebe_tot,Millones de pesos corrientes,
1980.0,Criterio propio,ebe_tot,Millones de pesos corrientes,
1981.0,Criterio propio,ebe_tot,Millones de pesos corrientes,
1982.0,Criterio propio,ebe_tot,Millones de pesos corrientes,
1983.0,Criterio propio,ebe_tot,Millones de pesos corrientes,
1984.0,Criterio propio,ebe_tot,Millones de pesos corrientes,
1985.0,Criterio propio,ebe_tot,Millones de pesos corrientes,
1986.0,Criterio propio,ebe_tot,Millones de pesos corrientes,
1987.0,Criterio propio,ebe_tot,Millones de pesos corrientes,
1988.0,Criterio propio,ebe_tot,Millones de pesos corrientes,
1989.0,Criterio propio,ebe_tot,Millones de pesos corrientes,
1990.0,Criterio propio,ebe_tot,Millones de pesos corrientes,
1991.0,Criterio propio,ebe_tot,Millones de pesos corrientes,
1992.0,Criterio propio,ebe_tot,Millones de pesos corrientes,
1993.0,Criterio propio,ebe_tot,Millones de pesos corrientes,7401.729303674469
1993.0,Criterio propio,ebe_tot,Millones de pesos corrientes,7400.687421830764
1994.0,Criterio propio,ebe_tot,Millones de pesos corrientes,
1994.0,Criterio propio,ebe_tot,Millones de pesos corrientes,
1995.0,Criterio propio,ebe_tot,Millones de pesos corrientes,
1995.0,Criterio propio,ebe_tot,Millones de pesos corrientes,
1996.0,Criterio propio,ebe_tot,Millones de pesos corrientes,
1996.0,Criterio propio,ebe_tot,Millones de pesos corrientes,
1997.0,Criterio propio,ebe_tot,Millones de pesos corrientes,
1997.0,Criterio propio,ebe_tot,Millones de pesos corrientes,
1998.0,Criterio propio,ebe_tot,Millones de pesos corrientes,5044.209987933137
1998.0,Criterio propio,ebe_tot,Millones de pesos corrientes,5043.118887971253
1999.0,Criterio propio,ebe_tot,Millones de pesos corrientes,5224.506660053334
1999.0,Criterio propio,ebe_tot,Millones de pesos corrientes,5223.268924021872
2000.0,Criterio propio,ebe_tot,Millones de pesos corrientes,8474.92614607704
2000.0,Criterio propio,ebe_tot,Millones de pesos corrientes,8473.730104492734
2001.0,Criterio propio,ebe_tot,Millones de pesos corrientes,9213.650110993625
2001.0,Criterio propio,ebe_tot,Millones de pesos corrientes,9212.535909057628
2002.0,Criterio propio,ebe_tot,Millones de pesos corrientes,12854.502769712266
2002.0,Criterio propio,ebe_tot,Millones de pesos corrientes,12853.795057007032
2003.0,Criterio propio,ebe_tot,Millones de pesos corrientes,17300.478856917158
2003.0,Criterio propio,ebe_tot,Millones de pesos corrientes,17299.451292674614
2004.0,Criterio propio,ebe_tot,Millones de pesos corrientes,28363.579513970628
2004.0,Criterio propio,ebe_tot,Millones de pesos corrientes,28362.456133335392
2005.0,Criterio propio,ebe_tot,Millones de pesos corrientes,46256.895263390696
2005.0,Criterio propio,ebe_tot,Millones de pesos corrientes,46256.895263390696
2006.0,Criterio propio,ebe_tot,Millones de pesos corrientes,58234.23091293211
2006.0,Criterio propio,ebe_tot,Millones de pesos corrientes,58234.23091293211
2007.0,Criterio propio,ebe_tot,Millones de pesos corrientes,55103.91196033842
2007.0,Criterio propio,ebe_tot,Millones de pesos corrientes,55103.91196033842
2008.0,Criterio propio,ebe_tot,Millones de pesos corrientes,95392.12579028159
2008.0,Criterio propio,ebe_tot,Millones de pesos corrientes,95392.12579028159
2009.0,Criterio propio,ebe_tot,Millones de pesos corrientes,77734.63961787551
2009.0,Criterio propio,ebe_tot,Millones de pesos corrientes,77734.63961787551
2010.0,Criterio propio,ebe_tot,Millones de pesos corrientes,132873.0742172078
2011.0,Criterio propio,ebe_tot,Millones de pesos corrientes,216974.5192659207
2012.0,Criterio propio,ebe_tot,Millones de pesos corrientes,331899.5337316701
2013.0,Criterio propio,ebe_tot,Millones de pesos corrientes,431405.49048910144
2014.0,Criterio propio,ebe_tot,Millones de pesos corrientes,595578.5898470018
2015.0,Criterio propio,ebe_tot,Millones de pesos corrientes,445020.0372505366
2016.0,Criterio propio,ebe_tot,Millones de pesos corrientes,388626.5383667817
2017.0,Criterio propio,ebe_tot,Millones de pesos corrientes,563357.9427155249
2018.0,Criterio propio,ebe_tot,Millones de pesos corrientes,894243.9607273362
2019.0,Criterio propio,ebe_tot,Millones de pesos corrientes,1472756.1841661967
2020.0,Criterio propio,ebe_tot,Millones de pesos corrientes,1054709.2378781156
2021.0,Criterio propio,ebe_tot,Millones de pesos corrientes,1366675.3097162426
2022.0,Criterio propio,ebe_tot,Millones de pesos corrientes,3597219.362188968
2023.0,Criterio propio,ebe_tot,Millones de pesos corrientes,8358391.478718954
2024.0,Criterio propio,ebe_tot,Millones de pesos corrientes,34277648.34059349
2025.0,Criterio propio,ebe_tot,Millones de pesos corrientes,36217474.43396061
2026.0,Criterio propio,ebe_tot,Millones de pesos corrientes,
2004.0,CCNN oficial,ebe_extr,Millones de pesos corrientes,18526.60973943348
2005.0,CCNN oficial,ebe_extr,Millones de pesos corrientes,21292.185844175987
2006.0,CCNN oficial,ebe_extr,Millones de pesos corrientes,28664.49524389188
2007.0,CCNN oficial,ebe_extr,Millones de pesos corrientes,26559.895410183446
2008.0,CCNN oficial,ebe_extr,Millones de pesos corrientes,28817.54305277691
2009.0,CCNN oficial,ebe_extr,Millones de pesos corrientes,33287.86529113799
2010.0,CCNN oficial,ebe_extr,Millones de pesos corrientes,39638.00390846741
2011.0,CCNN oficial,ebe_extr,Millones de pesos corrientes,42976.13482330611
2012.0,CCNN oficial,ebe_extr,Millones de pesos corrientes,50427.97084665936
2013.0,CCNN oficial,ebe_extr,Millones de pesos corrientes,59490.448098009976
2014.0,CCNN oficial,ebe_extr,Millones de pesos corrientes,112573.09402779044
2015.0,CCNN oficial,ebe_extr,Millones de pesos corrientes,121535.32302716207
2016.0,CCNN oficial,ebe_extr,Millones de pesos corrientes,173388.57951971667
2017.0,CCNN oficial,ebe_extr,Millones de pesos corrientes,199933.01600480734
2018.0,CCNN oficial,ebe_extr,Millones de pesos corrientes,390554.3170768176
2019.0,CCNN oficial,ebe_extr,Millones de pesos corrientes,561957.9004977299
2020.0,CCNN oficial,ebe_extr,Millones de pesos corrientes,497589.1056208818
2021.0,CCNN oficial,ebe_extr,Millones de pesos corrientes,963264.8063890918
2022.0,CCNN oficial,ebe_extr,Millones de pesos corrientes,1514497.4625686242
2023.0,CCNN oficial,ebe_extr,Millones de pesos corrientes,4436190.935655138
2024.0,CCNN oficial,ebe_extr,Millones de pesos corrientes,14588397.66508348
2025.0,CCNN oficial,ebe_extr,Millones de pesos corrientes,
1922.0,Criterio CCNN,ebe_extr,Millones de pesos corrientes,
1923.0,Criterio CCNN,ebe_extr,Millones de pesos corrientes,
1924.0,Criterio CCNN,ebe_extr,Millones de pesos corrientes,
1925.0,Criterio CCNN,ebe_extr,Millones de pesos corrientes,
1926.0,Criterio CCNN,ebe_extr,Millones de pesos corrientes,
1927.0,Criterio CCNN,ebe_extr,Millones de pesos corrientes,
1928.0,Criterio CCNN,ebe_extr,Millones de pesos corrientes,
1929.0,Criterio CCNN,ebe_extr,Millones de pesos corrientes,
1930.0,Criterio CCNN,ebe_extr,Millones de pesos corrientes,
1931.0,Criterio CCNN,ebe_extr,Millones de pesos corrientes,
1932.0,Criterio CCNN,ebe_extr,Millones de pesos corrientes,
1933.0,Criterio CCNN,ebe_extr,Millones de pesos corrientes,
1934.0,Criterio CCNN,ebe_extr,Millones de pesos corrientes,
1935.0,Criterio CCNN,ebe_extr,Millones de pesos corrientes,
1936.0,Criterio CCNN,ebe_extr,Millones de pesos corrientes,
1937.0,Criterio CCNN,ebe_extr,Millones de pesos corrientes,
1938.0,Criterio CCNN,ebe_extr,Millones de pesos corrientes,
1939.0,Criterio CCNN,ebe_extr,Millones de pesos corrientes,
1940.0,Criterio CCNN,ebe_extr,Millones de pesos corrientes,
1941.0,Criterio CCNN,ebe_extr,Millones de pesos corrientes,
1942.0,Criterio CCNN,ebe_extr,Millones de pesos corrientes,
1943.0,Criterio CCNN,ebe_extr,Millones de pesos corrientes,
1944.0,Criterio CCNN,ebe_extr,Millones de pesos corrientes,
1945.0,Criterio CCNN,ebe_extr,Millones de pesos corrientes,
1946.0,Criterio CCNN,ebe_extr,Millones de pesos corrientes,
1947.0,Criterio CCNN,ebe_extr,Millones de pesos corrientes,
1948.0,Criterio CCNN,ebe_extr,Millones de pesos corrientes,
1949.0,Criterio CCNN,ebe_extr,Millones de pesos corrientes,
1950.0,Criterio CCNN,ebe_extr,Millones de pesos corrientes,
1951.0,Criterio CCNN,ebe_extr,Millones de pesos corrientes,
1952.0,Criterio CCNN,ebe_extr,Millones de pesos corrientes,
1953.0,Criterio CCNN,ebe_extr,Millones de pesos corrientes,
1954.0,Criterio CCNN,ebe_extr,Millones de pesos corrientes,
1955.0,Criterio CCNN,ebe_extr,Millones de pesos corrientes,
1956.0,Criterio CCNN,ebe_extr,Millones de pesos corrientes,
1957.0,Criterio CCNN,ebe_extr,Millones de pesos corrientes,
1958.0,Criterio CCNN,ebe_extr,Millones de pesos corrientes,
1959.0,Criterio CCNN,ebe_extr,Millones de pesos corrientes,
1960.0,Criterio CCNN,ebe_extr,Millones de pesos corrientes,
1961.0,Criterio CCNN,ebe_extr,Millones de pesos corrientes,
1962.0,Criterio CCNN,ebe_extr,Millones de pesos corrientes,
1963.0,Criterio CCNN,ebe_extr,Millones de pesos corrientes,
1964.0,Criterio CCNN,ebe_extr,Millones de pesos corrientes,
1965.0,Criterio CCNN,ebe_extr,Millones de pesos corrientes,
1966.0,Criterio CCNN,ebe_extr,Millones de pesos corrientes,
1967.0,Criterio CCNN,ebe_extr,Millones de pesos corrientes,
1968.0,Criterio CCNN,ebe_extr,Millones de pesos corrientes,
1969.0,Criterio CCNN,ebe_extr,Millones de pesos corrientes,
1970.0,Criterio CCNN,ebe_extr,Millones de pesos corrientes,
1971.0,Criterio CCNN,ebe_extr,Millones de pesos corrientes,
1972.0,Criterio CCNN,ebe_extr,Millones de pesos corrientes,
1973.0,Criterio CCNN,ebe_extr,Millones de pesos corrientes,
1974.0,Criterio CCNN,ebe_extr,Millones de pesos corrientes,
1975.0,Criterio CCNN,ebe_extr,Millones de pesos corrientes,
1976.0,Criterio CCNN,ebe_extr,Millones de pesos corrientes,
1977.0,Criterio CCNN,ebe_extr,Millones de pesos corrientes,
1978.0,Criterio CCNN,ebe_extr,Millones de pesos corrientes,
1979.0,Criterio CCNN,ebe_extr,Millones de pesos corrientes,
1980.0,Criterio CCNN,ebe_extr,Millones de pesos corrientes,
1981.0,Criterio CCNN,ebe_extr,Millones de pesos corrientes,
1982.0,Criterio CCNN,ebe_extr,Millones de pesos corrientes,
1983.0,Criterio CCNN,ebe_extr,Millones de pesos corrientes,
1984.0,Criterio CCNN,ebe_extr,Millones de pesos corrientes,
1985.0,Criterio CCNN,ebe_extr,Millones de pesos corrientes,
1986.0,Criterio CCNN,ebe_extr,Millones de pesos corrientes,
1987.0,Criterio CCNN,ebe_extr,Millones de pesos corrientes,
1988.0,Criterio CCNN,ebe_extr,Millones de pesos corrientes,
1989.0,Criterio CCNN,ebe_extr,Millones de pesos corrientes,
1990.0,Criterio CCNN,ebe_extr,Millones de pesos corrientes,
1991.0,Criterio CCNN,ebe_extr,Millones de pesos corrientes,
1992.0,Criterio CCNN,ebe_extr,Millones de pesos corrientes,
1993.0,Criterio CCNN,ebe_extr,Millones de pesos corrientes,1290.132720239469
1993.0,Criterio CCNN,ebe_extr,Millones de pesos corrientes,1289.4444498494
1994.0,Criterio CCNN,ebe_extr,Millones de pesos corrientes,1401.1556957772082
1994.0,Criterio CCNN,ebe_extr,Millones de pesos corrientes,1400.4934947843772
1995.0,Criterio CCNN,ebe_extr,Millones de pesos corrientes,1652.2091909361407
1995.0,Criterio CCNN,ebe_extr,Millones de pesos corrientes,1651.4923124023512
1996.0,Criterio CCNN,ebe_extr,Millones de pesos corrientes,2250.5139350794193
1996.0,Criterio CCNN,ebe_extr,Millones de pesos corrientes,2249.1587691208397
1997.0,Criterio CCNN,ebe_extr,Millones de pesos corrientes,2344.666594210708
1997.0,Criterio CCNN,ebe_extr,Millones de pesos corrientes,2343.367924166033
1998.0,Criterio CCNN,ebe_extr,Millones de pesos corrientes,2051.822045625584
1998.0,Criterio CCNN,ebe_extr,Millones de pesos corrientes,2051.1012615933937
1999.0,Criterio CCNN,ebe_extr,Millones de pesos corrientes,2036.914954582582
1999.0,Criterio CCNN,ebe_extr,Millones de pesos corrientes,2036.0973023062477
2000.0,Criterio CCNN,ebe_extr,Millones de pesos corrientes,2722.5346303646784
2000.0,Criterio CCNN,ebe_extr,Millones de pesos corrientes,2721.744521569959
2001.0,Criterio CCNN,ebe_extr,Millones de pesos corrientes,2848.5430109212525
2001.0,Criterio CCNN,ebe_extr,Millones de pesos corrientes,2847.806965653031
2002.0,Criterio CCNN,ebe_extr,Millones de pesos corrientes,10282.499376500431
2002.0,Criterio CCNN,ebe_extr,Millones de pesos corrientes,10282.031859283741
2003.0,Criterio CCNN,ebe_extr,Millones de pesos corrientes,10856.158520541747
2003.0,Criterio CCNN,ebe_extr,Millones de pesos corrientes,10855.479708403584
2004.0,Criterio CCNN,ebe_extr,Millones de pesos corrientes,13178.22351102129
2004.0,Criterio CCNN,ebe_extr,Millones de pesos corrientes,13177.481402275773
2005.0,Criterio CCNN,ebe_extr,Millones de pesos corrientes,15961.752105880956
2005.0,Criterio CCNN,ebe_extr,Millones de pesos corrientes,15961.752105880956
2006.0,Criterio CCNN,ebe_extr,Millones de pesos corrientes,19236.288838319946
2006.0,Criterio CCNN,ebe_extr,Millones de pesos corrientes,19236.288838319946
2007.0,Criterio CCNN,ebe_extr,Millones de pesos corrientes,18119.989681889656
2007.0,Criterio CCNN,ebe_extr,Millones de pesos corrientes,18119.989681889656
2008.0,Criterio CCNN,ebe_extr,Millones de pesos corrientes,19409.367589029607
2008.0,Criterio CCNN,ebe_extr,Millones de pesos corrientes,19409.367589029607
2009.0,Criterio CCNN,ebe_extr,Millones de pesos corrientes,23511.837767765206
2009.0,Criterio CCNN,ebe_extr,Millones de pesos corrientes,23511.837767765206
2010.0,Criterio CCNN,ebe_extr,Millones de pesos corrientes,29221.430156905273
2011.0,Criterio CCNN,ebe_extr,Millones de pesos corrientes,31187.852519613767
2012.0,Criterio CCNN,ebe_extr,Millones de pesos corrientes,36834.031892193765
2013.0,Criterio CCNN,ebe_extr,Millones de pesos corrientes,40463.608613201315
2014.0,Criterio CCNN,ebe_extr,Millones de pesos corrientes,75385.07876106956
2015.0,Criterio CCNN,ebe_extr,Millones de pesos corrientes,81233.85217954495
2016.0,Criterio CCNN,ebe_extr,Millones de pesos corrientes,117765.52480978571
2017.0,Criterio CCNN,ebe_extr,Millones de pesos corrientes,128380.3153710872
2018.0,Criterio CCNN,ebe_extr,Millones de pesos corrientes,246415.36009747797
2019.0,Criterio CCNN,ebe_extr,Millones de pesos corrientes,378921.8518349829
2020.0,Criterio CCNN,ebe_extr,Millones de pesos corrientes,377225.14825873834
2021.0,Criterio CCNN,ebe_extr,Millones de pesos corrientes,551037.5725831221
2022.0,Criterio CCNN,ebe_extr,Millones de pesos corrientes,973680.5617455307
2023.0,Criterio CCNN,ebe_extr,Millones de pesos corrientes,2718346.2215205934
2024.0,Criterio CCNN,ebe_extr,Millones de pesos corrientes,9712976.47266653
2025.0,Criterio CCNN,ebe_extr,Millones de pesos corrientes,11889883.094063653
2026.0,Criterio CCNN,ebe_extr,Millones de pesos corrientes,
1960.0,Empalme CCNN,ebe_extr,Millones de pesos corrientes,
1961.0,Empalme CCNN,ebe_extr,Millones de pesos corrientes,
1962.0,Empalme CCNN,ebe_extr,Millones de pesos corrientes,
1963.0,Empalme CCNN,ebe_extr,Millones de pesos corrientes,
1964.0,Empalme CCNN,ebe_extr,Millones de pesos corrientes,
1965.0,Empalme CCNN,ebe_extr,Millones de pesos corrientes,
1966.0,Empalme CCNN,ebe_extr,Millones de pesos corrientes,
1967.0,Empalme CCNN,ebe_extr,Millones de pesos corrientes,
1968.0,Empalme CCNN,ebe_extr,Millones de pesos corrientes,
1969.0,Empalme CCNN,ebe_extr,Millones de pesos corrientes,
1970.0,Empalme CCNN,ebe_extr,Millones de pesos corrientes,
1971.0,Empalme CCNN,ebe_extr,Millones de pesos corrientes,
1972.0,Empalme CCNN,ebe_extr,Millones de pesos corrientes,
1973.0,Empalme CCNN,ebe_extr,Millones de pesos corrientes,
1974.0,Empalme CCNN,ebe_extr,Millones de pesos corrientes,
1975.0,Empalme CCNN,ebe_extr,Millones de pesos corrientes,
1976.0,Empalme CCNN,ebe_extr,Millones de pesos corrientes,
1977.0,Empalme CCNN,ebe_extr,Millones de pesos corrientes,
1978.0,Empalme CCNN,ebe_extr,Millones de pesos corrientes,
1979.0,Empalme CCNN,ebe_extr,Millones de pesos corrientes,
1980.0,Empalme CCNN,ebe_extr,Millones de pesos corrientes,
1981.0,Empalme CCNN,ebe_extr,Millones de pesos corrientes,
1982.0,Empalme CCNN,ebe_extr,Millones de pesos corrientes,
1983.0,Empalme CCNN,ebe_extr,Millones de pesos corrientes,
1984.0,Empalme CCNN,ebe_extr,Millones de pesos corrientes,
1985.0,Empalme CCNN,ebe_extr,Millones de pesos corrientes,
1986.0,Empalme CCNN,ebe_extr,Millones de pesos corrientes,
1987.0,Empalme CCNN,ebe_extr,Millones de pesos corrientes,
1988.0,Empalme CCNN,ebe_extr,Millones de pesos corrientes,
1989.0,Empalme CCNN,ebe_extr,Millones de pesos corrientes,
1990.0,Empalme CCNN,ebe_extr,Millones de pesos corrientes,
1991.0,Empalme CCNN,ebe_extr,Millones de pesos corrientes,
1992.0,Empalme CCNN,ebe_extr,Millones de pesos corrientes,
1993.0,Empalme CCNN,ebe_extr,Millones de pesos corrientes,1763.1506149478062
1993.0,Empalme CCNN,ebe_extr,Millones de pesos corrientes,1762.209995163141
1994.0,Empalme CCNN,ebe_extr,Millones de pesos corrientes,1914.8793669760198
1994.0,Empalme CCNN,ebe_extr,Millones de pesos corrientes,1913.9743747458315
1995.0,Empalme CCNN,ebe_extr,Millones de pesos corrientes,2257.9798227896717
1995.0,Empalme CCNN,ebe_extr,Millones de pesos corrientes,2257.000105890887
1996.0,Empalme CCNN,ebe_extr,Millones de pesos corrientes,3075.648703683263
1996.0,Empalme CCNN,ebe_extr,Millones de pesos corrientes,3073.796675860279
1997.0,Empalme CCNN,ebe_extr,Millones de pesos corrientes,3204.3217589759693
1997.0,Empalme CCNN,ebe_extr,Millones de pesos corrientes,3202.5469408879067
1998.0,Empalme CCNN,ebe_extr,Millones de pesos corrientes,2804.1078601872196
1998.0,Empalme CCNN,ebe_extr,Millones de pesos corrientes,2803.1228058670995
1999.0,Empalme CCNN,ebe_extr,Millones de pesos corrientes,2783.735191292601
1999.0,Empalme CCNN,ebe_extr,Millones de pesos corrientes,2782.6177526824363
2000.0,Empalme CCNN,ebe_extr,Millones de pesos corrientes,3720.732396317474
2000.0,Empalme CCNN,ebe_extr,Millones de pesos corrientes,3719.65259980861
2001.0,Empalme CCNN,ebe_extr,Millones de pesos corrientes,3892.9408444728406
2001.0,Empalme CCNN,ebe_extr,Millones de pesos corrientes,3891.93493349412
2002.0,Empalme CCNN,ebe_extr,Millones de pesos corrientes,14052.503912552522
2002.0,Empalme CCNN,ebe_extr,Millones de pesos corrientes,14051.86498350656
2003.0,Empalme CCNN,ebe_extr,Millones de pesos corrientes,14836.491061098865
2003.0,Empalme CCNN,ebe_extr,Millones de pesos corrientes,14835.563367366229
2004.0,Empalme CCNN,ebe_extr,Millones de pesos corrientes,18526.60973943348
2004.0,Empalme CCNN,ebe_extr,Millones de pesos corrientes,18526.60973943348
2005.0,Empalme CCNN,ebe_extr,Millones de pesos corrientes,21292.185844175987
2005.0,Empalme CCNN,ebe_extr,Millones de pesos corrientes,21292.185844175987
2006.0,Empalme CCNN,ebe_extr,Millones de pesos corrientes,28664.49524389188
2006.0,Empalme CCNN,ebe_extr,Millones de pesos corrientes,28664.49524389188
2007.0,Empalme CCNN,ebe_extr,Millones de pesos corrientes,26559.895410183446
2007.0,Empalme CCNN,ebe_extr,Millones de pesos corrientes,26559.895410183446
2008.0,Empalme CCNN,ebe_extr,Millones de pesos corrientes,28817.54305277691
2008.0,Empalme CCNN,ebe_extr,Millones de pesos corrientes,28817.54305277691
2009.0,Empalme CCNN,ebe_extr,Millones de pesos corrientes,33287.86529113799
2009.0,Empalme CCNN,ebe_extr,Millones de pesos corrientes,33287.86529113799
2010.0,Empalme CCNN,ebe_extr,Millones de pesos corrientes,39638.00390846741
2011.0,Empalme CCNN,ebe_extr,Millones de pesos corrientes,42976.13482330611
2012.0,Empalme CCNN,ebe_extr,Millones de pesos corrientes,50427.97084665936
2013.0,Empalme CCNN,ebe_extr,Millones de pesos corrientes,59490.448098009976
2014.0,Empalme CCNN,ebe_extr,Millones de pesos corrientes,112573.09402779044
2015.0,Empalme CCNN,ebe_extr,Millones de pesos corrientes,121535.32302716207
2016.0,Empalme CCNN,ebe_extr,Millones de pesos corrientes,173388.57951971667
2017.0,Empalme CCNN,ebe_extr,Millones de pesos corrientes,199933.01600480734
2018.0,Empalme CCNN,ebe_extr,Millones de pesos corrientes,390554.3170768176
2019.0,Empalme CCNN,ebe_extr,Millones de pesos corrientes,561957.9004977299
2020.0,Empalme CCNN,ebe_extr,Millones de pesos corrientes,497589.1056208818
2021.0,Empalme CCNN,ebe_extr,Millones de pesos corrientes,963264.8063890918
2022.0,Empalme CCNN,ebe_extr,Millones de pesos corrientes,1514497.4625686242
2023.0,Empalme CCNN,ebe_extr,Millones de pesos corrientes,4436190.935655138
2024.0,Empalme CCNN,ebe_extr,Millones de pesos corrientes,14588397.66508348
2025.0,Empalme CCNN,ebe_extr,Millones de pesos corrientes,20408482.923018873
2026.0,Empalme CCNN,ebe_extr,Millones de pesos corrientes,
2027.0,Empalme CCNN,ebe_extr,Millones de pesos corrientes,
2028.0,Empalme CCNN,ebe_extr,Millones de pesos corrientes,
2029.0,Empalme CCNN,ebe_extr,Millones de pesos corrientes,
2030.0,Empalme CCNN,ebe_extr,Millones de pesos corrientes,
1922.0,Criterio propio,ebe_extr,Millones de pesos corrientes,
1923.0,Criterio propio,ebe_extr,Millones de pesos corrientes,
1924.0,Criterio propio,ebe_extr,Millones de pesos corrientes,
1925.0,Criterio propio,ebe_extr,Millones de pesos corrientes,
1926.0,Criterio propio,ebe_extr,Millones de pesos corrientes,
1927.0,Criterio propio,ebe_extr,Millones de pesos corrientes,
1928.0,Criterio propio,ebe_extr,Millones de pesos corrientes,
1929.0,Criterio propio,ebe_extr,Millones de pesos corrientes,
1930.0,Criterio propio,ebe_extr,Millones de pesos corrientes,
1931.0,Criterio propio,ebe_extr,Millones de pesos corrientes,
1932.0,Criterio propio,ebe_extr,Millones de pesos corrientes,
1933.0,Criterio propio,ebe_extr,Millones de pesos corrientes,
1934.0,Criterio propio,ebe_extr,Millones de pesos corrientes,
1935.0,Criterio propio,ebe_extr,Millones de pesos corrientes,
1936.0,Criterio propio,ebe_extr,Millones de pesos corrientes,
1937.0,Criterio propio,ebe_extr,Millones de pesos corrientes,
1938.0,Criterio propio,ebe_extr,Millones de pesos corrientes,
1939.0,Criterio propio,ebe_extr,Millones de pesos corrientes,
1940.0,Criterio propio,ebe_extr,Millones de pesos corrientes,
1941.0,Criterio propio,ebe_extr,Millones de pesos corrientes,
1942.0,Criterio propio,ebe_extr,Millones de pesos corrientes,
1943.0,Criterio propio,ebe_extr,Millones de pesos corrientes,
1944.0,Criterio propio,ebe_extr,Millones de pesos corrientes,
1945.0,Criterio propio,ebe_extr,Millones de pesos corrientes,
1946.0,Criterio propio,ebe_extr,Millones de pesos corrientes,
1947.0,Criterio propio,ebe_extr,Millones de pesos corrientes,
1948.0,Criterio propio,ebe_extr,Millones de pesos corrientes,
1949.0,Criterio propio,ebe_extr,Millones de pesos corrientes,
1950.0,Criterio propio,ebe_extr,Millones de pesos corrientes,
1951.0,Criterio propio,ebe_extr,Millones de pesos corrientes,
1952.0,Criterio propio,ebe_extr,Millones de pesos corrientes,
1953.0,Criterio propio,ebe_extr,Millones de pesos corrientes,
1954.0,Criterio propio,ebe_extr,Millones de pesos corrientes,
1955.0,Criterio propio,ebe_extr,Millones de pesos corrientes,
1956.0,Criterio propio,ebe_extr,Millones de pesos corrientes,
1957.0,Criterio propio,ebe_extr,Millones de pesos corrientes,
1958.0,Criterio propio,ebe_extr,Millones de pesos corrientes,
1959.0,Criterio propio,ebe_extr,Millones de pesos corrientes,
1960.0,Criterio propio,ebe_extr,Millones de pesos corrientes,
1961.0,Criterio propio,ebe_extr,Millones de pesos corrientes,
1962.0,Criterio propio,ebe_extr,Millones de pesos corrientes,
1963.0,Criterio propio,ebe_extr,Millones de pesos corrientes,
1964.0,Criterio propio,ebe_extr,Millones de pesos corrientes,
1965.0,Criterio propio,ebe_extr,Millones de pesos corrientes,
1966.0,Criterio propio,ebe_extr,Millones de pesos corrientes,
1967.0,Criterio propio,ebe_extr,Millones de pesos corrientes,
1968.0,Criterio propio,ebe_extr,Millones de pesos corrientes,
1969.0,Criterio propio,ebe_extr,Millones de pesos corrientes,
1970.0,Criterio propio,ebe_extr,Millones de pesos corrientes,
1971.0,Criterio propio,ebe_extr,Millones de pesos corrientes,
1972.0,Criterio propio,ebe_extr,Millones de pesos corrientes,
1973.0,Criterio propio,ebe_extr,Millones de pesos corrientes,
1974.0,Criterio propio,ebe_extr,Millones de pesos corrientes,
1975.0,Criterio propio,ebe_extr,Millones de pesos corrientes,
1976.0,Criterio propio,ebe_extr,Millones de pesos corrientes,
1977.0,Criterio propio,ebe_extr,Millones de pesos corrientes,
1978.0,Criterio propio,ebe_extr,Millones de pesos corrientes,
1979.0,Criterio propio,ebe_extr,Millones de pesos corrientes,
1980.0,Criterio propio,ebe_extr,Millones de pesos corrientes,
1981.0,Criterio propio,ebe_extr,Millones de pesos corrientes,
1982.0,Criterio propio,ebe_extr,Millones de pesos corrientes,
1983.0,Criterio propio,ebe_extr,Millones de pesos corrientes,
1984.0,Criterio propio,ebe_extr,Millones de pesos corrientes,
1985.0,Criterio propio,ebe_extr,Millones de pesos corrientes,
1986.0,Criterio propio,ebe_extr,Millones de pesos corrientes,
1987.0,Criterio propio,ebe_extr,Millones de pesos corrientes,
1988.0,Criterio propio,ebe_extr,Millones de pesos corrientes,
1989.0,Criterio propio,ebe_extr,Millones de pesos corrientes,
1990.0,Criterio propio,ebe_extr,Millones de pesos corrientes,
1991.0,Criterio propio,ebe_extr,Millones de pesos corrientes,
1992.0,Criterio propio,ebe_extr,Millones de pesos corrientes,
1993.0,Criterio propio,ebe_extr,Millones de pesos corrientes,7004.337546688375
1993.0,Criterio propio,ebe_extr,Millones de pesos corrientes,7003.39692690371
1994.0,Criterio propio,ebe_extr,Millones de pesos corrientes,
1994.0,Criterio propio,ebe_extr,Millones de pesos corrientes,
1995.0,Criterio propio,ebe_extr,Millones de pesos corrientes,
1995.0,Criterio propio,ebe_extr,Millones de pesos corrientes,
1996.0,Criterio propio,ebe_extr,Millones de pesos corrientes,
1996.0,Criterio propio,ebe_extr,Millones de pesos corrientes,
1997.0,Criterio propio,ebe_extr,Millones de pesos corrientes,
1997.0,Criterio propio,ebe_extr,Millones de pesos corrientes,
1998.0,Criterio propio,ebe_extr,Millones de pesos corrientes,4963.116860524185
1998.0,Criterio propio,ebe_extr,Millones de pesos corrientes,4962.131806204065
1999.0,Criterio propio,ebe_extr,Millones de pesos corrientes,5213.647493277927
1999.0,Criterio propio,ebe_extr,Millones de pesos corrientes,5212.530054667763
2000.0,Criterio propio,ebe_extr,Millones de pesos corrientes,8391.212593168973
2000.0,Criterio propio,ebe_extr,Millones de pesos corrientes,8390.13279666011
2001.0,Criterio propio,ebe_extr,Millones de pesos corrientes,8979.492124415587
2001.0,Criterio propio,ebe_extr,Millones de pesos corrientes,8978.486213436867
2002.0,Criterio propio,ebe_extr,Millones de pesos corrientes,13110.2182485634
2002.0,Criterio propio,ebe_extr,Millones de pesos corrientes,13109.57931951744
2003.0,Criterio propio,ebe_extr,Millones de pesos corrientes,17309.845440152094
2003.0,Criterio propio,ebe_extr,Millones de pesos corrientes,17308.917746419458
2004.0,Criterio propio,ebe_extr,Millones de pesos corrientes,26406.134736548473
2004.0,Criterio propio,ebe_extr,Millones de pesos corrientes,26405.120538962063
2005.0,Criterio propio,ebe_extr,Millones de pesos corrientes,42960.08109702325
2005.0,Criterio propio,ebe_extr,Millones de pesos corrientes,42960.08109702325
2006.0,Criterio propio,ebe_extr,Millones de pesos corrientes,54263.60197869328
2006.0,Criterio propio,ebe_extr,Millones de pesos corrientes,54263.60197869328
2007.0,Criterio propio,ebe_extr,Millones de pesos corrientes,52151.22936168123
2007.0,Criterio propio,ebe_extr,Millones de pesos corrientes,52151.22936168123
2008.0,Criterio propio,ebe_extr,Millones de pesos corrientes,89972.50453201804
2008.0,Criterio propio,ebe_extr,Millones de pesos corrientes,89972.50453201804
2009.0,Criterio propio,ebe_extr,Millones de pesos corrientes,74748.53973627454
2009.0,Criterio propio,ebe_extr,Millones de pesos corrientes,74748.53973627454
2010.0,Criterio propio,ebe_extr,Millones de pesos corrientes,126104.81333174498
2011.0,Criterio propio,ebe_extr,Millones de pesos corrientes,204802.24880499791
2012.0,Criterio propio,ebe_extr,Millones de pesos corrientes,310679.45067600574
2013.0,Criterio propio,ebe_extr,Millones de pesos corrientes,403987.8202785757
2014.0,Criterio propio,ebe_extr,Millones de pesos corrientes,559441.5547383232
2015.0,Criterio propio,ebe_extr,Millones de pesos corrientes,431059.3892056409
2016.0,Criterio propio,ebe_extr,Millones de pesos corrientes,382685.77310281555
2017.0,Criterio propio,ebe_extr,Millones de pesos corrientes,543850.5999419787
2018.0,Criterio propio,ebe_extr,Millones de pesos corrientes,853152.6492119916
2019.0,Criterio propio,ebe_extr,Millones de pesos corrientes,1402641.2893642653
2020.0,Criterio propio,ebe_extr,Millones de pesos corrientes,1022908.9397523564
2021.0,Criterio propio,ebe_extr,Millones de pesos corrientes,1350074.8737342805
2022.0,Criterio propio,ebe_extr,Millones de pesos corrientes,3506190.3956822366
2023.0,Criterio propio,ebe_extr,Millones de pesos corrientes,8192363.114259971
2024.0,Criterio propio,ebe_extr,Millones de pesos corrientes,33077049.36675194
2025.0,Criterio propio,ebe_extr,Millones de pesos corrientes,35230810.66295177
2026.0,Criterio propio,ebe_extr,Millones de pesos corrientes,
2004.0,CCNN oficial,pv,Millones de pesos corrientes,16394.55971110759
2005.0,CCNN oficial,pv,Millones de pesos corrientes,10920.880229681214
2006.0,CCNN oficial,pv,Millones de pesos corrientes,16309.241100853906
2007.0,CCNN oficial,pv,Millones de pesos corrientes,12340.574653418913
2008.0,CCNN oficial,pv,Millones de pesos corrientes,12667.802203055278
2009.0,CCNN oficial,pv,Millones de pesos corrientes,16167.47655431436
2010.0,CCNN oficial,pv,Millones de pesos corrientes,19665.57148340448
2011.0,CCNN oficial,pv,Millones de pesos corrientes,14933.65681171506
2012.0,CCNN oficial,pv,Millones de pesos corrientes,15532.95005897243
2013.0,CCNN oficial,pv,Millones de pesos corrientes,8815.114072835271
2014.0,CCNN oficial,pv,Millones de pesos corrientes,37075.775306225325
2015.0,CCNN oficial,pv,Millones de pesos corrientes,-745.6415458786014
2016.0,CCNN oficial,pv,Millones de pesos corrientes,21993.145257508826
2017.0,CCNN oficial,pv,Millones de pesos corrientes,5436.75919875141
2018.0,CCNN oficial,pv,Millones de pesos corrientes,-39639.212748849204
2019.0,CCNN oficial,pv,Millones de pesos corrientes,-168911.01855414023
2020.0,CCNN oficial,pv,Millones de pesos corrientes,-542015.5629739099
2021.0,CCNN oficial,pv,Millones de pesos corrientes,-421883.2898845437
2022.0,CCNN oficial,pv,Millones de pesos corrientes,-1173481.4149118133
2023.0,CCNN oficial,pv,Millones de pesos corrientes,-7788211.51636459
2024.0,CCNN oficial,pv,Millones de pesos corrientes,1332562.1919614966
2025.0,CCNN oficial,pv,Millones de pesos corrientes,
1922.0,Criterio CCNN,pv,Millones de pesos corrientes,
1923.0,Criterio CCNN,pv,Millones de pesos corrientes,
1924.0,Criterio CCNN,pv,Millones de pesos corrientes,
1925.0,Criterio CCNN,pv,Millones de pesos corrientes,
1926.0,Criterio CCNN,pv,Millones de pesos corrientes,
1927.0,Criterio CCNN,pv,Millones de pesos corrientes,
1928.0,Criterio CCNN,pv,Millones de pesos corrientes,
1929.0,Criterio CCNN,pv,Millones de pesos corrientes,
1930.0,Criterio CCNN,pv,Millones de pesos corrientes,
1931.0,Criterio CCNN,pv,Millones de pesos corrientes,
1932.0,Criterio CCNN,pv,Millones de pesos corrientes,
1933.0,Criterio CCNN,pv,Millones de pesos corrientes,
1934.0,Criterio CCNN,pv,Millones de pesos corrientes,
1935.0,Criterio CCNN,pv,Millones de pesos corrientes,
1936.0,Criterio CCNN,pv,Millones de pesos corrientes,
1937.0,Criterio CCNN,pv,Millones de pesos corrientes,
1938.0,Criterio CCNN,pv,Millones de pesos corrientes,
1939.0,Criterio CCNN,pv,Millones de pesos corrientes,
1940.0,Criterio CCNN,pv,Millones de pesos corrientes,
1941.0,Criterio CCNN,pv,Millones de pesos corrientes,
1942.0,Criterio CCNN,pv,Millones de pesos corrientes,
1943.0,Criterio CCNN,pv,Millones de pesos corrientes,
1944.0,Criterio CCNN,pv,Millones de pesos corrientes,
1945.0,Criterio CCNN,pv,Millones de pesos corrientes,
1946.0,Criterio CCNN,pv,Millones de pesos corrientes,
1947.0,Criterio CCNN,pv,Millones de pesos corrientes,
1948.0,Criterio CCNN,pv,Millones de pesos corrientes,
1949.0,Criterio CCNN,pv,Millones de pesos corrientes,
1950.0,Criterio CCNN,pv,Millones de pesos corrientes,
1951.0,Criterio CCNN,pv,Millones de pesos corrientes,
1952.0,Criterio CCNN,pv,Millones de pesos corrientes,
1953.0,Criterio CCNN,pv,Millones de pesos corrientes,
1954.0,Criterio CCNN,pv,Millones de pesos corrientes,
1955.0,Criterio CCNN,pv,Millones de pesos corrientes,
1956.0,Criterio CCNN,pv,Millones de pesos corrientes,
1957.0,Criterio CCNN,pv,Millones de pesos corrientes,
1958.0,Criterio CCNN,pv,Millones de pesos corrientes,
1959.0,Criterio CCNN,pv,Millones de pesos corrientes,
1960.0,Criterio CCNN,pv,Millones de pesos corrientes,
1961.0,Criterio CCNN,pv,Millones de pesos corrientes,
1962.0,Criterio CCNN,pv,Millones de pesos corrientes,
1963.0,Criterio CCNN,pv,Millones de pesos corrientes,
1964.0,Criterio CCNN,pv,Millones de pesos corrientes,
1965.0,Criterio CCNN,pv,Millones de pesos corrientes,
1966.0,Criterio CCNN,pv,Millones de pesos corrientes,
1967.0,Criterio CCNN,pv,Millones de pesos corrientes,
1968.0,Criterio CCNN,pv,Millones de pesos corrientes,
1969.0,Criterio CCNN,pv,Millones de pesos corrientes,
1970.0,Criterio CCNN,pv,Millones de pesos corrientes,
1971.0,Criterio CCNN,pv,Millones de pesos corrientes,
1972.0,Criterio CCNN,pv,Millones de pesos corrientes,
1973.0,Criterio CCNN,pv,Millones de pesos corrientes,
1974.0,Criterio CCNN,pv,Millones de pesos corrientes,
1975.0,Criterio CCNN,pv,Millones de pesos corrientes,
1976.0,Criterio CCNN,pv,Millones de pesos corrientes,
1977.0,Criterio CCNN,pv,Millones de pesos corrientes,
1978.0,Criterio CCNN,pv,Millones de pesos corrientes,
1979.0,Criterio CCNN,pv,Millones de pesos corrientes,
1980.0,Criterio CCNN,pv,Millones de pesos corrientes,
1981.0,Criterio CCNN,pv,Millones de pesos corrientes,
1982.0,Criterio CCNN,pv,Millones de pesos corrientes,
1983.0,Criterio CCNN,pv,Millones de pesos corrientes,
1984.0,Criterio CCNN,pv,Millones de pesos corrientes,
1985.0,Criterio CCNN,pv,Millones de pesos corrientes,
1986.0,Criterio CCNN,pv,Millones de pesos corrientes,
1987.0,Criterio CCNN,pv,Millones de pesos corrientes,
1988.0,Criterio CCNN,pv,Millones de pesos corrientes,
1989.0,Criterio CCNN,pv,Millones de pesos corrientes,
1990.0,Criterio CCNN,pv,Millones de pesos corrientes,
1991.0,Criterio CCNN,pv,Millones de pesos corrientes,
1992.0,Criterio CCNN,pv,Millones de pesos corrientes,
1993.0,Criterio CCNN,pv,Millones de pesos corrientes,
1993.0,Criterio CCNN,pv,Millones de pesos corrientes,
1994.0,Criterio CCNN,pv,Millones de pesos corrientes,
1994.0,Criterio CCNN,pv,Millones de pesos corrientes,
1995.0,Criterio CCNN,pv,Millones de pesos corrientes,-917.3133561391879
1995.0,Criterio CCNN,pv,Millones de pesos corrientes,-918.0302346729774
1996.0,Criterio CCNN,pv,Millones de pesos corrientes,2062.0437664376177
1996.0,Criterio CCNN,pv,Millones de pesos corrientes,2060.688600479038
1997.0,Criterio CCNN,pv,Millones de pesos corrientes,2152.3467716991295
1997.0,Criterio CCNN,pv,Millones de pesos corrientes,2151.0481016544545
1998.0,Criterio CCNN,pv,Millones de pesos corrientes,-1439.7891106512182
1998.0,Criterio CCNN,pv,Millones de pesos corrientes,-1440.5098946834084
1999.0,Criterio CCNN,pv,Millones de pesos corrientes,270.2947181266312
1999.0,Criterio CCNN,pv,Millones de pesos corrientes,269.477065850297
2000.0,Criterio CCNN,pv,Millones de pesos corrientes,-638.4696256974338
2000.0,Criterio CCNN,pv,Millones de pesos corrientes,-639.2597344921531
2001.0,Criterio CCNN,pv,Millones de pesos corrientes,-5347.584224098438
2001.0,Criterio CCNN,pv,Millones de pesos corrientes,-5348.320269366659
2002.0,Criterio CCNN,pv,Millones de pesos corrientes,1486.208958017176
2002.0,Criterio CCNN,pv,Millones de pesos corrientes,1485.741440800486
2003.0,Criterio CCNN,pv,Millones de pesos corrientes,1893.5183198388504
2003.0,Criterio CCNN,pv,Millones de pesos corrientes,1892.8395077006871
2004.0,Criterio CCNN,pv,Millones de pesos corrientes,11333.14781436532
2004.0,Criterio CCNN,pv,Millones de pesos corrientes,11332.405705619803
2005.0,Criterio CCNN,pv,Millones de pesos corrientes,5886.606299089224
2005.0,Criterio CCNN,pv,Millones de pesos corrientes,5886.606299089224
2006.0,Criterio CCNN,pv,Millones de pesos corrientes,7378.677098603406
2006.0,Criterio CCNN,pv,Millones de pesos corrientes,7378.677098603406
2007.0,Criterio CCNN,pv,Millones de pesos corrientes,4417.247903195497
2007.0,Criterio CCNN,pv,Millones de pesos corrientes,4417.247903195497
2008.0,Criterio CCNN,pv,Millones de pesos corrientes,3876.980616317959
2008.0,Criterio CCNN,pv,Millones de pesos corrientes,3876.980616317959
2009.0,Criterio CCNN,pv,Millones de pesos corrientes,7015.995106489116
2009.0,Criterio CCNN,pv,Millones de pesos corrientes,7015.995106489116
2010.0,Criterio CCNN,pv,Millones de pesos corrientes,9945.66279718536
2011.0,Criterio CCNN,pv,Millones de pesos corrientes,4027.8012643638435
2012.0,Criterio CCNN,pv,Millones de pesos corrientes,3003.05253927005
2013.0,Criterio CCNN,pv,Millones de pesos corrientes,-8716.290406401331
2014.0,Criterio CCNN,pv,Millones de pesos corrientes,2190.9683861598323
2015.0,Criterio CCNN,pv,Millones de pesos corrientes,-38423.17233475899
2016.0,Criterio CCNN,pv,Millones de pesos corrientes,-30093.85154673861
2017.0,Criterio CCNN,pv,Millones de pesos corrientes,-61679.38720865048
2018.0,Criterio CCNN,pv,Millones de pesos corrientes,-174926.8493108261
2019.0,Criterio CCNN,pv,Millones de pesos corrientes,-340525.77335714886
2020.0,Criterio CCNN,pv,Millones de pesos corrientes,-652857.4022687938
2021.0,Criterio CCNN,pv,Millones de pesos corrientes,-806502.7125827349
2022.0,Criterio CCNN,pv,Millones de pesos corrientes,-1670748.5186509402
2023.0,Criterio CCNN,pv,Millones de pesos corrientes,-9391254.810651993
2024.0,Criterio CCNN,pv,Millones de pesos corrientes,-3194707.399905653
2025.0,Criterio CCNN,pv,Millones de pesos corrientes,-5500651.730218287
2026.0,Criterio CCNN,pv,Millones de pesos corrientes,
1960.0,Empalme CCNN,pv,Millones de pesos corrientes,
1961.0,Empalme CCNN,pv,Millones de pesos corrientes,
1962.0,Empalme CCNN,pv,Millones de pesos corrientes,
1963.0,Empalme CCNN,pv,Millones de pesos corrientes,
1964.0,Empalme CCNN,pv,Millones de pesos corrientes,
1965.0,Empalme CCNN,pv,Millones de pesos corrientes,
1966.0,Empalme CCNN,pv,Millones de pesos corrientes,
1967.0,Empalme CCNN,pv,Millones de pesos corrientes,
1968.0,Empalme CCNN,pv,Millones de pesos corrientes,
1969.0,Empalme CCNN,pv,Millones de pesos corrientes,
1970.0,Empalme CCNN,pv,Millones de pesos corrientes,
1971.0,Empalme CCNN,pv,Millones de pesos corrientes,
1972.0,Empalme CCNN,pv,Millones de pesos corrientes,
1973.0,Empalme CCNN,pv,Millones de pesos corrientes,
1974.0,Empalme CCNN,pv,Millones de pesos corrientes,
1975.0,Empalme CCNN,pv,Millones de pesos corrientes,
1976.0,Empalme CCNN,pv,Millones de pesos corrientes,
1977.0,Empalme CCNN,pv,Millones de pesos corrientes,
1978.0,Empalme CCNN,pv,Millones de pesos corrientes,
1979.0,Empalme CCNN,pv,Millones de pesos corrientes,
1980.0,Empalme CCNN,pv,Millones de pesos corrientes,
1981.0,Empalme CCNN,pv,Millones de pesos corrientes,
1982.0,Empalme CCNN,pv,Millones de pesos corrientes,
1983.0,Empalme CCNN,pv,Millones de pesos corrientes,
1984.0,Empalme CCNN,pv,Millones de pesos corrientes,
1985.0,Empalme CCNN,pv,Millones de pesos corrientes,
1986.0,Empalme CCNN,pv,Millones de pesos corrientes,
1987.0,Empalme CCNN,pv,Millones de pesos corrientes,
1988.0,Empalme CCNN,pv,Millones de pesos corrientes,
1989.0,Empalme CCNN,pv,Millones de pesos corrientes,
1990.0,Empalme CCNN,pv,Millones de pesos corrientes,
1991.0,Empalme CCNN,pv,Millones de pesos corrientes,
1992.0,Empalme CCNN,pv,Millones de pesos corrientes,
1993.0,Empalme CCNN,pv,Millones de pesos corrientes,
1993.0,Empalme CCNN,pv,Millones de pesos corrientes,
1994.0,Empalme CCNN,pv,Millones de pesos corrientes,
1994.0,Empalme CCNN,pv,Millones de pesos corrientes,
1995.0,Empalme CCNN,pv,Millones de pesos corrientes,-354.528039205627
1995.0,Empalme CCNN,pv,Millones de pesos corrientes,-355.5077561044118
1996.0,Empalme CCNN,pv,Millones de pesos corrientes,2829.798828997682
1996.0,Empalme CCNN,pv,Millones de pesos corrientes,2827.9468011746976
1997.0,Empalme CCNN,pv,Millones de pesos corrientes,2953.9386199760033
1997.0,Empalme CCNN,pv,Millones de pesos corrientes,2952.1638018879407
1998.0,Empalme CCNN,pv,Millones de pesos corrientes,-730.7097220656555
1998.0,Empalme CCNN,pv,Millones de pesos corrientes,-731.6947763857755
1999.0,Empalme CCNN,pv,Millones de pesos corrientes,964.6415756540569
1999.0,Empalme CCNN,pv,Millones de pesos corrientes,963.5241370438921
2000.0,Empalme CCNN,pv,Millones de pesos corrientes,281.58834867671425
2000.0,Empalme CCNN,pv,Millones de pesos corrientes,280.50855216785016
2001.0,Empalme CCNN,pv,Millones de pesos corrientes,-4373.021277732673
2001.0,Empalme CCNN,pv,Millones de pesos corrientes,-4374.027188711394
2002.0,Empalme CCNN,pv,Millones de pesos corrientes,5097.28241713627
2002.0,Empalme CCNN,pv,Millones de pesos corrientes,5096.643488090309
2003.0,Empalme CCNN,pv,Millones de pesos corrientes,5695.303749209453
2003.0,Empalme CCNN,pv,Millones de pesos corrientes,5694.376055476817
2004.0,Empalme CCNN,pv,Millones de pesos corrientes,16476.73920902187
2004.0,Empalme CCNN,pv,Millones de pesos corrientes,16476.73920902187
2005.0,Empalme CCNN,pv,Millones de pesos corrientes,11014.272605936472
2005.0,Empalme CCNN,pv,Millones de pesos corrientes,11014.272605936472
2006.0,Empalme CCNN,pv,Millones de pesos corrientes,16436.727625325795
2006.0,Empalme CCNN,pv,Millones de pesos corrientes,16436.727625325795
2007.0,Empalme CCNN,pv,Millones de pesos corrientes,12473.563497830557
2007.0,Empalme CCNN,pv,Millones de pesos corrientes,12473.563497830557
2008.0,Empalme CCNN,pv,Millones de pesos corrientes,12819.866387885017
2008.0,Empalme CCNN,pv,Millones de pesos corrientes,12819.866387885017
2009.0,Empalme CCNN,pv,Millones de pesos corrientes,16331.025683883801
2009.0,Empalme CCNN,pv,Millones de pesos corrientes,16331.025683883801
2010.0,Empalme CCNN,pv,Millones de pesos corrientes,19861.225296364028
2011.0,Empalme CCNN,pv,Millones de pesos corrientes,15167.47627260414
2012.0,Empalme CCNN,pv,Millones de pesos corrientes,15815.595136941494
2013.0,Empalme CCNN,pv,Millones de pesos corrientes,9166.383161286813
2014.0,Empalme CCNN,pv,Millones de pesos corrientes,37618.63450491303
2015.0,Empalme CCNN,pv,Millones de pesos corrientes,-149.24768982889236
2016.0,Empalme CCNN,pv,Millones de pesos corrientes,22833.12359887869
2017.0,Empalme CCNN,pv,Millones de pesos corrientes,6400.980283480694
2018.0,Empalme CCNN,pv,Millones de pesos corrientes,-37679.349261807896
2019.0,Empalme CCNN,pv,Millones de pesos corrientes,-166203.45265094214
2020.0,Empalme CCNN,pv,Millones de pesos corrientes,-539490.4913822633
2021.0,Empalme CCNN,pv,Millones de pesos corrientes,-416490.3570005265
2022.0,Empalme CCNN,pv,Millones de pesos corrientes,-1163905.8126408176
2023.0,Empalme CCNN,pv,Millones de pesos corrientes,-7764382.425798704
2024.0,Empalme CCNN,pv,Millones de pesos corrientes,1412447.2467311076
2025.0,Empalme CCNN,pv,Millones de pesos corrientes,2601729.6566372337
2026.0,Empalme CCNN,pv,Millones de pesos corrientes,
2027.0,Empalme CCNN,pv,Millones de pesos corrientes,
2028.0,Empalme CCNN,pv,Millones de pesos corrientes,
2029.0,Empalme CCNN,pv,Millones de pesos corrientes,
2030.0,Empalme CCNN,pv,Millones de pesos corrientes,
1922.0,Criterio propio,pv,Millones de pesos corrientes,
1923.0,Criterio propio,pv,Millones de pesos corrientes,
1924.0,Criterio propio,pv,Millones de pesos corrientes,
1925.0,Criterio propio,pv,Millones de pesos corrientes,
1926.0,Criterio propio,pv,Millones de pesos corrientes,
1927.0,Criterio propio,pv,Millones de pesos corrientes,
1928.0,Criterio propio,pv,Millones de pesos corrientes,
1929.0,Criterio propio,pv,Millones de pesos corrientes,
1930.0,Criterio propio,pv,Millones de pesos corrientes,
1931.0,Criterio propio,pv,Millones de pesos corrientes,
1932.0,Criterio propio,pv,Millones de pesos corrientes,
1933.0,Criterio propio,pv,Millones de pesos corrientes,
1934.0,Criterio propio,pv,Millones de pesos corrientes,
1935.0,Criterio propio,pv,Millones de pesos corrientes,
1936.0,Criterio propio,pv,Millones de pesos corrientes,
1937.0,Criterio propio,pv,Millones de pesos corrientes,
1938.0,Criterio propio,pv,Millones de pesos corrientes,
1939.0,Criterio propio,pv,Millones de pesos corrientes,
1940.0,Criterio propio,pv,Millones de pesos corrientes,
1941.0,Criterio propio,pv,Millones de pesos corrientes,
1942.0,Criterio propio,pv,Millones de pesos corrientes,
1943.0,Criterio propio,pv,Millones de pesos corrientes,
1944.0,Criterio propio,pv,Millones de pesos corrientes,
1945.0,Criterio propio,pv,Millones de pesos corrientes,
1946.0,Criterio propio,pv,Millones de pesos corrientes,
1947.0,Criterio propio,pv,Millones de pesos corrientes,
1948.0,Criterio propio,pv,Millones de pesos corrientes,
1949.0,Criterio propio,pv,Millones de pesos corrientes,
1950.0,Criterio propio,pv,Millones de pesos corrientes,
1951.0,Criterio propio,pv,Millones de pesos corrientes,
1952.0,Criterio propio,pv,Millones de pesos corrientes,
1953.0,Criterio propio,pv,Millones de pesos corrientes,
1954.0,Criterio propio,pv,Millones de pesos corrientes,
1955.0,Criterio propio,pv,Millones de pesos corrientes,
1956.0,Criterio propio,pv,Millones de pesos corrientes,
1957.0,Criterio propio,pv,Millones de pesos corrientes,
1958.0,Criterio propio,pv,Millones de pesos corrientes,
1959.0,Criterio propio,pv,Millones de pesos corrientes,
1960.0,Criterio propio,pv,Millones de pesos corrientes,
1961.0,Criterio propio,pv,Millones de pesos corrientes,
1962.0,Criterio propio,pv,Millones de pesos corrientes,
1963.0,Criterio propio,pv,Millones de pesos corrientes,
1964.0,Criterio propio,pv,Millones de pesos corrientes,
1965.0,Criterio propio,pv,Millones de pesos corrientes,
1966.0,Criterio propio,pv,Millones de pesos corrientes,
1967.0,Criterio propio,pv,Millones de pesos corrientes,
1968.0,Criterio propio,pv,Millones de pesos corrientes,
1969.0,Criterio propio,pv,Millones de pesos corrientes,
1970.0,Criterio propio,pv,Millones de pesos corrientes,
1971.0,Criterio propio,pv,Millones de pesos corrientes,
1972.0,Criterio propio,pv,Millones de pesos corrientes,
1973.0,Criterio propio,pv,Millones de pesos corrientes,
1974.0,Criterio propio,pv,Millones de pesos corrientes,
1975.0,Criterio propio,pv,Millones de pesos corrientes,
1976.0,Criterio propio,pv,Millones de pesos corrientes,
1977.0,Criterio propio,pv,Millones de pesos corrientes,
1978.0,Criterio propio,pv,Millones de pesos corrientes,
1979.0,Criterio propio,pv,Millones de pesos corrientes,
1980.0,Criterio propio,pv,Millones de pesos corrientes,
1981.0,Criterio propio,pv,Millones de pesos corrientes,
1982.0,Criterio propio,pv,Millones de pesos corrientes,
1983.0,Criterio propio,pv,Millones de pesos corrientes,
1984.0,Criterio propio,pv,Millones de pesos corrientes,
1985.0,Criterio propio,pv,Millones de pesos corrientes,
1986.0,Criterio propio,pv,Millones de pesos corrientes,
1987.0,Criterio propio,pv,Millones de pesos corrientes,
1988.0,Criterio propio,pv,Millones de pesos corrientes,
1989.0,Criterio propio,pv,Millones de pesos corrientes,
1990.0,Criterio propio,pv,Millones de pesos corrientes,
1991.0,Criterio propio,pv,Millones de pesos corrientes,
1992.0,Criterio propio,pv,Millones de pesos corrientes,
1993.0,Criterio propio,pv,Millones de pesos corrientes,
1993.0,Criterio propio,pv,Millones de pesos corrientes,
1994.0,Criterio propio,pv,Millones de pesos corrientes,
1994.0,Criterio propio,pv,Millones de pesos corrientes,
1995.0,Criterio propio,pv,Millones de pesos corrientes,
1995.0,Criterio propio,pv,Millones de pesos corrientes,
1996.0,Criterio propio,pv,Millones de pesos corrientes,
1996.0,Criterio propio,pv,Millones de pesos corrientes,
1997.0,Criterio propio,pv,Millones de pesos corrientes,
1997.0,Criterio propio,pv,Millones de pesos corrientes,
1998.0,Criterio propio,pv,Millones de pesos corrientes,1375.6916042624664
1998.0,Criterio propio,pv,Millones de pesos corrientes,1374.7065499423463
1999.0,Criterio propio,pv,Millones de pesos corrientes,3335.3452155944497
1999.0,Criterio propio,pv,Millones de pesos corrientes,3334.227776984285
2000.0,Criterio propio,pv,Millones de pesos corrientes,4838.264897825785
2000.0,Criterio propio,pv,Millones de pesos corrientes,4837.185101316921
2001.0,Criterio propio,pv,Millones de pesos corrientes,589.5881235413281
2001.0,Criterio propio,pv,Millones de pesos corrientes,588.5822125626082
2002.0,Criterio propio,pv,Millones de pesos corrientes,4177.95703586325
2002.0,Criterio propio,pv,Millones de pesos corrientes,4177.318106817289
2003.0,Criterio propio,pv,Millones de pesos corrientes,8108.39093120085
2003.0,Criterio propio,pv,Millones de pesos corrientes,8107.463237468214
2004.0,Criterio propio,pv,Millones de pesos corrientes,24164.26709897888
2004.0,Criterio propio,pv,Millones de pesos corrientes,24163.25290139247
2005.0,Criterio propio,pv,Millones de pesos corrientes,32154.19527055384
2005.0,Criterio propio,pv,Millones de pesos corrientes,32154.19527055384
2006.0,Criterio propio,pv,Millones de pesos corrientes,41412.07157738205
2006.0,Criterio propio,pv,Millones de pesos corrientes,41412.07157738205
2007.0,Criterio propio,pv,Millones de pesos corrientes,37441.324062759915
2007.0,Criterio propio,pv,Millones de pesos corrientes,37441.324062759915
2008.0,Criterio propio,pv,Millones de pesos corrientes,72484.69036560523
2008.0,Criterio propio,pv,Millones de pesos corrientes,72484.69036560523
2009.0,Criterio propio,pv,Millones de pesos corrientes,56781.445125425606
2009.0,Criterio propio,pv,Millones de pesos corrientes,56781.445125425606
2010.0,Criterio propio,pv,Millones de pesos corrientes,104221.13395080988
2011.0,Criterio propio,pv,Millones de pesos corrientes,173050.44066615714
2012.0,Criterio propio,pv,Millones de pesos corrientes,269725.63544054044
2013.0,Criterio propio,pv,Millones de pesos corrientes,345269.53120950767
2014.0,Criterio propio,pv,Millones de pesos corrientes,473598.4373625957
2015.0,Criterio propio,pv,Millones de pesos corrientes,301832.7743522579
2016.0,Criterio propio,pv,Millones de pesos corrientes,227030.45954856015
2017.0,Criterio propio,pv,Millones de pesos corrientes,341938.4675472005
2018.0,Criterio propio,pv,Millones de pesos corrientes,413647.04178826476
2019.0,Criterio propio,pv,Millones de pesos corrientes,653995.35386358
2020.0,Criterio propio,pv,Millones de pesos corrientes,-26970.907078397016
2021.0,Criterio propio,pv,Millones de pesos corrientes,-39105.52962564753
2022.0,Criterio propio,pv,Millones de pesos corrientes,779256.3674585164
2023.0,Criterio propio,pv,Millones de pesos corrientes,-4099735.3318332997
2024.0,Criterio propio,pv,Millones de pesos corrientes,19450593.66498824
2025.0,Criterio propio,pv,Millones de pesos corrientes,17062887.903681066
2026.0,Criterio propio,pv,Millones de pesos corrientes,
