anio,variable,codigo_variable,unidad,valor,fuente
1996.0,MS,MS,Millones de pesos corrientes,776.4913616807945,MinTrabajo/MECON
1997.0,MS,MS,Millones de pesos corrientes,851.990883205553,MinTrabajo/MECON
1998.0,MS,MS,Millones de pesos corrientes,915.3001400076399,MinTrabajo/MECON
1999.0,MS,MS,Millones de pesos corrientes,845.4377271991366,MinTrabajo/MECON
2000.0,MS,MS,Millones de pesos corrientes,910.5731463628605,MinTrabajo/MECON
2001.0,MS,MS,Millones de pesos corrientes,961.869104235611,MinTrabajo/MECON
2002.0,MS,MS,Millones de pesos corrientes,1071.9582684073964,MinTrabajo/MECON
2003.0,MS,MS,Millones de pesos corrientes,1369.4350092553227,MinTrabajo/MECON
2004.0,MS,MS,Millones de pesos corrientes,1718.7353693706398,MinTrabajo/MECON
2005.0,MS,MS,Millones de pesos corrientes,2414.22994387732,MinTrabajo/MECON
2006.0,MS,MS,Millones de pesos corrientes,3297.0779891657075,MinTrabajo/MECON
2007.0,MS,MS,Millones de pesos corrientes,4627.081046307343,MinTrabajo/MECON
2008.0,MS,MS,Millones de pesos corrientes,7006.9954138276935,MinTrabajo/MECON
2009.0,MS,MS,Millones de pesos corrientes,8375.483492483741,MinTrabajo/MECON
2010.0,MS,MS,Millones de pesos corrientes,10934.974078009405,MinTrabajo/MECON
2011.0,MS,MS,Millones de pesos corrientes,15526.741180435263,MinTrabajo/MECON
2012.0,MS,MS,Millones de pesos corrientes,19291.45780190686,MinTrabajo/MECON
2013.0,MS,MS,Millones de pesos corrientes,25210.4416819125,MinTrabajo/MECON
2014.0,MS,MS,Millones de pesos corrientes,36967.364475585586,MinTrabajo/MECON
2015.0,MS,MS,Millones de pesos corrientes,49948.26959065372,MinTrabajo/MECON
2016.0,MS,MS,Millones de pesos corrientes,56885.45635461411,MinTrabajo/MECON
2017.0,MS,MS,Millones de pesos corrientes,66312.31923046391,MinTrabajo/MECON
2018.0,MS,MS,Millones de pesos corrientes,90880.60271643594,MinTrabajo/MECON
2019.0,MS,MS,Millones de pesos corrientes,146966.34318155138,MinTrabajo/MECON
2020.0,MS,MS,Millones de pesos corrientes,165830.2857856836,MinTrabajo/MECON
2021.0,MS,MS,Millones de pesos corrientes,250724.71058659372,MinTrabajo/MECON
2022.0,MS,MS,Millones de pesos corrientes,517717.07926635933,MinTrabajo/MECON
2023.0,MS,MS,Millones de pesos corrientes,1321740.8025481561,MinTrabajo/MECON
2024.0,MS,MS,Millones de pesos corrientes,4418287.269647062,MinTrabajo/MECON
1963.0,Pi_crudo,Pi_crudo,USD/barriles,2.466666938176836,MECON/IDEE/YPF
1964.0,Pi_crudo,Pi_crudo,USD/barriles,1.723294996349331,MECON/IDEE/YPF
1965.0,Pi_crudo,Pi_crudo,USD/barriles,2.4667463058776495,MECON/IDEE/YPF
1966.0,Pi_crudo,Pi_crudo,USD/barriles,3.48023784540049,MECON/IDEE/YPF
1967.0,Pi_crudo,Pi_crudo,USD/barriles,2.375274253553372,MECON/IDEE/YPF
1968.0,Pi_crudo,Pi_crudo,USD/barriles,2.820439441635664,MECON/IDEE/YPF
1969.0,Pi_crudo,Pi_crudo,USD/barriles,2.820439441635664,MECON/IDEE/YPF
1970.0,Pi_crudo,Pi_crudo,USD/barriles,2.604216350281408,MECON/IDEE/YPF
1971.0,Pi_crudo,Pi_crudo,USD/barriles,2.1495119081687815,MECON/IDEE/YPF
1972.0,Pi_crudo,Pi_crudo,USD/barriles,1.6614200769499825,MECON/IDEE/YPF
1973.0,Pi_crudo,Pi_crudo,USD/barriles,3.373716175395084,MECON/IDEE/YPF
1974.0,Pi_crudo,Pi_crudo,USD/barriles,7.361124360075042,MECON/IDEE/YPF
1975.0,Pi_crudo,Pi_crudo,USD/barriles,4.591560939934498,MECON/IDEE/YPF
1976.0,Pi_crudo,Pi_crudo,USD/barriles,4.771216890839137,MECON/IDEE/YPF
1977.0,Pi_crudo,Pi_crudo,USD/barriles,4.779166269197749,MECON/IDEE/YPF
1978.0,Pi_crudo,Pi_crudo,USD/barriles,8.025692390855035,MECON/IDEE/YPF
1979.0,Pi_crudo,Pi_crudo,USD/barriles,9.663264332729181,MECON/IDEE/YPF
1980.0,Pi_crudo,Pi_crudo,USD/barriles,12.71900537377977,MECON/IDEE/YPF
1981.0,Pi_crudo,Pi_crudo,USD/barriles,9.280104295844065,MECON/IDEE/YPF
1982.0,Pi_crudo,Pi_crudo,USD/barriles,5.8666412286559195,MECON/IDEE/YPF
1983.0,Pi_crudo,Pi_crudo,USD/barriles,10.197462558427931,MECON/IDEE/YPF
1984.0,Pi_crudo,Pi_crudo,USD/barriles,10.342141244554677,MECON/IDEE/YPF
1985.0,Pi_crudo,Pi_crudo,USD/barriles,11.195904480269643,MECON/IDEE/YPF
1986.0,Pi_crudo,Pi_crudo,USD/barriles,12.488473401380013,MECON/IDEE/YPF
1987.0,Pi_crudo,Pi_crudo,USD/barriles,10.316703233807116,MECON/IDEE/YPF
1988.0,Pi_crudo,Pi_crudo,USD/barriles,13.21345670768546,MECON/IDEE/YPF
1989.0,Pi_crudo,Pi_crudo,USD/barriles,2.339250747575955,MECON/IDEE/YPF
1990.0,Pi_crudo,Pi_crudo,USD/barriles,15.004229452157873,MECON/IDEE/YPF
1991.0,Pi_crudo,Pi_crudo,USD/barriles,16.480434698956476,MECON/IDEE/YPF
1993.0,Pi_crudo,Pi_crudo,USD/barriles,15.32512612417459,MECON/IDEE/YPF
1994.0,Pi_crudo,Pi_crudo,USD/barriles,14.297503511107932,MECON/IDEE/YPF
1995.0,Pi_crudo,Pi_crudo,USD/barriles,15.846356332342312,MECON/IDEE/YPF
1996.0,Pi_crudo,Pi_crudo,USD/barriles,19.890519012263244,MECON/IDEE/YPF
1997.0,Pi_crudo,Pi_crudo,USD/barriles,18.5480299002618,MECON/IDEE/YPF
1998.0,Pi_crudo,Pi_crudo,USD/barriles,12.160952771153296,MECON/IDEE/YPF
1999.0,Pi_crudo,Pi_crudo,USD/barriles,17.00178969667822,MECON/IDEE/YPF
2000.0,Pi_crudo,Pi_crudo,USD/barriles,28.146854075911264,MECON/IDEE/YPF
2001.0,Pi_crudo,Pi_crudo,USD/barriles,22.719092633178587,MECON/IDEE/YPF
2002.0,Pi_crudo,Pi_crudo,USD/barriles,19.682486484599405,MECON/IDEE/YPF
2003.0,Pi_crudo,Pi_crudo,USD/barriles,24.237501381866938,MECON/IDEE/YPF
2004.0,Pi_crudo,Pi_crudo,USD/barriles,28.35350209068651,MECON/IDEE/YPF
2005.0,Pi_crudo,Pi_crudo,USD/barriles,34.634829819708095,MECON/IDEE/YPF
2006.0,Pi_crudo,Pi_crudo,USD/barriles,39.976812063446644,MECON/IDEE/YPF
2007.0,Pi_crudo,Pi_crudo,USD/barriles,40.70764055560855,MECON/IDEE/YPF
2008.0,Pi_crudo,Pi_crudo,USD/barriles,44.0758716586113,MECON/IDEE/YPF
2009.0,Pi_crudo,Pi_crudo,USD/barriles,42.75057204654097,MECON/IDEE/YPF
2010.0,Pi_crudo,Pi_crudo,USD/barriles,50.0750584769521,MECON/IDEE/YPF
2011.0,Pi_crudo,Pi_crudo,USD/barriles,59.70086404045704,MECON/IDEE/YPF
2012.0,Pi_crudo,Pi_crudo,USD/barriles,70.09650602032922,MECON/IDEE/YPF
2013.0,Pi_crudo,Pi_crudo,USD/barriles,70.50673289558756,MECON/IDEE/YPF
2014.0,Pi_crudo,Pi_crudo,USD/barriles,72.9746844030547,MECON/IDEE/YPF
2015.0,Pi_crudo,Pi_crudo,USD/barriles,67.99899768540601,MECON/IDEE/YPF
2016.0,Pi_crudo,Pi_crudo,USD/barriles,58.10644420993779,MECON/IDEE/YPF
2017.0,Pi_crudo,Pi_crudo,USD/barriles,53.103430588677966,MECON/IDEE/YPF
2018.0,Pi_crudo,Pi_crudo,USD/barriles,63.543576328606115,MECON/IDEE/YPF
2019.0,Pi_crudo,Pi_crudo,USD/barriles,54.628943544960244,MECON/IDEE/YPF
2020.0,Pi_crudo,Pi_crudo,USD/barriles,41.31467005901155,MECON/IDEE/YPF
2021.0,Pi_crudo,Pi_crudo,USD/barriles,56.084874596460544,MECON/IDEE/YPF
2022.0,Pi_crudo,Pi_crudo,USD/barriles,66.14804903940454,MECON/IDEE/YPF
2023.0,Pi_crudo,Pi_crudo,USD/barriles,64.1528736133494,MECON/IDEE/YPF
2024.0,Pi_crudo,Pi_crudo,USD/barriles,70.63757168856138,MECON/IDEE/YPF
2025.0,Pi_crudo,Pi_crudo,USD/barriles,63.06461383766098,MECON/IDEE/YPF
1970.0,Pi_gas,Pi_gas,ars/MMBTU,4.107648725212464e-12,MECON/Regalias/IDEE
1971.0,Pi_gas,Pi_gas,ars/MMBTU,5.343118680248707e-12,MECON/Regalias/IDEE
1972.0,Pi_gas,Pi_gas,ars/MMBTU,5.8660276504133084e-12,MECON/Regalias/IDEE
1973.0,Pi_gas,Pi_gas,ars/MMBTU,7.076814104869961e-12,MECON/Regalias/IDEE
1974.0,Pi_gas,Pi_gas,ars/MMBTU,7.58637731630426e-12,MECON/Regalias/IDEE
1975.0,Pi_gas,Pi_gas,ars/MMBTU,9.534994213356604e-12,MECON/Regalias/IDEE
1976.0,Pi_gas,Pi_gas,ars/MMBTU,9.633282055916879e-11,MECON/Regalias/IDEE
1977.0,Pi_gas,Pi_gas,ars/MMBTU,1.1403411450540214e-09,MECON/Regalias/IDEE
1978.0,Pi_gas,Pi_gas,ars/MMBTU,5.240930316793441e-09,MECON/Regalias/IDEE
1979.0,Pi_gas,Pi_gas,ars/MMBTU,1.0822136669311824e-08,MECON/Regalias/IDEE
1980.0,Pi_gas,Pi_gas,ars/MMBTU,1.937811247396485e-08,MECON/Regalias/IDEE
1981.0,Pi_gas,Pi_gas,ars/MMBTU,4.517716473111681e-08,MECON/Regalias/IDEE
1982.0,Pi_gas,Pi_gas,ars/MMBTU,1.0173618471200714e-07,MECON/Regalias/IDEE
1983.0,Pi_gas,Pi_gas,ars/MMBTU,7.001850420779457e-07,MECON/Regalias/IDEE
1984.0,Pi_gas,Pi_gas,ars/MMBTU,5.050027852953153e-06,MECON/Regalias/IDEE
1985.0,Pi_gas,Pi_gas,ars/MMBTU,4.384509344124346e-05,MECON/Regalias/IDEE
1986.0,Pi_gas,Pi_gas,ars/MMBTU,7.111625094259567e-05,MECON/Regalias/IDEE
1987.0,Pi_gas,Pi_gas,ars/MMBTU,0.00013274476713427908,MECON/Regalias/IDEE
1988.0,Pi_gas,Pi_gas,ars/MMBTU,0.0008887448746814265,MECON/Regalias/IDEE
1993.0,Pi_gas,Pi_gas,ars/MMBTU,1.0057137586306302,MECON/Regalias/IDEE
1994.0,Pi_gas,Pi_gas,ars/MMBTU,1.1097492868988417,MECON/Regalias/IDEE
1995.0,Pi_gas,Pi_gas,ars/MMBTU,1.1784209683566877,MECON/Regalias/IDEE
1996.0,Pi_gas,Pi_gas,ars/MMBTU,1.2213861593776953,MECON/Regalias/IDEE
1997.0,Pi_gas,Pi_gas,ars/MMBTU,1.2188698091062005,MECON/Regalias/IDEE
1998.0,Pi_gas,Pi_gas,ars/MMBTU,1.2190291086172733,MECON/Regalias/IDEE
1999.0,Pi_gas,Pi_gas,ars/MMBTU,1.2028564683663836,MECON/Regalias/IDEE
2000.0,Pi_gas,Pi_gas,ars/MMBTU,1.2689565627950896,MECON/Regalias/IDEE
2001.0,Pi_gas,Pi_gas,ars/MMBTU,1.3406515580736544,MECON/Regalias/IDEE
2002.0,Pi_gas,Pi_gas,ars/MMBTU,1.5479225684608122,MECON/Regalias/IDEE
2003.0,Pi_gas,Pi_gas,ars/MMBTU,1.5888101983002834,MECON/Regalias/IDEE
2004.0,Pi_gas,Pi_gas,ars/MMBTU,2.2634796978281395,MECON/Regalias/IDEE
2005.0,Pi_gas,Pi_gas,ars/MMBTU,3.056397544853636,MECON/Regalias/IDEE
2006.0,Pi_gas,Pi_gas,ars/MMBTU,3.9669735599622284,MECON/Regalias/IDEE
2007.0,Pi_gas,Pi_gas,ars/MMBTU,4.676581680830973,MECON/Regalias/IDEE
2008.0,Pi_gas,Pi_gas,ars/MMBTU,5.5510623229461755,MECON/Regalias/IDEE
2009.0,Pi_gas,Pi_gas,ars/MMBTU,6.7493389990557136,MECON/Regalias/IDEE
2010.0,Pi_gas,Pi_gas,ars/MMBTU,7.920066100094429,MECON/Regalias/IDEE
2011.0,Pi_gas,Pi_gas,ars/MMBTU,8.690627950897072,MECON/Regalias/IDEE
2012.0,Pi_gas,Pi_gas,ars/MMBTU,8.614966949952787,MECON/Regalias/IDEE
2013.0,Pi_gas,Pi_gas,ars/MMBTU,10.272521246458926,MECON/Regalias/IDEE
2014.0,Pi_gas,Pi_gas,ars/MMBTU,18.582507082152976,MECON/Regalias/IDEE
2015.0,Pi_gas,Pi_gas,ars/MMBTU,20.2755193578848,MECON/Regalias/IDEE
2016.0,Pi_gas,Pi_gas,ars/MMBTU,49.82511803588291,MECON/Regalias/IDEE
2017.0,Pi_gas,Pi_gas,ars/MMBTU,65.35422568460812,MECON/Regalias/IDEE
2018.0,Pi_gas,Pi_gas,ars/MMBTU,127.37474032105762,MECON/Regalias/IDEE
2019.0,Pi_gas,Pi_gas,ars/MMBTU,163.81576959395656,MECON/Regalias/IDEE
2020.0,Pi_gas,Pi_gas,ars/MMBTU,168.02367799811142,MECON/Regalias/IDEE
2021.0,Pi_gas,Pi_gas,ars/MMBTU,211.82124645892353,MECON/Regalias/IDEE
2022.0,Pi_gas,Pi_gas,ars/MMBTU,453.9387677640109,MECON/Regalias/IDEE
2023.0,Pi_gas,Pi_gas,ars/MMBTU,1060.2802318838267,MECON/Regalias/IDEE
2024.0,Pi_gas,Pi_gas,ars/MMBTU,3027.562684368754,MECON/Regalias/IDEE
2025.0,Pi_gas,Pi_gas,ars/MMBTU,4131.202928466596,MECON/Regalias/IDEE
1962.0,Q_crudo_expo,Q_crudo_expo,barriles,1600164.59776432,SESCO/Comtrade
1963.0,Q_crudo_expo,Q_crudo_expo,barriles,640739.01985856,SESCO/Comtrade
1964.0,Q_crudo_expo,Q_crudo_expo,barriles,101996.187941,SESCO/Comtrade
1966.0,Q_crudo_expo,Q_crudo_expo,barriles,19421.3608275,SESCO/Comtrade
1967.0,Q_crudo_expo,Q_crudo_expo,barriles,58111.59861867,SESCO/Comtrade
1968.0,Q_crudo_expo,Q_crudo_expo,barriles,1182294.78060432,SESCO/Comtrade
1969.0,Q_crudo_expo,Q_crudo_expo,barriles,381429.802925,SESCO/Comtrade
1974.0,Q_crudo_expo,Q_crudo_expo,barriles,220506.44815168,SESCO/Comtrade
1975.0,Q_crudo_expo,Q_crudo_expo,barriles,90446.18467876,SESCO/Comtrade
1979.0,Q_crudo_expo,Q_crudo_expo,barriles,1.20135371,SESCO/Comtrade
1985.0,Q_crudo_expo,Q_crudo_expo,barriles,2557822.1855568,SESCO/Comtrade
1986.0,Q_crudo_expo,Q_crudo_expo,barriles,828555.61461192,SESCO/Comtrade
1987.0,Q_crudo_expo,Q_crudo_expo,barriles,523314.55696856,SESCO/Comtrade
1988.0,Q_crudo_expo,Q_crudo_expo,barriles,1264149.1603008,SESCO/Comtrade
1989.0,Q_crudo_expo,Q_crudo_expo,barriles,1987128.1000496,SESCO/Comtrade
1990.0,Q_crudo_expo,Q_crudo_expo,barriles,6529986.54580544,SESCO/Comtrade
1991.0,Q_crudo_expo,Q_crudo_expo,barriles,5543827.82874338,SESCO/Comtrade
1992.0,Q_crudo_expo,Q_crudo_expo,barriles,16964341.7535642,SESCO/Comtrade
1993.0,Q_crudo_expo,Q_crudo_expo,barriles,28450838.2634701,SESCO/Comtrade
1994.0,Q_crudo_expo,Q_crudo_expo,barriles,66209162.2566298,SESCO/Comtrade
1995.0,Q_crudo_expo,Q_crudo_expo,barriles,88121303.2415846,SESCO/Comtrade
1996.0,Q_crudo_expo,Q_crudo_expo,barriles,103610629.199821,SESCO/Comtrade
1997.0,Q_crudo_expo,Q_crudo_expo,barriles,104005003.708477,SESCO/Comtrade
1998.0,Q_crudo_expo,Q_crudo_expo,barriles,107523445.730744,SESCO/Comtrade
2010.0,Q_crudo_expo,Q_crudo_expo,barriles,33429069.621789597,SESCO/Comtrade
2011.0,Q_crudo_expo,Q_crudo_expo,barriles,21725042.042173795,SESCO/Comtrade
2012.0,Q_crudo_expo,Q_crudo_expo,barriles,24058816.80833532,SESCO/Comtrade
2013.0,Q_crudo_expo,Q_crudo_expo,barriles,15931837.93771614,SESCO/Comtrade
2014.0,Q_crudo_expo,Q_crudo_expo,barriles,16825688.388588417,SESCO/Comtrade
2015.0,Q_crudo_expo,Q_crudo_expo,barriles,14726080.94671626,SESCO/Comtrade
1994.0,Q_crudo_impo,Q_crudo_impo,barriles,3112715.0933999997,SESCO/MECON
1995.0,Q_crudo_impo,Q_crudo_impo,barriles,3646549.2887999997,SESCO/MECON
1996.0,Q_crudo_impo,Q_crudo_impo,barriles,5336926.749,SESCO/MECON
1997.0,Q_crudo_impo,Q_crudo_impo,barriles,8000965.2491999995,SESCO/MECON
1998.0,Q_crudo_impo,Q_crudo_impo,barriles,8421432.089399999,SESCO/MECON
1999.0,Q_crudo_impo,Q_crudo_impo,barriles,2261824.6596,SESCO/MECON
2000.0,Q_crudo_impo,Q_crudo_impo,barriles,3757111.3932,SESCO/MECON
2001.0,Q_crudo_impo,Q_crudo_impo,barriles,10101876.3703704,SESCO/MECON
2002.0,Q_crudo_impo,Q_crudo_impo,barriles,3833079.5976,SESCO/MECON
2003.0,Q_crudo_impo,Q_crudo_impo,barriles,1792460.9142,SESCO/MECON
2004.0,Q_crudo_impo,Q_crudo_impo,barriles,3712922.529096,SESCO/MECON
2005.0,Q_crudo_impo,Q_crudo_impo,barriles,1556315.4050399999,SESCO/MECON
2006.0,Q_crudo_impo,Q_crudo_impo,barriles,563377.3859999999,SESCO/MECON
2007.0,Q_crudo_impo,Q_crudo_impo,barriles,285789.64259999996,SESCO/MECON
2008.0,Q_crudo_impo,Q_crudo_impo,barriles,30631.325999999997,SESCO/MECON
2009.0,Q_crudo_impo,Q_crudo_impo,barriles,0.0,SESCO/MECON
2010.0,Q_crudo_impo,Q_crudo_impo,barriles,0.0,SESCO/MECON
2011.0,Q_crudo_impo,Q_crudo_impo,barriles,0.0,SESCO/MECON
2012.0,Q_crudo_impo,Q_crudo_impo,barriles,1559027.6234081998,SESCO/MECON
2013.0,Q_crudo_impo,Q_crudo_impo,barriles,2649516.358368,SESCO/MECON
2014.0,Q_crudo_impo,Q_crudo_impo,barriles,3446879.776494,SESCO/MECON
2015.0,Q_crudo_impo,Q_crudo_impo,barriles,6203516.838089999,SESCO/MECON
2016.0,Q_crudo_impo,Q_crudo_impo,barriles,5789601.3780924,SESCO/MECON
2017.0,Q_crudo_impo,Q_crudo_impo,barriles,7896010.872598199,SESCO/MECON
2018.0,Q_crudo_impo,Q_crudo_impo,barriles,2796355.0666722,SESCO/MECON
2019.0,Q_crudo_impo,Q_crudo_impo,barriles,0.0,SESCO/MECON
2020.0,Q_crudo_impo,Q_crudo_impo,barriles,0.0,SESCO/MECON
1911.0,Q_crudo_prod,Q_crudo_prod,barriles,12579.599999999999,SecEnergia/SESCO/Anuario
1912.0,Q_crudo_prod,Q_crudo_prod,barriles,44028.6,SecEnergia/SESCO/Anuario
1913.0,Q_crudo_prod,Q_crudo_prod,barriles,132085.8,SecEnergia/SESCO/Anuario
1914.0,Q_crudo_prod,Q_crudo_prod,barriles,276751.2,SecEnergia/SESCO/Anuario
1915.0,Q_crudo_prod,Q_crudo_prod,barriles,515763.6,SecEnergia/SESCO/Anuario
1916.0,Q_crudo_prod,Q_crudo_prod,barriles,867992.3999999999,SecEnergia/SESCO/Anuario
1917.0,Q_crudo_prod,Q_crudo_prod,barriles,1207641.5999999999,SecEnergia/SESCO/Anuario
1918.0,Q_crudo_prod,Q_crudo_prod,barriles,1352307.0,SecEnergia/SESCO/Anuario
1919.0,Q_crudo_prod,Q_crudo_prod,barriles,1327147.7999999998,SecEnergia/SESCO/Anuario
1920.0,Q_crudo_prod,Q_crudo_prod,barriles,1647927.5999999999,SecEnergia/SESCO/Anuario
1921.0,Q_crudo_prod,Q_crudo_prod,barriles,2056764.5999999999,SecEnergia/SESCO/Anuario
1922.0,Q_crudo_prod,Q_crudo_prod,barriles,2861859.0,SecEnergia/SESCO/Anuario
1923.0,Q_crudo_prod,Q_crudo_prod,barriles,3333594.0,SecEnergia/SESCO/Anuario
1924.0,Q_crudo_prod,Q_crudo_prod,barriles,4660741.8,SecEnergia/SESCO/Anuario
1925.0,Q_crudo_prod,Q_crudo_prod,barriles,5987889.6,SecEnergia/SESCO/Anuario
1926.0,Q_crudo_prod,Q_crudo_prod,barriles,7849670.399999999,SecEnergia/SESCO/Anuario
1927.0,Q_crudo_prod,Q_crudo_prod,barriles,8629605.6,SecEnergia/SESCO/Anuario
1928.0,Q_crudo_prod,Q_crudo_prod,barriles,9069891.6,SecEnergia/SESCO/Anuario
1929.0,Q_crudo_prod,Q_crudo_prod,barriles,9390671.399999999,SecEnergia/SESCO/Anuario
1930.0,Q_crudo_prod,Q_crudo_prod,barriles,9000703.799999999,SecEnergia/SESCO/Anuario
1931.0,Q_crudo_prod,Q_crudo_prod,barriles,11705317.799999999,SecEnergia/SESCO/Anuario
1932.0,Q_crudo_prod,Q_crudo_prod,barriles,13139392.2,SecEnergia/SESCO/Anuario
1933.0,Q_crudo_prod,Q_crudo_prod,barriles,13692894.6,SecEnergia/SESCO/Anuario
1934.0,Q_crudo_prod,Q_crudo_prod,barriles,14026254.0,SecEnergia/SESCO/Anuario
1935.0,Q_crudo_prod,Q_crudo_prod,barriles,14296715.399999999,SecEnergia/SESCO/Anuario
1936.0,Q_crudo_prod,Q_crudo_prod,barriles,15460328.399999999,SecEnergia/SESCO/Anuario
1937.0,Q_crudo_prod,Q_crudo_prod,barriles,16353479.999999998,SecEnergia/SESCO/Anuario
1938.0,Q_crudo_prod,Q_crudo_prod,barriles,17076807.0,SecEnergia/SESCO/Anuario
1939.0,Q_crudo_prod,Q_crudo_prod,barriles,18611518.2,SecEnergia/SESCO/Anuario
1940.0,Q_crudo_prod,Q_crudo_prod,barriles,20605384.799999997,SecEnergia/SESCO/Anuario
1941.0,Q_crudo_prod,Q_crudo_prod,barriles,22014300.0,SecEnergia/SESCO/Anuario
1942.0,Q_crudo_prod,Q_crudo_prod,barriles,23706256.2,SecEnergia/SESCO/Anuario
1943.0,Q_crudo_prod,Q_crudo_prod,barriles,24832130.4,SecEnergia/SESCO/Anuario
1944.0,Q_crudo_prod,Q_crudo_prod,barriles,24228309.599999998,SecEnergia/SESCO/Anuario
1945.0,Q_crudo_prod,Q_crudo_prod,barriles,22882292.4,SecEnergia/SESCO/Anuario
1946.0,Q_crudo_prod,Q_crudo_prod,barriles,20800368.599999998,SecEnergia/SESCO/Anuario
1947.0,Q_crudo_prod,Q_crudo_prod,barriles,21844475.4,SecEnergia/SESCO/Anuario
1948.0,Q_crudo_prod,Q_crudo_prod,barriles,23221941.599999998,SecEnergia/SESCO/Anuario
1949.0,Q_crudo_prod,Q_crudo_prod,barriles,22586671.799999997,SecEnergia/SESCO/Anuario
1950.0,Q_crudo_prod,Q_crudo_prod,barriles,23460954.0,SecEnergia/SESCO/Anuario
1951.0,Q_crudo_prod,Q_crudo_prod,barriles,24464806.08,SecEnergia/SESCO/Anuario
1952.0,Q_crudo_prod,Q_crudo_prod,barriles,24819550.799999997,SecEnergia/SESCO/Anuario
1953.0,Q_crudo_prod,Q_crudo_prod,barriles,28501599.72,SecEnergia/SESCO/Anuario
1954.0,Q_crudo_prod,Q_crudo_prod,barriles,29572123.68,SecEnergia/SESCO/Anuario
1955.0,Q_crudo_prod,Q_crudo_prod,barriles,30504272.04,SecEnergia/SESCO/Anuario
1956.0,Q_crudo_prod,Q_crudo_prod,barriles,31011858.9,SecEnergia/SESCO/Anuario
1957.0,Q_crudo_prod,Q_crudo_prod,barriles,33951711.419999994,SecEnergia/SESCO/Anuario
1958.0,Q_crudo_prod,Q_crudo_prod,barriles,35656247.22,SecEnergia/SESCO/Anuario
1959.0,Q_crudo_prod,Q_crudo_prod,barriles,44578328.519999996,SecEnergia/SESCO/Anuario
1960.0,Q_crudo_prod,Q_crudo_prod,barriles,63859811.05679999,SecEnergia/SESCO/Anuario
1961.0,Q_crudo_prod,Q_crudo_prod,barriles,84461610.6708,SecEnergia/SESCO/Anuario
1962.0,Q_crudo_prod,Q_crudo_prod,barriles,98205911.8062,SecEnergia/SESCO/Anuario
1963.0,Q_crudo_prod,Q_crudo_prod,barriles,97140620.95979999,SecEnergia/SESCO/Anuario
1964.0,Q_crudo_prod,Q_crudo_prod,barriles,100275727.7412,SecEnergia/SESCO/Anuario
1965.0,Q_crudo_prod,Q_crudo_prod,barriles,98276326.11719999,SecEnergia/SESCO/Anuario
1966.0,Q_crudo_prod,Q_crudo_prod,barriles,104759675.84279999,SecEnergia/SESCO/Anuario
1967.0,Q_crudo_prod,Q_crudo_prod,barriles,114673312.66379999,SecEnergia/SESCO/Anuario
1968.0,Q_crudo_prod,Q_crudo_prod,barriles,125488170.89819999,SecEnergia/SESCO/Anuario
1969.0,Q_crudo_prod,Q_crudo_prod,barriles,130081536.3606,SecEnergia/SESCO/Anuario
1970.0,Q_crudo_prod,Q_crudo_prod,barriles,143397621.62219998,SecEnergia/SESCO/Anuario
1971.0,Q_crudo_prod,Q_crudo_prod,barriles,154510553.4786,SecEnergia/SESCO/Anuario
1972.0,Q_crudo_prod,Q_crudo_prod,barriles,158461780.6794,SecEnergia/SESCO/Anuario
1973.0,Q_crudo_prod,Q_crudo_prod,barriles,153728574.0936,SecEnergia/SESCO/Anuario
1974.0,Q_crudo_prod,Q_crudo_prod,barriles,151095236.1072,SecEnergia/SESCO/Anuario
1975.0,Q_crudo_prod,Q_crudo_prod,barriles,144465535.3152,SecEnergia/SESCO/Anuario
1976.0,Q_crudo_prod,Q_crudo_prod,barriles,145592912.7774,SecEnergia/SESCO/Anuario
1977.0,Q_crudo_prod,Q_crudo_prod,barriles,157542721.39319998,SecEnergia/SESCO/Anuario
1978.0,Q_crudo_prod,Q_crudo_prod,barriles,165137944.22399998,SecEnergia/SESCO/Anuario
1979.0,Q_crudo_prod,Q_crudo_prod,barriles,172553838.567,SecEnergia/SESCO/Anuario
1980.0,Q_crudo_prod,Q_crudo_prod,barriles,179675709.9192,SecEnergia/SESCO/Anuario
1981.0,Q_crudo_prod,Q_crudo_prod,barriles,181475630.5362,SecEnergia/SESCO/Anuario
1982.0,Q_crudo_prod,Q_crudo_prod,barriles,179071260.1392,SecEnergia/SESCO/Anuario
1983.0,Q_crudo_prod,Q_crudo_prod,barriles,179096469.6576,SecEnergia/SESCO/Anuario
1984.0,Q_crudo_prod,Q_crudo_prod,barriles,175096653.7518,SecEnergia/SESCO/Anuario
1985.0,Q_crudo_prod,Q_crudo_prod,barriles,167780798.6778,SecEnergia/SESCO/Anuario
1986.0,Q_crudo_prod,Q_crudo_prod,barriles,158370534.5508,SecEnergia/SESCO/Anuario
1987.0,Q_crudo_prod,Q_crudo_prod,barriles,156346426.59239998,SecEnergia/SESCO/Anuario
1988.0,Q_crudo_prod,Q_crudo_prod,barriles,164306432.664,SecEnergia/SESCO/Anuario
1989.0,Q_crudo_prod,Q_crudo_prod,barriles,168021213.70319998,SecEnergia/SESCO/Anuario
1990.0,Q_crudo_prod,Q_crudo_prod,barriles,176139785.63279998,SecEnergia/SESCO/Anuario
1991.0,Q_crudo_prod,Q_crudo_prod,barriles,180017346.69599998,SecEnergia/SESCO/Anuario
1992.0,Q_crudo_prod,Q_crudo_prod,barriles,202821544.93919998,SecEnergia/SESCO/Anuario
1993.0,Q_crudo_prod,Q_crudo_prod,barriles,216666596.091,SecEnergia/SESCO/Anuario
1994.0,Q_crudo_prod,Q_crudo_prod,barriles,243619496.09579998,SecEnergia/SESCO/Anuario
1995.0,Q_crudo_prod,Q_crudo_prod,barriles,262532037.834,SecEnergia/SESCO/Anuario
1996.0,Q_crudo_prod,Q_crudo_prod,barriles,286623720.3984,SecEnergia/SESCO/Anuario
1997.0,Q_crudo_prod,Q_crudo_prod,barriles,304444925.2284,SecEnergia/SESCO/Anuario
1998.0,Q_crudo_prod,Q_crudo_prod,barriles,309128920.41899997,SecEnergia/SESCO/Anuario
1999.0,Q_crudo_prod,Q_crudo_prod,barriles,280944389.51699996,SecEnergia/SESCO/Anuario
2000.0,Q_crudo_prod,Q_crudo_prod,barriles,272277680.3868,SecEnergia/SESCO/Anuario
2001.0,Q_crudo_prod,Q_crudo_prod,barriles,280631962.5714,SecEnergia/SESCO/Anuario
2002.0,Q_crudo_prod,Q_crudo_prod,barriles,276503268.66359997,SecEnergia/SESCO/Anuario
2003.0,Q_crudo_prod,Q_crudo_prod,barriles,270191278.2492,SecEnergia/SESCO/Anuario
2004.0,Q_crudo_prod,Q_crudo_prod,barriles,254315156.3304,SecEnergia/SESCO/Anuario
2005.0,Q_crudo_prod,Q_crudo_prod,barriles,242613090.357,SecEnergia/SESCO/Anuario
2006.0,Q_crudo_prod,Q_crudo_prod,barriles,241190771.5932,SecEnergia/SESCO/Anuario
2007.0,Q_crudo_prod,Q_crudo_prod,barriles,238412145.51659998,SecEnergia/SESCO/Anuario
2008.0,Q_crudo_prod,Q_crudo_prod,barriles,236452111.75079998,SecEnergia/SESCO/Anuario
2009.0,Q_crudo_prod,Q_crudo_prod,barriles,227941980.90179998,SecEnergia/SESCO/Anuario
2010.0,Q_crudo_prod,Q_crudo_prod,barriles,222743303.95679998,SecEnergia/SESCO/Anuario
2011.0,Q_crudo_prod,Q_crudo_prod,barriles,209615629.65420002,SecEnergia/SESCO/Anuario
2012.0,Q_crudo_prod,Q_crudo_prod,barriles,208440946.60619998,SecEnergia/SESCO/Anuario
2013.0,Q_crudo_prod,Q_crudo_prod,barriles,204173770.1718,SecEnergia/SESCO/Anuario
2014.0,Q_crudo_prod,Q_crudo_prod,barriles,201146495.7216,SecEnergia/SESCO/Anuario
2015.0,Q_crudo_prod,Q_crudo_prod,barriles,201105366.7194,SecEnergia/SESCO/Anuario
2016.0,Q_crudo_prod,Q_crudo_prod,barriles,178186765.72620198,SecEnergia/SESCO/Anuario
2017.0,Q_crudo_prod,Q_crudo_prod,barriles,166375420.6223076,SecEnergia/SESCO/Anuario
2018.0,Q_crudo_prod,Q_crudo_prod,barriles,169545967.85606632,SecEnergia/SESCO/Anuario
2019.0,Q_crudo_prod,Q_crudo_prod,barriles,175181884.10622966,SecEnergia/SESCO/Anuario
2020.0,Q_crudo_prod,Q_crudo_prod,barriles,164705993.94875866,SecEnergia/SESCO/Anuario
2021.0,Q_crudo_prod,Q_crudo_prod,barriles,174112871.68014562,SecEnergia/SESCO/Anuario
2022.0,Q_crudo_prod,Q_crudo_prod,barriles,199004448.8329207,SecEnergia/SESCO/Anuario
2023.0,Q_crudo_prod,Q_crudo_prod,barriles,217765786.8019986,SecEnergia/SESCO/Anuario
2024.0,Q_crudo_prod,Q_crudo_prod,barriles,237817865.7676833,SecEnergia/SESCO/Anuario
2025.0,Q_crudo_prod,Q_crudo_prod,barriles,266845855.46639988,SecEnergia/SESCO/Anuario
1999.0,Q_gas_expo,Q_gas_expo,MMBTU,119490500.0,SESCO/MECON
2000.0,Q_gas_expo,Q_gas_expo,MMBTU,163887415.89999998,SESCO/MECON
2001.0,Q_gas_expo,Q_gas_expo,MMBTU,213616714.5,SESCO/MECON
2002.0,Q_gas_expo,Q_gas_expo,MMBTU,206375731.39999998,SESCO/MECON
2003.0,Q_gas_expo,Q_gas_expo,MMBTU,228057062.0,SESCO/MECON
2004.0,Q_gas_expo,Q_gas_expo,MMBTU,259389553.79999998,SESCO/MECON
2005.0,Q_gas_expo,Q_gas_expo,MMBTU,232983812.39999998,SESCO/MECON
2006.0,Q_gas_expo,Q_gas_expo,MMBTU,222398825.0,SESCO/MECON
2007.0,Q_gas_expo,Q_gas_expo,MMBTU,93978095.69999999,SESCO/MECON
2008.0,Q_gas_expo,Q_gas_expo,MMBTU,35663731.199999996,SESCO/MECON
2009.0,Q_gas_expo,Q_gas_expo,MMBTU,31218719.9,SESCO/MECON
2010.0,Q_gas_expo,Q_gas_expo,MMBTU,14161785.245399999,SESCO/MECON
2011.0,Q_gas_expo,Q_gas_expo,MMBTU,5383011.3719999995,SESCO/MECON
2012.0,Q_gas_expo,Q_gas_expo,MMBTU,2435306.7227,SESCO/MECON
2013.0,Q_gas_expo,Q_gas_expo,MMBTU,2112516.3567999997,SESCO/MECON
2014.0,Q_gas_expo,Q_gas_expo,MMBTU,910251.1302999998,SESCO/MECON
2015.0,Q_gas_expo,Q_gas_expo,MMBTU,798427.4373,SESCO/MECON
1994.0,Q_gas_impo,Q_gas_impo,MMBTU,87138360.3125,SESCO/MECON
1994.0,Q_gas_impo,Q_gas_impo,MMBTU,28436.974,SESCO/MECON
1994.0,Q_gas_impo,Q_gas_impo,MMBTU,0.0,SESCO/MECON
1995.0,Q_gas_impo,Q_gas_impo,MMBTU,30761942.0,SESCO/MECON
1995.0,Q_gas_impo,Q_gas_impo,MMBTU,7680.1151,SESCO/MECON
1995.0,Q_gas_impo,Q_gas_impo,MMBTU,0.0,SESCO/MECON
1996.0,Q_gas_impo,Q_gas_impo,MMBTU,252873475.47,SESCO/MECON
1996.0,Q_gas_impo,Q_gas_impo,MMBTU,73941232.33848234,SESCO/MECON
1996.0,Q_gas_impo,Q_gas_impo,MMBTU,109611.630615,SESCO/MECON
1997.0,Q_gas_impo,Q_gas_impo,MMBTU,202695834.0,SESCO/MECON
1997.0,Q_gas_impo,Q_gas_impo,MMBTU,60162038.65319999,SESCO/MECON
1997.0,Q_gas_impo,Q_gas_impo,MMBTU,0.0,SESCO/MECON
1998.0,Q_gas_impo,Q_gas_impo,MMBTU,139011334.864,SESCO/MECON
1998.0,Q_gas_impo,Q_gas_impo,MMBTU,61875016.110929824,SESCO/MECON
1998.0,Q_gas_impo,Q_gas_impo,MMBTU,0.0,SESCO/MECON
1999.0,Q_gas_impo,Q_gas_impo,MMBTU,24400992.107,SESCO/MECON
1999.0,Q_gas_impo,Q_gas_impo,MMBTU,5405.77493,SESCO/MECON
1999.0,Q_gas_impo,Q_gas_impo,MMBTU,149262.201,SESCO/MECON
2000.0,Q_gas_impo,Q_gas_impo,MMBTU,37122322.1,SESCO/MECON
2000.0,Q_gas_impo,Q_gas_impo,MMBTU,5210.3262429999995,SESCO/MECON
2000.0,Q_gas_impo,Q_gas_impo,MMBTU,108908.73300000001,SESCO/MECON
2001.0,Q_gas_impo,Q_gas_impo,MMBTU,109963845.44,SESCO/MECON
2001.0,Q_gas_impo,Q_gas_impo,MMBTU,19550.571591499996,SESCO/MECON
2001.0,Q_gas_impo,Q_gas_impo,MMBTU,184306.008,SESCO/MECON
2002.0,Q_gas_impo,Q_gas_impo,MMBTU,75162477.24,SESCO/MECON
2002.0,Q_gas_impo,Q_gas_impo,MMBTU,3524516.6303749997,SESCO/MECON
2002.0,Q_gas_impo,Q_gas_impo,MMBTU,130438.81999999999,SESCO/MECON
2003.0,Q_gas_impo,Q_gas_impo,MMBTU,117182904.06,SESCO/MECON
2003.0,Q_gas_impo,Q_gas_impo,MMBTU,3019915.4296009997,SESCO/MECON
2003.0,Q_gas_impo,Q_gas_impo,MMBTU,80325.23,SESCO/MECON
2004.0,Q_gas_impo,Q_gas_impo,MMBTU,169752955.99,SESCO/MECON
2004.0,Q_gas_impo,Q_gas_impo,MMBTU,28401283.776679497,SESCO/MECON
2004.0,Q_gas_impo,Q_gas_impo,MMBTU,48534.54,SESCO/MECON
2005.0,Q_gas_impo,Q_gas_impo,MMBTU,474762126.28,SESCO/MECON
2005.0,Q_gas_impo,Q_gas_impo,MMBTU,56874692.702214,SESCO/MECON
2005.0,Q_gas_impo,Q_gas_impo,MMBTU,39393.0,SESCO/MECON
2006.0,Q_gas_impo,Q_gas_impo,MMBTU,387762419.65,SESCO/MECON
2006.0,Q_gas_impo,Q_gas_impo,MMBTU,50440294.92380539,SESCO/MECON
2006.0,Q_gas_impo,Q_gas_impo,MMBTU,30810.0,SESCO/MECON
2007.0,Q_gas_impo,Q_gas_impo,MMBTU,594224234.82,SESCO/MECON
2007.0,Q_gas_impo,Q_gas_impo,MMBTU,43750816.864301,SESCO/MECON
2007.0,Q_gas_impo,Q_gas_impo,MMBTU,44567.0,SESCO/MECON
2008.0,Q_gas_impo,Q_gas_impo,MMBTU,751497850.78,SESCO/MECON
2008.0,Q_gas_impo,Q_gas_impo,MMBTU,19742512.6260475,SESCO/MECON
2008.0,Q_gas_impo,Q_gas_impo,MMBTU,309745.33,SESCO/MECON
2009.0,Q_gas_impo,Q_gas_impo,MMBTU,368031675.57,SESCO/MECON
2009.0,Q_gas_impo,Q_gas_impo,MMBTU,43511716.3687178,SESCO/MECON
2009.0,Q_gas_impo,Q_gas_impo,MMBTU,130869.299,SESCO/MECON
2010.0,Q_gas_impo,Q_gas_impo,MMBTU,0.0,SESCO/MECON
2010.0,Q_gas_impo,Q_gas_impo,MMBTU,0.0,SESCO/MECON
2011.0,Q_gas_impo,Q_gas_impo,MMBTU,0.0,SESCO/MECON
2011.0,Q_gas_impo,Q_gas_impo,MMBTU,0.0,SESCO/MECON
2012.0,Q_gas_impo,Q_gas_impo,MMBTU,0.0,SESCO/MECON
2012.0,Q_gas_impo,Q_gas_impo,MMBTU,0.0,SESCO/MECON
2013.0,Q_gas_impo,Q_gas_impo,MMBTU,0.0,SESCO/MECON
2013.0,Q_gas_impo,Q_gas_impo,MMBTU,0.0,SESCO/MECON
2014.0,Q_gas_impo,Q_gas_impo,MMBTU,0.0,SESCO/MECON
2014.0,Q_gas_impo,Q_gas_impo,MMBTU,0.0,SESCO/MECON
2015.0,Q_gas_impo,Q_gas_impo,MMBTU,0.0,SESCO/MECON
2015.0,Q_gas_impo,Q_gas_impo,MMBTU,0.0,SESCO/MECON
2016.0,Q_gas_impo,Q_gas_impo,MMBTU,402890.0,SESCO/MECON
2016.0,Q_gas_impo,Q_gas_impo,MMBTU,35.3,SESCO/MECON
2017.0,Q_gas_impo,Q_gas_impo,MMBTU,0.0,SESCO/MECON
2017.0,Q_gas_impo,Q_gas_impo,MMBTU,0.0,SESCO/MECON
2018.0,Q_gas_impo,Q_gas_impo,MMBTU,0.0,SESCO/MECON
2018.0,Q_gas_impo,Q_gas_impo,MMBTU,0.0,SESCO/MECON
2019.0,Q_gas_impo,Q_gas_impo,MMBTU,0.0,SESCO/MECON
2019.0,Q_gas_impo,Q_gas_impo,MMBTU,0.0,SESCO/MECON
2020.0,Q_gas_impo,Q_gas_impo,MMBTU,0.0,SESCO/MECON
2020.0,Q_gas_impo,Q_gas_impo,MMBTU,0.0,SESCO/MECON
1913.0,Q_gas_prod,Q_gas_prod,MMBTU,35300.0,SecEnergia/SESCO/Anuario
1914.0,Q_gas_prod,Q_gas_prod,MMBTU,105900.0,SecEnergia/SESCO/Anuario
1915.0,Q_gas_prod,Q_gas_prod,MMBTU,247100.0,SecEnergia/SESCO/Anuario
1916.0,Q_gas_prod,Q_gas_prod,MMBTU,317700.0,SecEnergia/SESCO/Anuario
1917.0,Q_gas_prod,Q_gas_prod,MMBTU,529500.0,SecEnergia/SESCO/Anuario
1918.0,Q_gas_prod,Q_gas_prod,MMBTU,635400.0,SecEnergia/SESCO/Anuario
1919.0,Q_gas_prod,Q_gas_prod,MMBTU,635400.0,SecEnergia/SESCO/Anuario
1920.0,Q_gas_prod,Q_gas_prod,MMBTU,776600.0,SecEnergia/SESCO/Anuario
1921.0,Q_gas_prod,Q_gas_prod,MMBTU,988400.0,SecEnergia/SESCO/Anuario
1922.0,Q_gas_prod,Q_gas_prod,MMBTU,1306100.0,SecEnergia/SESCO/Anuario
1923.0,Q_gas_prod,Q_gas_prod,MMBTU,1588500.0,SecEnergia/SESCO/Anuario
1924.0,Q_gas_prod,Q_gas_prod,MMBTU,2647500.0,SecEnergia/SESCO/Anuario
1925.0,Q_gas_prod,Q_gas_prod,MMBTU,3388800.0,SecEnergia/SESCO/Anuario
1926.0,Q_gas_prod,Q_gas_prod,MMBTU,6036300.0,SecEnergia/SESCO/Anuario
1927.0,Q_gas_prod,Q_gas_prod,MMBTU,5365600.0,SecEnergia/SESCO/Anuario
1928.0,Q_gas_prod,Q_gas_prod,MMBTU,6106900.0,SecEnergia/SESCO/Anuario
1929.0,Q_gas_prod,Q_gas_prod,MMBTU,9495700.0,SecEnergia/SESCO/Anuario
1930.0,Q_gas_prod,Q_gas_prod,MMBTU,9531000.0,SecEnergia/SESCO/Anuario
1931.0,Q_gas_prod,Q_gas_prod,MMBTU,12143200.0,SecEnergia/SESCO/Anuario
1932.0,Q_gas_prod,Q_gas_prod,MMBTU,16732200.0,SecEnergia/SESCO/Anuario
1933.0,Q_gas_prod,Q_gas_prod,MMBTU,23192100.0,SecEnergia/SESCO/Anuario
1934.0,Q_gas_prod,Q_gas_prod,MMBTU,25804300.0,SecEnergia/SESCO/Anuario
1935.0,Q_gas_prod,Q_gas_prod,MMBTU,21780100.0,SecEnergia/SESCO/Anuario
1936.0,Q_gas_prod,Q_gas_prod,MMBTU,18814900.0,SecEnergia/SESCO/Anuario
1937.0,Q_gas_prod,Q_gas_prod,MMBTU,17826500.0,SecEnergia/SESCO/Anuario
1938.0,Q_gas_prod,Q_gas_prod,MMBTU,17332300.0,SecEnergia/SESCO/Anuario
1939.0,Q_gas_prod,Q_gas_prod,MMBTU,18285400.0,SecEnergia/SESCO/Anuario
1940.0,Q_gas_prod,Q_gas_prod,MMBTU,18920800.0,SecEnergia/SESCO/Anuario
1941.0,Q_gas_prod,Q_gas_prod,MMBTU,20932900.0,SecEnergia/SESCO/Anuario
1942.0,Q_gas_prod,Q_gas_prod,MMBTU,23827500.0,SecEnergia/SESCO/Anuario
1943.0,Q_gas_prod,Q_gas_prod,MMBTU,23862800.0,SecEnergia/SESCO/Anuario
1944.0,Q_gas_prod,Q_gas_prod,MMBTU,23368600.0,SecEnergia/SESCO/Anuario
1945.0,Q_gas_prod,Q_gas_prod,MMBTU,21462400.0,SecEnergia/SESCO/Anuario
1946.0,Q_gas_prod,Q_gas_prod,MMBTU,19838600.0,SecEnergia/SESCO/Anuario
1947.0,Q_gas_prod,Q_gas_prod,MMBTU,20544600.0,SecEnergia/SESCO/Anuario
1948.0,Q_gas_prod,Q_gas_prod,MMBTU,21356500.0,SecEnergia/SESCO/Anuario
1949.0,Q_gas_prod,Q_gas_prod,MMBTU,23756900.0,SecEnergia/SESCO/Anuario
1950.0,Q_gas_prod,Q_gas_prod,MMBTU,26616200.0,SecEnergia/SESCO/Anuario
1951.0,Q_gas_prod,Q_gas_prod,MMBTU,29263700.0,SecEnergia/SESCO/Anuario
1952.0,Q_gas_prod,Q_gas_prod,MMBTU,31664100.0,SecEnergia/SESCO/Anuario
1953.0,Q_gas_prod,Q_gas_prod,MMBTU,32864300.0,SecEnergia/SESCO/Anuario
1954.0,Q_gas_prod,Q_gas_prod,MMBTU,34629300.0,SecEnergia/SESCO/Anuario
1955.0,Q_gas_prod,Q_gas_prod,MMBTU,37347400.0,SecEnergia/SESCO/Anuario
1956.0,Q_gas_prod,Q_gas_prod,MMBTU,40489100.0,SecEnergia/SESCO/Anuario
1957.0,Q_gas_prod,Q_gas_prod,MMBTU,49914200.0,SecEnergia/SESCO/Anuario
1958.0,Q_gas_prod,Q_gas_prod,MMBTU,58350900.0,SecEnergia/SESCO/Anuario
1959.0,Q_gas_prod,Q_gas_prod,MMBTU,75965600.0,SecEnergia/SESCO/Anuario
1960.0,Q_gas_prod,Q_gas_prod,MMBTU,126162200.0,SecEnergia/SESCO/Anuario
1961.0,Q_gas_prod,Q_gas_prod,MMBTU,173252400.0,SecEnergia/SESCO/Anuario
1962.0,Q_gas_prod,Q_gas_prod,MMBTU,217906900.0,SecEnergia/SESCO/Anuario
1963.0,Q_gas_prod,Q_gas_prod,MMBTU,209893800.0,SecEnergia/SESCO/Anuario
1964.0,Q_gas_prod,Q_gas_prod,MMBTU,230685500.0,SecEnergia/SESCO/Anuario
1965.0,Q_gas_prod,Q_gas_prod,MMBTU,220130800.0,SecEnergia/SESCO/Anuario
1966.0,Q_gas_prod,Q_gas_prod,MMBTU,210458600.0,SecEnergia/SESCO/Anuario
1967.0,Q_gas_prod,Q_gas_prod,MMBTU,228320400.0,SecEnergia/SESCO/Anuario
1968.0,Q_gas_prod,Q_gas_prod,MMBTU,249006200.0,SecEnergia/SESCO/Anuario
1969.0,Q_gas_prod,Q_gas_prod,MMBTU,247347100.0,SecEnergia/SESCO/Anuario
1970.0,Q_gas_prod,Q_gas_prod,MMBTU,270539200.0,SecEnergia/SESCO/Anuario
1971.0,Q_gas_prod,Q_gas_prod,MMBTU,286530100.0,SecEnergia/SESCO/Anuario
1972.0,Q_gas_prod,Q_gas_prod,MMBTU,293554800.0,SecEnergia/SESCO/Anuario
1973.0,Q_gas_prod,Q_gas_prod,MMBTU,314664200.0,SecEnergia/SESCO/Anuario
1974.0,Q_gas_prod,Q_gas_prod,MMBTU,332773100.0,SecEnergia/SESCO/Anuario
1975.0,Q_gas_prod,Q_gas_prod,MMBTU,362707500.0,SecEnergia/SESCO/Anuario
1976.0,Q_gas_prod,Q_gas_prod,MMBTU,389429600.0,SecEnergia/SESCO/Anuario
1977.0,Q_gas_prod,Q_gas_prod,MMBTU,411703900.0,SecEnergia/SESCO/Anuario
1978.0,Q_gas_prod,Q_gas_prod,MMBTU,406091200.0,SecEnergia/SESCO/Anuario
1979.0,Q_gas_prod,Q_gas_prod,MMBTU,452369500.0,SecEnergia/SESCO/Anuario
1980.0,Q_gas_prod,Q_gas_prod,MMBTU,475349800.0,SecEnergia/SESCO/Anuario
1981.0,Q_gas_prod,Q_gas_prod,MMBTU,481103700.0,SecEnergia/SESCO/Anuario
1982.0,Q_gas_prod,Q_gas_prod,MMBTU,547961900.0,SecEnergia/SESCO/Anuario
1983.0,Q_gas_prod,Q_gas_prod,MMBTU,606489300.0,SecEnergia/SESCO/Anuario
1984.0,Q_gas_prod,Q_gas_prod,MMBTU,662369200.0,SecEnergia/SESCO/Anuario
1985.0,Q_gas_prod,Q_gas_prod,MMBTU,674688900.0,SecEnergia/SESCO/Anuario
1986.0,Q_gas_prod,Q_gas_prod,MMBTU,679383800.0,SecEnergia/SESCO/Anuario
1987.0,Q_gas_prod,Q_gas_prod,MMBTU,676630400.0,SecEnergia/SESCO/Anuario
1988.0,Q_gas_prod,Q_gas_prod,MMBTU,802510200.0,SecEnergia/SESCO/Anuario
1989.0,Q_gas_prod,Q_gas_prod,MMBTU,854507100.0,SecEnergia/SESCO/Anuario
1990.0,Q_gas_prod,Q_gas_prod,MMBTU,812535400.0,SecEnergia/SESCO/Anuario
1991.0,Q_gas_prod,Q_gas_prod,MMBTU,869897900.0,SecEnergia/SESCO/Anuario
1992.0,Q_gas_prod,Q_gas_prod,MMBTU,884017900.0,SecEnergia/SESCO/Anuario
1993.0,Q_gas_prod,Q_gas_prod,MMBTU,902534750.451,SecEnergia/SESCO/Anuario
1994.0,Q_gas_prod,Q_gas_prod,MMBTU,938141651.0090399,SecEnergia/SESCO/Anuario
1995.0,Q_gas_prod,Q_gas_prod,MMBTU,1030423781.1893399,SecEnergia/SESCO/Anuario
1996.0,Q_gas_prod,Q_gas_prod,MMBTU,1178069808.47643,SecEnergia/SESCO/Anuario
1997.0,Q_gas_prod,Q_gas_prod,MMBTU,1308711606.62465,SecEnergia/SESCO/Anuario
1998.0,Q_gas_prod,Q_gas_prod,MMBTU,1363647081.0983899,SecEnergia/SESCO/Anuario
1999.0,Q_gas_prod,Q_gas_prod,MMBTU,1437911082.65532,SecEnergia/SESCO/Anuario
2000.0,Q_gas_prod,Q_gas_prod,MMBTU,1595364783.5022802,SecEnergia/SESCO/Anuario
2001.0,Q_gas_prod,Q_gas_prod,MMBTU,1698918101.81031,SecEnergia/SESCO/Anuario
2002.0,Q_gas_prod,Q_gas_prod,MMBTU,1642089377.3392498,SecEnergia/SESCO/Anuario
2003.0,Q_gas_prod,Q_gas_prod,MMBTU,1800558632.4394,SecEnergia/SESCO/Anuario
2004.0,Q_gas_prod,Q_gas_prod,MMBTU,1842819822.63149,SecEnergia/SESCO/Anuario
2005.0,Q_gas_prod,Q_gas_prod,MMBTU,1811916923.59247,SecEnergia/SESCO/Anuario
2006.0,Q_gas_prod,Q_gas_prod,MMBTU,1823770983.1563098,SecEnergia/SESCO/Anuario
2007.0,Q_gas_prod,Q_gas_prod,MMBTU,1800028282.8425298,SecEnergia/SESCO/Anuario
2008.0,Q_gas_prod,Q_gas_prod,MMBTU,1775924408.2983696,SecEnergia/SESCO/Anuario
2009.0,Q_gas_prod,Q_gas_prod,MMBTU,1709199505.17905,SecEnergia/SESCO/Anuario
2010.0,Q_gas_prod,Q_gas_prod,MMBTU,1662897706.2267401,SecEnergia/SESCO/Anuario
2011.0,Q_gas_prod,Q_gas_prod,MMBTU,1607122642.6624498,SecEnergia/SESCO/Anuario
2012.0,Q_gas_prod,Q_gas_prod,MMBTU,1557566403.11376,SecEnergia/SESCO/Anuario
2013.0,Q_gas_prod,Q_gas_prod,MMBTU,1472302712.4361,SecEnergia/SESCO/Anuario
2014.0,Q_gas_prod,Q_gas_prod,MMBTU,1464386088.6069,SecEnergia/SESCO/Anuario
2015.0,Q_gas_prod,Q_gas_prod,MMBTU,1514565301.1577098,SecEnergia/SESCO/Anuario
2016.0,Q_gas_prod,Q_gas_prod,MMBTU,1588074133.3905299,SecEnergia/SESCO/Anuario
2017.0,Q_gas_prod,Q_gas_prod,MMBTU,1576391746.53404,SecEnergia/SESCO/Anuario
2018.0,Q_gas_prod,Q_gas_prod,MMBTU,1659859669.6328602,SecEnergia/SESCO/Anuario
2019.0,Q_gas_prod,Q_gas_prod,MMBTU,1742091543.2695298,SecEnergia/SESCO/Anuario
2020.0,Q_gas_prod,Q_gas_prod,MMBTU,1592065977.60468,SecEnergia/SESCO/Anuario
2021.0,Q_gas_prod,Q_gas_prod,MMBTU,1599307421.9521298,SecEnergia/SESCO/Anuario
2022.0,Q_gas_prod,Q_gas_prod,MMBTU,1711679693.09482,SecEnergia/SESCO/Anuario
2023.0,Q_gas_prod,Q_gas_prod,MMBTU,1698826591.1069498,SecEnergia/SESCO/Anuario
2024.0,Q_gas_prod,Q_gas_prod,MMBTU,1791044211.04557,SecEnergia/SESCO/Anuario
2025.0,Q_gas_prod,Q_gas_prod,MMBTU,1821226443.69354,SecEnergia/SESCO/Anuario
1998.0,distribucion_KTA,distribucion_KTA,Millones de pesos corrientes,1336.437899,Bolsar
1999.0,distribucion_KTA,distribucion_KTA,Millones de pesos corrientes,1292.164402,Bolsar
2000.0,distribucion_KTA,distribucion_KTA,Millones de pesos corrientes,1317.5115329999999,Bolsar
2001.0,distribucion_KTA,distribucion_KTA,Millones de pesos corrientes,1314.8505055207988,Bolsar
2002.0,distribucion_KTA,distribucion_KTA,Millones de pesos corrientes,2847.602016,Bolsar
2003.0,distribucion_KTA,distribucion_KTA,Millones de pesos corrientes,2792.85273,Bolsar
2004.0,distribucion_KTA,distribucion_KTA,Millones de pesos corrientes,2693.089784,Bolsar
2005.0,distribucion_KTA,distribucion_KTA,Millones de pesos corrientes,2580.219766,Bolsar
2006.0,distribucion_KTA,distribucion_KTA,Millones de pesos corrientes,2518.717815,Bolsar
2007.0,distribucion_KTA,distribucion_KTA,Millones de pesos corrientes,2494.05088,Bolsar
2008.0,distribucion_KTA,distribucion_KTA,Millones de pesos corrientes,2507.989026,Bolsar
2009.0,distribucion_KTA,distribucion_KTA,Millones de pesos corrientes,2488.5214849999998,Bolsar
2010.0,distribucion_KTA,distribucion_KTA,Millones de pesos corrientes,2536.306775,Bolsar
2011.0,distribucion_KTA,distribucion_KTA,Millones de pesos corrientes,2537.984941,Bolsar
2012.0,distribucion_KTA,distribucion_KTA,Millones de pesos corrientes,2543.639245,Bolsar
2013.0,distribucion_KTA,distribucion_KTA,Millones de pesos corrientes,2638.124054572006,Bolsar
2014.0,distribucion_KTA,distribucion_KTA,Millones de pesos corrientes,2675.9379294648443,Bolsar
2015.0,distribucion_KTA,distribucion_KTA,Millones de pesos corrientes,2901.326936584436,Bolsar
2016.0,distribucion_KTA,distribucion_KTA,Millones de pesos corrientes,3108.36246887164,Bolsar
2017.0,distribucion_KTA,distribucion_KTA,Millones de pesos corrientes,16696.65785028462,Bolsar
2018.0,distribucion_KTA,distribucion_KTA,Millones de pesos corrientes,29071.64617774528,Bolsar
1998.0,distribucion_activo,distribucion_activo,Millones de pesos corrientes,596.73632,Bolsar
1999.0,distribucion_activo,distribucion_activo,Millones de pesos corrientes,591.298843,Bolsar
2000.0,distribucion_activo,distribucion_activo,Millones de pesos corrientes,614.73206,Bolsar
2001.0,distribucion_activo,distribucion_activo,Millones de pesos corrientes,611.224119,Bolsar
2002.0,distribucion_activo,distribucion_activo,Millones de pesos corrientes,1202.082912,Bolsar
2003.0,distribucion_activo,distribucion_activo,Millones de pesos corrientes,1199.268023,Bolsar
2004.0,distribucion_activo,distribucion_activo,Millones de pesos corrientes,1156.690141,Bolsar
2005.0,distribucion_activo,distribucion_activo,Millones de pesos corrientes,1176.581826,Bolsar
2006.0,distribucion_activo,distribucion_activo,Millones de pesos corrientes,1159.236839,Bolsar
2007.0,distribucion_activo,distribucion_activo,Millones de pesos corrientes,1172.216473,Bolsar
2008.0,distribucion_activo,distribucion_activo,Millones de pesos corrientes,1159.713928,Bolsar
2009.0,distribucion_activo,distribucion_activo,Millones de pesos corrientes,1087.155856,Bolsar
2010.0,distribucion_activo,distribucion_activo,Millones de pesos corrientes,1114.872006,Bolsar
2011.0,distribucion_activo,distribucion_activo,Millones de pesos corrientes,1141.529747,Bolsar
2012.0,distribucion_activo,distribucion_activo,Millones de pesos corrientes,1110.729105,Bolsar
2013.0,distribucion_activo,distribucion_activo,Millones de pesos corrientes,1259.478735,Bolsar
2014.0,distribucion_activo,distribucion_activo,Millones de pesos corrientes,1369.587956,Bolsar
2015.0,distribucion_activo,distribucion_activo,Millones de pesos corrientes,1860.839164,Bolsar
2016.0,distribucion_activo,distribucion_activo,Millones de pesos corrientes,3353.226916,Bolsar
2017.0,distribucion_activo,distribucion_activo,Millones de pesos corrientes,5424.705324,Bolsar
2018.0,distribucion_activo,distribucion_activo,Millones de pesos corrientes,19666.874804,Bolsar
1998.0,distribucion_activo_no_corr,distribucion_activo_no_corr,Millones de pesos corrientes,1407.227122,Bolsar
1999.0,distribucion_activo_no_corr,distribucion_activo_no_corr,Millones de pesos corrientes,1426.146498,Bolsar
2000.0,distribucion_activo_no_corr,distribucion_activo_no_corr,Millones de pesos corrientes,1449.291208,Bolsar
2001.0,distribucion_activo_no_corr,distribucion_activo_no_corr,Millones de pesos corrientes,1499.478591,Bolsar
2002.0,distribucion_activo_no_corr,distribucion_activo_no_corr,Millones de pesos corrientes,3175.914595,Bolsar
2003.0,distribucion_activo_no_corr,distribucion_activo_no_corr,Millones de pesos corrientes,3114.877474,Bolsar
2004.0,distribucion_activo_no_corr,distribucion_activo_no_corr,Millones de pesos corrientes,3016.8728680000004,Bolsar
2005.0,distribucion_activo_no_corr,distribucion_activo_no_corr,Millones de pesos corrientes,2965.3824569999997,Bolsar
2006.0,distribucion_activo_no_corr,distribucion_activo_no_corr,Millones de pesos corrientes,2808.4722110000002,Bolsar
2007.0,distribucion_activo_no_corr,distribucion_activo_no_corr,Millones de pesos corrientes,2800.2548580000002,Bolsar
2008.0,distribucion_activo_no_corr,distribucion_activo_no_corr,Millones de pesos corrientes,2824.970315,Bolsar
2009.0,distribucion_activo_no_corr,distribucion_activo_no_corr,Millones de pesos corrientes,2885.770574,Bolsar
2010.0,distribucion_activo_no_corr,distribucion_activo_no_corr,Millones de pesos corrientes,2929.575302,Bolsar
2011.0,distribucion_activo_no_corr,distribucion_activo_no_corr,Millones de pesos corrientes,2984.379558,Bolsar
2012.0,distribucion_activo_no_corr,distribucion_activo_no_corr,Millones de pesos corrientes,2935.630585,Bolsar
2013.0,distribucion_activo_no_corr,distribucion_activo_no_corr,Millones de pesos corrientes,2808.908085,Bolsar
2014.0,distribucion_activo_no_corr,distribucion_activo_no_corr,Millones de pesos corrientes,3010.541547,Bolsar
2015.0,distribucion_activo_no_corr,distribucion_activo_no_corr,Millones de pesos corrientes,3277.8942660000002,Bolsar
2016.0,distribucion_activo_no_corr,distribucion_activo_no_corr,Millones de pesos corrientes,3912.250352,Bolsar
2017.0,distribucion_activo_no_corr,distribucion_activo_no_corr,Millones de pesos corrientes,17361.4839,Bolsar
2018.0,distribucion_activo_no_corr,distribucion_activo_no_corr,Millones de pesos corrientes,40790.320440999996,Bolsar
1998.0,distribucion_gcia_ant,distribucion_gcia_ant,Millones de pesos corrientes,83.48273,Bolsar
1999.0,distribucion_gcia_ant,distribucion_gcia_ant,Millones de pesos corrientes,116.295744,Bolsar
2000.0,distribucion_gcia_ant,distribucion_gcia_ant,Millones de pesos corrientes,126.51593600000001,Bolsar
2001.0,distribucion_gcia_ant,distribucion_gcia_ant,Millones de pesos corrientes,-121.13691500000002,Bolsar
2002.0,distribucion_gcia_ant,distribucion_gcia_ant,Millones de pesos corrientes,-817.951726,Bolsar
2003.0,distribucion_gcia_ant,distribucion_gcia_ant,Millones de pesos corrientes,72.237306,Bolsar
2004.0,distribucion_gcia_ant,distribucion_gcia_ant,Millones de pesos corrientes,-99.288723,Bolsar
2005.0,distribucion_gcia_ant,distribucion_gcia_ant,Millones de pesos corrientes,59.586282999999995,Bolsar
2006.0,distribucion_gcia_ant,distribucion_gcia_ant,Millones de pesos corrientes,488.824383,Bolsar
2007.0,distribucion_gcia_ant,distribucion_gcia_ant,Millones de pesos corrientes,41.272071,Bolsar
2008.0,distribucion_gcia_ant,distribucion_gcia_ant,Millones de pesos corrientes,38.43819,Bolsar
2009.0,distribucion_gcia_ant,distribucion_gcia_ant,Millones de pesos corrientes,-52.938588,Bolsar
2010.0,distribucion_gcia_ant,distribucion_gcia_ant,Millones de pesos corrientes,-81.194563,Bolsar
2011.0,distribucion_gcia_ant,distribucion_gcia_ant,Millones de pesos corrientes,-71.595934,Bolsar
2012.0,distribucion_gcia_ant,distribucion_gcia_ant,Millones de pesos corrientes,-302.410732,Bolsar
2013.0,distribucion_gcia_ant,distribucion_gcia_ant,Millones de pesos corrientes,502.361654,Bolsar
2014.0,distribucion_gcia_ant,distribucion_gcia_ant,Millones de pesos corrientes,-737.5463669999999,Bolsar
2015.0,distribucion_gcia_ant,distribucion_gcia_ant,Millones de pesos corrientes,-334.334406,Bolsar
2016.0,distribucion_gcia_ant,distribucion_gcia_ant,Millones de pesos corrientes,-989.6585249999999,Bolsar
2017.0,distribucion_gcia_ant,distribucion_gcia_ant,Millones de pesos corrientes,1302.994815,Bolsar
2018.0,distribucion_gcia_ant,distribucion_gcia_ant,Millones de pesos corrientes,3837.47484,Bolsar
1998.0,distribucion_gcia_desp,distribucion_gcia_desp,Millones de pesos corrientes,47.439064,Bolsar
1999.0,distribucion_gcia_desp,distribucion_gcia_desp,Millones de pesos corrientes,73.329223,Bolsar
2000.0,distribucion_gcia_desp,distribucion_gcia_desp,Millones de pesos corrientes,77.84618,Bolsar
2001.0,distribucion_gcia_desp,distribucion_gcia_desp,Millones de pesos corrientes,-78.27055,Bolsar
2002.0,distribucion_gcia_desp,distribucion_gcia_desp,Millones de pesos corrientes,-620.4577919999999,Bolsar
2003.0,distribucion_gcia_desp,distribucion_gcia_desp,Millones de pesos corrientes,4.195475999999999,Bolsar
2004.0,distribucion_gcia_desp,distribucion_gcia_desp,Millones de pesos corrientes,-117.569176,Bolsar
2005.0,distribucion_gcia_desp,distribucion_gcia_desp,Millones de pesos corrientes,36.916428,Bolsar
2006.0,distribucion_gcia_desp,distribucion_gcia_desp,Millones de pesos corrientes,311.54646,Bolsar
2007.0,distribucion_gcia_desp,distribucion_gcia_desp,Millones de pesos corrientes,21.428492000000002,Bolsar
2008.0,distribucion_gcia_desp,distribucion_gcia_desp,Millones de pesos corrientes,14.804815999999999,Bolsar
2009.0,distribucion_gcia_desp,distribucion_gcia_desp,Millones de pesos corrientes,-76.464005,Bolsar
2010.0,distribucion_gcia_desp,distribucion_gcia_desp,Millones de pesos corrientes,-78.05579900000001,Bolsar
2011.0,distribucion_gcia_desp,distribucion_gcia_desp,Millones de pesos corrientes,-86.13027299999999,Bolsar
2012.0,distribucion_gcia_desp,distribucion_gcia_desp,Millones de pesos corrientes,-190.936123,Bolsar
2013.0,distribucion_gcia_desp,distribucion_gcia_desp,Millones de pesos corrientes,272.17884399999997,Bolsar
2014.0,distribucion_gcia_desp,distribucion_gcia_desp,Millones de pesos corrientes,-718.686748,Bolsar
2015.0,distribucion_gcia_desp,distribucion_gcia_desp,Millones de pesos corrientes,-469.90136499999994,Bolsar
2016.0,distribucion_gcia_desp,distribucion_gcia_desp,Millones de pesos corrientes,-811.692306,Bolsar
2017.0,distribucion_gcia_desp,distribucion_gcia_desp,Millones de pesos corrientes,1599.783285,Bolsar
2018.0,distribucion_gcia_desp,distribucion_gcia_desp,Millones de pesos corrientes,2817.637301,Bolsar
1998.0,distribucion_inventarios,distribucion_inventarios,Millones de pesos corrientes,0.0,Bolsar
1999.0,distribucion_inventarios,distribucion_inventarios,Millones de pesos corrientes,0.0,Bolsar
2000.0,distribucion_inventarios,distribucion_inventarios,Millones de pesos corrientes,0.0,Bolsar
2001.0,distribucion_inventarios,distribucion_inventarios,Millones de pesos corrientes,0.691,Bolsar
2002.0,distribucion_inventarios,distribucion_inventarios,Millones de pesos corrientes,0.0,Bolsar
2003.0,distribucion_inventarios,distribucion_inventarios,Millones de pesos corrientes,0.0,Bolsar
2004.0,distribucion_inventarios,distribucion_inventarios,Millones de pesos corrientes,0.0,Bolsar
2005.0,distribucion_inventarios,distribucion_inventarios,Millones de pesos corrientes,0.0,Bolsar
2006.0,distribucion_inventarios,distribucion_inventarios,Millones de pesos corrientes,0.0,Bolsar
2007.0,distribucion_inventarios,distribucion_inventarios,Millones de pesos corrientes,0.0,Bolsar
2008.0,distribucion_inventarios,distribucion_inventarios,Millones de pesos corrientes,0.0,Bolsar
2009.0,distribucion_inventarios,distribucion_inventarios,Millones de pesos corrientes,0.0,Bolsar
2010.0,distribucion_inventarios,distribucion_inventarios,Millones de pesos corrientes,0.0,Bolsar
2011.0,distribucion_inventarios,distribucion_inventarios,Millones de pesos corrientes,0.0,Bolsar
2012.0,distribucion_inventarios,distribucion_inventarios,Millones de pesos corrientes,0.0,Bolsar
2013.0,distribucion_inventarios,distribucion_inventarios,Millones de pesos corrientes,6.66248,Bolsar
2014.0,distribucion_inventarios,distribucion_inventarios,Millones de pesos corrientes,3.527459,Bolsar
2015.0,distribucion_inventarios,distribucion_inventarios,Millones de pesos corrientes,12.044317,Bolsar
2016.0,distribucion_inventarios,distribucion_inventarios,Millones de pesos corrientes,19.871963,Bolsar
2017.0,distribucion_inventarios,distribucion_inventarios,Millones de pesos corrientes,43.732814,Bolsar
2018.0,distribucion_inventarios,distribucion_inventarios,Millones de pesos corrientes,125.565652,Bolsar
1998.0,distribucion_ppye,distribucion_ppye,Millones de pesos corrientes,1348.732816,Bolsar
1999.0,distribucion_ppye,distribucion_ppye,Millones de pesos corrientes,1371.859629,Bolsar
2000.0,distribucion_ppye,distribucion_ppye,Millones de pesos corrientes,1388.715085,Bolsar
2001.0,distribucion_ppye,distribucion_ppye,Millones de pesos corrientes,1415.933807,Bolsar
2002.0,distribucion_ppye,distribucion_ppye,Millones de pesos corrientes,2935.743685,Bolsar
2003.0,distribucion_ppye,distribucion_ppye,Millones de pesos corrientes,2854.573525,Bolsar
2004.0,distribucion_ppye,distribucion_ppye,Millones de pesos corrientes,2772.6444,Bolsar
2005.0,distribucion_ppye,distribucion_ppye,Millones de pesos corrientes,2705.920508,Bolsar
2006.0,distribucion_ppye,distribucion_ppye,Millones de pesos corrientes,2668.240401,Bolsar
2007.0,distribucion_ppye,distribucion_ppye,Millones de pesos corrientes,2629.9267179999997,Bolsar
2008.0,distribucion_ppye,distribucion_ppye,Millones de pesos corrientes,2622.333765,Bolsar
2009.0,distribucion_ppye,distribucion_ppye,Millones de pesos corrientes,2646.815616,Bolsar
2010.0,distribucion_ppye,distribucion_ppye,Millones de pesos corrientes,2660.237458,Bolsar
2011.0,distribucion_ppye,distribucion_ppye,Millones de pesos corrientes,2694.596028,Bolsar
2012.0,distribucion_ppye,distribucion_ppye,Millones de pesos corrientes,2698.119975,Bolsar
2013.0,distribucion_ppye,distribucion_ppye,Millones de pesos corrientes,2775.794814,Bolsar
2014.0,distribucion_ppye,distribucion_ppye,Millones de pesos corrientes,2960.3192050000002,Bolsar
2015.0,distribucion_ppye,distribucion_ppye,Millones de pesos corrientes,3153.139311,Bolsar
2016.0,distribucion_ppye,distribucion_ppye,Millones de pesos corrientes,3642.762312,Bolsar
2017.0,distribucion_ppye,distribucion_ppye,Millones de pesos corrientes,16998.479948,Bolsar
2018.0,distribucion_ppye,distribucion_ppye,Millones de pesos corrientes,32385.911247,Bolsar
1998.0,distribucion_ppye_neta,distribucion_ppye_neta,Millones de pesos corrientes,1336.437899,Bolsar
1999.0,distribucion_ppye_neta,distribucion_ppye_neta,Millones de pesos corrientes,1292.164402,Bolsar
2000.0,distribucion_ppye_neta,distribucion_ppye_neta,Millones de pesos corrientes,1317.5115329999999,Bolsar
2001.0,distribucion_ppye_neta,distribucion_ppye_neta,Millones de pesos corrientes,1314.105995,Bolsar
2002.0,distribucion_ppye_neta,distribucion_ppye_neta,Millones de pesos corrientes,2847.602016,Bolsar
2003.0,distribucion_ppye_neta,distribucion_ppye_neta,Millones de pesos corrientes,2792.85273,Bolsar
2004.0,distribucion_ppye_neta,distribucion_ppye_neta,Millones de pesos corrientes,2693.089784,Bolsar
2005.0,distribucion_ppye_neta,distribucion_ppye_neta,Millones de pesos corrientes,2580.219766,Bolsar
2006.0,distribucion_ppye_neta,distribucion_ppye_neta,Millones de pesos corrientes,2518.717815,Bolsar
2007.0,distribucion_ppye_neta,distribucion_ppye_neta,Millones de pesos corrientes,2494.05088,Bolsar
2008.0,distribucion_ppye_neta,distribucion_ppye_neta,Millones de pesos corrientes,2507.989026,Bolsar
2009.0,distribucion_ppye_neta,distribucion_ppye_neta,Millones de pesos corrientes,2488.5214849999998,Bolsar
2010.0,distribucion_ppye_neta,distribucion_ppye_neta,Millones de pesos corrientes,2536.306775,Bolsar
2011.0,distribucion_ppye_neta,distribucion_ppye_neta,Millones de pesos corrientes,2537.984941,Bolsar
2012.0,distribucion_ppye_neta,distribucion_ppye_neta,Millones de pesos corrientes,2543.639245,Bolsar
2013.0,distribucion_ppye_neta,distribucion_ppye_neta,Millones de pesos corrientes,2628.946689,Bolsar
2014.0,distribucion_ppye_neta,distribucion_ppye_neta,Millones de pesos corrientes,2671.28025,Bolsar
2015.0,distribucion_ppye_neta,distribucion_ppye_neta,Millones de pesos corrientes,2885.2426029999997,Bolsar
2016.0,distribucion_ppye_neta,distribucion_ppye_neta,Millones de pesos corrientes,3083.896343,Bolsar
2017.0,distribucion_ppye_neta,distribucion_ppye_neta,Millones de pesos corrientes,16643.286938,Bolsar
2018.0,distribucion_ppye_neta,distribucion_ppye_neta,Millones de pesos corrientes,28930.916748,Bolsar
1998.0,distribucion_tg_ant,distribucion_tg_ant,Millones de pesos corrientes,0.1406118304937258,Bolsar
1999.0,distribucion_tg_ant,distribucion_tg_ant,Millones de pesos corrientes,0.1866867064100963,Bolsar
2000.0,distribucion_tg_ant,distribucion_tg_ant,Millones de pesos corrientes,0.1921853282413018,Bolsar
2001.0,distribucion_tg_ant,distribucion_tg_ant,Millones de pesos corrientes,-0.12552203740549261,Bolsar
2002.0,distribucion_tg_ant,distribucion_tg_ant,Millones de pesos corrientes,-0.505019324238404,Bolsar
2003.0,distribucion_tg_ant,distribucion_tg_ant,Millones de pesos corrientes,0.0564212556889869,Bolsar
2004.0,distribucion_tg_ant,distribucion_tg_ant,Millones de pesos corrientes,-0.047126727813143296,Bolsar
2005.0,distribucion_tg_ant,distribucion_tg_ant,Millones de pesos corrientes,0.0498533973884758,Bolsar
2006.0,distribucion_tg_ant,distribucion_tg_ant,Millones de pesos corrientes,0.3265421012147772,Bolsar
2007.0,distribucion_tg_ant,distribucion_tg_ant,Millones de pesos corrientes,0.0402626362836539,Bolsar
2008.0,distribucion_tg_ant,distribucion_tg_ant,Millones de pesos corrientes,0.0483296538286515,Bolsar
2009.0,distribucion_tg_ant,distribucion_tg_ant,Millones de pesos corrientes,-0.025732735454944405,Bolsar
2010.0,distribucion_tg_ant,distribucion_tg_ant,Millones de pesos corrientes,-0.0479828761382423,Bolsar
2011.0,distribucion_tg_ant,distribucion_tg_ant,Millones de pesos corrientes,-0.046908865233121204,Bolsar
2012.0,distribucion_tg_ant,distribucion_tg_ant,Millones de pesos corrientes,-0.2211306888906821,Bolsar
2013.0,distribucion_tg_ant,distribucion_tg_ant,Millones de pesos corrientes,0.29932513142589756,Bolsar
2014.0,distribucion_tg_ant,distribucion_tg_ant,Millones de pesos corrientes,-0.48704820543275,Bolsar
2015.0,distribucion_tg_ant,distribucion_tg_ant,Millones de pesos corrientes,-0.090573114749369,Bolsar
2016.0,distribucion_tg_ant,distribucion_tg_ant,Millones de pesos corrientes,-0.632799583857613,Bolsar
2017.0,distribucion_tg_ant,distribucion_tg_ant,Millones de pesos corrientes,1.0533794442235114,Bolsar
2018.0,distribucion_tg_ant,distribucion_tg_ant,Millones de pesos corrientes,0.49897229414322763,Bolsar
1998.0,distribucion_tg_desp,distribucion_tg_desp,Millones de pesos corrientes,0.09407158982523381,Bolsar
1999.0,distribucion_tg_desp,distribucion_tg_desp,Millones de pesos corrientes,0.1469984856304418,Bolsar
2000.0,distribucion_tg_desp,distribucion_tg_desp,Millones de pesos corrientes,0.1568779178913144,Bolsar
2001.0,distribucion_tg_desp,distribucion_tg_desp,Millones de pesos corrientes,-0.1362798965619582,Bolsar
2002.0,distribucion_tg_desp,distribucion_tg_desp,Millones de pesos corrientes,-0.505019324238404,Bolsar
2003.0,distribucion_tg_desp,distribucion_tg_desp,Millones de pesos corrientes,0.0343261687846543,Bolsar
2004.0,distribucion_tg_desp,distribucion_tg_desp,Millones de pesos corrientes,-0.0659208855871175,Bolsar
2005.0,distribucion_tg_desp,distribucion_tg_desp,Millones de pesos corrientes,0.0263813358032532,Bolsar
2006.0,distribucion_tg_desp,distribucion_tg_desp,Millones de pesos corrientes,0.3003667676766486,Bolsar
2007.0,distribucion_tg_desp,distribucion_tg_desp,Millones de pesos corrientes,0.0133027902847351,Bolsar
2008.0,distribucion_tg_desp,distribucion_tg_desp,Millones de pesos corrientes,0.0241273843619517,Bolsar
2009.0,distribucion_tg_desp,distribucion_tg_desp,Millones de pesos corrientes,-0.041392901420216205,Bolsar
2010.0,distribucion_tg_desp,distribucion_tg_desp,Millones de pesos corrientes,-0.0587366885291445,Bolsar
2011.0,distribucion_tg_desp,distribucion_tg_desp,Millones de pesos corrientes,-0.0535498095305645,Bolsar
2012.0,distribucion_tg_desp,distribucion_tg_desp,Millones de pesos corrientes,-0.1922492040822348,Bolsar
2013.0,distribucion_tg_desp,distribucion_tg_desp,Millones de pesos corrientes,0.2899907390539978,Bolsar
2014.0,distribucion_tg_desp,distribucion_tg_desp,Millones de pesos corrientes,-0.434748817040354,Bolsar
2015.0,distribucion_tg_desp,distribucion_tg_desp,Millones de pesos corrientes,-0.1476580022722229,Bolsar
2016.0,distribucion_tg_desp,distribucion_tg_desp,Millones de pesos corrientes,-0.524217323617922,Bolsar
2017.0,distribucion_tg_desp,distribucion_tg_desp,Millones de pesos corrientes,0.7057831388876145,Bolsar
2018.0,distribucion_tg_desp,distribucion_tg_desp,Millones de pesos corrientes,0.36145491694502363,Bolsar
2001.0,extraccion_petroleo_gas_KTA,extraccion_petroleo_gas_KTA,Millones de pesos corrientes,17566.848046875,AFIP (combinada)
2002.0,extraccion_petroleo_gas_KTA,extraccion_petroleo_gas_KTA,Millones de pesos corrientes,37664.7325,AFIP (combinada)
2003.0,extraccion_petroleo_gas_KTA,extraccion_petroleo_gas_KTA,Millones de pesos corrientes,39727.5901875,AFIP (combinada)
2004.0,extraccion_petroleo_gas_KTA,extraccion_petroleo_gas_KTA,Millones de pesos corrientes,51903.3345,AFIP (combinada)
2005.0,extraccion_petroleo_gas_KTA,extraccion_petroleo_gas_KTA,Millones de pesos corrientes,44072.7529375,AFIP (combinada)
2006.0,extraccion_petroleo_gas_KTA,extraccion_petroleo_gas_KTA,Millones de pesos corrientes,68254.552125,AFIP (combinada)
2007.0,extraccion_petroleo_gas_KTA,extraccion_petroleo_gas_KTA,Millones de pesos corrientes,72465.0678125,AFIP (combinada)
2008.0,extraccion_petroleo_gas_KTA,extraccion_petroleo_gas_KTA,Millones de pesos corrientes,84348.456,AFIP (combinada)
2009.0,extraccion_petroleo_gas_KTA,extraccion_petroleo_gas_KTA,Millones de pesos corrientes,86686.249,AFIP (combinada)
2010.0,extraccion_petroleo_gas_KTA,extraccion_petroleo_gas_KTA,Millones de pesos corrientes,93361.956,AFIP (combinada)
2011.0,extraccion_petroleo_gas_KTA,extraccion_petroleo_gas_KTA,Millones de pesos corrientes,101971.634,AFIP (combinada)
2012.0,extraccion_petroleo_gas_KTA,extraccion_petroleo_gas_KTA,Millones de pesos corrientes,129240.0,AFIP (combinada)
2013.0,extraccion_petroleo_gas_KTA,extraccion_petroleo_gas_KTA,Millones de pesos corrientes,174570.0,AFIP (combinada)
2014.0,extraccion_petroleo_gas_KTA,extraccion_petroleo_gas_KTA,Millones de pesos corrientes,229609.93587659,AFIP (combinada)
2015.0,extraccion_petroleo_gas_KTA,extraccion_petroleo_gas_KTA,Millones de pesos corrientes,328948.83548769,AFIP (combinada)
2016.0,extraccion_petroleo_gas_KTA,extraccion_petroleo_gas_KTA,Millones de pesos corrientes,402145.17119308,AFIP (combinada)
2017.0,extraccion_petroleo_gas_KTA,extraccion_petroleo_gas_KTA,Millones de pesos corrientes,446745.56017049996,AFIP (combinada)
2018.0,extraccion_petroleo_gas_KTA,extraccion_petroleo_gas_KTA,Millones de pesos corrientes,1452279.18462635,AFIP (combinada)
2019.0,extraccion_petroleo_gas_KTA,extraccion_petroleo_gas_KTA,Millones de pesos corrientes,2350034.28671851,AFIP (combinada)
2020.0,extraccion_petroleo_gas_KTA,extraccion_petroleo_gas_KTA,Millones de pesos corrientes,132185.12476031,AFIP (combinada)
2021.0,extraccion_petroleo_gas_KTA,extraccion_petroleo_gas_KTA,Millones de pesos corrientes,4153558.4490047903,AFIP (combinada)
2022.0,extraccion_petroleo_gas_KTA,extraccion_petroleo_gas_KTA,Millones de pesos corrientes,7652819.663783812,AFIP (combinada)
2001.0,extraccion_petroleo_gas_activo,extraccion_petroleo_gas_activo,Millones de pesos corrientes,21770.038,AFIP (combinada)
2002.0,extraccion_petroleo_gas_activo,extraccion_petroleo_gas_activo,Millones de pesos corrientes,48704.94,AFIP (combinada)
2003.0,extraccion_petroleo_gas_activo,extraccion_petroleo_gas_activo,Millones de pesos corrientes,53086.66,AFIP (combinada)
2004.0,extraccion_petroleo_gas_activo,extraccion_petroleo_gas_activo,Millones de pesos corrientes,65116.5,AFIP (combinada)
2005.0,extraccion_petroleo_gas_activo,extraccion_petroleo_gas_activo,Millones de pesos corrientes,56166.956,AFIP (combinada)
2006.0,extraccion_petroleo_gas_activo,extraccion_petroleo_gas_activo,Millones de pesos corrientes,84210.872,AFIP (combinada)
2007.0,extraccion_petroleo_gas_activo,extraccion_petroleo_gas_activo,Millones de pesos corrientes,90791.336,AFIP (combinada)
2008.0,extraccion_petroleo_gas_activo,extraccion_petroleo_gas_activo,Millones de pesos corrientes,99920.834,AFIP (combinada)
2009.0,extraccion_petroleo_gas_activo,extraccion_petroleo_gas_activo,Millones de pesos corrientes,104271.891,AFIP (combinada)
2010.0,extraccion_petroleo_gas_activo,extraccion_petroleo_gas_activo,Millones de pesos corrientes,124108.597,AFIP (combinada)
2011.0,extraccion_petroleo_gas_activo,extraccion_petroleo_gas_activo,Millones de pesos corrientes,147316.311,AFIP (combinada)
2012.0,extraccion_petroleo_gas_activo,extraccion_petroleo_gas_activo,Millones de pesos corrientes,189014.0,AFIP (combinada)
2013.0,extraccion_petroleo_gas_activo,extraccion_petroleo_gas_activo,Millones de pesos corrientes,233267.0,AFIP (combinada)
2014.0,extraccion_petroleo_gas_activo,extraccion_petroleo_gas_activo,Millones de pesos corrientes,373222.69990481,AFIP (combinada)
2015.0,extraccion_petroleo_gas_activo,extraccion_petroleo_gas_activo,Millones de pesos corrientes,647373.89688271,AFIP (combinada)
2016.0,extraccion_petroleo_gas_activo,extraccion_petroleo_gas_activo,Millones de pesos corrientes,827971.2383615,AFIP (combinada)
2017.0,extraccion_petroleo_gas_activo,extraccion_petroleo_gas_activo,Millones de pesos corrientes,954601.1029196599,AFIP (combinada)
2018.0,extraccion_petroleo_gas_activo,extraccion_petroleo_gas_activo,Millones de pesos corrientes,2168904.84910892,AFIP (combinada)
2019.0,extraccion_petroleo_gas_activo,extraccion_petroleo_gas_activo,Millones de pesos corrientes,3450374.88303369,AFIP (combinada)
2020.0,extraccion_petroleo_gas_activo,extraccion_petroleo_gas_activo,Millones de pesos corrientes,274389.18646559,AFIP (combinada)
2021.0,extraccion_petroleo_gas_activo,extraccion_petroleo_gas_activo,Millones de pesos corrientes,6060125.68840281,AFIP (combinada)
2022.0,extraccion_petroleo_gas_activo,extraccion_petroleo_gas_activo,Millones de pesos corrientes,11469190.23076575,AFIP (combinada)
2001.0,extraccion_petroleo_gas_ppye,extraccion_petroleo_gas_ppye,Millones de pesos corrientes,13461.606,AFIP (combinada)
2002.0,extraccion_petroleo_gas_ppye,extraccion_petroleo_gas_ppye,Millones de pesos corrientes,31474.256,AFIP (combinada)
2003.0,extraccion_petroleo_gas_ppye,extraccion_petroleo_gas_ppye,Millones de pesos corrientes,32204.716,AFIP (combinada)
2004.0,extraccion_petroleo_gas_ppye,extraccion_petroleo_gas_ppye,Millones de pesos corrientes,37553.692,AFIP (combinada)
2005.0,extraccion_petroleo_gas_ppye,extraccion_petroleo_gas_ppye,Millones de pesos corrientes,36350.896,AFIP (combinada)
2006.0,extraccion_petroleo_gas_ppye,extraccion_petroleo_gas_ppye,Millones de pesos corrientes,47616.292,AFIP (combinada)
2007.0,extraccion_petroleo_gas_ppye,extraccion_petroleo_gas_ppye,Millones de pesos corrientes,53803.856,AFIP (combinada)
2008.0,extraccion_petroleo_gas_ppye,extraccion_petroleo_gas_ppye,Millones de pesos corrientes,63362.18,AFIP (combinada)
2009.0,extraccion_petroleo_gas_ppye,extraccion_petroleo_gas_ppye,Millones de pesos corrientes,66063.712,AFIP (combinada)
2010.0,extraccion_petroleo_gas_ppye,extraccion_petroleo_gas_ppye,Millones de pesos corrientes,69746.957,AFIP (combinada)
2011.0,extraccion_petroleo_gas_ppye,extraccion_petroleo_gas_ppye,Millones de pesos corrientes,77290.515,AFIP (combinada)
2012.0,extraccion_petroleo_gas_ppye,extraccion_petroleo_gas_ppye,Millones de pesos corrientes,99397.0,AFIP (combinada)
2013.0,extraccion_petroleo_gas_ppye,extraccion_petroleo_gas_ppye,Millones de pesos corrientes,132729.0,AFIP (combinada)
2014.0,extraccion_petroleo_gas_ppye,extraccion_petroleo_gas_ppye,Millones de pesos corrientes,203282.35649623998,AFIP (combinada)
2015.0,extraccion_petroleo_gas_ppye,extraccion_petroleo_gas_ppye,Millones de pesos corrientes,282910.45692957,AFIP (combinada)
2016.0,extraccion_petroleo_gas_ppye,extraccion_petroleo_gas_ppye,Millones de pesos corrientes,354668.24730675,AFIP (combinada)
2017.0,extraccion_petroleo_gas_ppye,extraccion_petroleo_gas_ppye,Millones de pesos corrientes,395302.56126446,AFIP (combinada)
2018.0,extraccion_petroleo_gas_ppye,extraccion_petroleo_gas_ppye,Millones de pesos corrientes,1334186.19274905,AFIP (combinada)
2019.0,extraccion_petroleo_gas_ppye,extraccion_petroleo_gas_ppye,Millones de pesos corrientes,2161958.39586793,AFIP (combinada)
2020.0,extraccion_petroleo_gas_ppye,extraccion_petroleo_gas_ppye,Millones de pesos corrientes,127047.69249924,AFIP (combinada)
2021.0,extraccion_petroleo_gas_ppye,extraccion_petroleo_gas_ppye,Millones de pesos corrientes,3826847.0004072003,AFIP (combinada)
2022.0,extraccion_petroleo_gas_ppye,extraccion_petroleo_gas_ppye,Millones de pesos corrientes,6993361.755755531,AFIP (combinada)
1936.0,ganancia,ganancia,Millones de pesos corrientes,3.786328978470311e-10,MECON/CCNN
1937.0,ganancia,ganancia,Millones de pesos corrientes,4.762966790353284e-10,MECON/CCNN
1938.0,ganancia,ganancia,Millones de pesos corrientes,4.3567039700990435e-10,MECON/CCNN
1939.0,ganancia,ganancia,Millones de pesos corrientes,4.4854050076021614e-10,MECON/CCNN
1940.0,ganancia,ganancia,Millones de pesos corrientes,4.802105844660954e-10,MECON/CCNN
1941.0,ganancia,ganancia,Millones de pesos corrientes,5.183118343746071e-10,MECON/CCNN
1942.0,ganancia,ganancia,Millones de pesos corrientes,6.504362433917652e-10,MECON/CCNN
1943.0,ganancia,ganancia,Millones de pesos corrientes,7.040766639585892e-10,MECON/CCNN
1944.0,ganancia,ganancia,Millones de pesos corrientes,7.995747491325972e-10,MECON/CCNN
1945.0,ganancia,ganancia,Millones de pesos corrientes,8.565262867122378e-10,MECON/CCNN
1946.0,ganancia,ganancia,Millones de pesos corrientes,1.208136902959182e-09,MECON/CCNN
1947.0,ganancia,ganancia,Millones de pesos corrientes,1.4696495630235874e-09,MECON/CCNN
1948.0,ganancia,ganancia,Millones de pesos corrientes,1.368818436200153e-09,MECON/CCNN
1949.0,ganancia,ganancia,Millones de pesos corrientes,1.2774813905674744e-09,MECON/CCNN
1950.0,ganancia,ganancia,Millones de pesos corrientes,1.4244047366349738e-09,MECON/CCNN
1951.0,ganancia,ganancia,Millones de pesos corrientes,2.7475530165310067e-09,MECON/CCNN
1952.0,ganancia,ganancia,Millones de pesos corrientes,3.676282692454776e-09,MECON/CCNN
1953.0,ganancia,ganancia,Millones de pesos corrientes,3.715177036320357e-09,MECON/CCNN
1954.0,ganancia,ganancia,Millones de pesos corrientes,3.4465646547142102e-09,MECON/CCNN
1955.0,ganancia,ganancia,Millones de pesos corrientes,4.350591830239242e-09,MECON/CCNN
1956.0,ganancia,ganancia,Millones de pesos corrientes,7.319257135680972e-09,MECON/CCNN
1957.0,ganancia,ganancia,Millones de pesos corrientes,8.953947661079963e-09,MECON/CCNN
1958.0,ganancia,ganancia,Millones de pesos corrientes,1.1995217924948905e-08,MECON/CCNN
1959.0,ganancia,ganancia,Millones de pesos corrientes,3.314026916118618e-08,MECON/CCNN
1960.0,ganancia,ganancia,Millones de pesos corrientes,4.031790477499984e-08,MECON/CCNN
1961.0,ganancia,ganancia,Millones de pesos corrientes,4.384016200941099e-08,MECON/CCNN
1962.0,ganancia,ganancia,Millones de pesos corrientes,6.301956002413408e-08,MECON/CCNN
1963.0,ganancia,ganancia,Millones de pesos corrientes,8.640456254412041e-08,MECON/CCNN
1964.0,ganancia,ganancia,Millones de pesos corrientes,1.1924268032961216e-07,MECON/CCNN
1965.0,ganancia,ganancia,Millones de pesos corrientes,1.5631579392597327e-07,MECON/CCNN
1966.0,ganancia,ganancia,Millones de pesos corrientes,1.8725427020437223e-07,MECON/CCNN
1967.0,ganancia,ganancia,Millones de pesos corrientes,2.566260303564471e-07,MECON/CCNN
1968.0,ganancia,ganancia,Millones de pesos corrientes,3.1855927422946697e-07,MECON/CCNN
1969.0,ganancia,ganancia,Millones de pesos corrientes,4.1107353940893106e-07,MECON/CCNN
1970.0,ganancia,ganancia,Millones de pesos corrientes,4.6138809894228023e-07,MECON/CCNN
1971.0,ganancia,ganancia,Millones de pesos corrientes,6.515827296509775e-07,MECON/CCNN
1972.0,ganancia,ganancia,Millones de pesos corrientes,1.1631139313779334e-06,MECON/CCNN
1973.0,ganancia,ganancia,Millones de pesos corrientes,1.943901501706483e-06,MECON/CCNN
1974.0,ganancia,ganancia,Millones de pesos corrientes,2.39863956439965e-06,MECON/CCNN
1975.0,ganancia,ganancia,Millones de pesos corrientes,7.215404297176235e-06,MECON/CCNN
1976.0,ganancia,ganancia,Millones de pesos corrientes,5.37197808369143e-05,MECON/CCNN
1977.0,ganancia,ganancia,Millones de pesos corrientes,0.0001517401466186602,MECON/CCNN
1978.0,ganancia,ganancia,Millones de pesos corrientes,0.0003525875823177378,MECON/CCNN
1979.0,ganancia,ganancia,Millones de pesos corrientes,0.0008628139646630215,MECON/CCNN
1980.0,ganancia,ganancia,Millones de pesos corrientes,0.0015881452215630724,MECON/CCNN
1981.0,ganancia,ganancia,Millones de pesos corrientes,0.003442131914904832,MECON/CCNN
1982.0,ganancia,ganancia,Millones de pesos corrientes,0.01150652428924604,MECON/CCNN
1983.0,ganancia,ganancia,Millones de pesos corrientes,0.0512460856736307,MECON/CCNN
1984.0,ganancia,ganancia,Millones de pesos corrientes,0.26706891553390644,MECON/CCNN
1985.0,ganancia,ganancia,Millones de pesos corrientes,1.7430654440400233,MECON/CCNN
1986.0,ganancia,ganancia,Millones de pesos corrientes,3.235411972156777,MECON/CCNN
1987.0,ganancia,ganancia,Millones de pesos corrientes,8.357196723618083,MECON/CCNN
1988.0,ganancia,ganancia,Millones de pesos corrientes,46.071063654557754,MECON/CCNN
1989.0,ganancia,ganancia,Millones de pesos corrientes,1388.7452135167593,MECON/CCNN
1990.0,ganancia,ganancia,Millones de pesos corrientes,24558.226171179984,MECON/CCNN
1991.0,ganancia,ganancia,Millones de pesos corrientes,73945.82342824858,MECON/CCNN
1992.0,ganancia,ganancia,Millones de pesos corrientes,89655.65438867919,MECON/CCNN
1993.0,ganancia,ganancia,Millones de pesos corrientes,83574.15696121698,MECON/CCNN
1994.0,ganancia,ganancia,Millones de pesos corrientes,107718.71631340426,MECON/CCNN
1995.0,ganancia,ganancia,Millones de pesos corrientes,109071.94090160236,MECON/CCNN
1996.0,ganancia,ganancia,Millones de pesos corrientes,129489.54168807207,MECON/CCNN
1997.0,ganancia,ganancia,Millones de pesos corrientes,148172.65427724278,MECON/CCNN
1998.0,ganancia,ganancia,Millones de pesos corrientes,151208.5450987202,MECON/CCNN
1999.0,ganancia,ganancia,Millones de pesos corrientes,139835.6544664368,MECON/CCNN
2000.0,ganancia,ganancia,Millones de pesos corrientes,145267.55396975827,MECON/CCNN
2001.0,ganancia,ganancia,Millones de pesos corrientes,138936.06039790408,MECON/CCNN
2002.0,ganancia,ganancia,Millones de pesos corrientes,169352.32933835263,MECON/CCNN
2003.0,ganancia,ganancia,Millones de pesos corrientes,214940.30578599614,MECON/CCNN
2004.0,ganancia,ganancia,Millones de pesos corrientes,250850.01627215097,MECON/CCNN
2005.0,ganancia,ganancia,Millones de pesos corrientes,299193.89297715307,MECON/CCNN
2006.0,ganancia,ganancia,Millones de pesos corrientes,364129.73985060607,MECON/CCNN
2007.0,ganancia,ganancia,Millones de pesos corrientes,453534.30364649964,MECON/CCNN
2008.0,ganancia,ganancia,Millones de pesos corrientes,581823.8166398524,MECON/CCNN
2009.0,ganancia,ganancia,Millones de pesos corrientes,545754.943017186,MECON/CCNN
2010.0,ganancia,ganancia,Millones de pesos corrientes,773503.3230459177,MECON/CCNN
2011.0,ganancia,ganancia,Millones de pesos corrientes,1003955.5681438238,MECON/CCNN
2012.0,ganancia,ganancia,Millones de pesos corrientes,1138597.7514097118,MECON/CCNN
2013.0,ganancia,ganancia,Millones de pesos corrientes,1394018.9155138135,MECON/CCNN
2014.0,ganancia,ganancia,Millones de pesos corrientes,2010866.0469197435,MECON/CCNN
2015.0,ganancia,ganancia,Millones de pesos corrientes,2561525.1904003215,MECON/CCNN
2016.0,ganancia,ganancia,Millones de pesos corrientes,3612431.171132827,MECON/CCNN
2017.0,ganancia,ganancia,Millones de pesos corrientes,4641044.791806787,MECON/CCNN
2018.0,ganancia,ganancia,Millones de pesos corrientes,6732350.582808398,MECON/CCNN
2019.0,ganancia,ganancia,Millones de pesos corrientes,10024582.205944346,MECON/CCNN
1997.0,integrada_KTA,integrada_KTA,Millones de pesos corrientes,1387.0,Bolsar
1998.0,integrada_KTA,integrada_KTA,Millones de pesos corrientes,8525.79285714286,Bolsar
1999.0,integrada_KTA,integrada_KTA,Millones de pesos corrientes,7811.86883408072,Bolsar
2000.0,integrada_KTA,integrada_KTA,Millones de pesos corrientes,13760.39630635148,Bolsar
2001.0,integrada_KTA,integrada_KTA,Millones de pesos corrientes,15898.717083106701,Bolsar
2002.0,integrada_KTA,integrada_KTA,Millones de pesos corrientes,26207.978911127822,Bolsar
2003.0,integrada_KTA,integrada_KTA,Millones de pesos corrientes,30726.3195419899,Bolsar
2004.0,integrada_KTA,integrada_KTA,Millones de pesos corrientes,30762.3479932712,Bolsar
2005.0,integrada_KTA,integrada_KTA,Millones de pesos corrientes,33052.4538599321,Bolsar
2006.0,integrada_KTA,integrada_KTA,Millones de pesos corrientes,31285.6708325739,Bolsar
2007.0,integrada_KTA,integrada_KTA,Millones de pesos corrientes,33944.933031873996,Bolsar
2008.0,integrada_KTA,integrada_KTA,Millones de pesos corrientes,37022.15622771,Bolsar
2009.0,integrada_KTA,integrada_KTA,Millones de pesos corrientes,37363.9063287131,Bolsar
2010.0,integrada_KTA,integrada_KTA,Millones de pesos corrientes,39022.34113554,Bolsar
2011.0,integrada_KTA,integrada_KTA,Millones de pesos corrientes,44025.9163776272,Bolsar
2012.0,integrada_KTA,integrada_KTA,Millones de pesos corrientes,56698.70880165063,Bolsar
2013.0,integrada_KTA,integrada_KTA,Millones de pesos corrientes,87109.27852723803,Bolsar
2014.0,integrada_KTA,integrada_KTA,Millones de pesos corrientes,123084.590257106,Bolsar
2015.0,integrada_KTA,integrada_KTA,Millones de pesos corrientes,225334.3680137198,Bolsar
2016.0,integrada_KTA,integrada_KTA,Millones de pesos corrientes,321061.5850552856,Bolsar
2017.0,integrada_KTA,integrada_KTA,Millones de pesos corrientes,339703.308693558,Bolsar
2018.0,integrada_KTA,integrada_KTA,Millones de pesos corrientes,647094.392852574,Bolsar
1997.0,integrada_activo,integrada_activo,Millones de pesos corrientes,4144.0,Bolsar
1998.0,integrada_activo,integrada_activo,Millones de pesos corrientes,4607.0,Bolsar
1999.0,integrada_activo,integrada_activo,Millones de pesos corrientes,4363.0,Bolsar
2000.0,integrada_activo,integrada_activo,Millones de pesos corrientes,11986.0,Bolsar
2001.0,integrada_activo,integrada_activo,Millones de pesos corrientes,13514.0,Bolsar
2002.0,integrada_activo,integrada_activo,Millones de pesos corrientes,13657.0,Bolsar
2003.0,integrada_activo,integrada_activo,Millones de pesos corrientes,16144.0,Bolsar
2004.0,integrada_activo,integrada_activo,Millones de pesos corrientes,18287.0,Bolsar
2005.0,integrada_activo,integrada_activo,Millones de pesos corrientes,18885.0,Bolsar
2006.0,integrada_activo,integrada_activo,Millones de pesos corrientes,20489.0,Bolsar
2007.0,integrada_activo,integrada_activo,Millones de pesos corrientes,21357.0,Bolsar
2008.0,integrada_activo,integrada_activo,Millones de pesos corrientes,23091.0,Bolsar
2009.0,integrada_activo,integrada_activo,Millones de pesos corrientes,23083.0,Bolsar
2010.0,integrada_activo,integrada_activo,Millones de pesos corrientes,22759.0,Bolsar
2011.0,integrada_activo,integrada_activo,Millones de pesos corrientes,22170.0,Bolsar
2012.0,integrada_activo,integrada_activo,Millones de pesos corrientes,18847.0,Bolsar
2013.0,integrada_activo,integrada_activo,Millones de pesos corrientes,20862.0,Bolsar
2014.0,integrada_activo,integrada_activo,Millones de pesos corrientes,24432.0,Bolsar
2015.0,integrada_activo,integrada_activo,Millones de pesos corrientes,29097.0,Bolsar
2016.0,integrada_activo,integrada_activo,Millones de pesos corrientes,36195.0,Bolsar
2017.0,integrada_activo,integrada_activo,Millones de pesos corrientes,0.0,Bolsar
2018.0,integrada_activo,integrada_activo,Millones de pesos corrientes,0.0,Bolsar
1997.0,integrada_activo_no_corr,integrada_activo_no_corr,Millones de pesos corrientes,0.0,Bolsar
1998.0,integrada_activo_no_corr,integrada_activo_no_corr,Millones de pesos corrientes,10920.0,Bolsar
1999.0,integrada_activo_no_corr,integrada_activo_no_corr,Millones de pesos corrientes,10486.0,Bolsar
2000.0,integrada_activo_no_corr,integrada_activo_no_corr,Millones de pesos corrientes,20385.0,Bolsar
2001.0,integrada_activo_no_corr,integrada_activo_no_corr,Millones de pesos corrientes,21549.0,Bolsar
2002.0,integrada_activo_no_corr,integrada_activo_no_corr,Millones de pesos corrientes,31986.0,Bolsar
2003.0,integrada_activo_no_corr,integrada_activo_no_corr,Millones de pesos corrientes,35744.0,Bolsar
2004.0,integrada_activo_no_corr,integrada_activo_no_corr,Millones de pesos corrientes,35953.0,Bolsar
2005.0,integrada_activo_no_corr,integrada_activo_no_corr,Millones de pesos corrientes,38629.0,Bolsar
2006.0,integrada_activo_no_corr,integrada_activo_no_corr,Millones de pesos corrientes,39610.0,Bolsar
2007.0,integrada_activo_no_corr,integrada_activo_no_corr,Millones de pesos corrientes,41987.0,Bolsar
2008.0,integrada_activo_no_corr,integrada_activo_no_corr,Millones de pesos corrientes,46690.0,Bolsar
2009.0,integrada_activo_no_corr,integrada_activo_no_corr,Millones de pesos corrientes,26506.0,Bolsar
2010.0,integrada_activo_no_corr,integrada_activo_no_corr,Millones de pesos corrientes,48772.0,Bolsar
2011.0,integrada_activo_no_corr,integrada_activo_no_corr,Millones de pesos corrientes,63763.0,Bolsar
2012.0,integrada_activo_no_corr,integrada_activo_no_corr,Millones de pesos corrientes,74424.0,Bolsar
2013.0,integrada_activo_no_corr,integrada_activo_no_corr,Millones de pesos corrientes,115347.0,Bolsar
2014.0,integrada_activo_no_corr,integrada_activo_no_corr,Millones de pesos corrientes,182003.0,Bolsar
2015.0,integrada_activo_no_corr,integrada_activo_no_corr,Millones de pesos corrientes,304834.0,Bolsar
2016.0,integrada_activo_no_corr,integrada_activo_no_corr,Millones de pesos corrientes,353244.0,Bolsar
2017.0,integrada_activo_no_corr,integrada_activo_no_corr,Millones de pesos corrientes,383420.0,Bolsar
2018.0,integrada_activo_no_corr,integrada_activo_no_corr,Millones de pesos corrientes,785601.0,Bolsar
1997.0,integrada_gcia_ant,integrada_gcia_ant,Millones de pesos corrientes,0.0,Bolsar
1998.0,integrada_gcia_ant,integrada_gcia_ant,Millones de pesos corrientes,802.0,Bolsar
1999.0,integrada_gcia_ant,integrada_gcia_ant,Millones de pesos corrientes,788.0,Bolsar
2000.0,integrada_gcia_ant,integrada_gcia_ant,Millones de pesos corrientes,2723.0,Bolsar
2001.0,integrada_gcia_ant,integrada_gcia_ant,Millones de pesos corrientes,1890.0,Bolsar
2002.0,integrada_gcia_ant,integrada_gcia_ant,Millones de pesos corrientes,2636.0,Bolsar
2003.0,integrada_gcia_ant,integrada_gcia_ant,Millones de pesos corrientes,8478.0,Bolsar
2004.0,integrada_gcia_ant,integrada_gcia_ant,Millones de pesos corrientes,8277.0,Bolsar
2005.0,integrada_gcia_ant,integrada_gcia_ant,Millones de pesos corrientes,9983.0,Bolsar
2006.0,integrada_gcia_ant,integrada_gcia_ant,Millones de pesos corrientes,9222.0,Bolsar
2007.0,integrada_gcia_ant,integrada_gcia_ant,Millones de pesos corrientes,8192.0,Bolsar
2008.0,integrada_gcia_ant,integrada_gcia_ant,Millones de pesos corrientes,7576.0,Bolsar
2009.0,integrada_gcia_ant,integrada_gcia_ant,Millones de pesos corrientes,7609.0,Bolsar
2010.0,integrada_gcia_ant,integrada_gcia_ant,Millones de pesos corrientes,9860.0,Bolsar
2011.0,integrada_gcia_ant,integrada_gcia_ant,Millones de pesos corrientes,8275.0,Bolsar
2012.0,integrada_gcia_ant,integrada_gcia_ant,Millones de pesos corrientes,9727.0,Bolsar
2013.0,integrada_gcia_ant,integrada_gcia_ant,Millones de pesos corrientes,15752.0,Bolsar
2014.0,integrada_gcia_ant,integrada_gcia_ant,Millones de pesos corrientes,23392.0,Bolsar
2015.0,integrada_gcia_ant,integrada_gcia_ant,Millones de pesos corrientes,30929.0,Bolsar
2016.0,integrada_gcia_ant,integrada_gcia_ant,Millones de pesos corrientes,-27499.0,Bolsar
2017.0,integrada_gcia_ant,integrada_gcia_ant,Millones de pesos corrientes,8703.0,Bolsar
2018.0,integrada_gcia_ant,integrada_gcia_ant,Millones de pesos corrientes,90144.0,Bolsar
1997.0,integrada_gcia_desp,integrada_gcia_desp,Millones de pesos corrientes,361.0,Bolsar
1998.0,integrada_gcia_desp,integrada_gcia_desp,Millones de pesos corrientes,785.0,Bolsar
1999.0,integrada_gcia_desp,integrada_gcia_desp,Millones de pesos corrientes,815.0,Bolsar
2000.0,integrada_gcia_desp,integrada_gcia_desp,Millones de pesos corrientes,1847.0,Bolsar
2001.0,integrada_gcia_desp,integrada_gcia_desp,Millones de pesos corrientes,1041.0,Bolsar
2002.0,integrada_gcia_desp,integrada_gcia_desp,Millones de pesos corrientes,2151.0,Bolsar
2003.0,integrada_gcia_desp,integrada_gcia_desp,Millones de pesos corrientes,5016.0,Bolsar
2004.0,integrada_gcia_desp,integrada_gcia_desp,Millones de pesos corrientes,5431.0,Bolsar
2005.0,integrada_gcia_desp,integrada_gcia_desp,Millones de pesos corrientes,6156.0,Bolsar
2006.0,integrada_gcia_desp,integrada_gcia_desp,Millones de pesos corrientes,5873.0,Bolsar
2007.0,integrada_gcia_desp,integrada_gcia_desp,Millones de pesos corrientes,4848.0,Bolsar
2008.0,integrada_gcia_desp,integrada_gcia_desp,Millones de pesos corrientes,4416.0,Bolsar
2009.0,integrada_gcia_desp,integrada_gcia_desp,Millones de pesos corrientes,4411.0,Bolsar
2010.0,integrada_gcia_desp,integrada_gcia_desp,Millones de pesos corrientes,6400.0,Bolsar
2011.0,integrada_gcia_desp,integrada_gcia_desp,Millones de pesos corrientes,5149.0,Bolsar
2012.0,integrada_gcia_desp,integrada_gcia_desp,Millones de pesos corrientes,4572.0,Bolsar
2013.0,integrada_gcia_desp,integrada_gcia_desp,Millones de pesos corrientes,5931.0,Bolsar
2014.0,integrada_gcia_desp,integrada_gcia_desp,Millones de pesos corrientes,9427.0,Bolsar
2015.0,integrada_gcia_desp,integrada_gcia_desp,Millones de pesos corrientes,5321.0,Bolsar
2016.0,integrada_gcia_desp,integrada_gcia_desp,Millones de pesos corrientes,-27556.0,Bolsar
2017.0,integrada_gcia_desp,integrada_gcia_desp,Millones de pesos corrientes,12672.0,Bolsar
2018.0,integrada_gcia_desp,integrada_gcia_desp,Millones de pesos corrientes,38606.0,Bolsar
1997.0,integrada_inventarios,integrada_inventarios,Millones de pesos corrientes,26.0,Bolsar
1998.0,integrada_inventarios,integrada_inventarios,Millones de pesos corrientes,268.0,Bolsar
1999.0,integrada_inventarios,integrada_inventarios,Millones de pesos corrientes,276.0,Bolsar
2000.0,integrada_inventarios,integrada_inventarios,Millones de pesos corrientes,678.0,Bolsar
2001.0,integrada_inventarios,integrada_inventarios,Millones de pesos corrientes,614.0,Bolsar
2002.0,integrada_inventarios,integrada_inventarios,Millones de pesos corrientes,979.0,Bolsar
2003.0,integrada_inventarios,integrada_inventarios,Millones de pesos corrientes,1293.0,Bolsar
2004.0,integrada_inventarios,integrada_inventarios,Millones de pesos corrientes,1621.0,Bolsar
2005.0,integrada_inventarios,integrada_inventarios,Millones de pesos corrientes,2097.0,Bolsar
2006.0,integrada_inventarios,integrada_inventarios,Millones de pesos corrientes,2585.0,Bolsar
2007.0,integrada_inventarios,integrada_inventarios,Millones de pesos corrientes,3569.0,Bolsar
2008.0,integrada_inventarios,integrada_inventarios,Millones de pesos corrientes,4985.0,Bolsar
2009.0,integrada_inventarios,integrada_inventarios,Millones de pesos corrientes,4077.0,Bolsar
2010.0,integrada_inventarios,integrada_inventarios,Millones de pesos corrientes,4917.0,Bolsar
2011.0,integrada_inventarios,integrada_inventarios,Millones de pesos corrientes,6976.0,Bolsar
2012.0,integrada_inventarios,integrada_inventarios,Millones de pesos corrientes,7945.0,Bolsar
2013.0,integrada_inventarios,integrada_inventarios,Millones de pesos corrientes,11191.0,Bolsar
2014.0,integrada_inventarios,integrada_inventarios,Millones de pesos corrientes,14952.0,Bolsar
2015.0,integrada_inventarios,integrada_inventarios,Millones de pesos corrientes,21388.0,Bolsar
2016.0,integrada_inventarios,integrada_inventarios,Millones de pesos corrientes,24701.0,Bolsar
2017.0,integrada_inventarios,integrada_inventarios,Millones de pesos corrientes,27291.0,Bolsar
2018.0,integrada_inventarios,integrada_inventarios,Millones de pesos corrientes,53324.0,Bolsar
1997.0,integrada_ppye,integrada_ppye,Millones de pesos corrientes,1361.0,Bolsar
1998.0,integrada_ppye,integrada_ppye,Millones de pesos corrientes,9121.0,Bolsar
1999.0,integrada_ppye,integrada_ppye,Millones de pesos corrientes,8490.0,Bolsar
2000.0,integrada_ppye,integrada_ppye,Millones de pesos corrientes,13967.0,Bolsar
2001.0,integrada_ppye,integrada_ppye,Millones de pesos corrientes,16485.0,Bolsar
2002.0,integrada_ppye,integrada_ppye,Millones de pesos corrientes,27854.0,Bolsar
2003.0,integrada_ppye,integrada_ppye,Millones de pesos corrientes,32089.0,Bolsar
2004.0,integrada_ppye,integrada_ppye,Millones de pesos corrientes,31897.0,Bolsar
2005.0,integrada_ppye,integrada_ppye,Millones de pesos corrientes,34856.0,Bolsar
2006.0,integrada_ppye,integrada_ppye,Millones de pesos corrientes,33400.0,Bolsar
2007.0,integrada_ppye,integrada_ppye,Millones de pesos corrientes,36043.0,Bolsar
2008.0,integrada_ppye,integrada_ppye,Millones de pesos corrientes,38724.0,Bolsar
2009.0,integrada_ppye,integrada_ppye,Millones de pesos corrientes,39161.0,Bolsar
2010.0,integrada_ppye,integrada_ppye,Millones de pesos corrientes,42356.0,Bolsar
2011.0,integrada_ppye,integrada_ppye,Millones de pesos corrientes,48824.0,Bolsar
2012.0,integrada_ppye,integrada_ppye,Millones de pesos corrientes,65451.0,Bolsar
2013.0,integrada_ppye,integrada_ppye,Millones de pesos corrientes,100144.0,Bolsar
2014.0,integrada_ppye,integrada_ppye,Millones de pesos corrientes,158708.0,Bolsar
2015.0,integrada_ppye,integrada_ppye,Millones de pesos corrientes,288296.0,Bolsar
2016.0,integrada_ppye,integrada_ppye,Millones de pesos corrientes,358898.0,Bolsar
2017.0,integrada_ppye,integrada_ppye,Millones de pesos corrientes,382630.0,Bolsar
2018.0,integrada_ppye,integrada_ppye,Millones de pesos corrientes,740103.0,Bolsar
1997.0,integrada_ppye_neta,integrada_ppye_neta,Millones de pesos corrientes,1361.0,Bolsar
1998.0,integrada_ppye_neta,integrada_ppye_neta,Millones de pesos corrientes,8231.0,Bolsar
1999.0,integrada_ppye_neta,integrada_ppye_neta,Millones de pesos corrientes,7506.0,Bolsar
2000.0,integrada_ppye_neta,integrada_ppye_neta,Millones de pesos corrientes,13001.0,Bolsar
2001.0,integrada_ppye_neta,integrada_ppye_neta,Millones de pesos corrientes,15220.0,Bolsar
2002.0,integrada_ppye_neta,integrada_ppye_neta,Millones de pesos corrientes,25167.0,Bolsar
2003.0,integrada_ppye_neta,integrada_ppye_neta,Millones de pesos corrientes,29372.0,Bolsar
2004.0,integrada_ppye_neta,integrada_ppye_neta,Millones de pesos corrientes,29033.0,Bolsar
2005.0,integrada_ppye_neta,integrada_ppye_neta,Millones de pesos corrientes,30832.0,Bolsar
2006.0,integrada_ppye_neta,integrada_ppye_neta,Millones de pesos corrientes,28558.0,Bolsar
2007.0,integrada_ppye_neta,integrada_ppye_neta,Millones de pesos corrientes,30143.0,Bolsar
2008.0,integrada_ppye_neta,integrada_ppye_neta,Millones de pesos corrientes,31748.0,Bolsar
2009.0,integrada_ppye_neta,integrada_ppye_neta,Millones de pesos corrientes,32997.0,Bolsar
2010.0,integrada_ppye_neta,integrada_ppye_neta,Millones de pesos corrientes,33771.0,Bolsar
2011.0,integrada_ppye_neta,integrada_ppye_neta,Millones de pesos corrientes,36594.0,Bolsar
2012.0,integrada_ppye_neta,integrada_ppye_neta,Millones de pesos corrientes,48022.0,Bolsar
2013.0,integrada_ppye_neta,integrada_ppye_neta,Millones de pesos corrientes,75232.0,Bolsar
2014.0,integrada_ppye_neta,integrada_ppye_neta,Millones de pesos corrientes,107318.0,Bolsar
2015.0,integrada_ppye_neta,integrada_ppye_neta,Millones de pesos corrientes,201885.0,Bolsar
2016.0,integrada_ppye_neta,integrada_ppye_neta,Millones de pesos corrientes,294146.0,Bolsar
2017.0,integrada_ppye_neta,integrada_ppye_neta,Millones de pesos corrientes,310957.0,Bolsar
2018.0,integrada_ppye_neta,integrada_ppye_neta,Millones de pesos corrientes,589789.0,Bolsar
1997.0,integrada_tg_ant,integrada_tg_ant,Millones de pesos corrientes,0.0,Bolsar
1998.0,integrada_tg_ant,integrada_tg_ant,Millones de pesos corrientes,0.115882676530662,Bolsar
1999.0,integrada_tg_ant,integrada_tg_ant,Millones de pesos corrientes,0.121983900948995,Bolsar
2000.0,integrada_tg_ant,integrada_tg_ant,Millones de pesos corrientes,0.39773883294712736,Bolsar
2001.0,integrada_tg_ant,integrada_tg_ant,Millones de pesos corrientes,0.2412837979360388,Bolsar
2002.0,integrada_tg_ant,integrada_tg_ant,Millones de pesos corrientes,0.099287291579041,Bolsar
2003.0,integrada_tg_ant,integrada_tg_ant,Millones de pesos corrientes,0.4676680953911871,Bolsar
2004.0,integrada_tg_ant,integrada_tg_ant,Millones de pesos corrientes,0.45342362435510564,Bolsar
2005.0,integrada_tg_ant,integrada_tg_ant,Millones de pesos corrientes,0.5419547366556972,Bolsar
2006.0,integrada_tg_ant,integrada_tg_ant,Millones de pesos corrientes,0.538886938398492,Bolsar
2007.0,integrada_tg_ant,integrada_tg_ant,Millones de pesos corrientes,0.422769020455452,Bolsar
2008.0,integrada_tg_ant,integrada_tg_ant,Millones de pesos corrientes,0.363442086746434,Bolsar
2009.0,integrada_tg_ant,integrada_tg_ant,Millones de pesos corrientes,0.376184069616616,Bolsar
2010.0,integrada_tg_ant,integrada_tg_ant,Millones de pesos corrientes,0.3984317171891743,Bolsar
2011.0,integrada_tg_ant,integrada_tg_ant,Millones de pesos corrientes,0.29210363898988523,Bolsar
2012.0,integrada_tg_ant,integrada_tg_ant,Millones de pesos corrientes,0.313516973429112,Bolsar
2013.0,integrada_tg_ant,integrada_tg_ant,Millones de pesos corrientes,0.329886743018749,Bolsar
2014.0,integrada_tg_ant,integrada_tg_ant,Millones de pesos corrientes,0.306845939765839,Bolsar
2015.0,integrada_tg_ant,integrada_tg_ant,Millones de pesos corrientes,0.262542975524163,Bolsar
2016.0,integrada_tg_ant,integrada_tg_ant,Millones de pesos corrientes,0.0526769437880336,Bolsar
2017.0,integrada_tg_ant,integrada_tg_ant,Millones de pesos corrientes,0.0256194148754991,Bolsar
2018.0,integrada_tg_ant,integrada_tg_ant,Millones de pesos corrientes,0.139305796798238,Bolsar
1997.0,integrada_tg_desp,integrada_tg_desp,Millones de pesos corrientes,0.0,Bolsar
1998.0,integrada_tg_desp,integrada_tg_desp,Millones de pesos corrientes,0.0838054269174362,Bolsar
1999.0,integrada_tg_desp,integrada_tg_desp,Millones de pesos corrientes,0.0738405085693788,Bolsar
2000.0,integrada_tg_desp,integrada_tg_desp,Millones de pesos corrientes,0.27033126513087197,Bolsar
2001.0,integrada_tg_desp,integrada_tg_desp,Millones de pesos corrientes,0.1340069284770061,Bolsar
2002.0,integrada_tg_desp,integrada_tg_desp,Millones de pesos corrientes,0.06770459221257,Bolsar
2003.0,integrada_tg_desp,integrada_tg_desp,Millones de pesos corrientes,0.2911807833198755,Bolsar
2004.0,integrada_tg_desp,integrada_tg_desp,Millones de pesos corrientes,0.311048878764177,Bolsar
2005.0,integrada_tg_desp,integrada_tg_desp,Millones de pesos corrientes,0.3380442345188543,Bolsar
2006.0,integrada_tg_desp,integrada_tg_desp,Millones de pesos corrientes,0.355759800880653,Bolsar
2007.0,integrada_tg_desp,integrada_tg_desp,Millones de pesos corrientes,0.2566180020366159,Bolsar
2008.0,integrada_tg_desp,integrada_tg_desp,Millones de pesos corrientes,0.21655867883133167,Bolsar
2009.0,integrada_tg_desp,integrada_tg_desp,Millones de pesos corrientes,0.22033131240714943,Bolsar
2010.0,integrada_tg_desp,integrada_tg_desp,Millones de pesos corrientes,0.2647959986004811,Bolsar
2011.0,integrada_tg_desp,integrada_tg_desp,Millones de pesos corrientes,0.1982426383992281,Bolsar
2012.0,integrada_tg_desp,integrada_tg_desp,Millones de pesos corrientes,0.1592339656486485,Bolsar
2013.0,integrada_tg_desp,integrada_tg_desp,Millones de pesos corrientes,0.15331105488601598,Bolsar
2014.0,integrada_tg_desp,integrada_tg_desp,Millones de pesos corrientes,0.126999762203886,Bolsar
2015.0,integrada_tg_desp,integrada_tg_desp,Millones de pesos corrientes,0.0806929726077662,Bolsar
2016.0,integrada_tg_desp,integrada_tg_desp,Millones de pesos corrientes,-0.039211938819651695,Bolsar
2017.0,integrada_tg_desp,integrada_tg_desp,Millones de pesos corrientes,0.0373031397566729,Bolsar
2018.0,integrada_tg_desp,integrada_tg_desp,Millones de pesos corrientes,0.0596605385959441,Bolsar
1962.0,ipc_03,ipc_03,index,7.039553641069275e-13,INDEC/BCRA
1963.0,ipc_03,ipc_03,index,8.868080668415703e-13,INDEC/BCRA
1964.0,ipc_03,ipc_03,index,1.0831858469829114e-12,INDEC/BCRA
1965.0,ipc_03,ipc_03,index,1.3929258550190266e-12,INDEC/BCRA
1966.0,ipc_03,ipc_03,index,1.836758727457515e-12,INDEC/BCRA
1967.0,ipc_03,ipc_03,index,2.3734725472121766e-12,INDEC/BCRA
1968.0,ipc_03,ipc_03,index,2.7586151882578177e-12,INDEC/BCRA
1969.0,ipc_03,ipc_03,index,2.9676664539459686e-12,INDEC/BCRA
1970.0,ipc_03,ipc_03,index,3.3706362712425253e-12,INDEC/BCRA
1971.0,ipc_03,ipc_03,index,4.541019641211089e-12,INDEC/BCRA
1972.0,ipc_03,ipc_03,index,7.195466685575172e-12,INDEC/BCRA
1973.0,ipc_03,ipc_03,index,1.1534573022288402e-11,INDEC/BCRA
1974.0,ipc_03,ipc_03,index,1.4327832139733863e-11,INDEC/BCRA
1975.0,ipc_03,ipc_03,index,4.051809307712307e-11,INDEC/BCRA
1976.0,ipc_03,ipc_03,index,2.2042331418847053e-10,INDEC/BCRA
1977.0,ipc_03,ipc_03,index,6.084382755442104e-10,INDEC/BCRA
1978.0,ipc_03,ipc_03,index,1.6763011416010776e-09,INDEC/BCRA
1979.0,ipc_03,ipc_03,index,4.350186721501335e-09,INDEC/BCRA
1980.0,ipc_03,ipc_03,index,8.733616960930299e-09,INDEC/BCRA
1981.0,ipc_03,ipc_03,index,1.7858257108416647e-08,INDEC/BCRA
1982.0,ipc_03,ipc_03,index,4.7284856649885364e-08,INDEC/BCRA
1983.0,ipc_03,ipc_03,index,2.0984997281902196e-07,INDEC/BCRA
1984.0,ipc_03,ipc_03,index,1.5250502257202958e-06,INDEC/BCRA
1985.0,ipc_03,ipc_03,index,1.1776164645820038e-05,INDEC/BCRA
1986.0,ipc_03,ipc_03,index,2.2385337635018556e-05,INDEC/BCRA
1987.0,ipc_03,ipc_03,index,5.1785022099316924e-05,INDEC/BCRA
1988.0,ipc_03,ipc_03,index,0.00022938381904559314,INDEC/BCRA
1989.0,ipc_03,ipc_03,index,0.007293154529769079,INDEC/BCRA
1990.0,ipc_03,ipc_03,index,0.17605403105722184,INDEC/BCRA
1991.0,ipc_03,ipc_03,index,0.4782889574322248,INDEC/BCRA
1992.0,ipc_03,ipc_03,index,0.597382767259921,INDEC/BCRA
1993.0,ipc_03,ipc_03,index,0.6607741851615495,INDEC/BCRA
1994.0,ipc_03,ipc_03,index,0.6883767047200359,INDEC/BCRA
1995.0,ipc_03,ipc_03,index,0.7116170318371977,INDEC/BCRA
1996.0,ipc_03,ipc_03,index,0.7127248930487603,INDEC/BCRA
1997.0,ipc_03,ipc_03,index,0.7164923538726984,INDEC/BCRA
1998.0,ipc_03,ipc_03,index,0.723117540003309,INDEC/BCRA
1999.0,ipc_03,ipc_03,index,0.7146809780424968,INDEC/BCRA
2000.0,ipc_03,ipc_03,index,0.7079726535725258,INDEC/BCRA
2001.0,ipc_03,ipc_03,index,0.7004301685220639,INDEC/BCRA
2002.0,ipc_03,ipc_03,index,0.881620931716656,INDEC/BCRA
2003.0,ipc_03,ipc_03,index,1.0001359048902125,INDEC/BCRA
2004.0,ipc_03,ipc_03,index,1.0442990853009997,INDEC/BCRA
2005.0,ipc_03,ipc_03,index,1.1449868822236402,INDEC/BCRA
2006.0,ipc_03,ipc_03,index,1.2697652981635112,INDEC/BCRA
2007.0,ipc_03,ipc_03,index,1.4358822673662814,INDEC/BCRA
2008.0,ipc_03,ipc_03,index,1.7609833333333331,INDEC/BCRA
2009.0,ipc_03,ipc_03,index,2.0224583333333332,INDEC/BCRA
2010.0,ipc_03,ipc_03,index,2.5452833333333333,INDEC/BCRA
2011.0,ipc_03,ipc_03,index,3.1523749999999997,INDEC/BCRA
2012.0,ipc_03,ipc_03,index,3.897641666666667,INDEC/BCRA
2013.0,ipc_03,ipc_03,index,4.90735,INDEC/BCRA
2014.0,ipc_03,ipc_03,index,7.002091666666666,INDEC/BCRA
2015.0,ipc_03,ipc_03,index,8.862416666666666,INDEC/BCRA
2016.0,ipc_03,ipc_03,index,12.314191666666666,INDEC/BCRA
2017.0,ipc_03,ipc_03,index,15.197566666666667,INDEC/BCRA
2018.0,ipc_03,ipc_03,index,18.22215,INDEC/BCRA
2019.0,ipc_03,ipc_03,index,28.00505216124341,INDEC/BCRA
2020.0,ipc_03,ipc_03,index,39.75810063579705,INDEC/BCRA
2021.0,ipc_03,ipc_03,index,58.97364436641384,INDEC/BCRA
2022.0,ipc_03,ipc_03,index,101.62572331030283,INDEC/BCRA
2023.0,ipc_03,ipc_03,index,237.10051467912797,INDEC/BCRA
2024.0,ipc_03,ipc_03,index,757.9798212924981,INDEC/BCRA
1962.0,ipc_18,ipc_18,index,3.863184992478536e-14,INDEC/BCRA
1963.0,ipc_18,ipc_18,index,4.8666489236537415e-14,INDEC/BCRA
1964.0,ipc_18,ipc_18,index,5.944336134775048e-14,INDEC/BCRA
1965.0,ipc_18,ipc_18,index,7.644135598812581e-14,INDEC/BCRA
1966.0,ipc_18,ipc_18,index,1.0079813454820178e-13,INDEC/BCRA
1967.0,ipc_18,ipc_18,index,1.3025205846797314e-13,INDEC/BCRA
1968.0,ipc_18,ipc_18,index,1.5138801888129654e-13,INDEC/BCRA
1969.0,ipc_18,ipc_18,index,1.628603899071168e-13,INDEC/BCRA
1970.0,ipc_18,ipc_18,index,1.8497467484586207e-13,INDEC/BCRA
1971.0,ipc_18,ipc_18,index,2.4920328507948234e-13,INDEC/BCRA
1972.0,ipc_18,ipc_18,index,3.9487473682167976e-13,INDEC/BCRA
1973.0,ipc_18,ipc_18,index,6.329973698102805e-13,INDEC/BCRA
1974.0,ipc_18,ipc_18,index,7.862865874627233e-13,INDEC/BCRA
1975.0,ipc_18,ipc_18,index,2.223562701279655e-12,INDEC/BCRA
1976.0,ipc_18,ipc_18,index,1.2096449331635978e-11,INDEC/BCRA
1977.0,ipc_18,ipc_18,index,3.339003770379513e-11,INDEC/BCRA
1978.0,ipc_18,ipc_18,index,9.199250042399375e-11,INDEC/BCRA
1979.0,ipc_18,ipc_18,index,2.387307052955516e-10,INDEC/BCRA
1980.0,ipc_18,ipc_18,index,4.792857572202128e-10,INDEC/BCRA
1981.0,ipc_18,ipc_18,index,9.800301889961748e-10,INDEC/BCRA
1982.0,ipc_18,ipc_18,index,2.594910954518834e-09,INDEC/BCRA
1983.0,ipc_18,ipc_18,index,1.1516202688432593e-08,INDEC/BCRA
1984.0,ipc_18,ipc_18,index,8.369211238631533e-08,INDEC/BCRA
1985.0,ipc_18,ipc_18,index,6.46255499258871e-07,INDEC/BCRA
1986.0,ipc_18,ipc_18,index,1.2284685196323461e-06,INDEC/BCRA
1987.0,ipc_18,ipc_18,index,2.8418722323829473e-06,INDEC/BCRA
1988.0,ipc_18,ipc_18,index,1.258818630324046e-05,INDEC/BCRA
1989.0,ipc_18,ipc_18,index,0.00040023567634823987,INDEC/BCRA
1990.0,ipc_18,ipc_18,index,0.009661539997048748,INDEC/BCRA
1991.0,ipc_18,ipc_18,index,0.026247668767528796,INDEC/BCRA
1992.0,ipc_18,ipc_18,index,0.0327833305762449,INDEC/BCRA
1993.0,ipc_18,ipc_18,index,0.03626214168808563,INDEC/BCRA
1994.0,ipc_18,ipc_18,index,0.037776920106575566,INDEC/BCRA
1995.0,ipc_18,ipc_18,index,0.039052308966680535,INDEC/BCRA
1996.0,ipc_18,ipc_18,index,0.03911310646925639,INDEC/BCRA
1997.0,ipc_18,ipc_18,index,0.03931985818757383,INDEC/BCRA
1998.0,ipc_18,ipc_18,index,0.03968343691624254,INDEC/BCRA
1999.0,ipc_18,ipc_18,index,0.03922045302242034,INDEC/BCRA
2000.0,ipc_18,ipc_18,index,0.03885231180582565,INDEC/BCRA
2001.0,ipc_18,ipc_18,index,0.038438393302769644,INDEC/BCRA
2002.0,ipc_18,ipc_18,index,0.04838182825389189,INDEC/BCRA
2003.0,ipc_18,ipc_18,index,0.05488572451056613,INDEC/BCRA
2004.0,ipc_18,ipc_18,index,0.05730932328517764,INDEC/BCRA
2005.0,ipc_18,ipc_18,index,0.06283489501643001,INDEC/BCRA
2006.0,ipc_18,ipc_18,index,0.0696825181531,INDEC/BCRA
2007.0,ipc_18,ipc_18,index,0.07879872942360158,INDEC/BCRA
2008.0,ipc_18,ipc_18,index,0.09663971229154261,INDEC/BCRA
2009.0,ipc_18,ipc_18,index,0.11098900696862518,INDEC/BCRA
2010.0,ipc_18,ipc_18,index,0.13968073653950458,INDEC/BCRA
2011.0,ipc_18,ipc_18,index,0.172996874682735,INDEC/BCRA
2012.0,ipc_18,ipc_18,index,0.2138958172700075,INDEC/BCRA
2013.0,ipc_18,ipc_18,index,0.26930686005767707,INDEC/BCRA
2014.0,ipc_18,ipc_18,index,0.38426265104099494,INDEC/BCRA
2015.0,ipc_18,ipc_18,index,0.48635406176914725,INDEC/BCRA
2016.0,ipc_18,ipc_18,index,0.6757814893778542,INDEC/BCRA
2017.0,ipc_18,ipc_18,index,0.834016110429706,INDEC/BCRA
2018.0,ipc_18,ipc_18,index,1.0,INDEC/BCRA
2019.0,ipc_18,ipc_18,index,1.5368687098527567,INDEC/BCRA
2020.0,ipc_18,ipc_18,index,2.181855633709362,INDEC/BCRA
2021.0,ipc_18,ipc_18,index,3.236371359384806,INDEC/BCRA
2022.0,ipc_18,ipc_18,index,5.577043505311,INDEC/BCRA
2023.0,ipc_18,ipc_18,index,13.011665181064144,INDEC/BCRA
2024.0,ipc_18,ipc_18,index,41.59661847216152,INDEC/BCRA
1962.0,ipc_70,ipc_70,index,0.20884940036779073,INDEC/BCRA
1963.0,ipc_70,ipc_70,index,0.2630981201999183,INDEC/BCRA
1964.0,ipc_70,ipc_70,index,0.3213594585166005,INDEC/BCRA
1965.0,ipc_70,ipc_70,index,0.41325309019639467,INDEC/BCRA
1966.0,ipc_70,ipc_70,index,0.5449293782091849,INDEC/BCRA
1967.0,ipc_70,ipc_70,index,0.7041615755049233,INDEC/BCRA
1968.0,ipc_70,ipc_70,index,0.818425652092358,INDEC/BCRA
1969.0,ipc_70,ipc_70,index,0.8804469587138191,INDEC/BCRA
1970.0,ipc_70,ipc_70,index,1.0,INDEC/BCRA
1971.0,ipc_70,ipc_70,index,1.3472292100912813,INDEC/BCRA
1972.0,ipc_70,ipc_70,index,2.134750268655565,INDEC/BCRA
1973.0,ipc_70,ipc_70,index,3.4220758616699944,INDEC/BCRA
1974.0,ipc_70,ipc_70,index,4.2507796708815935,INDEC/BCRA
1975.0,ipc_70,ipc_70,index,12.02090341898172,INDEC/BCRA
1976.0,ipc_70,ipc_70,index,65.39516472574343,INDEC/BCRA
1977.0,ipc_70,ipc_70,index,180.51140098837197,INDEC/BCRA
1978.0,ipc_70,ipc_70,index,497.32483920109803,INDEC/BCRA
1979.0,ipc_70,ipc_70,index,1290.6129203604978,INDEC/BCRA
1980.0,ipc_70,ipc_70,index,2591.088523980906,INDEC/BCRA
1981.0,ipc_70,ipc_70,index,5298.185764147585,INDEC/BCRA
1982.0,ipc_70,ipc_70,index,14028.466095054107,INDEC/BCRA
1983.0,ipc_70,ipc_70,index,62258.26696562085,INDEC/BCRA
1984.0,ipc_70,ipc_70,index,452451.73403362004,INDEC/BCRA
1985.0,ipc_70,ipc_70,index,3493751.23809457,INDEC/BCRA
1986.0,ipc_70,ipc_70,index,6641279.5192424,INDEC/BCRA
1987.0,ipc_70,ipc_70,index,15363574.688000167,INDEC/BCRA
1988.0,ipc_70,ipc_70,index,68053566.32593136,INDEC/BCRA
1989.0,ipc_70,ipc_70,index,2163732287.5780325,INDEC/BCRA
1990.0,ipc_70,ipc_70,index,52231690663.0577,INDEC/BCRA
1991.0,ipc_70,ipc_70,index,141898715537.1446,INDEC/BCRA
1992.0,ipc_70,ipc_70,index,177231454000.73276,INDEC/BCRA
1993.0,ipc_70,ipc_70,index,196038412924.91843,INDEC/BCRA
1994.0,ipc_70,ipc_70,index,204227525406.13882,INDEC/BCRA
1995.0,ipc_70,ipc_70,index,211122463111.35574,INDEC/BCRA
1996.0,ipc_70,ipc_70,index,211451143254.33487,INDEC/BCRA
1997.0,ipc_70,ipc_70,index,212568873119.19186,INDEC/BCRA
1998.0,ipc_70,ipc_70,index,214534432615.22385,INDEC/BCRA
1999.0,ipc_70,ipc_70,index,212031474336.16214,INDEC/BCRA
2000.0,ipc_70,ipc_70,index,210041249366.7091,INDEC/BCRA
2001.0,ipc_70,ipc_70,index,207803545727.5438,INDEC/BCRA
2002.0,ipc_70,ipc_70,index,261559201518.8462,INDEC/BCRA
2003.0,ipc_70,ipc_70,index,296720210787.2441,INDEC/BCRA
2004.0,ipc_70,ipc_70,index,309822538317.3834,INDEC/BCRA
2005.0,ipc_70,ipc_70,index,339694582887.03485,INDEC/BCRA
2006.0,ipc_70,ipc_70,index,376713829669.74207,INDEC/BCRA
2007.0,ipc_70,ipc_70,index,425997393909.5389,INDEC/BCRA
2008.0,ipc_70,ipc_70,index,522448342574.85095,INDEC/BCRA
2009.0,ipc_70,ipc_70,index,600022716953.6124,INDEC/BCRA
2010.0,ipc_70,ipc_70,index,755134380724.8177,INDEC/BCRA
2011.0,ipc_70,ipc_70,index,935246269938.8008,INDEC/BCRA
2012.0,ipc_70,ipc_70,index,1156351903028.0505,INDEC/BCRA
2013.0,ipc_70,ipc_70,index,1455912060837.9949,INDEC/BCRA
2014.0,ipc_70,ipc_70,index,2077379789212.7556,INDEC/BCRA
2015.0,ipc_70,ipc_70,index,2629300806580.264,INDEC/BCRA
2016.0,ipc_70,ipc_70,index,3653373035746.5293,INDEC/BCRA
2017.0,ipc_70,ipc_70,index,4508812415130.261,INDEC/BCRA
2018.0,ipc_70,ipc_70,index,5406145467390.561,INDEC/BCRA
2019.0,ipc_70,ipc_70,index,8308535809744.859,INDEC/BCRA
2020.0,ipc_70,ipc_70,index,11795428944678.428,INDEC/BCRA
2021.0,ipc_70,ipc_70,index,17496294355330.797,INDEC/BCRA
2022.0,ipc_70,ipc_70,index,30150308467677.027,INDEC/BCRA
2023.0,ipc_70,ipc_70,index,70342954741813.5,INDEC/BCRA
2024.0,ipc_70,ipc_70,index,224877370412050.5,INDEC/BCRA
1947.0,ipc_us_20,ipc_us_20,index (2020=1),0.08627069967217907,BLS
1948.0,ipc_us_20,ipc_us_20,index (2020=1),0.09288957266740261,BLS
1949.0,ipc_us_20,ipc_us_20,index (2020=1),0.0919785118416982,BLS
1950.0,ipc_us_20,ipc_us_20,index (2020=1),0.09295717788768455,BLS
1951.0,ipc_us_20,ipc_us_20,index (2020=1),0.10033902408323297,BLS
1952.0,ipc_us_20,ipc_us_20,index (2020=1),0.10263116298041154,BLS
1953.0,ipc_us_20,ipc_us_20,index (2020=1),0.10341023266175596,BLS
1954.0,ipc_us_20,ipc_us_20,index (2020=1),0.10378367102140863,BLS
1955.0,ipc_us_20,ipc_us_20,index (2020=1),0.10351646943648474,BLS
1956.0,ipc_us_20,ipc_us_20,index (2020=1),0.10504241583713451,BLS
1957.0,ipc_us_20,ipc_us_20,index (2020=1),0.10860617673485458,BLS
1958.0,ipc_us_20,ipc_us_20,index (2020=1),0.11157114853864877,BLS
1959.0,ipc_us_20,ipc_us_20,index (2020=1),0.11261098121250929,BLS
1960.0,ipc_us_20,ipc_us_20,index (2020=1),0.11429145383094638,BLS
1961.0,ipc_us_20,ipc_us_20,index (2020=1),0.11551478638842934,BLS
1962.0,ipc_us_20,ipc_us_20,index (2020=1),0.11687332938647618,BLS
1963.0,ipc_us_20,ipc_us_20,index (2020=1),0.11834132845545574,BLS
1964.0,ipc_us_20,ipc_us_20,index (2020=1),0.11990590641055232,BLS
1965.0,ipc_us_20,ipc_us_20,index (2020=1),0.121798852578447,BLS
1966.0,ipc_us_20,ipc_us_20,index (2020=1),0.12543987658506073,BLS
1967.0,ipc_us_20,ipc_us_20,index (2020=1),0.12893281296629494,BLS
1968.0,ipc_us_20,ipc_us_20,index (2020=1),0.13440561651292918,BLS
1969.0,ipc_us_20,ipc_us_20,index (2020=1),0.14171341889578784,BLS
1970.0,ipc_us_20,ipc_us_20,index (2020=1),0.1500513960638953,BLS
1971.0,ipc_us_20,ipc_us_20,index (2020=1),0.15639340958558323,BLS
1972.0,ipc_us_20,ipc_us_20,index (2020=1),0.16151209054978818,BLS
1973.0,ipc_us_20,ipc_us_20,index (2020=1),0.17162068063004204,BLS
1974.0,ipc_us_20,ipc_us_20,index (2020=1),0.19051794934694966,BLS
1975.0,ipc_us_20,ipc_us_20,index (2020=1),0.20793434181006215,BLS
1976.0,ipc_us_20,ipc_us_20,index (2020=1),0.2199423166506185,BLS
1977.0,ipc_us_20,ipc_us_20,index (2020=1),0.2341716058718675,BLS
1978.0,ipc_us_20,ipc_us_20,index (2020=1),0.25203869980352633,BLS
1979.0,ipc_us_20,ipc_us_20,index (2020=1),0.2804006993599073,BLS
1980.0,ipc_us_20,ipc_us_20,index (2020=1),0.3182596227178007,BLS
1981.0,ipc_us_20,ipc_us_20,index (2020=1),0.3512896017698403,BLS
1982.0,ipc_us_20,ipc_us_20,index (2020=1),0.3729232722600651,BLS
1983.0,ipc_us_20,ipc_us_20,index (2020=1),0.38470589636634817,BLS
1984.0,ipc_us_20,ipc_us_20,index (2020=1),0.40151062255071923,BLS
1985.0,ipc_us_20,ipc_us_20,index (2020=1),0.4156755258478902,BLS
1986.0,ipc_us_20,ipc_us_20,index (2020=1),0.42375595931968546,BLS
1987.0,ipc_us_20,ipc_us_20,index (2020=1),0.43891884444006624,BLS
1988.0,ipc_us_20,ipc_us_20,index (2020=1),0.4569147102198811,BLS
1989.0,ipc_us_20,ipc_us_20,index (2020=1),0.4788059244064181,BLS
1990.0,ipc_us_20,ipc_us_20,index (2020=1),0.5047534518098722,BLS
1991.0,ipc_us_20,ipc_us_20,index (2020=1),0.5260329997176677,BLS
1992.0,ipc_us_20,ipc_us_20,index (2020=1),0.5420329018510631,BLS
1993.0,ipc_us_20,ipc_us_20,index (2020=1),0.5581293828705756,BLS
1994.0,ipc_us_20,ipc_us_20,index (2020=1),0.5726162157881368,BLS
1995.0,ipc_us_20,ipc_us_20,index (2020=1),0.5886805038456102,BLS
1996.0,ipc_us_20,ipc_us_20,index (2020=1),0.6059681244605666,BLS
1997.0,ipc_us_20,ipc_us_20,index (2020=1),0.6201330277577377,BLS
1998.0,ipc_us_20,ipc_us_20,index (2020=1),0.6297265304453671,BLS
1999.0,ipc_us_20,ipc_us_20,index (2020=1),0.6435373111601088,BLS
2000.0,ipc_us_20,ipc_us_20,index (2020=1),0.6652031746123727,BLS
2001.0,ipc_us_20,ipc_us_20,index (2020=1),0.6839394785190851,BLS
2002.0,ipc_us_20,ipc_us_20,index (2020=1),0.6948528926503146,BLS
2003.0,ipc_us_20,ipc_us_20,index (2020=1),0.710820601821671,BLS
2004.0,ipc_us_20,ipc_us_20,index (2020=1),0.7297822564626566,BLS
2005.0,ipc_us_20,ipc_us_20,index (2020=1),0.7543454864984326,BLS
2006.0,ipc_us_20,ipc_us_20,index (2020=1),0.7786511728378964,BLS
2007.0,ipc_us_20,ipc_us_20,index (2020=1),0.8010027463815915,BLS
2008.0,ipc_us_20,ipc_us_20,index (2020=1),0.8315606278786544,BLS
2009.0,ipc_us_20,ipc_us_20,index (2020=1),0.828896660269925,BLS
2010.0,ipc_us_20,ipc_us_20,index (2020=1),0.8424621306139295,BLS
2011.0,ipc_us_20,ipc_us_20,index (2020=1),0.8689125120844331,BLS
2012.0,ipc_us_20,ipc_us_20,index (2020=1),0.8869267278526103,BLS
2013.0,ipc_us_20,ipc_us_20,index (2020=1),0.8999288213609317,BLS
2014.0,ipc_us_20,ipc_us_20,index (2020=1),0.914466841088135,BLS
2015.0,ipc_us_20,ipc_us_20,index (2020=1),0.9155746009118979,BLS
2016.0,ipc_us_20,ipc_us_20,index (2020=1),0.927178232149244,BLS
2017.0,ipc_us_20,ipc_us_20,index (2020=1),0.9469405257561403,BLS
2018.0,ipc_us_20,ipc_us_20,index (2020=1),0.9700364005821775,BLS
2019.0,ipc_us_20,ipc_us_20,index (2020=1),0.9876256692514397,BLS
2020.0,ipc_us_20,ipc_us_20,index (2020=1),1.0,BLS
2021.0,ipc_us_20,ipc_us_20,index (2020=1),1.0468124299601869,BLS
2022.0,ipc_us_20,ipc_us_20,index (2020=1),1.1304613348039079,BLS
2023.0,ipc_us_20,ipc_us_20,index (2020=1),1.1771150534612425,BLS
2024.0,ipc_us_20,ipc_us_20,index (2020=1),1.2118647805454068,BLS
2025.0,ipc_us_20,ipc_us_20,index (2020=1),1.2437889020850768,BLS
2026.0,ipc_us_20,ipc_us_20,index (2020=1),1.2675540978582345,BLS
1936.0,pbi,pbi,Millones de pesos corrientes,7.121423702062768e-10,MECON/CCNN
1937.0,pbi,pbi,Millones de pesos corrientes,7.839281584993398e-10,MECON/CCNN
1938.0,pbi,pbi,Millones de pesos corrientes,7.811325950782876e-10,MECON/CCNN
1939.0,pbi,pbi,Millones de pesos corrientes,8.237536589771723e-10,MECON/CCNN
1940.0,pbi,pbi,Millones de pesos corrientes,8.558927579959078e-10,MECON/CCNN
1941.0,pbi,pbi,Millones de pesos corrientes,9.244520656156664e-10,MECON/CCNN
1942.0,pbi,pbi,Millones de pesos corrientes,9.876692186604377e-10,MECON/CCNN
1943.0,pbi,pbi,Millones de pesos corrientes,9.9187784283397e-10,MECON/CCNN
1944.0,pbi,pbi,Millones de pesos corrientes,1.1001754991277344e-09,MECON/CCNN
1945.0,pbi,pbi,Millones de pesos corrientes,1.2750921472424688e-09,MECON/CCNN
1946.0,pbi,pbi,Millones de pesos corrientes,1.6344291932179311e-09,MECON/CCNN
1947.0,pbi,pbi,Millones de pesos corrientes,2.095938302930586e-09,MECON/CCNN
1948.0,pbi,pbi,Millones de pesos corrientes,2.541118939996176e-09,MECON/CCNN
1949.0,pbi,pbi,Millones de pesos corrientes,3.3418546076277966e-09,MECON/CCNN
1950.0,pbi,pbi,Millones de pesos corrientes,4.315514371398579e-09,MECON/CCNN
1951.0,pbi,pbi,Millones de pesos corrientes,6.129914551771385e-09,MECON/CCNN
1952.0,pbi,pbi,Millones de pesos corrientes,8.069016566553696e-09,MECON/CCNN
1953.0,pbi,pbi,Millones de pesos corrientes,8.836819683391549e-09,MECON/CCNN
1954.0,pbi,pbi,Millones de pesos corrientes,9.555864506239178e-09,MECON/CCNN
1955.0,pbi,pbi,Millones de pesos corrientes,1.149107883521976e-08,MECON/CCNN
1956.0,pbi,pbi,Millones de pesos corrientes,1.3390668308158127e-08,MECON/CCNN
1957.0,pbi,pbi,Millones de pesos corrientes,1.7560185872358338e-08,MECON/CCNN
1958.0,pbi,pbi,Millones de pesos corrientes,2.452377707897952e-08,MECON/CCNN
1959.0,pbi,pbi,Millones de pesos corrientes,4.902271614072937e-08,MECON/CCNN
1960.0,pbi,pbi,Millones de pesos corrientes,6.73119938864621e-08,MECON/CCNN
1961.0,pbi,pbi,Millones de pesos corrientes,8.301955056896762e-08,MECON/CCNN
1962.0,pbi,pbi,Millones de pesos corrientes,1.06143539569959e-07,MECON/CCNN
1963.0,pbi,pbi,Millones de pesos corrientes,1.3043755017221948e-07,MECON/CCNN
1964.0,pbi,pbi,Millones de pesos corrientes,1.782710011923187e-07,MECON/CCNN
1965.0,pbi,pbi,Millones de pesos corrientes,2.538611681747706e-07,MECON/CCNN
1966.0,pbi,pbi,Millones de pesos corrientes,3.417884021166453e-07,MECON/CCNN
1967.0,pbi,pbi,Millones de pesos corrientes,4.5994105982050483e-07,MECON/CCNN
1968.0,pbi,pbi,Millones de pesos corrientes,5.656293670021422e-07,MECON/CCNN
1969.0,pbi,pbi,Millones de pesos corrientes,6.700237036799608e-07,MECON/CCNN
1970.0,pbi,pbi,Millones de pesos corrientes,8.135881586926926e-07,MECON/CCNN
1971.0,pbi,pbi,Millones de pesos corrientes,1.1373884217777473e-06,MECON/CCNN
1972.0,pbi,pbi,Millones de pesos corrientes,1.839937063360858e-06,MECON/CCNN
1973.0,pbi,pbi,Millones de pesos corrientes,3.0597432621580336e-06,MECON/CCNN
1974.0,pbi,pbi,Millones de pesos corrientes,4.005930259602089e-06,MECON/CCNN
1975.0,pbi,pbi,Millones de pesos corrientes,1.1261417999786263e-05,MECON/CCNN
1976.0,pbi,pbi,Millones de pesos corrientes,6.12563313360916e-05,MECON/CCNN
1977.0,pbi,pbi,Millones de pesos corrientes,0.0001798928864677723,MECON/CCNN
1978.0,pbi,pbi,Millones de pesos corrientes,0.0004796298882810422,MECON/CCNN
1979.0,pbi,pbi,Millones de pesos corrientes,0.0013309838089551943,MECON/CCNN
1980.0,pbi,pbi,Millones de pesos corrientes,0.0027150671219170705,MECON/CCNN
1981.0,pbi,pbi,Millones de pesos corrientes,0.005235502467203733,MECON/CCNN
1982.0,pbi,pbi,Millones de pesos corrientes,0.013427315129179888,MECON/CCNN
1983.0,pbi,pbi,Millones de pesos corrientes,0.06203038602136852,MECON/CCNN
1984.0,pbi,pbi,Millones de pesos corrientes,0.45980544362589726,MECON/CCNN
1985.0,pbi,pbi,Millones de pesos corrientes,3.303677985558841,MECON/CCNN
1986.0,pbi,pbi,Millones de pesos corrientes,6.749048986932803,MECON/CCNN
1987.0,pbi,pbi,Millones de pesos corrientes,15.95981848369131,MECON/CCNN
1988.0,pbi,pbi,Millones de pesos corrientes,69.31076152279937,MECON/CCNN
1989.0,pbi,pbi,Millones de pesos corrientes,2049.2697048371906,MECON/CCNN
1990.0,pbi,pbi,Millones de pesos corrientes,48806.823190400166,MECON/CCNN
1991.0,pbi,pbi,Millones de pesos corrientes,146517.22068358416,MECON/CCNN
1992.0,pbi,pbi,Millones de pesos corrientes,201847.867985051,MECON/CCNN
1993.0,pbi,pbi,Millones de pesos corrientes,236504.98062276683,MECON/CCNN
1994.0,pbi,pbi,Millones de pesos corrientes,259328.2545874005,MECON/CCNN
1995.0,pbi,pbi,Millones de pesos corrientes,261831.04121445352,MECON/CCNN
1996.0,pbi,pbi,Millones de pesos corrientes,278182.3609446906,MECON/CCNN
1997.0,pbi,pbi,Millones de pesos corrientes,301546.23370303004,MECON/CCNN
1998.0,pbi,pbi,Millones de pesos corrientes,310074.15392418584,MECON/CCNN
1999.0,pbi,pbi,Millones de pesos corrientes,296231.75076924334,MECON/CCNN
2000.0,pbi,pbi,Millones de pesos corrientes,299121.02445911936,MECON/CCNN
2001.0,pbi,pbi,Millones de pesos corrientes,284874.369931254,MECON/CCNN
2002.0,pbi,pbi,Millones de pesos corrientes,333830.71778017876,MECON/CCNN
2003.0,pbi,pbi,Millones de pesos corrientes,404410.040573429,MECON/CCNN
2004.0,pbi,pbi,Millones de pesos corrientes,485115.19472475466,MECON/CCNN
2005.0,pbi,pbi,Millones de pesos corrientes,582538.1729372747,MECON/CCNN
2006.0,pbi,pbi,Millones de pesos corrientes,715904.2717338484,MECON/CCNN
2007.0,pbi,pbi,Millones de pesos corrientes,896980.174071903,MECON/CCNN
2008.0,pbi,pbi,Millones de pesos corrientes,1149646.0905836355,MECON/CCNN
2009.0,pbi,pbi,Millones de pesos corrientes,1247929.2689250198,MECON/CCNN
2010.0,pbi,pbi,Millones de pesos corrientes,1661720.9259445816,MECON/CCNN
2011.0,pbi,pbi,Millones de pesos corrientes,2179024.1036307774,MECON/CCNN
2012.0,pbi,pbi,Millones de pesos corrientes,2637913.8482155497,MECON/CCNN
2013.0,pbi,pbi,Millones de pesos corrientes,3348308.488227206,MECON/CCNN
2014.0,pbi,pbi,Millones de pesos corrientes,4579086.425410098,MECON/CCNN
2015.0,pbi,pbi,Millones de pesos corrientes,5954510.895692342,MECON/CCNN
2016.0,pbi,pbi,Millones de pesos corrientes,8228159.556536429,MECON/CCNN
2017.0,pbi,pbi,Millones de pesos corrientes,10660228.494808454,MECON/CCNN
2018.0,pbi,pbi,Millones de pesos corrientes,14542722.148095284,MECON/CCNN
2019.0,pbi,pbi,Millones de pesos corrientes,21447249.859798744,MECON/CCNN
1997.0,produccion_KTA,produccion_KTA,Millones de pesos corrientes,982.0,Bolsar
1998.0,produccion_KTA,produccion_KTA,Millones de pesos corrientes,1000.0,Bolsar
1999.0,produccion_KTA,produccion_KTA,Millones de pesos corrientes,1464.0730486986722,Bolsar
2000.0,produccion_KTA,produccion_KTA,Millones de pesos corrientes,4082.190394593963,Bolsar
2001.0,produccion_KTA,produccion_KTA,Millones de pesos corrientes,4041.830171674569,Bolsar
2002.0,produccion_KTA,produccion_KTA,Millones de pesos corrientes,4584.236381571536,Bolsar
2003.0,produccion_KTA,produccion_KTA,Millones de pesos corrientes,5061.51605905954,Bolsar
2004.0,produccion_KTA,produccion_KTA,Millones de pesos corrientes,5967.812461786463,Bolsar
2005.0,produccion_KTA,produccion_KTA,Millones de pesos corrientes,7345.018275614835,Bolsar
2006.0,produccion_KTA,produccion_KTA,Millones de pesos corrientes,9412.304402556181,Bolsar
2007.0,produccion_KTA,produccion_KTA,Millones de pesos corrientes,11743.351641597652,Bolsar
2008.0,produccion_KTA,produccion_KTA,Millones de pesos corrientes,12877.9701744513,Bolsar
2009.0,produccion_KTA,produccion_KTA,Millones de pesos corrientes,13889.9051858446,Bolsar
2010.0,produccion_KTA,produccion_KTA,Millones de pesos corrientes,26066.2310570627,Bolsar
2011.0,produccion_KTA,produccion_KTA,Millones de pesos corrientes,38938.8214285714,Bolsar
2012.0,produccion_KTA,produccion_KTA,Millones de pesos corrientes,58704.779752612,Bolsar
2013.0,produccion_KTA,produccion_KTA,Millones de pesos corrientes,105434.297967956,Bolsar
2014.0,produccion_KTA,produccion_KTA,Millones de pesos corrientes,131044.326839827,Bolsar
2015.0,produccion_KTA,produccion_KTA,Millones de pesos corrientes,160342.9660816988,Bolsar
2016.0,produccion_KTA,produccion_KTA,Millones de pesos corrientes,349765.1155977915,Bolsar
2017.0,produccion_KTA,produccion_KTA,Millones de pesos corrientes,5905.78910153609,Bolsar
2018.0,produccion_KTA,produccion_KTA,Millones de pesos corrientes,54139.3036905869,Bolsar
1997.0,produccion_activo,produccion_activo,Millones de pesos corrientes,0.0,Bolsar
1998.0,produccion_activo,produccion_activo,Millones de pesos corrientes,0.0,Bolsar
1999.0,produccion_activo,produccion_activo,Millones de pesos corrientes,0.0,Bolsar
2000.0,produccion_activo,produccion_activo,Millones de pesos corrientes,0.0,Bolsar
2001.0,produccion_activo,produccion_activo,Millones de pesos corrientes,0.0,Bolsar
2002.0,produccion_activo,produccion_activo,Millones de pesos corrientes,0.0,Bolsar
2003.0,produccion_activo,produccion_activo,Millones de pesos corrientes,0.0,Bolsar
2004.0,produccion_activo,produccion_activo,Millones de pesos corrientes,0.0,Bolsar
2005.0,produccion_activo,produccion_activo,Millones de pesos corrientes,0.0,Bolsar
2006.0,produccion_activo,produccion_activo,Millones de pesos corrientes,0.0,Bolsar
2007.0,produccion_activo,produccion_activo,Millones de pesos corrientes,0.0,Bolsar
2008.0,produccion_activo,produccion_activo,Millones de pesos corrientes,0.0,Bolsar
2009.0,produccion_activo,produccion_activo,Millones de pesos corrientes,0.0,Bolsar
2010.0,produccion_activo,produccion_activo,Millones de pesos corrientes,0.0,Bolsar
2011.0,produccion_activo,produccion_activo,Millones de pesos corrientes,0.0,Bolsar
2012.0,produccion_activo,produccion_activo,Millones de pesos corrientes,0.0,Bolsar
2013.0,produccion_activo,produccion_activo,Millones de pesos corrientes,0.0,Bolsar
2014.0,produccion_activo,produccion_activo,Millones de pesos corrientes,0.0,Bolsar
2015.0,produccion_activo,produccion_activo,Millones de pesos corrientes,0.0,Bolsar
2016.0,produccion_activo,produccion_activo,Millones de pesos corrientes,0.0,Bolsar
2017.0,produccion_activo,produccion_activo,Millones de pesos corrientes,0.0,Bolsar
2018.0,produccion_activo,produccion_activo,Millones de pesos corrientes,0.0,Bolsar
1997.0,produccion_activo_no_corr,produccion_activo_no_corr,Millones de pesos corrientes,477.0,Bolsar
1998.0,produccion_activo_no_corr,produccion_activo_no_corr,Millones de pesos corrientes,1215.0,Bolsar
1999.0,produccion_activo_no_corr,produccion_activo_no_corr,Millones de pesos corrientes,1573.109,Bolsar
2000.0,produccion_activo_no_corr,produccion_activo_no_corr,Millones de pesos corrientes,1632.647,Bolsar
2001.0,produccion_activo_no_corr,produccion_activo_no_corr,Millones de pesos corrientes,1874.949,Bolsar
2002.0,produccion_activo_no_corr,produccion_activo_no_corr,Millones de pesos corrientes,5471.848,Bolsar
2003.0,produccion_activo_no_corr,produccion_activo_no_corr,Millones de pesos corrientes,5204.741,Bolsar
2004.0,produccion_activo_no_corr,produccion_activo_no_corr,Millones de pesos corrientes,5440.4400000000005,Bolsar
2005.0,produccion_activo_no_corr,produccion_activo_no_corr,Millones de pesos corrientes,6043.83,Bolsar
2006.0,produccion_activo_no_corr,produccion_activo_no_corr,Millones de pesos corrientes,7056.4259999999995,Bolsar
2007.0,produccion_activo_no_corr,produccion_activo_no_corr,Millones de pesos corrientes,8549.957,Bolsar
2008.0,produccion_activo_no_corr,produccion_activo_no_corr,Millones de pesos corrientes,9768.0,Bolsar
2009.0,produccion_activo_no_corr,produccion_activo_no_corr,Millones de pesos corrientes,12076.0,Bolsar
2010.0,produccion_activo_no_corr,produccion_activo_no_corr,Millones de pesos corrientes,14254.0,Bolsar
2011.0,produccion_activo_no_corr,produccion_activo_no_corr,Millones de pesos corrientes,16862.0,Bolsar
2012.0,produccion_activo_no_corr,produccion_activo_no_corr,Millones de pesos corrientes,29594.0,Bolsar
2013.0,produccion_activo_no_corr,produccion_activo_no_corr,Millones de pesos corrientes,43385.0,Bolsar
2014.0,produccion_activo_no_corr,produccion_activo_no_corr,Millones de pesos corrientes,66376.0,Bolsar
2015.0,produccion_activo_no_corr,produccion_activo_no_corr,Millones de pesos corrientes,116571.555,Bolsar
2016.0,produccion_activo_no_corr,produccion_activo_no_corr,Millones de pesos corrientes,142030.974,Bolsar
2017.0,produccion_activo_no_corr,produccion_activo_no_corr,Millones de pesos corrientes,179444.566,Bolsar
2018.0,produccion_activo_no_corr,produccion_activo_no_corr,Millones de pesos corrientes,475318.445,Bolsar
1997.0,produccion_gcia_ant,produccion_gcia_ant,Millones de pesos corrientes,22.0,Bolsar
1998.0,produccion_gcia_ant,produccion_gcia_ant,Millones de pesos corrientes,-6.0,Bolsar
1999.0,produccion_gcia_ant,produccion_gcia_ant,Millones de pesos corrientes,29.308999999999997,Bolsar
2000.0,produccion_gcia_ant,produccion_gcia_ant,Millones de pesos corrientes,311.739,Bolsar
2001.0,produccion_gcia_ant,produccion_gcia_ant,Millones de pesos corrientes,244.03300000000002,Bolsar
2002.0,produccion_gcia_ant,produccion_gcia_ant,Millones de pesos corrientes,438.631,Bolsar
2003.0,produccion_gcia_ant,produccion_gcia_ant,Millones de pesos corrientes,960.097,Bolsar
2004.0,produccion_gcia_ant,produccion_gcia_ant,Millones de pesos corrientes,1276.646,Bolsar
2005.0,produccion_gcia_ant,produccion_gcia_ant,Millones de pesos corrientes,1813.054,Bolsar
2006.0,produccion_gcia_ant,produccion_gcia_ant,Millones de pesos corrientes,2765.243,Bolsar
2007.0,produccion_gcia_ant,produccion_gcia_ant,Millones de pesos corrientes,2483.551,Bolsar
2008.0,produccion_gcia_ant,produccion_gcia_ant,Millones de pesos corrientes,1498.0,Bolsar
2009.0,produccion_gcia_ant,produccion_gcia_ant,Millones de pesos corrientes,3321.0,Bolsar
2010.0,produccion_gcia_ant,produccion_gcia_ant,Millones de pesos corrientes,3213.0,Bolsar
2011.0,produccion_gcia_ant,produccion_gcia_ant,Millones de pesos corrientes,5013.0,Bolsar
2012.0,produccion_gcia_ant,produccion_gcia_ant,Millones de pesos corrientes,2767.0,Bolsar
2013.0,produccion_gcia_ant,produccion_gcia_ant,Millones de pesos corrientes,5615.0,Bolsar
2014.0,produccion_gcia_ant,produccion_gcia_ant,Millones de pesos corrientes,8107.0,Bolsar
2015.0,produccion_gcia_ant,produccion_gcia_ant,Millones de pesos corrientes,8198.987,Bolsar
2016.0,produccion_gcia_ant,produccion_gcia_ant,Millones de pesos corrientes,11185.787,Bolsar
2017.0,produccion_gcia_ant,produccion_gcia_ant,Millones de pesos corrientes,5238.908,Bolsar
2018.0,produccion_gcia_ant,produccion_gcia_ant,Millones de pesos corrientes,26116.711,Bolsar
1997.0,produccion_gcia_desp,produccion_gcia_desp,Millones de pesos corrientes,12.0,Bolsar
1998.0,produccion_gcia_desp,produccion_gcia_desp,Millones de pesos corrientes,-6.0,Bolsar
1999.0,produccion_gcia_desp,produccion_gcia_desp,Millones de pesos corrientes,30.097,Bolsar
2000.0,produccion_gcia_desp,produccion_gcia_desp,Millones de pesos corrientes,245.774,Bolsar
2001.0,produccion_gcia_desp,produccion_gcia_desp,Millones de pesos corrientes,143.512,Bolsar
2002.0,produccion_gcia_desp,produccion_gcia_desp,Millones de pesos corrientes,254.624,Bolsar
2003.0,produccion_gcia_desp,produccion_gcia_desp,Millones de pesos corrientes,749.7339999999999,Bolsar
2004.0,produccion_gcia_desp,produccion_gcia_desp,Millones de pesos corrientes,791.136,Bolsar
2005.0,produccion_gcia_desp,produccion_gcia_desp,Millones de pesos corrientes,1181.807,Bolsar
2006.0,produccion_gcia_desp,produccion_gcia_desp,Millones de pesos corrientes,1779.721,Bolsar
2007.0,produccion_gcia_desp,produccion_gcia_desp,Millones de pesos corrientes,1590.646,Bolsar
2008.0,produccion_gcia_desp,produccion_gcia_desp,Millones de pesos corrientes,977.0,Bolsar
2009.0,produccion_gcia_desp,produccion_gcia_desp,Millones de pesos corrientes,2155.0,Bolsar
2010.0,produccion_gcia_desp,produccion_gcia_desp,Millones de pesos corrientes,2111.0,Bolsar
2011.0,produccion_gcia_desp,produccion_gcia_desp,Millones de pesos corrientes,3261.0,Bolsar
2012.0,produccion_gcia_desp,produccion_gcia_desp,Millones de pesos corrientes,1387.0,Bolsar
2013.0,produccion_gcia_desp,produccion_gcia_desp,Millones de pesos corrientes,2486.0,Bolsar
2014.0,produccion_gcia_desp,produccion_gcia_desp,Millones de pesos corrientes,3921.0,Bolsar
2015.0,produccion_gcia_desp,produccion_gcia_desp,Millones de pesos corrientes,1793.44,Bolsar
2016.0,produccion_gcia_desp,produccion_gcia_desp,Millones de pesos corrientes,5325.544,Bolsar
2017.0,produccion_gcia_desp,produccion_gcia_desp,Millones de pesos corrientes,8615.06,Bolsar
2018.0,produccion_gcia_desp,produccion_gcia_desp,Millones de pesos corrientes,14273.088,Bolsar
1997.0,produccion_inventarios,produccion_inventarios,Millones de pesos corrientes,0.0,Bolsar
1998.0,produccion_inventarios,produccion_inventarios,Millones de pesos corrientes,0.0,Bolsar
1999.0,produccion_inventarios,produccion_inventarios,Millones de pesos corrientes,20.098,Bolsar
2000.0,produccion_inventarios,produccion_inventarios,Millones de pesos corrientes,24.187,Bolsar
2001.0,produccion_inventarios,produccion_inventarios,Millones de pesos corrientes,37.629,Bolsar
2002.0,produccion_inventarios,produccion_inventarios,Millones de pesos corrientes,139.588,Bolsar
2003.0,produccion_inventarios,produccion_inventarios,Millones de pesos corrientes,114.352,Bolsar
2004.0,produccion_inventarios,produccion_inventarios,Millones de pesos corrientes,135.196,Bolsar
2005.0,produccion_inventarios,produccion_inventarios,Millones de pesos corrientes,145.304,Bolsar
2006.0,produccion_inventarios,produccion_inventarios,Millones de pesos corrientes,162.09199999999998,Bolsar
2007.0,produccion_inventarios,produccion_inventarios,Millones de pesos corrientes,200.24,Bolsar
2008.0,produccion_inventarios,produccion_inventarios,Millones de pesos corrientes,272.0,Bolsar
2009.0,produccion_inventarios,produccion_inventarios,Millones de pesos corrientes,266.0,Bolsar
2010.0,produccion_inventarios,produccion_inventarios,Millones de pesos corrientes,245.0,Bolsar
2011.0,produccion_inventarios,produccion_inventarios,Millones de pesos corrientes,360.0,Bolsar
2012.0,produccion_inventarios,produccion_inventarios,Millones de pesos corrientes,654.0,Bolsar
2013.0,produccion_inventarios,produccion_inventarios,Millones de pesos corrientes,677.0,Bolsar
2014.0,produccion_inventarios,produccion_inventarios,Millones de pesos corrientes,920.0,Bolsar
2015.0,produccion_inventarios,produccion_inventarios,Millones de pesos corrientes,156.829,Bolsar
2016.0,produccion_inventarios,produccion_inventarios,Millones de pesos corrientes,233.028,Bolsar
2017.0,produccion_inventarios,produccion_inventarios,Millones de pesos corrientes,255.961,Bolsar
2018.0,produccion_inventarios,produccion_inventarios,Millones de pesos corrientes,847.572,Bolsar
1997.0,produccion_ppye,produccion_ppye,Millones de pesos corrientes,1088.0,Bolsar
1998.0,produccion_ppye,produccion_ppye,Millones de pesos corrientes,8933.0,Bolsar
1999.0,produccion_ppye,produccion_ppye,Millones de pesos corrientes,8772.395,Bolsar
2000.0,produccion_ppye,produccion_ppye,Millones de pesos corrientes,17002.88,Bolsar
2001.0,produccion_ppye,produccion_ppye,Millones de pesos corrientes,18999.268,Bolsar
2002.0,produccion_ppye,produccion_ppye,Millones de pesos corrientes,30449.907,Bolsar
2003.0,produccion_ppye,produccion_ppye,Millones de pesos corrientes,28767.029000000002,Bolsar
2004.0,produccion_ppye,produccion_ppye,Millones de pesos corrientes,30309.247,Bolsar
2005.0,produccion_ppye,produccion_ppye,Millones de pesos corrientes,35366.088,Bolsar
2006.0,produccion_ppye,produccion_ppye,Millones de pesos corrientes,39228.19,Bolsar
2007.0,produccion_ppye,produccion_ppye,Millones de pesos corrientes,40970.103,Bolsar
2008.0,produccion_ppye,produccion_ppye,Millones de pesos corrientes,45940.0,Bolsar
2009.0,produccion_ppye,produccion_ppye,Millones de pesos corrientes,49352.0,Bolsar
2010.0,produccion_ppye,produccion_ppye,Millones de pesos corrientes,64184.0,Bolsar
2011.0,produccion_ppye,produccion_ppye,Millones de pesos corrientes,82649.0,Bolsar
2012.0,produccion_ppye,produccion_ppye,Millones de pesos corrientes,119863.0,Bolsar
2013.0,produccion_ppye,produccion_ppye,Millones de pesos corrientes,197011.0,Bolsar
2014.0,produccion_ppye,produccion_ppye,Millones de pesos corrientes,280665.0,Bolsar
2015.0,produccion_ppye,produccion_ppye,Millones de pesos corrientes,418788.592,Bolsar
2016.0,produccion_ppye,produccion_ppye,Millones de pesos corrientes,687565.289,Bolsar
2017.0,produccion_ppye,produccion_ppye,Millones de pesos corrientes,266901.138,Bolsar
2018.0,produccion_ppye,produccion_ppye,Millones de pesos corrientes,542750.893,Bolsar
1997.0,produccion_ppye_neta,produccion_ppye_neta,Millones de pesos corrientes,982.0,Bolsar
1998.0,produccion_ppye_neta,produccion_ppye_neta,Millones de pesos corrientes,1000.0,Bolsar
1999.0,produccion_ppye_neta,produccion_ppye_neta,Millones de pesos corrientes,1441.46,Bolsar
2000.0,produccion_ppye_neta,produccion_ppye_neta,Millones de pesos corrientes,4054.612,Bolsar
2001.0,produccion_ppye_neta,produccion_ppye_neta,Millones de pesos corrientes,3999.415,Bolsar
2002.0,produccion_ppye_neta,produccion_ppye_neta,Millones de pesos corrientes,4434.063,Bolsar
2003.0,produccion_ppye_neta,produccion_ppye_neta,Millones de pesos corrientes,4940.486,Bolsar
2004.0,produccion_ppye_neta,produccion_ppye_neta,Millones de pesos corrientes,5824.387,Bolsar
2005.0,produccion_ppye_neta,produccion_ppye_neta,Millones de pesos corrientes,7189.861,Bolsar
2006.0,produccion_ppye_neta,produccion_ppye_neta,Millones de pesos corrientes,9239.135,Bolsar
2007.0,produccion_ppye_neta,produccion_ppye_neta,Millones de pesos corrientes,11527.209,Bolsar
2008.0,produccion_ppye_neta,produccion_ppye_neta,Millones de pesos corrientes,12585.0,Bolsar
2009.0,produccion_ppye_neta,produccion_ppye_neta,Millones de pesos corrientes,13602.0,Bolsar
2010.0,produccion_ppye_neta,produccion_ppye_neta,Millones de pesos corrientes,25799.0,Bolsar
2011.0,produccion_ppye_neta,produccion_ppye_neta,Millones de pesos corrientes,38544.0,Bolsar
2012.0,produccion_ppye_neta,produccion_ppye_neta,Millones de pesos corrientes,57983.0,Bolsar
2013.0,produccion_ppye_neta,produccion_ppye_neta,Millones de pesos corrientes,104686.0,Bolsar
2014.0,produccion_ppye_neta,produccion_ppye_neta,Millones de pesos corrientes,130027.0,Bolsar
2015.0,produccion_ppye_neta,produccion_ppye_neta,Millones de pesos corrientes,160148.227,Bolsar
2016.0,produccion_ppye_neta,produccion_ppye_neta,Millones de pesos corrientes,349470.965,Bolsar
2017.0,produccion_ppye_neta,produccion_ppye_neta,Millones de pesos corrientes,5588.141,Bolsar
2018.0,produccion_ppye_neta,produccion_ppye_neta,Millones de pesos corrientes,53250.446,Bolsar
1997.0,produccion_tg_ant,produccion_tg_ant,Millones de pesos corrientes,0.0224032586558045,Bolsar
1998.0,produccion_tg_ant,produccion_tg_ant,Millones de pesos corrientes,-0.006,Bolsar
1999.0,produccion_tg_ant,produccion_tg_ant,Millones de pesos corrientes,0.07681230380026091,Bolsar
2000.0,produccion_tg_ant,produccion_tg_ant,Millones de pesos corrientes,0.3119182160140885,Bolsar
2001.0,produccion_tg_ant,produccion_tg_ant,Millones de pesos corrientes,0.4181152348385132,Bolsar
2002.0,produccion_tg_ant,produccion_tg_ant,Millones de pesos corrientes,0.3060273960349305,Bolsar
2003.0,produccion_tg_ant,produccion_tg_ant,Millones de pesos corrientes,0.729252559608918,Bolsar
2004.0,produccion_tg_ant,produccion_tg_ant,Millones de pesos corrientes,0.509306388545332,Bolsar
2005.0,produccion_tg_ant,produccion_tg_ant,Millones de pesos corrientes,0.44845171542055107,Bolsar
2006.0,produccion_tg_ant,produccion_tg_ant,Millones de pesos corrientes,0.57018156405477,Bolsar
2007.0,produccion_tg_ant,produccion_tg_ant,Millones de pesos corrientes,0.534541578869132,Bolsar
2008.0,produccion_tg_ant,produccion_tg_ant,Millones de pesos corrientes,0.116322679716396,Bolsar
2009.0,produccion_tg_ant,produccion_tg_ant,Millones de pesos corrientes,0.239094504646761,Bolsar
2010.0,produccion_tg_ant,produccion_tg_ant,Millones de pesos corrientes,0.123262929457131,Bolsar
2011.0,produccion_tg_ant,produccion_tg_ant,Millones de pesos corrientes,0.12874041422121,Bolsar
2012.0,produccion_tg_ant,produccion_tg_ant,Millones de pesos corrientes,0.0471341517958235,Bolsar
2013.0,produccion_tg_ant,produccion_tg_ant,Millones de pesos corrientes,0.0532559148988361,Bolsar
2014.0,produccion_tg_ant,produccion_tg_ant,Millones de pesos corrientes,0.0618645628964087,Bolsar
2015.0,produccion_tg_ant,produccion_tg_ant,Millones de pesos corrientes,-0.09732011407853108,Bolsar
2016.0,produccion_tg_ant,produccion_tg_ant,Millones de pesos corrientes,-0.1601774356582833,Bolsar
2017.0,produccion_tg_ant,produccion_tg_ant,Millones de pesos corrientes,-0.141063621757728,Bolsar
2018.0,produccion_tg_ant,produccion_tg_ant,Millones de pesos corrientes,0.030674775750556,Bolsar
1997.0,produccion_tg_desp,produccion_tg_desp,Millones de pesos corrientes,0.0132382892057026,Bolsar
1998.0,produccion_tg_desp,produccion_tg_desp,Millones de pesos corrientes,-0.006,Bolsar
1999.0,produccion_tg_desp,produccion_tg_desp,Millones de pesos corrientes,0.0615701470966061,Bolsar
2000.0,produccion_tg_desp,produccion_tg_desp,Millones de pesos corrientes,0.21905637683627102,Bolsar
2001.0,produccion_tg_desp,produccion_tg_desp,Millones de pesos corrientes,0.2702478923124914,Bolsar
2002.0,produccion_tg_desp,produccion_tg_desp,Millones de pesos corrientes,0.2608373672638497,Bolsar
2003.0,produccion_tg_desp,produccion_tg_desp,Millones de pesos corrientes,0.6695745230739533,Bolsar
2004.0,produccion_tg_desp,produccion_tg_desp,Millones de pesos corrientes,0.31153805439222,Bolsar
2005.0,produccion_tg_desp,produccion_tg_desp,Millones de pesos corrientes,0.278403805153082,Bolsar
2006.0,produccion_tg_desp,produccion_tg_desp,Millones de pesos corrientes,0.358356708905996,Bolsar
2007.0,produccion_tg_desp,produccion_tg_desp,Millones de pesos corrientes,0.32298341675861597,Bolsar
2008.0,produccion_tg_desp,produccion_tg_desp,Millones de pesos corrientes,0.0758659933797856,Bolsar
2009.0,produccion_tg_desp,produccion_tg_desp,Millones de pesos corrientes,0.239094504646761,Bolsar
2010.0,produccion_tg_desp,produccion_tg_desp,Millones de pesos corrientes,0.123262929457131,Bolsar
2011.0,produccion_tg_desp,produccion_tg_desp,Millones de pesos corrientes,0.12874041422121,Bolsar
2012.0,produccion_tg_desp,produccion_tg_desp,Millones de pesos corrientes,0.0471341517958235,Bolsar
2013.0,produccion_tg_desp,produccion_tg_desp,Millones de pesos corrientes,0.0532559148988361,Bolsar
2014.0,produccion_tg_desp,produccion_tg_desp,Millones de pesos corrientes,0.0618645628964087,Bolsar
2015.0,produccion_tg_desp,produccion_tg_desp,Millones de pesos corrientes,-0.013005022590971797,Bolsar
2016.0,produccion_tg_desp,produccion_tg_desp,Millones de pesos corrientes,-0.1038882550054453,Bolsar
2017.0,produccion_tg_desp,produccion_tg_desp,Millones de pesos corrientes,-0.114886086911489,Bolsar
2018.0,produccion_tg_desp,produccion_tg_desp,Millones de pesos corrientes,0.0690566879353869,Bolsar
1991.0,regalias,regalias,ars,306131393.44844997,SecEnergia
1992.0,regalias,regalias,ars,349167594.1545,SecEnergia
1993.0,regalias,regalias,ars,351784889.28,SecEnergia
1994.0,regalias,regalias,ars,368483395.6,SecEnergia
1995.0,regalias,regalias,ars,436901388.066,SecEnergia
1996.0,regalias,regalias,ars,591825170.2,SecEnergia
1997.0,regalias,regalias,ars,583584698.6,SecEnergia
1998.0,regalias,regalias,ars,370402262.5,SecEnergia
1999.0,regalias,regalias,ars,695904570.07,SecEnergia
2000.0,regalias,regalias,ars,1072719357.187,SecEnergia
2001.0,regalias,regalias,ars,931040150.0575,SecEnergia
2002.0,regalias,regalias,ars,2341820437.30608,SecEnergia
2003.0,regalias,regalias,ars,2630257691.4503603,SecEnergia
2004.0,regalias,regalias,ars,3123810692.00676,SecEnergia
2005.0,regalias,regalias,ars,3724684780.010153,SecEnergia
2006.0,regalias,regalias,ars,4549520665.480539,SecEnergia
2007.0,regalias,regalias,ars,4583157548.618386,SecEnergia
2008.0,regalias,regalias,ars,5242701287.417015,SecEnergia
2009.0,regalias,regalias,ars,5880363281.65775,SecEnergia
2010.0,regalias,regalias,ars,6867361729.75516,SecEnergia
2011.0,regalias,regalias,ars,7991759253.14245,SecEnergia
2012.0,regalias,regalias,ars,9636628741.174139,SecEnergia
2013.0,regalias,regalias,ars,11108452235.0972,SecEnergia
2014.0,regalias,regalias,ars,17292459834.95771,SecEnergia
2015.0,regalias,regalias,ars,19195452937.92327,SecEnergia
2016.0,regalias,regalias,ars,28133894786.74278,SecEnergia
2017.0,regalias,regalias,ars,31055444954.706486,SecEnergia
2018.0,regalias,regalias,ars,59402826828.10283,SecEnergia
2019.0,regalias,regalias,ars,91556427092.04243,SecEnergia
2020.0,regalias,regalias,ars,91319646991.24902,SecEnergia
2021.0,regalias,regalias,ars,176513150249.96307,SecEnergia
2022.0,regalias,regalias,ars,325449084839.36017,SecEnergia
2023.0,regalias,regalias,ars,741569846223.2423,SecEnergia
2024.0,regalias,regalias,ars,2483985972274.718,SecEnergia
2025.0,regalias,regalias,ars,2901876741478.035,SecEnergia
2026.0,regalias,regalias,ars,117856188248.337,SecEnergia
1963.0,renta_dif_precios_crudo,renta_dif_precios_crudo,Pesos corrientes,-0.0004231929894625529,Propia
1964.0,renta_dif_precios_crudo,renta_dif_precios_crudo,Pesos corrientes,0.0007167753976837295,Propia
1965.0,renta_dif_precios_crudo,renta_dif_precios_crudo,Pesos corrientes,0.0016467724179793797,Propia
1966.0,renta_dif_precios_crudo,renta_dif_precios_crudo,Pesos corrientes,0.006836394299399001,Propia
1967.0,renta_dif_precios_crudo,renta_dif_precios_crudo,Pesos corrientes,-0.0023270223587228177,Propia
1968.0,renta_dif_precios_crudo,renta_dif_precios_crudo,Pesos corrientes,-0.006570875386547758,Propia
1969.0,renta_dif_precios_crudo,renta_dif_precios_crudo,Pesos corrientes,-0.0026198704654870047,Propia
1970.0,renta_dif_precios_crudo,renta_dif_precios_crudo,Pesos corrientes,0.0032747373783247585,Propia
1971.0,renta_dif_precios_crudo,renta_dif_precios_crudo,Pesos corrientes,0.011299416478272654,Propia
1972.0,renta_dif_precios_crudo,renta_dif_precios_crudo,Pesos corrientes,0.02148535418605878,Propia
1973.0,renta_dif_precios_crudo,renta_dif_precios_crudo,Pesos corrientes,0.038049886828228185,Propia
1974.0,renta_dif_precios_crudo,renta_dif_precios_crudo,Pesos corrientes,0.19364771974899375,Propia
1975.0,renta_dif_precios_crudo,renta_dif_precios_crudo,Pesos corrientes,0.5815926037199571,Propia
1976.0,renta_dif_precios_crudo,renta_dif_precios_crudo,Pesos corrientes,2.546598094962137,Propia
1977.0,renta_dif_precios_crudo,renta_dif_precios_crudo,Pesos corrientes,7.8800310919198315,Propia
1978.0,renta_dif_precios_crudo,renta_dif_precios_crudo,Pesos corrientes,20.692668636623743,Propia
1979.0,renta_dif_precios_crudo,renta_dif_precios_crudo,Pesos corrientes,116.10371778129456,Propia
1980.0,renta_dif_precios_crudo,renta_dif_precios_crudo,Pesos corrientes,238.01239532914684,Propia
1981.0,renta_dif_precios_crudo,renta_dif_precios_crudo,Pesos corrientes,457.08041009860807,Propia
1982.0,renta_dif_precios_crudo,renta_dif_precios_crudo,Pesos corrientes,951.0918282888362,Propia
1983.0,renta_dif_precios_crudo,renta_dif_precios_crudo,Pesos corrientes,2728.3854050909945,Propia
1984.0,renta_dif_precios_crudo,renta_dif_precios_crudo,Pesos corrientes,20569.975768582364,Propia
1985.0,renta_dif_precios_crudo,renta_dif_precios_crudo,Pesos corrientes,128173.70272481658,Propia
1986.0,renta_dif_precios_crudo,renta_dif_precios_crudo,Pesos corrientes,134884.64048551884,Propia
1987.0,renta_dif_precios_crudo,renta_dif_precios_crudo,Pesos corrientes,298053.22534641187,Propia
1988.0,renta_dif_precios_crudo,renta_dif_precios_crudo,Pesos corrientes,316937.61032754206,Propia
1989.0,renta_dif_precios_crudo,renta_dif_precios_crudo,Pesos corrientes,71231556.49725296,Propia
1990.0,renta_dif_precios_crudo,renta_dif_precios_crudo,Pesos corrientes,1678785975.5683208,Propia
1991.0,renta_dif_precios_crudo,renta_dif_precios_crudo,Pesos corrientes,5119686048.8857,Propia
1993.0,renta_dif_precios_crudo,renta_dif_precios_crudo,Pesos corrientes,3105978975.286205,Propia
1994.0,renta_dif_precios_crudo,renta_dif_precios_crudo,Pesos corrientes,2116701678.4244275,Propia
1995.0,renta_dif_precios_crudo,renta_dif_precios_crudo,Pesos corrientes,2364550776.0268483,Propia
1996.0,renta_dif_precios_crudo,renta_dif_precios_crudo,Pesos corrientes,2470878083.707392,Propia
1997.0,renta_dif_precios_crudo,renta_dif_precios_crudo,Pesos corrientes,2408179860.2734704,Propia
1998.0,renta_dif_precios_crudo,renta_dif_precios_crudo,Pesos corrientes,1822265237.0845213,Propia
1999.0,renta_dif_precios_crudo,renta_dif_precios_crudo,Pesos corrientes,4079562178.003023,Propia
2000.0,renta_dif_precios_crudo,renta_dif_precios_crudo,Pesos corrientes,7314509542.044599,Propia
2001.0,renta_dif_precios_crudo,renta_dif_precios_crudo,Pesos corrientes,7248386058.80738,Propia
2002.0,renta_dif_precios_crudo,renta_dif_precios_crudo,Pesos corrientes,4272576395.9190083,Propia
2003.0,renta_dif_precios_crudo,renta_dif_precios_crudo,Pesos corrientes,9935818335.860176,Propia
2004.0,renta_dif_precios_crudo,renta_dif_precios_crudo,Pesos corrientes,10847614857.06245,Propia
2005.0,renta_dif_precios_crudo,renta_dif_precios_crudo,Pesos corrientes,21113187653.12308,Propia
2006.0,renta_dif_precios_crudo,renta_dif_precios_crudo,Pesos corrientes,28680045090.64517,Propia
2007.0,renta_dif_precios_crudo,renta_dif_precios_crudo,Pesos corrientes,38222274942.43837,Propia
2008.0,renta_dif_precios_crudo,renta_dif_precios_crudo,Pesos corrientes,79528887626.13535,Propia
2009.0,renta_dif_precios_crudo,renta_dif_precios_crudo,Pesos corrientes,52739888769.175446,Propia
2010.0,renta_dif_precios_crudo,renta_dif_precios_crudo,Pesos corrientes,72327381105.47421,Propia
2011.0,renta_dif_precios_crudo,renta_dif_precios_crudo,Pesos corrientes,131111966858.11891,Propia
2012.0,renta_dif_precios_crudo,renta_dif_precios_crudo,Pesos corrientes,177507264135.32913,Propia
2013.0,renta_dif_precios_crudo,renta_dif_precios_crudo,Pesos corrientes,193049656476.58252,Propia
2014.0,renta_dif_precios_crudo,renta_dif_precios_crudo,Pesos corrientes,256926183719.26468,Propia
2015.0,renta_dif_precios_crudo,renta_dif_precios_crudo,Pesos corrientes,203434363242.30396,Propia
2016.0,renta_dif_precios_crudo,renta_dif_precios_crudo,Pesos corrientes,225761976025.60956,Propia
2017.0,renta_dif_precios_crudo,renta_dif_precios_crudo,Pesos corrientes,271714398111.93533,Propia
2018.0,renta_dif_precios_crudo,renta_dif_precios_crudo,Pesos corrientes,380533771432.3505,Propia
2019.0,renta_dif_precios_crudo,renta_dif_precios_crudo,Pesos corrientes,460568531211.67163,Propia
2020.0,renta_dif_precios_crudo,renta_dif_precios_crudo,Pesos corrientes,575132365350.372,Propia
2021.0,renta_dif_precios_crudo,renta_dif_precios_crudo,Pesos corrientes,860902714262.9359,Propia
2022.0,renta_dif_precios_crudo,renta_dif_precios_crudo,Pesos corrientes,2512802066859.134,Propia
2023.0,renta_dif_precios_crudo,renta_dif_precios_crudo,Pesos corrientes,5580232026204.352,Propia
2024.0,renta_dif_precios_crudo,renta_dif_precios_crudo,Pesos corrientes,24086965007828.477,Propia
2025.0,renta_dif_precios_crudo,renta_dif_precios_crudo,Pesos corrientes,25095072959997.793,Propia
1972.0,renta_dif_precios_gas,renta_dif_precios_gas,Pesos corrientes,0.0038706968863278053,Propia
1973.0,renta_dif_precios_gas,renta_dif_precios_gas,Pesos corrientes,0.007768928237502642,Propia
1974.0,renta_dif_precios_gas,renta_dif_precios_gas,Pesos corrientes,0.01450141172788627,Propia
1975.0,renta_dif_precios_gas,renta_dif_precios_gas,Pesos corrientes,0.08511843822002274,Propia
1976.0,renta_dif_precios_gas,renta_dif_precios_gas,Pesos corrientes,0.7214272729183903,Propia
1977.0,renta_dif_precios_gas,renta_dif_precios_gas,Pesos corrientes,1.7538750212591878,Propia
1978.0,renta_dif_precios_gas,renta_dif_precios_gas,Pesos corrientes,5.1375878727424515,Propia
1979.0,renta_dif_precios_gas,renta_dif_precios_gas,Pesos corrientes,12.833439721173619,Propia
1980.0,renta_dif_precios_gas,renta_dif_precios_gas,Pesos corrientes,50.53434407753142,Propia
1981.0,renta_dif_precios_gas,renta_dif_precios_gas,Pesos corrientes,135.43696271329037,Propia
1982.0,renta_dif_precios_gas,renta_dif_precios_gas,Pesos corrientes,455.35122742906276,Propia
1983.0,renta_dif_precios_gas,renta_dif_precios_gas,Pesos corrientes,2123.7053406845994,Propia
1984.0,renta_dif_precios_gas,renta_dif_precios_gas,Pesos corrientes,17263.814260537336,Propia
1985.0,renta_dif_precios_gas,renta_dif_precios_gas,Pesos corrientes,140700.23465511884,Propia
1986.0,renta_dif_precios_gas,renta_dif_precios_gas,Pesos corrientes,208631.12989062912,Propia
1987.0,renta_dif_precios_gas,renta_dif_precios_gas,Pesos corrientes,431836.66382682975,Propia
1988.0,renta_dif_precios_gas,renta_dif_precios_gas,Pesos corrientes,1317475.102655849,Propia
1993.0,renta_dif_precios_gas,renta_dif_precios_gas,Pesos corrientes,3796339485.585545,Propia
1998.0,renta_dif_precios_gas,renta_dif_precios_gas,Pesos corrientes,1496655234.2523003,Propia
1999.0,renta_dif_precios_gas,renta_dif_precios_gas,Pesos corrientes,914137857.8589003,Propia
2000.0,renta_dif_precios_gas,renta_dif_precios_gas,Pesos corrientes,1265816810.7527373,Propia
2001.0,renta_dif_precios_gas,renta_dif_precios_gas,Pesos corrientes,1368546417.0594974,Propia
2002.0,renta_dif_precios_gas,renta_dif_precios_gas,Pesos corrientes,1733573947.680162,Propia
2003.0,renta_dif_precios_gas,renta_dif_precios_gas,Pesos corrientes,880852092.3434854,Propia
2004.0,renta_dif_precios_gas,renta_dif_precios_gas,Pesos corrientes,6257396828.34116,Propia
2005.0,renta_dif_precios_gas,renta_dif_precios_gas,Pesos corrientes,10612047602.994389,Propia
2006.0,renta_dif_precios_gas,renta_dif_precios_gas,Pesos corrientes,14572554166.649586,Propia
2007.0,renta_dif_precios_gas,renta_dif_precios_gas,Pesos corrientes,7193238071.310772,Propia
2008.0,renta_dif_precios_gas,renta_dif_precios_gas,Pesos corrientes,9198675459.141258,Propia
2009.0,renta_dif_precios_gas,renta_dif_precios_gas,Pesos corrientes,13906875664.002636,Propia
2010.0,renta_dif_precios_gas,renta_dif_precios_gas,Pesos corrientes,36420951435.76402,Propia
2011.0,renta_dif_precios_gas,renta_dif_precios_gas,Pesos corrientes,66084969865.30589,Propia
2012.0,renta_dif_precios_gas,renta_dif_precios_gas,Pesos corrientes,126814908652.94398,Propia
2013.0,renta_dif_precios_gas,renta_dif_precios_gas,Pesos corrientes,226040568715.37863,Propia
2014.0,renta_dif_precios_gas,renta_dif_precios_gas,Pesos corrientes,297182582490.1832,Propia
2015.0,renta_dif_precios_gas,renta_dif_precios_gas,Pesos corrientes,215392263235.74203,Propia
2016.0,renta_dif_precios_gas,renta_dif_precios_gas,Pesos corrientes,128625238295.4673,Propia
2017.0,renta_dif_precios_gas,renta_dif_precios_gas,Pesos corrientes,267072598057.13745,Propia
2018.0,renta_dif_precios_gas,renta_dif_precios_gas,Pesos corrientes,445136813390.2188,Propia
2019.0,renta_dif_precios_gas,renta_dif_precios_gas,Pesos corrientes,866726390576.8391,Propia
2020.0,renta_dif_precios_gas,renta_dif_precios_gas,Pesos corrientes,324811863295.9852,Propia
2021.0,renta_dif_precios_gas,renta_dif_precios_gas,Pesos corrientes,577391754149.3861,Propia
2022.0,renta_dif_precios_gas,renta_dif_precios_gas,Pesos corrientes,1237702572495.1045,Propia
2023.0,renta_dif_precios_gas,renta_dif_precios_gas,Pesos corrientes,2715723738931.1934,Propia
2024.0,renta_dif_precios_gas,renta_dif_precios_gas,Pesos corrientes,8586918813834.593,Propia
2025.0,renta_dif_precios_gas,renta_dif_precios_gas,Pesos corrientes,10243378048517.434,Propia
2002.0,retenciones,retenciones,ars,1353340000.0000002,AFIP
2003.0,retenciones,retenciones,ars,1309710000.0,AFIP
2004.0,retenciones,retenciones,ars,1842970000.0,AFIP
2005.0,retenciones,retenciones,ars,2948915583.333334,AFIP
2006.0,retenciones,retenciones,ars,3545568000.0,AFIP
2001.0,servicios_petroleros_KTA,servicios_petroleros_KTA,Millones de pesos corrientes,1125.71226953125,AFIP (combinada)
2002.0,servicios_petroleros_KTA,servicios_petroleros_KTA,Millones de pesos corrientes,2406.15384375,AFIP (combinada)
2003.0,servicios_petroleros_KTA,servicios_petroleros_KTA,Millones de pesos corrientes,2642.5937421875,AFIP (combinada)
2004.0,servicios_petroleros_KTA,servicios_petroleros_KTA,Millones de pesos corrientes,2733.525234375,AFIP (combinada)
2005.0,servicios_petroleros_KTA,servicios_petroleros_KTA,Millones de pesos corrientes,2865.8550546875,AFIP (combinada)
2006.0,servicios_petroleros_KTA,servicios_petroleros_KTA,Millones de pesos corrientes,3433.325359375,AFIP (combinada)
2007.0,servicios_petroleros_KTA,servicios_petroleros_KTA,Millones de pesos corrientes,4306.651625,AFIP (combinada)
2008.0,servicios_petroleros_KTA,servicios_petroleros_KTA,Millones de pesos corrientes,4323.053,AFIP (combinada)
2009.0,servicios_petroleros_KTA,servicios_petroleros_KTA,Millones de pesos corrientes,4995.797,AFIP (combinada)
2010.0,servicios_petroleros_KTA,servicios_petroleros_KTA,Millones de pesos corrientes,5032.983,AFIP (combinada)
2011.0,servicios_petroleros_KTA,servicios_petroleros_KTA,Millones de pesos corrientes,5926.25,AFIP (combinada)
2012.0,servicios_petroleros_KTA,servicios_petroleros_KTA,Millones de pesos corrientes,8510.0,AFIP (combinada)
2013.0,servicios_petroleros_KTA,servicios_petroleros_KTA,Millones de pesos corrientes,10939.0,AFIP (combinada)
2014.0,servicios_petroleros_KTA,servicios_petroleros_KTA,Millones de pesos corrientes,17405.39286752,AFIP (combinada)
2015.0,servicios_petroleros_KTA,servicios_petroleros_KTA,Millones de pesos corrientes,27710.43574704,AFIP (combinada)
2016.0,servicios_petroleros_KTA,servicios_petroleros_KTA,Millones de pesos corrientes,30999.79366626,AFIP (combinada)
2017.0,servicios_petroleros_KTA,servicios_petroleros_KTA,Millones de pesos corrientes,32689.17724803,AFIP (combinada)
2018.0,servicios_petroleros_KTA,servicios_petroleros_KTA,Millones de pesos corrientes,79259.27274371,AFIP (combinada)
2019.0,servicios_petroleros_KTA,servicios_petroleros_KTA,Millones de pesos corrientes,150493.68499682,AFIP (combinada)
2020.0,servicios_petroleros_KTA,servicios_petroleros_KTA,Millones de pesos corrientes,163795.89980009,AFIP (combinada)
2021.0,servicios_petroleros_KTA,servicios_petroleros_KTA,Millones de pesos corrientes,236268.52700376013,AFIP (combinada)
2022.0,servicios_petroleros_KTA,servicios_petroleros_KTA,Millones de pesos corrientes,457624.85866329994,AFIP (combinada)
2001.0,servicios_petroleros_activo,servicios_petroleros_activo,Millones de pesos corrientes,1523.62025,AFIP (combinada)
2002.0,servicios_petroleros_activo,servicios_petroleros_activo,Millones de pesos corrientes,3046.4685,AFIP (combinada)
2003.0,servicios_petroleros_activo,servicios_petroleros_activo,Millones de pesos corrientes,3371.20625,AFIP (combinada)
2004.0,servicios_petroleros_activo,servicios_petroleros_activo,Millones de pesos corrientes,3548.7935,AFIP (combinada)
2005.0,servicios_petroleros_activo,servicios_petroleros_activo,Millones de pesos corrientes,3922.77125,AFIP (combinada)
2006.0,servicios_petroleros_activo,servicios_petroleros_activo,Millones de pesos corrientes,5658.1985,AFIP (combinada)
2007.0,servicios_petroleros_activo,servicios_petroleros_activo,Millones de pesos corrientes,6907.4275,AFIP (combinada)
2008.0,servicios_petroleros_activo,servicios_petroleros_activo,Millones de pesos corrientes,7702.528,AFIP (combinada)
2009.0,servicios_petroleros_activo,servicios_petroleros_activo,Millones de pesos corrientes,8484.213,AFIP (combinada)
2010.0,servicios_petroleros_activo,servicios_petroleros_activo,Millones de pesos corrientes,9550.608,AFIP (combinada)
2011.0,servicios_petroleros_activo,servicios_petroleros_activo,Millones de pesos corrientes,11994.489,AFIP (combinada)
2012.0,servicios_petroleros_activo,servicios_petroleros_activo,Millones de pesos corrientes,18539.0,AFIP (combinada)
2013.0,servicios_petroleros_activo,servicios_petroleros_activo,Millones de pesos corrientes,24366.0,AFIP (combinada)
2014.0,servicios_petroleros_activo,servicios_petroleros_activo,Millones de pesos corrientes,42691.084163,AFIP (combinada)
2015.0,servicios_petroleros_activo,servicios_petroleros_activo,Millones de pesos corrientes,61923.69467371,AFIP (combinada)
2016.0,servicios_petroleros_activo,servicios_petroleros_activo,Millones de pesos corrientes,68232.66660975,AFIP (combinada)
2017.0,servicios_petroleros_activo,servicios_petroleros_activo,Millones de pesos corrientes,84690.36764919,AFIP (combinada)
2018.0,servicios_petroleros_activo,servicios_petroleros_activo,Millones de pesos corrientes,168380.35332721,AFIP (combinada)
2019.0,servicios_petroleros_activo,servicios_petroleros_activo,Millones de pesos corrientes,285216.78952606,AFIP (combinada)
2020.0,servicios_petroleros_activo,servicios_petroleros_activo,Millones de pesos corrientes,341558.64912788,AFIP (combinada)
2021.0,servicios_petroleros_activo,servicios_petroleros_activo,Millones de pesos corrientes,502763.5490710898,AFIP (combinada)
2022.0,servicios_petroleros_activo,servicios_petroleros_activo,Millones de pesos corrientes,975936.2506211796,AFIP (combinada)
2001.0,servicios_petroleros_ppye,servicios_petroleros_ppye,Millones de pesos corrientes,619.847875,AFIP (combinada)
2002.0,servicios_petroleros_ppye,servicios_petroleros_ppye,Millones de pesos corrientes,1582.674125,AFIP (combinada)
2003.0,servicios_petroleros_ppye,servicios_petroleros_ppye,Millones de pesos corrientes,1681.158375,AFIP (combinada)
2004.0,servicios_petroleros_ppye,servicios_petroleros_ppye,Millones de pesos corrientes,2092.792,AFIP (combinada)
2005.0,servicios_petroleros_ppye,servicios_petroleros_ppye,Millones de pesos corrientes,2209.07375,AFIP (combinada)
2006.0,servicios_petroleros_ppye,servicios_petroleros_ppye,Millones de pesos corrientes,2158.95575,AFIP (combinada)
2007.0,servicios_petroleros_ppye,servicios_petroleros_ppye,Millones de pesos corrientes,3036.636,AFIP (combinada)
2008.0,servicios_petroleros_ppye,servicios_petroleros_ppye,Millones de pesos corrientes,3022.67,AFIP (combinada)
2009.0,servicios_petroleros_ppye,servicios_petroleros_ppye,Millones de pesos corrientes,3576.7,AFIP (combinada)
2010.0,servicios_petroleros_ppye,servicios_petroleros_ppye,Millones de pesos corrientes,3350.686,AFIP (combinada)
2011.0,servicios_petroleros_ppye,servicios_petroleros_ppye,Millones de pesos corrientes,3990.012,AFIP (combinada)
2012.0,servicios_petroleros_ppye,servicios_petroleros_ppye,Millones de pesos corrientes,5090.0,AFIP (combinada)
2013.0,servicios_petroleros_ppye,servicios_petroleros_ppye,Millones de pesos corrientes,6802.0,AFIP (combinada)
2014.0,servicios_petroleros_ppye,servicios_petroleros_ppye,Millones de pesos corrientes,11680.92939272,AFIP (combinada)
2015.0,servicios_petroleros_ppye,servicios_petroleros_ppye,Millones de pesos corrientes,17861.02380733,AFIP (combinada)
2016.0,servicios_petroleros_ppye,servicios_petroleros_ppye,Millones de pesos corrientes,20866.69128287,AFIP (combinada)
2017.0,servicios_petroleros_ppye,servicios_petroleros_ppye,Millones de pesos corrientes,22115.53271087,AFIP (combinada)
2018.0,servicios_petroleros_ppye,servicios_petroleros_ppye,Millones de pesos corrientes,55056.34624858,AFIP (combinada)
2019.0,servicios_petroleros_ppye,servicios_petroleros_ppye,Millones de pesos corrientes,104333.03356825,AFIP (combinada)
2020.0,servicios_petroleros_ppye,servicios_petroleros_ppye,Millones de pesos corrientes,118635.16825889,AFIP (combinada)
2021.0,servicios_petroleros_ppye,servicios_petroleros_ppye,Millones de pesos corrientes,172646.6824025801,AFIP (combinada)
2022.0,servicios_petroleros_ppye,servicios_petroleros_ppye,Millones de pesos corrientes,323509.29041176,AFIP (combinada)
1936.0,sobrevaluacion,sobrevaluacion,ARS/USD,0.9682557334831609,BCRA/MECON
1937.0,sobrevaluacion,sobrevaluacion,ARS/USD,0.9394436285816178,BCRA/MECON
1938.0,sobrevaluacion,sobrevaluacion,ARS/USD,0.8526980993200691,BCRA/MECON
1939.0,sobrevaluacion,sobrevaluacion,ARS/USD,0.8764533025515838,BCRA/MECON
1940.0,sobrevaluacion,sobrevaluacion,ARS/USD,0.9788165368267036,BCRA/MECON
1941.0,sobrevaluacion,sobrevaluacion,ARS/USD,1.0585899023706888,BCRA/MECON
1942.0,sobrevaluacion,sobrevaluacion,ARS/USD,1.0499409471166803,BCRA/MECON
1943.0,sobrevaluacion,sobrevaluacion,ARS/USD,1.1463410527250126,BCRA/MECON
1944.0,sobrevaluacion,sobrevaluacion,ARS/USD,1.2089887664631993,BCRA/MECON
1945.0,sobrevaluacion,sobrevaluacion,ARS/USD,1.4116303050722705,BCRA/MECON
1946.0,sobrevaluacion,sobrevaluacion,ARS/USD,1.2868393882784246,BCRA/MECON
1947.0,sobrevaluacion,sobrevaluacion,ARS/USD,1.2359788764194628,BCRA/MECON
1948.0,sobrevaluacion,sobrevaluacion,ARS/USD,1.348251135945255,BCRA/MECON
1949.0,sobrevaluacion,sobrevaluacion,ARS/USD,1.9109192578831935,BCRA/MECON
1950.0,sobrevaluacion,sobrevaluacion,ARS/USD,2.0072745347016046,BCRA/MECON
1951.0,sobrevaluacion,sobrevaluacion,ARS/USD,1.951760194329446,BCRA/MECON
1952.0,sobrevaluacion,sobrevaluacion,ARS/USD,2.3871614693868906,BCRA/MECON
1953.0,sobrevaluacion,sobrevaluacion,ARS/USD,2.98353500572854,BCRA/MECON
1954.0,sobrevaluacion,sobrevaluacion,ARS/USD,2.936925382112723,BCRA/MECON
1955.0,sobrevaluacion,sobrevaluacion,ARS/USD,2.4176855864279325,BCRA/MECON
1956.0,sobrevaluacion,sobrevaluacion,ARS/USD,1.036503898075949,BCRA/MECON
1957.0,sobrevaluacion,sobrevaluacion,ARS/USD,1.2309003794092928,BCRA/MECON
1958.0,sobrevaluacion,sobrevaluacion,ARS/USD,1.5283111736373853,BCRA/MECON
1959.0,sobrevaluacion,sobrevaluacion,ARS/USD,0.8265348072677959,BCRA/MECON
1960.0,sobrevaluacion,sobrevaluacion,ARS/USD,0.9231153027396234,BCRA/MECON
1961.0,sobrevaluacion,sobrevaluacion,ARS/USD,0.9545778473808613,BCRA/MECON
1962.0,sobrevaluacion,sobrevaluacion,ARS/USD,0.9505116298661626,BCRA/MECON
1963.0,sobrevaluacion,sobrevaluacion,ARS/USD,0.984878707007278,BCRA/MECON
1964.0,sobrevaluacion,sobrevaluacion,ARS/USD,1.1319988075954939,BCRA/MECON
1965.0,sobrevaluacion,sobrevaluacion,ARS/USD,1.1508837691350082,BCRA/MECON
1966.0,sobrevaluacion,sobrevaluacion,ARS/USD,1.2034714110556883,BCRA/MECON
1967.0,sobrevaluacion,sobrevaluacion,ARS/USD,0.9913576981695074,BCRA/MECON
1968.0,sobrevaluacion,sobrevaluacion,ARS/USD,1.0078815190236672,BCRA/MECON
1969.0,sobrevaluacion,sobrevaluacion,ARS/USD,0.9559448079456987,BCRA/MECON
1970.0,sobrevaluacion,sobrevaluacion,ARS/USD,0.946892628176467,BCRA/MECON
1971.0,sobrevaluacion,sobrevaluacion,ARS/USD,1.0396573649342893,BCRA/MECON
1972.0,sobrevaluacion,sobrevaluacion,ARS/USD,0.9322936997024589,BCRA/MECON
1973.0,sobrevaluacion,sobrevaluacion,ARS/USD,1.3105796631085227,BCRA/MECON
1974.0,sobrevaluacion,sobrevaluacion,ARS/USD,1.457095114898937,BCRA/MECON
1975.0,sobrevaluacion,sobrevaluacion,ARS/USD,1.4552622466500817,BCRA/MECON
1976.0,sobrevaluacion,sobrevaluacion,ARS/USD,1.0938368099101534,BCRA/MECON
1977.0,sobrevaluacion,sobrevaluacion,ARS/USD,1.1895404578103683,BCRA/MECON
1978.0,sobrevaluacion,sobrevaluacion,ARS/USD,1.597801315379025,BCRA/MECON
1979.0,sobrevaluacion,sobrevaluacion,ARS/USD,1.87984883323852,BCRA/MECON
1980.0,sobrevaluacion,sobrevaluacion,ARS/USD,2.2743389001105068,BCRA/MECON
1981.0,sobrevaluacion,sobrevaluacion,ARS/USD,1.857152462171108,BCRA/MECON
1982.0,sobrevaluacion,sobrevaluacion,ARS/USD,0.9568253598068072,BCRA/MECON
1983.0,sobrevaluacion,sobrevaluacion,ARS/USD,0.8481725230086624,BCRA/MECON
1984.0,sobrevaluacion,sobrevaluacion,ARS/USD,0.9632991127338607,BCRA/MECON
1985.0,sobrevaluacion,sobrevaluacion,ARS/USD,0.894984016989961,BCRA/MECON
1986.0,sobrevaluacion,sobrevaluacion,ARS/USD,0.9506704842241965,BCRA/MECON
1987.0,sobrevaluacion,sobrevaluacion,ARS/USD,0.9741828119574807,BCRA/MECON
1988.0,sobrevaluacion,sobrevaluacion,ARS/USD,1.120310327237533,BCRA/MECON
1989.0,sobrevaluacion,sobrevaluacion,ARS/USD,0.760849457927383,BCRA/MECON
1990.0,sobrevaluacion,sobrevaluacion,ARS/USD,1.6480969667980125,BCRA/MECON
1991.0,sobrevaluacion,sobrevaluacion,ARS/USD,1.7789473684210526,BCRA/MECON
1992.0,sobrevaluacion,sobrevaluacion,ARS/USD,1.9131568441801596,BCRA/MECON
1993.0,sobrevaluacion,sobrevaluacion,ARS/USD,1.9919410337204364,BCRA/MECON
1994.0,sobrevaluacion,sobrevaluacion,ARS/USD,1.812286513626661,BCRA/MECON
1995.0,sobrevaluacion,sobrevaluacion,ARS/USD,1.868715118897296,BCRA/MECON
1996.0,sobrevaluacion,sobrevaluacion,ARS/USD,1.700047480198135,BCRA/MECON
1997.0,sobrevaluacion,sobrevaluacion,ARS/USD,1.685374159314438,BCRA/MECON
1998.0,sobrevaluacion,sobrevaluacion,ARS/USD,1.834025658588197,BCRA/MECON
1999.0,sobrevaluacion,sobrevaluacion,ARS/USD,1.945408423379476,BCRA/MECON
2000.0,sobrevaluacion,sobrevaluacion,ARS/USD,1.969548988287749,BCRA/MECON
2001.0,sobrevaluacion,sobrevaluacion,ARS/USD,2.07506215718321,BCRA/MECON
2002.0,sobrevaluacion,sobrevaluacion,ARS/USD,0.9878569077654118,BCRA/MECON
2003.0,sobrevaluacion,sobrevaluacion,ARS/USD,1.2203726073554317,BCRA/MECON
2004.0,sobrevaluacion,sobrevaluacion,ARS/USD,1.1864913695642187,BCRA/MECON
2005.0,sobrevaluacion,sobrevaluacion,ARS/USD,1.3365480054804388,BCRA/MECON
2006.0,sobrevaluacion,sobrevaluacion,ARS/USD,1.3389636454687728,BCRA/MECON
2007.0,sobrevaluacion,sobrevaluacion,ARS/USD,1.466005612813036,BCRA/MECON
2008.0,sobrevaluacion,sobrevaluacion,ARS/USD,1.7567536765626843,BCRA/MECON
2009.0,sobrevaluacion,sobrevaluacion,ARS/USD,1.8560602356886906,BCRA/MECON
2010.0,sobrevaluacion,sobrevaluacion,ARS/USD,1.970194289553262,BCRA/MECON
2011.0,sobrevaluacion,sobrevaluacion,ARS/USD,2.2329701375199633,BCRA/MECON
2012.0,sobrevaluacion,sobrevaluacion,ARS/USD,2.6653416736710627,BCRA/MECON
2013.0,sobrevaluacion,sobrevaluacion,ARS/USD,2.7033828654964642,BCRA/MECON
2014.0,sobrevaluacion,sobrevaluacion,ARS/USD,2.6271995764157046,BCRA/MECON
2015.0,sobrevaluacion,sobrevaluacion,ARS/USD,2.702207371240949,BCRA/MECON
2016.0,sobrevaluacion,sobrevaluacion,ARS/USD,2.4755423072155343,BCRA/MECON
2017.0,sobrevaluacion,sobrevaluacion,ARS/USD,2.8574908824602407,BCRA/MECON
2018.0,sobrevaluacion,sobrevaluacion,ARS/USD,2.256422465582621,BCRA/MECON
2019.0,sobrevaluacion,sobrevaluacion,ARS/USD,1.9972435468691783,BCRA/MECON
2020.0,sobrevaluacion,sobrevaluacion,ARS/USD,2.196563108573216,BCRA/MECON
2021.0,sobrevaluacion,sobrevaluacion,ARS/USD,1.9271025058175717,BCRA/MECON
2022.0,sobrevaluacion,sobrevaluacion,ARS/USD,2.459257951221815,BCRA/MECON
2023.0,sobrevaluacion,sobrevaluacion,ARS/USD,2.3526659310782723,BCRA/MECON
2024.0,sobrevaluacion,sobrevaluacion,ARS/USD,2.494720240250122,BCRA/MECON
2025.0,sobrevaluacion,sobrevaluacion,ARS/USD,2.3288755893173207,BCRA/MECON
2008.0,subsidios,subsidios,Pesos corrientes,646182833.3333334,EJES/CEFIP
2009.0,subsidios,subsidios,Pesos corrientes,2535000000.0,EJES/CEFIP
2010.0,subsidios,subsidios,Pesos corrientes,3967800000.0,EJES/CEFIP
2011.0,subsidios,subsidios,Pesos corrientes,5478630000.0,EJES/CEFIP
2012.0,subsidios,subsidios,Pesos corrientes,4343102667.126,EJES/CEFIP
2013.0,subsidios,subsidios,Pesos corrientes,11721150000.0,EJES/CEFIP
2014.0,subsidios,subsidios,Pesos corrientes,18139998799.999996,EJES/CEFIP
2015.0,subsidios,subsidios,Pesos corrientes,27931660000.0,EJES/CEFIP
2016.0,subsidios,subsidios,Pesos corrientes,11821956950.937952,EJES/CEFIP
1936.0,tcc,tcc,ARS/USD,3.01e-13,BCRA/MECON
1937.0,tcc,tcc,ARS/USD,3.03e-13,BCRA/MECON
1938.0,tcc,tcc,ARS/USD,3.07e-13,BCRA/MECON
1939.0,tcc,tcc,ARS/USD,3.27e-13,BCRA/MECON
1940.0,tcc,tcc,ARS/USD,3.36e-13,BCRA/MECON
1941.0,tcc,tcc,ARS/USD,3.36e-13,BCRA/MECON
1942.0,tcc,tcc,ARS/USD,3.36e-13,BCRA/MECON
1943.0,tcc,tcc,ARS/USD,3.36e-13,BCRA/MECON
1944.0,tcc,tcc,ARS/USD,3.36e-13,BCRA/MECON
1945.0,tcc,tcc,ARS/USD,3.36e-13,BCRA/MECON
1946.0,tcc,tcc,ARS/USD,3.36e-13,BCRA/MECON
1947.0,tcc,tcc,ARS/USD,3.36e-13,BCRA/MECON
1948.0,tcc,tcc,ARS/USD,3.36e-13,BCRA/MECON
1949.0,tcc,tcc,ARS/USD,3.36e-13,BCRA/MECON
1950.0,tcc,tcc,ARS/USD,3.91e-13,BCRA/MECON
1951.0,tcc,tcc,ARS/USD,5e-13,BCRA/MECON
1952.0,tcc,tcc,ARS/USD,5e-13,BCRA/MECON
1953.0,tcc,tcc,ARS/USD,5e-13,BCRA/MECON
1954.0,tcc,tcc,ARS/USD,5e-13,BCRA/MECON
1955.0,tcc,tcc,ARS/USD,6.9e-13,BCRA/MECON
1956.0,tcc,tcc,ARS/USD,1.8e-12,BCRA/MECON
1957.0,tcc,tcc,ARS/USD,1.8e-12,BCRA/MECON
1958.0,tcc,tcc,ARS/USD,1.8e-12,BCRA/MECON
1959.0,tcc,tcc,ARS/USD,8.06e-12,BCRA/MECON
1960.0,tcc,tcc,ARS/USD,8.28e-12,BCRA/MECON
1961.0,tcc,tcc,ARS/USD,8.29e-12,BCRA/MECON
1962.0,tcc,tcc,ARS/USD,1.16e-11,BCRA/MECON
1963.0,tcc,tcc,ARS/USD,1.39e-11,BCRA/MECON
1964.0,tcc,tcc,ARS/USD,1.41e-11,BCRA/MECON
1965.0,tcc,tcc,ARS/USD,1.68e-11,BCRA/MECON
1966.0,tcc,tcc,ARS/USD,2.07e-11,BCRA/MECON
1967.0,tcc,tcc,ARS/USD,3.31e-11,BCRA/MECON
1968.0,tcc,tcc,ARS/USD,3.5e-11,BCRA/MECON
1969.0,tcc,tcc,ARS/USD,3.5e-11,BCRA/MECON
1970.0,tcc,tcc,ARS/USD,3.77e-11,BCRA/MECON
1971.0,tcc,tcc,ARS/USD,4.59e-11,BCRA/MECON
1972.0,tcc,tcc,ARS/USD,8e-11,BCRA/MECON
1973.0,tcc,tcc,ARS/USD,8.68e-11,BCRA/MECON
1974.0,tcc,tcc,ARS/USD,8.68e-11,BCRA/MECON
1975.0,tcc,tcc,ARS/USD,2.57e-10,BCRA/MECON
1976.0,tcc,tcc,ARS/USD,1.83e-09,BCRA/MECON
1977.0,tcc,tcc,ARS/USD,4.05e-09,BCRA/MECON
1978.0,tcc,tcc,ARS/USD,7.9e-09,BCRA/MECON
1979.0,tcc,tcc,ARS/USD,1.31e-08,BCRA/MECON
1980.0,tcc,tcc,ARS/USD,1.83e-08,BCRA/MECON
1981.0,tcc,tcc,ARS/USD,4.41e-08,BCRA/MECON
1982.0,tcc,tcc,ARS/USD,2.16e-07,BCRA/MECON
1983.0,tcc,tcc,ARS/USD,1.053e-06,BCRA/MECON
1984.0,tcc,tcc,ARS/USD,6.77e-06,BCRA/MECON
1985.0,tcc,tcc,ARS/USD,6e-05,BCRA/MECON
1986.0,tcc,tcc,ARS/USD,9.42e-05,BCRA/MECON
1987.0,tcc,tcc,ARS/USD,0.000214,BCRA/MECON
1988.0,tcc,tcc,ARS/USD,0.000871,BCRA/MECON
1989.0,tcc,tcc,ARS/USD,0.0394,BCRA/MECON
1990.0,tcc,tcc,ARS/USD,0.449,BCRA/MECON
1991.0,tcc,tcc,ARS/USD,0.95,BCRA/MECON
1992.0,tcc,tcc,ARS/USD,0.99,BCRA/MECON
1993.0,tcc,tcc,ARS/USD,0.99,BCRA/MECON
1994.0,tcc,tcc,ARS/USD,1.0,BCRA/MECON
1995.0,tcc,tcc,ARS/USD,0.99,BCRA/MECON
1996.0,tcc,tcc,ARS/USD,1.0,BCRA/MECON
1997.0,tcc,tcc,ARS/USD,1.0,BCRA/MECON
1998.0,tcc,tcc,ARS/USD,1.0,BCRA/MECON
1999.0,tcc,tcc,ARS/USD,1.0,BCRA/MECON
2000.0,tcc,tcc,ARS/USD,1.0,BCRA/MECON
2001.0,tcc,tcc,ARS/USD,1.0,BCRA/MECON
2002.0,tcc,tcc,ARS/USD,3.14,BCRA/MECON
2003.0,tcc,tcc,ARS/USD,2.93,BCRA/MECON
2004.0,tcc,tcc,ARS/USD,2.93,BCRA/MECON
2005.0,tcc,tcc,ARS/USD,2.928416666666667,BCRA/MECON
2006.0,tcc,tcc,ARS/USD,3.07775,BCRA/MECON
2007.0,tcc,tcc,ARS/USD,3.119166666666667,BCRA/MECON
2008.0,tcc,tcc,ARS/USD,3.183166666666667,BCRA/MECON
2009.0,tcc,tcc,ARS/USD,3.75,BCRA/MECON
2010.0,tcc,tcc,ARS/USD,3.89,BCRA/MECON
2011.0,tcc,tcc,ARS/USD,4.11,BCRA/MECON
2012.0,tcc,tcc,ARS/USD,4.552518519,BCRA/MECON
2013.0,tcc,tcc,ARS/USD,5.49,BCRA/MECON
2014.0,tcc,tcc,ARS/USD,8.1236,BCRA/MECON
2015.0,tcc,tcc,ARS/USD,9.43,BCRA/MECON
2016.0,tcc,tcc,ARS/USD,14.77744618867244,BCRA/MECON
2017.0,tcc,tcc,ARS/USD,16.55671666666666,BCRA/MECON
2018.0,tcc,tcc,ARS/USD,28.11243034511785,BCRA/MECON
2019.0,tcc,tcc,ARS/USD,48.25485833333334,BCRA/MECON
2020.0,tcc,tcc,ARS/USD,70.63476524170274,BCRA/MECON
2021.0,tcc,tcc,ARS/USD,95.09325,BCRA/MECON
2022.0,tcc,tcc,ARS/USD,130.811639,BCRA/MECON
2023.0,tcc,tcc,ARS/USD,295.294897119341,BCRA/MECON
2024.0,tcc,tcc,ARS/USD,959.272352941177,BCRA/MECON
2025.0,tcc,tcc,ARS/USD,1122.168145,BCRA/MECON
1936.0,tcp,tcp,ARS/USD,2.914449757784314e-13,BCRA/MECON
1937.0,tcp,tcp,ARS/USD,2.846514194602302e-13,BCRA/MECON
1938.0,tcp,tcp,ARS/USD,2.617783164912612e-13,BCRA/MECON
1939.0,tcp,tcp,ARS/USD,2.866002299343679e-13,BCRA/MECON
1940.0,tcp,tcp,ARS/USD,3.2888235637377236e-13,BCRA/MECON
1941.0,tcp,tcp,ARS/USD,3.5568620719655145e-13,BCRA/MECON
1942.0,tcp,tcp,ARS/USD,3.527801582312046e-13,BCRA/MECON
1943.0,tcp,tcp,ARS/USD,3.851705937156042e-13,BCRA/MECON
1944.0,tcp,tcp,ARS/USD,4.0622022553163494e-13,BCRA/MECON
1945.0,tcp,tcp,ARS/USD,4.743077825042828e-13,BCRA/MECON
1946.0,tcp,tcp,ARS/USD,4.3237803446155064e-13,BCRA/MECON
1947.0,tcp,tcp,ARS/USD,4.152889024769395e-13,BCRA/MECON
1948.0,tcp,tcp,ARS/USD,4.5301238167760564e-13,BCRA/MECON
1949.0,tcp,tcp,ARS/USD,6.42068870648753e-13,BCRA/MECON
1950.0,tcp,tcp,ARS/USD,7.848443430683273e-13,BCRA/MECON
1951.0,tcp,tcp,ARS/USD,9.75880097164723e-13,BCRA/MECON
1952.0,tcp,tcp,ARS/USD,1.1935807346934453e-12,BCRA/MECON
1953.0,tcp,tcp,ARS/USD,1.49176750286427e-12,BCRA/MECON
1954.0,tcp,tcp,ARS/USD,1.4684626910563614e-12,BCRA/MECON
1955.0,tcp,tcp,ARS/USD,1.6682030546352734e-12,BCRA/MECON
1956.0,tcp,tcp,ARS/USD,1.865707016536708e-12,BCRA/MECON
1957.0,tcp,tcp,ARS/USD,2.215620682936727e-12,BCRA/MECON
1958.0,tcp,tcp,ARS/USD,2.7509601125472938e-12,BCRA/MECON
1959.0,tcp,tcp,ARS/USD,6.661870546578436e-12,BCRA/MECON
1960.0,tcp,tcp,ARS/USD,7.643394706684082e-12,BCRA/MECON
1961.0,tcp,tcp,ARS/USD,7.91345035478734e-12,BCRA/MECON
1962.0,tcp,tcp,ARS/USD,1.1025934906447486e-11,BCRA/MECON
1963.0,tcp,tcp,ARS/USD,1.3689814027401163e-11,BCRA/MECON
1964.0,tcp,tcp,ARS/USD,1.5961183187096464e-11,BCRA/MECON
1965.0,tcp,tcp,ARS/USD,1.9334847321468138e-11,BCRA/MECON
1966.0,tcp,tcp,ARS/USD,2.491185820885275e-11,BCRA/MECON
1967.0,tcp,tcp,ARS/USD,3.281393980941069e-11,BCRA/MECON
1968.0,tcp,tcp,ARS/USD,3.527585316582835e-11,BCRA/MECON
1969.0,tcp,tcp,ARS/USD,3.3458068278099456e-11,BCRA/MECON
1970.0,tcp,tcp,ARS/USD,3.569785208225281e-11,BCRA/MECON
1971.0,tcp,tcp,ARS/USD,4.7720273050483874e-11,BCRA/MECON
1972.0,tcp,tcp,ARS/USD,7.45834959761967e-11,BCRA/MECON
1973.0,tcp,tcp,ARS/USD,1.1375831475781977e-10,BCRA/MECON
1974.0,tcp,tcp,ARS/USD,1.2647585597322773e-10,BCRA/MECON
1975.0,tcp,tcp,ARS/USD,3.74002397389071e-10,BCRA/MECON
1976.0,tcp,tcp,ARS/USD,2.001721362135581e-09,BCRA/MECON
1977.0,tcp,tcp,ARS/USD,4.817638854131992e-09,BCRA/MECON
1978.0,tcp,tcp,ARS/USD,1.2622630391494297e-08,BCRA/MECON
1979.0,tcp,tcp,ARS/USD,2.4626019715424612e-08,BCRA/MECON
1980.0,tcp,tcp,ARS/USD,4.162040187202227e-08,BCRA/MECON
1981.0,tcp,tcp,ARS/USD,8.190042358174585e-08,BCRA/MECON
1982.0,tcp,tcp,ARS/USD,2.0667427771827035e-07,BCRA/MECON
1983.0,tcp,tcp,ARS/USD,8.931256667281215e-07,BCRA/MECON
1984.0,tcp,tcp,ARS/USD,6.5215349932082375e-06,BCRA/MECON
1985.0,tcp,tcp,ARS/USD,5.369904101939766e-05,BCRA/MECON
1986.0,tcp,tcp,ARS/USD,8.955315961391932e-05,BCRA/MECON
1987.0,tcp,tcp,ARS/USD,0.00020847512175890085,BCRA/MECON
1988.0,tcp,tcp,ARS/USD,0.0009757902950238913,BCRA/MECON
1989.0,tcp,tcp,ARS/USD,0.029977468642338887,BCRA/MECON
1990.0,tcp,tcp,ARS/USD,0.7399955380923077,BCRA/MECON
1991.0,tcp,tcp,ARS/USD,1.69,BCRA/MECON
1992.0,tcp,tcp,ARS/USD,1.894025275738358,BCRA/MECON
1993.0,tcp,tcp,ARS/USD,1.972021623383232,BCRA/MECON
1994.0,tcp,tcp,ARS/USD,1.812286513626661,BCRA/MECON
1995.0,tcp,tcp,ARS/USD,1.850027967708323,BCRA/MECON
1996.0,tcp,tcp,ARS/USD,1.700047480198135,BCRA/MECON
1997.0,tcp,tcp,ARS/USD,1.685374159314438,BCRA/MECON
1998.0,tcp,tcp,ARS/USD,1.834025658588197,BCRA/MECON
1999.0,tcp,tcp,ARS/USD,1.945408423379476,BCRA/MECON
2000.0,tcp,tcp,ARS/USD,1.969548988287749,BCRA/MECON
2001.0,tcp,tcp,ARS/USD,2.07506215718321,BCRA/MECON
2002.0,tcp,tcp,ARS/USD,3.101870690383393,BCRA/MECON
2003.0,tcp,tcp,ARS/USD,3.575691739551415,BCRA/MECON
2004.0,tcp,tcp,ARS/USD,3.476419712823161,BCRA/MECON
2005.0,tcp,tcp,ARS/USD,3.913969455049009,BCRA/MECON
2006.0,tcp,tcp,ARS/USD,4.120995359841515,BCRA/MECON
2007.0,tcp,tcp,ARS/USD,4.572715840632663,BCRA/MECON
2008.0,tcp,tcp,ARS/USD,5.592039744778452,BCRA/MECON
2009.0,tcp,tcp,ARS/USD,6.96022588383259,BCRA/MECON
2010.0,tcp,tcp,ARS/USD,7.66405578636219,BCRA/MECON
2011.0,tcp,tcp,ARS/USD,9.17750726520705,BCRA/MECON
2012.0,tcp,tcp,ARS/USD,12.13401732884997,BCRA/MECON
2013.0,tcp,tcp,ARS/USD,14.84157193157559,BCRA/MECON
2014.0,tcp,tcp,ARS/USD,21.34231847897062,BCRA/MECON
2015.0,tcp,tcp,ARS/USD,25.48181551080215,BCRA/MECON
2016.0,tcp,tcp,ARS/USD,36.58219323265958,BCRA/MECON
2017.0,tcp,tcp,ARS/USD,47.31066691847749,BCRA/MECON
2018.0,tcp,tcp,ARS/USD,63.43351939285051,BCRA/MECON
2019.0,tcp,tcp,ARS/USD,96.3767044113364,BCRA/MECON
2020.0,tcp,tcp,ARS/USD,155.1537195126539,BCRA/MECON
2021.0,tcp,tcp,ARS/USD,183.2544403613368,BCRA/MECON
2022.0,tcp,tcp,ARS/USD,321.6995633231077,BCRA/MECON
2023.0,tcp,tcp,ARS/USD,694.730244073937,BCRA/MECON
2024.0,tcp,tcp,ARS/USD,2393.116154794713,BCRA/MECON
2025.0,tcp,tcp,ARS/USD,2613.39,BCRA/MECON
1998.0,transporte_KTA,transporte_KTA,Millones de pesos corrientes,2735.027,Bolsar
1999.0,transporte_KTA,transporte_KTA,Millones de pesos corrientes,2862.5029999999997,Bolsar
2000.0,transporte_KTA,transporte_KTA,Millones de pesos corrientes,2998.303,Bolsar
2001.0,transporte_KTA,transporte_KTA,Millones de pesos corrientes,3192.925,Bolsar
2002.0,transporte_KTA,transporte_KTA,Millones de pesos corrientes,7851.377,Bolsar
2003.0,transporte_KTA,transporte_KTA,Millones de pesos corrientes,6750.258,Bolsar
2004.0,transporte_KTA,transporte_KTA,Millones de pesos corrientes,6548.514999999999,Bolsar
2005.0,transporte_KTA,transporte_KTA,Millones de pesos corrientes,6458.688,Bolsar
2006.0,transporte_KTA,transporte_KTA,Millones de pesos corrientes,6344.9039999999995,Bolsar
2007.0,transporte_KTA,transporte_KTA,Millones de pesos corrientes,6216.6990000000005,Bolsar
2008.0,transporte_KTA,transporte_KTA,Millones de pesos corrientes,6057.97,Bolsar
2009.0,transporte_KTA,transporte_KTA,Millones de pesos corrientes,6019.971,Bolsar
2010.0,transporte_KTA,transporte_KTA,Millones de pesos corrientes,5843.705,Bolsar
2011.0,transporte_KTA,transporte_KTA,Millones de pesos corrientes,5714.709,Bolsar
2012.0,transporte_KTA,transporte_KTA,Millones de pesos corrientes,5674.916,Bolsar
2013.0,transporte_KTA,transporte_KTA,Millones de pesos corrientes,5555.645,Bolsar
2014.0,transporte_KTA,transporte_KTA,Millones de pesos corrientes,5413.25,Bolsar
2015.0,transporte_KTA,transporte_KTA,Millones de pesos corrientes,5418.409,Bolsar
2016.0,transporte_KTA,transporte_KTA,Millones de pesos corrientes,6307.754,Bolsar
2017.0,transporte_KTA,transporte_KTA,Millones de pesos corrientes,26279.1,Bolsar
2018.0,transporte_KTA,transporte_KTA,Millones de pesos corrientes,65681.206,Bolsar
1998.0,transporte_activo,transporte_activo,Millones de pesos corrientes,0.0,Bolsar
1999.0,transporte_activo,transporte_activo,Millones de pesos corrientes,0.0,Bolsar
2000.0,transporte_activo,transporte_activo,Millones de pesos corrientes,0.0,Bolsar
2001.0,transporte_activo,transporte_activo,Millones de pesos corrientes,0.0,Bolsar
2002.0,transporte_activo,transporte_activo,Millones de pesos corrientes,0.0,Bolsar
2003.0,transporte_activo,transporte_activo,Millones de pesos corrientes,0.0,Bolsar
2004.0,transporte_activo,transporte_activo,Millones de pesos corrientes,0.0,Bolsar
2005.0,transporte_activo,transporte_activo,Millones de pesos corrientes,0.0,Bolsar
2006.0,transporte_activo,transporte_activo,Millones de pesos corrientes,0.0,Bolsar
2007.0,transporte_activo,transporte_activo,Millones de pesos corrientes,0.0,Bolsar
2008.0,transporte_activo,transporte_activo,Millones de pesos corrientes,0.0,Bolsar
2009.0,transporte_activo,transporte_activo,Millones de pesos corrientes,0.0,Bolsar
2010.0,transporte_activo,transporte_activo,Millones de pesos corrientes,0.0,Bolsar
2011.0,transporte_activo,transporte_activo,Millones de pesos corrientes,0.0,Bolsar
2012.0,transporte_activo,transporte_activo,Millones de pesos corrientes,0.0,Bolsar
2013.0,transporte_activo,transporte_activo,Millones de pesos corrientes,0.0,Bolsar
2014.0,transporte_activo,transporte_activo,Millones de pesos corrientes,0.0,Bolsar
2015.0,transporte_activo,transporte_activo,Millones de pesos corrientes,0.0,Bolsar
2016.0,transporte_activo,transporte_activo,Millones de pesos corrientes,0.0,Bolsar
2017.0,transporte_activo,transporte_activo,Millones de pesos corrientes,0.0,Bolsar
2018.0,transporte_activo,transporte_activo,Millones de pesos corrientes,0.0,Bolsar
1998.0,transporte_activo_no_corr,transporte_activo_no_corr,Millones de pesos corrientes,2941.873,Bolsar
1999.0,transporte_activo_no_corr,transporte_activo_no_corr,Millones de pesos corrientes,3160.611,Bolsar
2000.0,transporte_activo_no_corr,transporte_activo_no_corr,Millones de pesos corrientes,3269.723,Bolsar
2001.0,transporte_activo_no_corr,transporte_activo_no_corr,Millones de pesos corrientes,3344.132,Bolsar
2002.0,transporte_activo_no_corr,transporte_activo_no_corr,Millones de pesos corrientes,8084.8,Bolsar
2003.0,transporte_activo_no_corr,transporte_activo_no_corr,Millones de pesos corrientes,7216.096,Bolsar
2004.0,transporte_activo_no_corr,transporte_activo_no_corr,Millones de pesos corrientes,7066.439,Bolsar
2005.0,transporte_activo_no_corr,transporte_activo_no_corr,Millones de pesos corrientes,7002.528,Bolsar
2006.0,transporte_activo_no_corr,transporte_activo_no_corr,Millones de pesos corrientes,6906.906999999999,Bolsar
2007.0,transporte_activo_no_corr,transporte_activo_no_corr,Millones de pesos corrientes,6753.194,Bolsar
2008.0,transporte_activo_no_corr,transporte_activo_no_corr,Millones de pesos corrientes,6598.102999999999,Bolsar
2009.0,transporte_activo_no_corr,transporte_activo_no_corr,Millones de pesos corrientes,6567.24,Bolsar
2010.0,transporte_activo_no_corr,transporte_activo_no_corr,Millones de pesos corrientes,6603.123,Bolsar
2011.0,transporte_activo_no_corr,transporte_activo_no_corr,Millones de pesos corrientes,6528.3550000000005,Bolsar
2012.0,transporte_activo_no_corr,transporte_activo_no_corr,Millones de pesos corrientes,6313.66,Bolsar
2013.0,transporte_activo_no_corr,transporte_activo_no_corr,Millones de pesos corrientes,6598.799,Bolsar
2014.0,transporte_activo_no_corr,transporte_activo_no_corr,Millones de pesos corrientes,6750.161,Bolsar
2015.0,transporte_activo_no_corr,transporte_activo_no_corr,Millones de pesos corrientes,7570.946,Bolsar
2016.0,transporte_activo_no_corr,transporte_activo_no_corr,Millones de pesos corrientes,9288.314,Bolsar
2017.0,transporte_activo_no_corr,transporte_activo_no_corr,Millones de pesos corrientes,29935.967,Bolsar
2018.0,transporte_activo_no_corr,transporte_activo_no_corr,Millones de pesos corrientes,78107.688,Bolsar
1998.0,transporte_gcia_ant,transporte_gcia_ant,Millones de pesos corrientes,313.446,Bolsar
1999.0,transporte_gcia_ant,transporte_gcia_ant,Millones de pesos corrientes,283.047,Bolsar
2000.0,transporte_gcia_ant,transporte_gcia_ant,Millones de pesos corrientes,252.459,Bolsar
2001.0,transporte_gcia_ant,transporte_gcia_ant,Millones de pesos corrientes,216.486,Bolsar
2002.0,transporte_gcia_ant,transporte_gcia_ant,Millones de pesos corrientes,-831.93,Bolsar
2003.0,transporte_gcia_ant,transporte_gcia_ant,Millones de pesos corrientes,-161.082,Bolsar
2004.0,transporte_gcia_ant,transporte_gcia_ant,Millones de pesos corrientes,99.958,Bolsar
2005.0,transporte_gcia_ant,transporte_gcia_ant,Millones de pesos corrientes,158.757,Bolsar
2006.0,transporte_gcia_ant,transporte_gcia_ant,Millones de pesos corrientes,611.497,Bolsar
2007.0,transporte_gcia_ant,transporte_gcia_ant,Millones de pesos corrientes,367.894,Bolsar
2008.0,transporte_gcia_ant,transporte_gcia_ant,Millones de pesos corrientes,292.382,Bolsar
2009.0,transporte_gcia_ant,transporte_gcia_ant,Millones de pesos corrientes,268.175,Bolsar
2010.0,transporte_gcia_ant,transporte_gcia_ant,Millones de pesos corrientes,342.446,Bolsar
2011.0,transporte_gcia_ant,transporte_gcia_ant,Millones de pesos corrientes,151.613,Bolsar
2012.0,transporte_gcia_ant,transporte_gcia_ant,Millones de pesos corrientes,703.17,Bolsar
2013.0,transporte_gcia_ant,transporte_gcia_ant,Millones de pesos corrientes,222.721,Bolsar
2014.0,transporte_gcia_ant,transporte_gcia_ant,Millones de pesos corrientes,-218.77599999999998,Bolsar
2015.0,transporte_gcia_ant,transporte_gcia_ant,Millones de pesos corrientes,-1088.201,Bolsar
2016.0,transporte_gcia_ant,transporte_gcia_ant,Millones de pesos corrientes,1019.0329999999999,Bolsar
2017.0,transporte_gcia_ant,transporte_gcia_ant,Millones de pesos corrientes,5331.786,Bolsar
2018.0,transporte_gcia_ant,transporte_gcia_ant,Millones de pesos corrientes,11002.359999999999,Bolsar
1998.0,transporte_gcia_desp,transporte_gcia_desp,Millones de pesos corrientes,215.29500000000002,Bolsar
1999.0,transporte_gcia_desp,transporte_gcia_desp,Millones de pesos corrientes,193.409,Bolsar
2000.0,transporte_gcia_desp,transporte_gcia_desp,Millones de pesos corrientes,165.684,Bolsar
2001.0,transporte_gcia_desp,transporte_gcia_desp,Millones de pesos corrientes,135.618,Bolsar
2002.0,transporte_gcia_desp,transporte_gcia_desp,Millones de pesos corrientes,-831.93,Bolsar
2003.0,transporte_gcia_desp,transporte_gcia_desp,Millones de pesos corrientes,48.64299999999997,Bolsar
2004.0,transporte_gcia_desp,transporte_gcia_desp,Millones de pesos corrientes,115.53899999999999,Bolsar
2005.0,transporte_gcia_desp,transporte_gcia_desp,Millones de pesos corrientes,171.40300000000002,Bolsar
2006.0,transporte_gcia_desp,transporte_gcia_desp,Millones de pesos corrientes,573.268,Bolsar
2007.0,transporte_gcia_desp,transporte_gcia_desp,Millones de pesos corrientes,207.15900000000002,Bolsar
2008.0,transporte_gcia_desp,transporte_gcia_desp,Millones de pesos corrientes,141.55700000000002,Bolsar
2009.0,transporte_gcia_desp,transporte_gcia_desp,Millones de pesos corrientes,126.834,Bolsar
2010.0,transporte_gcia_desp,transporte_gcia_desp,Millones de pesos corrientes,175.3,Bolsar
2011.0,transporte_gcia_desp,transporte_gcia_desp,Millones de pesos corrientes,76.601,Bolsar
2012.0,transporte_gcia_desp,transporte_gcia_desp,Millones de pesos corrientes,456.98299999999995,Bolsar
2013.0,transporte_gcia_desp,transporte_gcia_desp,Millones de pesos corrientes,136.382,Bolsar
2014.0,transporte_gcia_desp,transporte_gcia_desp,Millones de pesos corrientes,-151.637,Bolsar
2015.0,transporte_gcia_desp,transporte_gcia_desp,Millones de pesos corrientes,-689.772,Bolsar
2016.0,transporte_gcia_desp,transporte_gcia_desp,Millones de pesos corrientes,671.852,Bolsar
2017.0,transporte_gcia_desp,transporte_gcia_desp,Millones de pesos corrientes,3635.1220000000003,Bolsar
2018.0,transporte_gcia_desp,transporte_gcia_desp,Millones de pesos corrientes,12408.057999999999,Bolsar
1998.0,transporte_inventarios,transporte_inventarios,Millones de pesos corrientes,0.0,Bolsar
1999.0,transporte_inventarios,transporte_inventarios,Millones de pesos corrientes,0.0,Bolsar
2000.0,transporte_inventarios,transporte_inventarios,Millones de pesos corrientes,0.0,Bolsar
2001.0,transporte_inventarios,transporte_inventarios,Millones de pesos corrientes,0.0,Bolsar
2002.0,transporte_inventarios,transporte_inventarios,Millones de pesos corrientes,0.0,Bolsar
2003.0,transporte_inventarios,transporte_inventarios,Millones de pesos corrientes,0.0,Bolsar
2004.0,transporte_inventarios,transporte_inventarios,Millones de pesos corrientes,0.0,Bolsar
2005.0,transporte_inventarios,transporte_inventarios,Millones de pesos corrientes,0.0,Bolsar
2006.0,transporte_inventarios,transporte_inventarios,Millones de pesos corrientes,0.0,Bolsar
2007.0,transporte_inventarios,transporte_inventarios,Millones de pesos corrientes,0.0,Bolsar
2008.0,transporte_inventarios,transporte_inventarios,Millones de pesos corrientes,0.0,Bolsar
2009.0,transporte_inventarios,transporte_inventarios,Millones de pesos corrientes,0.0,Bolsar
2010.0,transporte_inventarios,transporte_inventarios,Millones de pesos corrientes,0.0,Bolsar
2011.0,transporte_inventarios,transporte_inventarios,Millones de pesos corrientes,0.0,Bolsar
2012.0,transporte_inventarios,transporte_inventarios,Millones de pesos corrientes,0.0,Bolsar
2013.0,transporte_inventarios,transporte_inventarios,Millones de pesos corrientes,0.0,Bolsar
2014.0,transporte_inventarios,transporte_inventarios,Millones de pesos corrientes,0.0,Bolsar
2015.0,transporte_inventarios,transporte_inventarios,Millones de pesos corrientes,0.0,Bolsar
2016.0,transporte_inventarios,transporte_inventarios,Millones de pesos corrientes,0.0,Bolsar
2017.0,transporte_inventarios,transporte_inventarios,Millones de pesos corrientes,0.0,Bolsar
2018.0,transporte_inventarios,transporte_inventarios,Millones de pesos corrientes,0.0,Bolsar
1998.0,transporte_ppye,transporte_ppye,Millones de pesos corrientes,2888.5789999999997,Bolsar
1999.0,transporte_ppye,transporte_ppye,Millones de pesos corrientes,3081.542,Bolsar
2000.0,transporte_ppye,transporte_ppye,Millones de pesos corrientes,3161.724,Bolsar
2001.0,transporte_ppye,transporte_ppye,Millones de pesos corrientes,3247.4350000000004,Bolsar
2002.0,transporte_ppye,transporte_ppye,Millones de pesos corrientes,7903.698,Bolsar
2003.0,transporte_ppye,transporte_ppye,Millones de pesos corrientes,6849.482,Bolsar
2004.0,transporte_ppye,transporte_ppye,Millones de pesos corrientes,6673.215,Bolsar
2005.0,transporte_ppye,transporte_ppye,Millones de pesos corrientes,6591.093999999999,Bolsar
2006.0,transporte_ppye,transporte_ppye,Millones de pesos corrientes,6475.019,Bolsar
2007.0,transporte_ppye,transporte_ppye,Millones de pesos corrientes,6366.675,Bolsar
2008.0,transporte_ppye,transporte_ppye,Millones de pesos corrientes,6287.4490000000005,Bolsar
2009.0,transporte_ppye,transporte_ppye,Millones de pesos corrientes,6189.763,Bolsar
2010.0,transporte_ppye,transporte_ppye,Millones de pesos corrientes,6070.723,Bolsar
2011.0,transporte_ppye,transporte_ppye,Millones de pesos corrientes,5950.491,Bolsar
2012.0,transporte_ppye,transporte_ppye,Millones de pesos corrientes,5848.659,Bolsar
2013.0,transporte_ppye,transporte_ppye,Millones de pesos corrientes,5761.289,Bolsar
2014.0,transporte_ppye,transporte_ppye,Millones de pesos corrientes,5858.518,Bolsar
2015.0,transporte_ppye,transporte_ppye,Millones de pesos corrientes,6063.719000000001,Bolsar
2016.0,transporte_ppye,transporte_ppye,Millones de pesos corrientes,7343.256,Bolsar
2017.0,transporte_ppye,transporte_ppye,Millones de pesos corrientes,28176.532,Bolsar
2018.0,transporte_ppye,transporte_ppye,Millones de pesos corrientes,74244.363,Bolsar
1998.0,transporte_ppye_neta,transporte_ppye_neta,Millones de pesos corrientes,2735.027,Bolsar
1999.0,transporte_ppye_neta,transporte_ppye_neta,Millones de pesos corrientes,2862.5029999999997,Bolsar
2000.0,transporte_ppye_neta,transporte_ppye_neta,Millones de pesos corrientes,2998.303,Bolsar
2001.0,transporte_ppye_neta,transporte_ppye_neta,Millones de pesos corrientes,3192.925,Bolsar
2002.0,transporte_ppye_neta,transporte_ppye_neta,Millones de pesos corrientes,7851.377,Bolsar
2003.0,transporte_ppye_neta,transporte_ppye_neta,Millones de pesos corrientes,6750.258,Bolsar
2004.0,transporte_ppye_neta,transporte_ppye_neta,Millones de pesos corrientes,6548.514999999999,Bolsar
2005.0,transporte_ppye_neta,transporte_ppye_neta,Millones de pesos corrientes,6458.688,Bolsar
2006.0,transporte_ppye_neta,transporte_ppye_neta,Millones de pesos corrientes,6344.9039999999995,Bolsar
2007.0,transporte_ppye_neta,transporte_ppye_neta,Millones de pesos corrientes,6216.6990000000005,Bolsar
2008.0,transporte_ppye_neta,transporte_ppye_neta,Millones de pesos corrientes,6057.97,Bolsar
2009.0,transporte_ppye_neta,transporte_ppye_neta,Millones de pesos corrientes,6019.971,Bolsar
2010.0,transporte_ppye_neta,transporte_ppye_neta,Millones de pesos corrientes,5843.705,Bolsar
2011.0,transporte_ppye_neta,transporte_ppye_neta,Millones de pesos corrientes,5714.709,Bolsar
2012.0,transporte_ppye_neta,transporte_ppye_neta,Millones de pesos corrientes,5674.916,Bolsar
2013.0,transporte_ppye_neta,transporte_ppye_neta,Millones de pesos corrientes,5555.645,Bolsar
2014.0,transporte_ppye_neta,transporte_ppye_neta,Millones de pesos corrientes,5413.25,Bolsar
2015.0,transporte_ppye_neta,transporte_ppye_neta,Millones de pesos corrientes,5418.409,Bolsar
2016.0,transporte_ppye_neta,transporte_ppye_neta,Millones de pesos corrientes,6307.754,Bolsar
2017.0,transporte_ppye_neta,transporte_ppye_neta,Millones de pesos corrientes,26279.1,Bolsar
2018.0,transporte_ppye_neta,transporte_ppye_neta,Millones de pesos corrientes,65681.206,Bolsar
1998.0,transporte_tg_ant,transporte_tg_ant,Millones de pesos corrientes,0.2157821111962829,Bolsar
1999.0,transporte_tg_ant,transporte_tg_ant,Millones de pesos corrientes,0.1845308078122154,Bolsar
2000.0,transporte_tg_ant,transporte_tg_ant,Millones de pesos corrientes,0.1553036512302901,Bolsar
2001.0,transporte_tg_ant,transporte_tg_ant,Millones de pesos corrientes,0.1237259277910284,Bolsar
2002.0,transporte_tg_ant,transporte_tg_ant,Millones de pesos corrientes,-0.19655105812751528,Bolsar
2003.0,transporte_tg_ant,transporte_tg_ant,Millones de pesos corrientes,-0.098084326344396,Bolsar
2004.0,transporte_tg_ant,transporte_tg_ant,Millones de pesos corrientes,0.012037305480568802,Bolsar
2005.0,transporte_tg_ant,transporte_tg_ant,Millones de pesos corrientes,0.023976840654515198,Bolsar
2006.0,transporte_tg_ant,transporte_tg_ant,Millones de pesos corrientes,0.1964154505610812,Bolsar
2007.0,transporte_tg_ant,transporte_tg_ant,Millones de pesos corrientes,0.1065479199855313,Bolsar
2008.0,transporte_tg_ant,transporte_tg_ant,Millones de pesos corrientes,0.06693390526493881,Bolsar
2009.0,transporte_tg_ant,transporte_tg_ant,Millones de pesos corrientes,0.053297389281439206,Bolsar
2010.0,transporte_tg_ant,transporte_tg_ant,Millones de pesos corrientes,0.1247234444110559,Bolsar
2011.0,transporte_tg_ant,transporte_tg_ant,Millones de pesos corrientes,-0.015627549210468494,Bolsar
2012.0,transporte_tg_ant,transporte_tg_ant,Millones de pesos corrientes,0.2790961242238684,Bolsar
2013.0,transporte_tg_ant,transporte_tg_ant,Millones de pesos corrientes,0.0738617406719086,Bolsar
2014.0,transporte_tg_ant,transporte_tg_ant,Millones de pesos corrientes,-0.1881020694303741,Bolsar
2015.0,transporte_tg_ant,transporte_tg_ant,Millones de pesos corrientes,-0.5536538488532989,Bolsar
2016.0,transporte_tg_ant,transporte_tg_ant,Millones de pesos corrientes,0.09020371392321597,Bolsar
2017.0,transporte_tg_ant,transporte_tg_ant,Millones de pesos corrientes,0.842778404049087,Bolsar
2018.0,transporte_tg_ant,transporte_tg_ant,Millones de pesos corrientes,0.3378329196955749,Bolsar
1998.0,transporte_tg_desp,transporte_tg_desp,Millones de pesos corrientes,0.2157821111962829,Bolsar
1999.0,transporte_tg_desp,transporte_tg_desp,Millones de pesos corrientes,0.1845308078122154,Bolsar
2000.0,transporte_tg_desp,transporte_tg_desp,Millones de pesos corrientes,0.1553036512302901,Bolsar
2001.0,transporte_tg_desp,transporte_tg_desp,Millones de pesos corrientes,0.1237259277910284,Bolsar
2002.0,transporte_tg_desp,transporte_tg_desp,Millones de pesos corrientes,-0.19655105812751528,Bolsar
2003.0,transporte_tg_desp,transporte_tg_desp,Millones de pesos corrientes,-0.098084326344396,Bolsar
2004.0,transporte_tg_desp,transporte_tg_desp,Millones de pesos corrientes,0.012037305480568802,Bolsar
2005.0,transporte_tg_desp,transporte_tg_desp,Millones de pesos corrientes,0.023976840654515198,Bolsar
2006.0,transporte_tg_desp,transporte_tg_desp,Millones de pesos corrientes,0.1964154505610812,Bolsar
2007.0,transporte_tg_desp,transporte_tg_desp,Millones de pesos corrientes,0.1065479199855313,Bolsar
2008.0,transporte_tg_desp,transporte_tg_desp,Millones de pesos corrientes,0.06693390526493881,Bolsar
2009.0,transporte_tg_desp,transporte_tg_desp,Millones de pesos corrientes,0.053297389281439206,Bolsar
2010.0,transporte_tg_desp,transporte_tg_desp,Millones de pesos corrientes,0.1247234444110559,Bolsar
2011.0,transporte_tg_desp,transporte_tg_desp,Millones de pesos corrientes,-0.015627549210468494,Bolsar
2012.0,transporte_tg_desp,transporte_tg_desp,Millones de pesos corrientes,0.2790961242238684,Bolsar
2013.0,transporte_tg_desp,transporte_tg_desp,Millones de pesos corrientes,0.0738617406719086,Bolsar
2014.0,transporte_tg_desp,transporte_tg_desp,Millones de pesos corrientes,-0.1881020694303741,Bolsar
2015.0,transporte_tg_desp,transporte_tg_desp,Millones de pesos corrientes,-0.5536538488532989,Bolsar
2016.0,transporte_tg_desp,transporte_tg_desp,Millones de pesos corrientes,0.09020371392321597,Bolsar
2017.0,transporte_tg_desp,transporte_tg_desp,Millones de pesos corrientes,0.842778404049087,Bolsar
2018.0,transporte_tg_desp,transporte_tg_desp,Millones de pesos corrientes,0.3378329196955749,Bolsar
