anio,empresa,fuente,sector,unidad,variable,valor
2021,Aconcagua,S&P Capital IQ,produccion,Millones de pesos 2018,KTA,2693.909764007328
2021,Aconcagua,S&P Capital IQ,produccion,Millones de pesos 2018,activo,2819.6246764259286
2021,Aconcagua,S&P Capital IQ,produccion,Millones de pesos 2018,activo_corr,374.065625531545
2021,Aconcagua,S&P Capital IQ,produccion,Millones de pesos 2018,cash_st_inv,230.43654086164383
2021,Aconcagua,S&P Capital IQ,produccion,Millones de pesos 2018,costo_ventas,650.2361176497997
2021,Aconcagua,S&P Capital IQ,produccion,Millones de pesos 2018,deuda_lp,352.793962809537
2021,Aconcagua,S&P Capital IQ,produccion,Millones de pesos 2018,deuda_neta,341.8331520551397
2021,Aconcagua,S&P Capital IQ,produccion,Millones de pesos 2018,deuda_total,572.2696929167835
2021,Aconcagua,S&P Capital IQ,produccion,Millones de pesos 2018,ebit,99.84985810211765
2021,Aconcagua,S&P Capital IQ,produccion,Millones de pesos 2018,ebitda,228.08919342924298
2021,Aconcagua,S&P Capital IQ,produccion,Millones de pesos 2018,ebt,45.32644270721106
2021,Aconcagua,S&P Capital IQ,produccion,Millones de pesos 2018,ganancia_bruta,183.75638113224736
2021,Aconcagua,S&P Capital IQ,produccion,Millones de pesos 2018,impuesto_ganancias,233.0354981706284
2021,Aconcagua,S&P Capital IQ,produccion,Millones de pesos 2018,inventarios,17.91417225087008
2021,Aconcagua,S&P Capital IQ,produccion,Millones de pesos 2018,pasivo,1506.2613271694206
2021,Aconcagua,S&P Capital IQ,produccion,Millones de pesos 2018,patrimonio_neto,1308.8062566483889
2021,Aconcagua,S&P Capital IQ,produccion,Millones de pesos 2018,patrimonio_neto_total,1313.3633492565075
2021,Aconcagua,S&P Capital IQ,produccion,Millones de pesos 2018,ppye,2777.2407903488374
2021,Aconcagua,S&P Capital IQ,produccion,Millones de pesos 2018,ppye_neta,2445.559050894814
2021,Aconcagua,S&P Capital IQ,produccion,Millones de pesos 2018,utilidad_neta,-172.3534982832566
2021,Aconcagua,S&P Capital IQ,produccion,Millones de pesos 2018,utilidad_neta_empresa,-172.3534982832566
2021,Aconcagua,S&P Capital IQ,produccion,Millones de pesos 2018,utilidad_operativa,99.84985810211765
2021,Aconcagua,S&P Capital IQ,produccion,Millones de pesos 2018,ventas,833.9924987820469
2021,Aconcagua,S&P Capital IQ,produccion,Millones de pesos 2018,ventas_raw,833.9924987820469
2022,Aconcagua,S&P Capital IQ,produccion,Millones de pesos 2018,KTA,3016.5255092557973
2022,Aconcagua,S&P Capital IQ,produccion,Millones de pesos 2018,activo,3375.6354925458263
2022,Aconcagua,S&P Capital IQ,produccion,Millones de pesos 2018,activo_corr,679.7822172966155
2022,Aconcagua,S&P Capital IQ,produccion,Millones de pesos 2018,cash_st_inv,355.88497706892457
2022,Aconcagua,S&P Capital IQ,produccion,Millones de pesos 2018,costo_ventas,815.1261498446022
2022,Aconcagua,S&P Capital IQ,produccion,Millones de pesos 2018,deuda_lp,599.1011181494594
2022,Aconcagua,S&P Capital IQ,produccion,Millones de pesos 2018,deuda_neta,390.9949775223065
2022,Aconcagua,S&P Capital IQ,produccion,Millones de pesos 2018,deuda_total,746.879954591231
2022,Aconcagua,S&P Capital IQ,produccion,Millones de pesos 2018,ebit,146.31892313963488
2022,Aconcagua,S&P Capital IQ,produccion,Millones de pesos 2018,ebitda,292.7095688684192
2022,Aconcagua,S&P Capital IQ,produccion,Millones de pesos 2018,ebt,91.64335897923014
2022,Aconcagua,S&P Capital IQ,produccion,Millones de pesos 2018,ganancia_bruta,242.9566846142866
2022,Aconcagua,S&P Capital IQ,produccion,Millones de pesos 2018,impuesto_ganancias,37.95093220959144
2022,Aconcagua,S&P Capital IQ,produccion,Millones de pesos 2018,inventarios,54.427762614893396
2022,Aconcagua,S&P Capital IQ,produccion,Millones de pesos 2018,pasivo,1955.4706700090283
2022,Aconcagua,S&P Capital IQ,produccion,Millones de pesos 2018,patrimonio_neto,1408.549349224046
2022,Aconcagua,S&P Capital IQ,produccion,Millones de pesos 2018,patrimonio_neto_total,1420.1648225367983
2022,Aconcagua,S&P Capital IQ,produccion,Millones de pesos 2018,ppye,3108.793392680046
2022,Aconcagua,S&P Capital IQ,produccion,Millones de pesos 2018,ppye_neta,2606.212769571979
2022,Aconcagua,S&P Capital IQ,produccion,Millones de pesos 2018,utilidad_neta,46.55011203566413
2022,Aconcagua,S&P Capital IQ,produccion,Millones de pesos 2018,utilidad_neta_empresa,53.6924267696387
2022,Aconcagua,S&P Capital IQ,produccion,Millones de pesos 2018,utilidad_operativa,146.31892313963488
2022,Aconcagua,S&P Capital IQ,produccion,Millones de pesos 2018,ventas,1058.0828344588888
2022,Aconcagua,S&P Capital IQ,produccion,Millones de pesos 2018,ventas_raw,1058.0828344588888
2023,Aconcagua,S&P Capital IQ,produccion,Millones de pesos 2018,KTA,21541.066350823305
2023,Aconcagua,S&P Capital IQ,produccion,Millones de pesos 2018,activo,22894.55898646455
2023,Aconcagua,S&P Capital IQ,produccion,Millones de pesos 2018,activo_corr,2259.5277077053975
2023,Aconcagua,S&P Capital IQ,produccion,Millones de pesos 2018,cash_st_inv,491.2786266052083
2023,Aconcagua,S&P Capital IQ,produccion,Millones de pesos 2018,costo_ventas,2618.448870755034
2023,Aconcagua,S&P Capital IQ,produccion,Millones de pesos 2018,deuda_lp,5033.720902634185
2023,Aconcagua,S&P Capital IQ,produccion,Millones de pesos 2018,deuda_neta,7011.423113835368
2023,Aconcagua,S&P Capital IQ,produccion,Millones de pesos 2018,deuda_total,7502.701740440576
2023,Aconcagua,S&P Capital IQ,produccion,Millones de pesos 2018,ebit,57.746336809640354
2023,Aconcagua,S&P Capital IQ,produccion,Millones de pesos 2018,ebitda,1041.0529176321897
2023,Aconcagua,S&P Capital IQ,produccion,Millones de pesos 2018,ebt,-450.12680057487887
2023,Aconcagua,S&P Capital IQ,produccion,Millones de pesos 2018,ganancia_bruta,379.8241755553545
2023,Aconcagua,S&P Capital IQ,produccion,Millones de pesos 2018,impuesto_ganancias,332.74311471684473
2023,Aconcagua,S&P Capital IQ,produccion,Millones de pesos 2018,inventarios,773.620890172395
2023,Aconcagua,S&P Capital IQ,produccion,Millones de pesos 2018,pasivo,21805.544336700787
2023,Aconcagua,S&P Capital IQ,produccion,Millones de pesos 2018,patrimonio_neto,1023.8729489741182
2023,Aconcagua,S&P Capital IQ,produccion,Millones de pesos 2018,patrimonio_neto_total,1089.0146497637693
2023,Aconcagua,S&P Capital IQ,produccion,Millones de pesos 2018,ppye,24158.62402127164
2023,Aconcagua,S&P Capital IQ,produccion,Millones de pesos 2018,ppye_neta,20276.1668340457
2023,Aconcagua,S&P Capital IQ,produccion,Millones de pesos 2018,utilidad_neta,-803.7978581694265
2023,Aconcagua,S&P Capital IQ,produccion,Millones de pesos 2018,utilidad_neta_empresa,-793.0805533938342
2023,Aconcagua,S&P Capital IQ,produccion,Millones de pesos 2018,utilidad_operativa,57.746336809640354
2023,Aconcagua,S&P Capital IQ,produccion,Millones de pesos 2018,ventas,2998.2730463103885
2023,Aconcagua,S&P Capital IQ,produccion,Millones de pesos 2018,ventas_raw,2998.2730463103885
2024,Aconcagua,S&P Capital IQ,produccion,Millones de pesos 2018,KTA,9657.664414929659
2024,Aconcagua,S&P Capital IQ,produccion,Millones de pesos 2018,activo,10625.998993062663
2024,Aconcagua,S&P Capital IQ,produccion,Millones de pesos 2018,activo_corr,1487.2022119154096
2024,Aconcagua,S&P Capital IQ,produccion,Millones de pesos 2018,cash_st_inv,505.3187199355472
2024,Aconcagua,S&P Capital IQ,produccion,Millones de pesos 2018,costo_ventas,2519.2251641832713
2024,Aconcagua,S&P Capital IQ,produccion,Millones de pesos 2018,deuda_lp,3339.402675074751
2024,Aconcagua,S&P Capital IQ,produccion,Millones de pesos 2018,deuda_neta,4633.8379916386475
2024,Aconcagua,S&P Capital IQ,produccion,Millones de pesos 2018,deuda_total,5139.156711574195
2024,Aconcagua,S&P Capital IQ,produccion,Millones de pesos 2018,ebit,672.1932221176304
2024,Aconcagua,S&P Capital IQ,produccion,Millones de pesos 2018,ebitda,1363.8773555107193
2024,Aconcagua,S&P Capital IQ,produccion,Millones de pesos 2018,ebt,129.26620474206513
2024,Aconcagua,S&P Capital IQ,produccion,Millones de pesos 2018,ganancia_bruta,970.2422572404549
2024,Aconcagua,S&P Capital IQ,produccion,Millones de pesos 2018,impuesto_ganancias,-60.34383940563763
2024,Aconcagua,S&P Capital IQ,produccion,Millones de pesos 2018,inventarios,168.93207328145704
2024,Aconcagua,S&P Capital IQ,produccion,Millones de pesos 2018,pasivo,9954.203711946197
2024,Aconcagua,S&P Capital IQ,produccion,Millones de pesos 2018,patrimonio_neto,651.5776521146528
2024,Aconcagua,S&P Capital IQ,produccion,Millones de pesos 2018,patrimonio_neto_total,671.7952811164629
2024,Aconcagua,S&P Capital IQ,produccion,Millones de pesos 2018,ppye,11375.422531441454
2024,Aconcagua,S&P Capital IQ,produccion,Millones de pesos 2018,ppye_neta,8983.413621712654
2024,Aconcagua,S&P Capital IQ,produccion,Millones de pesos 2018,utilidad_neta,208.17451797903382
2024,Aconcagua,S&P Capital IQ,produccion,Millones de pesos 2018,utilidad_neta_empresa,187.93813745297376
2024,Aconcagua,S&P Capital IQ,produccion,Millones de pesos 2018,utilidad_operativa,672.1932221176304
2024,Aconcagua,S&P Capital IQ,produccion,Millones de pesos 2018,ventas,3489.467421423726
2024,Aconcagua,S&P Capital IQ,produccion,Millones de pesos 2018,ventas_raw,3489.467421423726
1999,CGC,S&P Capital IQ,produccion,Millones de pesos 2018,KTA,8298.042855699681
1999,CGC,S&P Capital IQ,produccion,Millones de pesos 2018,activo,14988.123662517646
1999,CGC,S&P Capital IQ,produccion,Millones de pesos 2018,activo_corr,2431.6394291897095
1999,CGC,S&P Capital IQ,produccion,Millones de pesos 2018,cash_st_inv,1052.6140525811888
1999,CGC,S&P Capital IQ,produccion,Millones de pesos 2018,costo_ventas,1036.041067061913
1999,CGC,S&P Capital IQ,produccion,Millones de pesos 2018,deuda_lp,32.71252372497008
1999,CGC,S&P Capital IQ,produccion,Millones de pesos 2018,deuda_neta,6718.790317117511
1999,CGC,S&P Capital IQ,produccion,Millones de pesos 2018,deuda_total,7771.4043696987
1999,CGC,S&P Capital IQ,produccion,Millones de pesos 2018,ebit,0.0
1999,CGC,S&P Capital IQ,produccion,Millones de pesos 2018,ebitda,446.9861679052615
1999,CGC,S&P Capital IQ,produccion,Millones de pesos 2018,ebt,0.0
1999,CGC,S&P Capital IQ,produccion,Millones de pesos 2018,ganancia_bruta,457.26141892721245
1999,CGC,S&P Capital IQ,produccion,Millones de pesos 2018,inventarios,90.89645134802677
1999,CGC,S&P Capital IQ,produccion,Millones de pesos 2018,pasivo,8889.825923241811
1999,CGC,S&P Capital IQ,produccion,Millones de pesos 2018,patrimonio_neto,5612.93873566825
1999,CGC,S&P Capital IQ,produccion,Millones de pesos 2018,patrimonio_neto_total,6098.297739275834
1999,CGC,S&P Capital IQ,produccion,Millones de pesos 2018,ppye_neta,7154.5323517704655
1999,CGC,S&P Capital IQ,produccion,Millones de pesos 2018,utilidad_neta,0.0
1999,CGC,S&P Capital IQ,produccion,Millones de pesos 2018,utilidad_neta_empresa,0.0
1999,CGC,S&P Capital IQ,produccion,Millones de pesos 2018,utilidad_operativa,0.0
1999,CGC,S&P Capital IQ,produccion,Millones de pesos 2018,ventas,1493.3024859891254
1999,CGC,S&P Capital IQ,produccion,Millones de pesos 2018,ventas_raw,1493.3024859891254
2000,CGC,S&P Capital IQ,produccion,Millones de pesos 2018,KTA,7917.4439229604795
2000,CGC,S&P Capital IQ,produccion,Millones de pesos 2018,activo,19233.295659074618
2000,CGC,S&P Capital IQ,produccion,Millones de pesos 2018,activo_corr,2122.602135290041
2000,CGC,S&P Capital IQ,produccion,Millones de pesos 2018,cash_st_inv,650.3860085929579
2000,CGC,S&P Capital IQ,produccion,Millones de pesos 2018,costo_ventas,799.7207516321103
2000,CGC,S&P Capital IQ,produccion,Millones de pesos 2018,depreciacion,369.9651148646633
2000,CGC,S&P Capital IQ,produccion,Millones de pesos 2018,deuda_lp,8411.854657024436
2000,CGC,S&P Capital IQ,produccion,Millones de pesos 2018,deuda_neta,7778.5590085448885
2000,CGC,S&P Capital IQ,produccion,Millones de pesos 2018,deuda_total,8428.945017137847
2000,CGC,S&P Capital IQ,produccion,Millones de pesos 2018,ebit,277.8727828077713
2000,CGC,S&P Capital IQ,produccion,Millones de pesos 2018,ebitda,699.083239518514
2000,CGC,S&P Capital IQ,produccion,Millones de pesos 2018,ebt,0.0
2000,CGC,S&P Capital IQ,produccion,Millones de pesos 2018,ganancia_bruta,980.1475956004762
2000,CGC,S&P Capital IQ,produccion,Millones de pesos 2018,inventarios,90.98557680858389
2000,CGC,S&P Capital IQ,produccion,Millones de pesos 2018,pasivo,9784.462811373793
2000,CGC,S&P Capital IQ,produccion,Millones de pesos 2018,patrimonio_neto,8928.14311111309
2000,CGC,S&P Capital IQ,produccion,Millones de pesos 2018,patrimonio_neto_total,9448.832847700825
2000,CGC,S&P Capital IQ,produccion,Millones de pesos 2018,ppye,9135.36372748817
2000,CGC,S&P Capital IQ,produccion,Millones de pesos 2018,ppye_neta,7176.072337558939
2000,CGC,S&P Capital IQ,produccion,Millones de pesos 2018,utilidad_neta,0.0
2000,CGC,S&P Capital IQ,produccion,Millones de pesos 2018,utilidad_neta_empresa,0.0
2000,CGC,S&P Capital IQ,produccion,Millones de pesos 2018,utilidad_operativa,277.8727828077713
2000,CGC,S&P Capital IQ,produccion,Millones de pesos 2018,ventas,1779.8683472325863
2000,CGC,S&P Capital IQ,produccion,Millones de pesos 2018,ventas_raw,1779.8683472325863
2001,CGC,S&P Capital IQ,produccion,Millones de pesos 2018,KTA,18620.315223956783
2001,CGC,S&P Capital IQ,produccion,Millones de pesos 2018,activo,43508.192104363996
2001,CGC,S&P Capital IQ,produccion,Millones de pesos 2018,activo_corr,4533.20196365868
2001,CGC,S&P Capital IQ,produccion,Millones de pesos 2018,cash_st_inv,1880.333536074
2001,CGC,S&P Capital IQ,produccion,Millones de pesos 2018,costo_ventas,1752.544636020103
2001,CGC,S&P Capital IQ,produccion,Millones de pesos 2018,depreciacion,807.6039951899661
2001,CGC,S&P Capital IQ,produccion,Millones de pesos 2018,deuda_lp,18363.124453204986
2001,CGC,S&P Capital IQ,produccion,Millones de pesos 2018,deuda_neta,16691.488505940506
2001,CGC,S&P Capital IQ,produccion,Millones de pesos 2018,deuda_total,18571.822042014508
2001,CGC,S&P Capital IQ,produccion,Millones de pesos 2018,ebit,681.896347579944
2001,CGC,S&P Capital IQ,produccion,Millones de pesos 2018,ebitda,1605.426103893722
2001,CGC,S&P Capital IQ,produccion,Millones de pesos 2018,ebt,1528.367732159267
2001,CGC,S&P Capital IQ,produccion,Millones de pesos 2018,ganancia_bruta,1984.5002208899207
2001,CGC,S&P Capital IQ,produccion,Millones de pesos 2018,inventarios,184.86724832715583
2001,CGC,S&P Capital IQ,produccion,Millones de pesos 2018,pasivo,21372.225252214343
2001,CGC,S&P Capital IQ,produccion,Millones de pesos 2018,patrimonio_neto,20940.417401421473
2001,CGC,S&P Capital IQ,produccion,Millones de pesos 2018,patrimonio_neto_total,22135.96685214965
2001,CGC,S&P Capital IQ,produccion,Millones de pesos 2018,ppye,21675.333655009123
2001,CGC,S&P Capital IQ,produccion,Millones de pesos 2018,ppye_neta,16555.114439555626
2001,CGC,S&P Capital IQ,produccion,Millones de pesos 2018,utilidad_neta,1479.8225189058935
2001,CGC,S&P Capital IQ,produccion,Millones de pesos 2018,utilidad_neta_empresa,1528.367732159267
2001,CGC,S&P Capital IQ,produccion,Millones de pesos 2018,utilidad_operativa,681.896347579944
2001,CGC,S&P Capital IQ,produccion,Millones de pesos 2018,ventas,3737.0448569100236
2001,CGC,S&P Capital IQ,produccion,Millones de pesos 2018,ventas_raw,3737.0448569100236
2002,CGC,S&P Capital IQ,produccion,Millones de pesos 2018,KTA,15218.006978493484
2002,CGC,S&P Capital IQ,produccion,Millones de pesos 2018,activo,29201.76956906026
2002,CGC,S&P Capital IQ,produccion,Millones de pesos 2018,activo_corr,4510.329763787839
2002,CGC,S&P Capital IQ,produccion,Millones de pesos 2018,cash_st_inv,3085.869331281216
2002,CGC,S&P Capital IQ,produccion,Millones de pesos 2018,costo_ventas,1532.6415448972855
2002,CGC,S&P Capital IQ,produccion,Millones de pesos 2018,depreciacion,789.7593245027144
2002,CGC,S&P Capital IQ,produccion,Millones de pesos 2018,deuda_lp,6694.104205827471
2002,CGC,S&P Capital IQ,produccion,Millones de pesos 2018,deuda_neta,3611.6865837111836
2002,CGC,S&P Capital IQ,produccion,Millones de pesos 2018,deuda_total,6697.555914992399
2002,CGC,S&P Capital IQ,produccion,Millones de pesos 2018,ebit,-2882.280112517451
2002,CGC,S&P Capital IQ,produccion,Millones de pesos 2018,ebitda,1779.4077468140065
2002,CGC,S&P Capital IQ,produccion,Millones de pesos 2018,ebt,3827.242720723453
2002,CGC,S&P Capital IQ,produccion,Millones de pesos 2018,ganancia_bruta,2134.5824192100977
2002,CGC,S&P Capital IQ,produccion,Millones de pesos 2018,inventarios,284.28028655352875
2002,CGC,S&P Capital IQ,produccion,Millones de pesos 2018,pasivo,15311.575166455374
2002,CGC,S&P Capital IQ,produccion,Millones de pesos 2018,patrimonio_neto,13067.592168742454
2002,CGC,S&P Capital IQ,produccion,Millones de pesos 2018,patrimonio_neto_total,13890.194402604886
2002,CGC,S&P Capital IQ,produccion,Millones de pesos 2018,ppye,16387.661000309992
2002,CGC,S&P Capital IQ,produccion,Millones de pesos 2018,ppye_neta,11847.85736065874
2002,CGC,S&P Capital IQ,produccion,Millones de pesos 2018,utilidad_neta,3954.583919317047
2002,CGC,S&P Capital IQ,produccion,Millones de pesos 2018,utilidad_neta_empresa,3827.242720723453
2002,CGC,S&P Capital IQ,produccion,Millones de pesos 2018,utilidad_operativa,-2882.280112517451
2002,CGC,S&P Capital IQ,produccion,Millones de pesos 2018,ventas,3667.2239641073834
2002,CGC,S&P Capital IQ,produccion,Millones de pesos 2018,ventas_raw,3667.2239641073834
2007,CGC,S&P Capital IQ,produccion,Millones de pesos 2018,KTA,7642.94049415998
2007,CGC,S&P Capital IQ,produccion,Millones de pesos 2018,activo,13858.80214044302
2007,CGC,S&P Capital IQ,produccion,Millones de pesos 2018,activo_corr,2665.41099756733
2007,CGC,S&P Capital IQ,produccion,Millones de pesos 2018,cash_st_inv,1619.7596196490338
2007,CGC,S&P Capital IQ,produccion,Millones de pesos 2018,costo_ventas,1405.16225083746
2007,CGC,S&P Capital IQ,produccion,Millones de pesos 2018,depreciacion,586.9130167236925
2007,CGC,S&P Capital IQ,produccion,Millones de pesos 2018,deuda_lp,425.489094116761
2007,CGC,S&P Capital IQ,produccion,Millones de pesos 2018,deuda_neta,0.0
2007,CGC,S&P Capital IQ,produccion,Millones de pesos 2018,deuda_total,738.1718008079706
2007,CGC,S&P Capital IQ,produccion,Millones de pesos 2018,ebit,569.9203569461232
2007,CGC,S&P Capital IQ,produccion,Millones de pesos 2018,ebitda,1151.4525762495848
2007,CGC,S&P Capital IQ,produccion,Millones de pesos 2018,ebt,1282.0384381698148
2007,CGC,S&P Capital IQ,produccion,Millones de pesos 2018,ganancia_bruta,1747.3378188603137
2007,CGC,S&P Capital IQ,produccion,Millones de pesos 2018,impuesto_ganancias,310.4872398192757
2007,CGC,S&P Capital IQ,produccion,Millones de pesos 2018,inventarios,73.60524772957571
2007,CGC,S&P Capital IQ,produccion,Millones de pesos 2018,pasivo,14212.564189703306
2007,CGC,S&P Capital IQ,produccion,Millones de pesos 2018,patrimonio_neto,0.0
2007,CGC,S&P Capital IQ,produccion,Millones de pesos 2018,patrimonio_neto_total,0.0
2007,CGC,S&P Capital IQ,produccion,Millones de pesos 2018,ppye,11309.382860849539
2007,CGC,S&P Capital IQ,produccion,Millones de pesos 2018,ppye_neta,5949.57562678137
2007,CGC,S&P Capital IQ,produccion,Millones de pesos 2018,utilidad_neta,962.109421745228
2007,CGC,S&P Capital IQ,produccion,Millones de pesos 2018,utilidad_neta_empresa,971.5511983505392
2007,CGC,S&P Capital IQ,produccion,Millones de pesos 2018,utilidad_operativa,569.9203569461232
2007,CGC,S&P Capital IQ,produccion,Millones de pesos 2018,ventas,3152.500069697774
2007,CGC,S&P Capital IQ,produccion,Millones de pesos 2018,ventas_raw,3152.500069697774
2008,CGC,S&P Capital IQ,produccion,Millones de pesos 2018,KTA,6266.66807712547
2008,CGC,S&P Capital IQ,produccion,Millones de pesos 2018,activo,11992.368070216453
2008,CGC,S&P Capital IQ,produccion,Millones de pesos 2018,activo_corr,1887.5987487388677
2008,CGC,S&P Capital IQ,produccion,Millones de pesos 2018,cash_st_inv,796.0185122232845
2008,CGC,S&P Capital IQ,produccion,Millones de pesos 2018,costo_ventas,1281.6159843931896
2008,CGC,S&P Capital IQ,produccion,Millones de pesos 2018,depreciacion,627.7957431927239
2008,CGC,S&P Capital IQ,produccion,Millones de pesos 2018,deuda_lp,338.31847410064455
2008,CGC,S&P Capital IQ,produccion,Millones de pesos 2018,deuda_neta,0.0
2008,CGC,S&P Capital IQ,produccion,Millones de pesos 2018,deuda_total,461.40451934998447
2008,CGC,S&P Capital IQ,produccion,Millones de pesos 2018,ebit,113.36954281225452
2008,CGC,S&P Capital IQ,produccion,Millones de pesos 2018,ebitda,751.7509963278094
2008,CGC,S&P Capital IQ,produccion,Millones de pesos 2018,ebt,432.8655271013355
2008,CGC,S&P Capital IQ,produccion,Millones de pesos 2018,ganancia_bruta,1311.2932250636482
2008,CGC,S&P Capital IQ,produccion,Millones de pesos 2018,impuesto_ganancias,47.0820938112229
2008,CGC,S&P Capital IQ,produccion,Millones de pesos 2018,inventarios,109.76853871416539
2008,CGC,S&P Capital IQ,produccion,Millones de pesos 2018,pasivo,11895.037482438789
2008,CGC,S&P Capital IQ,produccion,Millones de pesos 2018,patrimonio_neto,97.33058777766212
2008,CGC,S&P Capital IQ,produccion,Millones de pesos 2018,patrimonio_neto_total,97.33058777766212
2008,CGC,S&P Capital IQ,produccion,Millones de pesos 2018,ppye,9904.044386147893
2008,CGC,S&P Capital IQ,produccion,Millones de pesos 2018,ppye_neta,5360.88102618802
2008,CGC,S&P Capital IQ,produccion,Millones de pesos 2018,utilidad_neta,385.7834332901125
2008,CGC,S&P Capital IQ,produccion,Millones de pesos 2018,utilidad_neta_empresa,385.7834332901125
2008,CGC,S&P Capital IQ,produccion,Millones de pesos 2018,utilidad_operativa,113.36954281225452
2008,CGC,S&P Capital IQ,produccion,Millones de pesos 2018,ventas,2592.9092094568377
2008,CGC,S&P Capital IQ,produccion,Millones de pesos 2018,ventas_raw,2592.9092094568377
2009,CGC,S&P Capital IQ,produccion,Millones de pesos 2018,KTA,4982.31324978265
2009,CGC,S&P Capital IQ,produccion,Millones de pesos 2018,activo,9822.774613238838
2009,CGC,S&P Capital IQ,produccion,Millones de pesos 2018,activo_corr,1707.1600618389339
2009,CGC,S&P Capital IQ,produccion,Millones de pesos 2018,cash_st_inv,247.60109807783434
2009,CGC,S&P Capital IQ,produccion,Millones de pesos 2018,costo_ventas,1547.8469867611611
2009,CGC,S&P Capital IQ,produccion,Millones de pesos 2018,depreciacion,771.2655724922228
2009,CGC,S&P Capital IQ,produccion,Millones de pesos 2018,deuda_lp,102.23535023795299
2009,CGC,S&P Capital IQ,produccion,Millones de pesos 2018,deuda_neta,47.95069480623828
2009,CGC,S&P Capital IQ,produccion,Millones de pesos 2018,deuda_total,295.55179288407265
2009,CGC,S&P Capital IQ,produccion,Millones de pesos 2018,ebit,0.0
2009,CGC,S&P Capital IQ,produccion,Millones de pesos 2018,ebitda,313.9229816683492
2009,CGC,S&P Capital IQ,produccion,Millones de pesos 2018,ebt,0.0
2009,CGC,S&P Capital IQ,produccion,Millones de pesos 2018,ganancia_bruta,1487.3094598158184
2009,CGC,S&P Capital IQ,produccion,Millones de pesos 2018,impuesto_ganancias,0.0
2009,CGC,S&P Capital IQ,produccion,Millones de pesos 2018,inventarios,113.02020211376421
2009,CGC,S&P Capital IQ,produccion,Millones de pesos 2018,pasivo,10001.188679107523
2009,CGC,S&P Capital IQ,produccion,Millones de pesos 2018,patrimonio_neto,0.0
2009,CGC,S&P Capital IQ,produccion,Millones de pesos 2018,patrimonio_neto_total,0.0
2009,CGC,S&P Capital IQ,produccion,Millones de pesos 2018,ppye,9370.540636461403
2009,CGC,S&P Capital IQ,produccion,Millones de pesos 2018,ppye_neta,4621.6919495910515
2009,CGC,S&P Capital IQ,produccion,Millones de pesos 2018,utilidad_neta,0.0
2009,CGC,S&P Capital IQ,produccion,Millones de pesos 2018,utilidad_neta_empresa,0.0
2009,CGC,S&P Capital IQ,produccion,Millones de pesos 2018,utilidad_operativa,0.0
2009,CGC,S&P Capital IQ,produccion,Millones de pesos 2018,ventas,3035.1564465769798
2009,CGC,S&P Capital IQ,produccion,Millones de pesos 2018,ventas_raw,3035.1564465769798
2010,CGC,S&P Capital IQ,produccion,Millones de pesos 2018,KTA,4755.559116142931
2010,CGC,S&P Capital IQ,produccion,Millones de pesos 2018,activo,8508.789611542918
2010,CGC,S&P Capital IQ,produccion,Millones de pesos 2018,activo_corr,1709.0187660378347
2010,CGC,S&P Capital IQ,produccion,Millones de pesos 2018,cash_st_inv,694.1400969243764
2010,CGC,S&P Capital IQ,produccion,Millones de pesos 2018,costo_ventas,1352.5558690519063
2010,CGC,S&P Capital IQ,produccion,Millones de pesos 2018,depreciacion,457.25703903298256
2010,CGC,S&P Capital IQ,produccion,Millones de pesos 2018,deuda_lp,75.62961265608936
2010,CGC,S&P Capital IQ,produccion,Millones de pesos 2018,deuda_neta,-998.3479815342196
2010,CGC,S&P Capital IQ,produccion,Millones de pesos 2018,deuda_total,154.32335577571587
2010,CGC,S&P Capital IQ,produccion,Millones de pesos 2018,ebit,95.59657495236286
2010,CGC,S&P Capital IQ,produccion,Millones de pesos 2018,ebitda,581.0035228232613
2010,CGC,S&P Capital IQ,produccion,Millones de pesos 2018,ebt,597.2477097900038
2010,CGC,S&P Capital IQ,produccion,Millones de pesos 2018,ganancia_bruta,1189.8777463347237
2010,CGC,S&P Capital IQ,produccion,Millones de pesos 2018,impuesto_ganancias,140.3056748233661
2010,CGC,S&P Capital IQ,produccion,Millones de pesos 2018,inventarios,134.7644669290256
2010,CGC,S&P Capital IQ,produccion,Millones de pesos 2018,pasivo,8193.613724798155
2010,CGC,S&P Capital IQ,produccion,Millones de pesos 2018,patrimonio_neto,315.1758867447632
2010,CGC,S&P Capital IQ,produccion,Millones de pesos 2018,patrimonio_neto_total,315.1758867447632
2010,CGC,S&P Capital IQ,produccion,Millones de pesos 2018,ppye,8103.1216475572455
2010,CGC,S&P Capital IQ,produccion,Millones de pesos 2018,ppye_neta,3926.6545522895285
2010,CGC,S&P Capital IQ,produccion,Millones de pesos 2018,utilidad_neta,456.9420349666376
2010,CGC,S&P Capital IQ,produccion,Millones de pesos 2018,utilidad_neta_empresa,456.9420349666376
2010,CGC,S&P Capital IQ,produccion,Millones de pesos 2018,utilidad_operativa,95.59657495236286
2010,CGC,S&P Capital IQ,produccion,Millones de pesos 2018,ventas,2542.4336153866307
2010,CGC,S&P Capital IQ,produccion,Millones de pesos 2018,ventas_raw,2542.4336153866307
2011,CGC,S&P Capital IQ,produccion,Millones de pesos 2018,KTA,4181.607334390738
2011,CGC,S&P Capital IQ,produccion,Millones de pesos 2018,activo,7015.785702636902
2011,CGC,S&P Capital IQ,produccion,Millones de pesos 2018,activo_corr,1242.195851191562
2011,CGC,S&P Capital IQ,produccion,Millones de pesos 2018,cash_st_inv,201.2984342281613
2011,CGC,S&P Capital IQ,produccion,Millones de pesos 2018,costo_ventas,1138.0957046829772
2011,CGC,S&P Capital IQ,produccion,Millones de pesos 2018,depreciacion,469.5980788611762
2011,CGC,S&P Capital IQ,produccion,Millones de pesos 2018,deuda_neta,0.0
2011,CGC,S&P Capital IQ,produccion,Millones de pesos 2018,deuda_total,61.29590502398985
2011,CGC,S&P Capital IQ,produccion,Millones de pesos 2018,ebit,0.0
2011,CGC,S&P Capital IQ,produccion,Millones de pesos 2018,ebitda,563.7269469685555
2011,CGC,S&P Capital IQ,produccion,Millones de pesos 2018,ebt,5057.692525397519
2011,CGC,S&P Capital IQ,produccion,Millones de pesos 2018,ganancia_bruta,1038.157483072287
2011,CGC,S&P Capital IQ,produccion,Millones de pesos 2018,impuesto_ganancias,0.0
2011,CGC,S&P Capital IQ,produccion,Millones de pesos 2018,inventarios,412.2271002339506
2011,CGC,S&P Capital IQ,produccion,Millones de pesos 2018,pasivo,1810.2523561441772
2011,CGC,S&P Capital IQ,produccion,Millones de pesos 2018,patrimonio_neto,5205.533346492724
2011,CGC,S&P Capital IQ,produccion,Millones de pesos 2018,patrimonio_neto_total,5205.533346492724
2011,CGC,S&P Capital IQ,produccion,Millones de pesos 2018,ppye,7318.947248741029
2011,CGC,S&P Capital IQ,produccion,Millones de pesos 2018,ppye_neta,3568.081799928626
2011,CGC,S&P Capital IQ,produccion,Millones de pesos 2018,utilidad_neta,5061.831328490424
2011,CGC,S&P Capital IQ,produccion,Millones de pesos 2018,utilidad_neta_empresa,5061.831328490424
2011,CGC,S&P Capital IQ,produccion,Millones de pesos 2018,utilidad_operativa,0.0
2011,CGC,S&P Capital IQ,produccion,Millones de pesos 2018,ventas,2176.2531877552647
2011,CGC,S&P Capital IQ,produccion,Millones de pesos 2018,ventas_raw,2176.2531877552647
2012,CGC,S&P Capital IQ,produccion,Millones de pesos 2018,KTA,3741.8824276945243
2012,CGC,S&P Capital IQ,produccion,Millones de pesos 2018,activo,6336.8653828746865
2012,CGC,S&P Capital IQ,produccion,Millones de pesos 2018,activo_corr,1405.8432924866959
2012,CGC,S&P Capital IQ,produccion,Millones de pesos 2018,cash_st_inv,261.1364762195943
2012,CGC,S&P Capital IQ,produccion,Millones de pesos 2018,costo_ventas,2209.5943998913876
2012,CGC,S&P Capital IQ,produccion,Millones de pesos 2018,deuda_neta,0.0
2012,CGC,S&P Capital IQ,produccion,Millones de pesos 2018,deuda_total,188.84427248528488
2012,CGC,S&P Capital IQ,produccion,Millones de pesos 2018,ebit,131.53132379622718
2012,CGC,S&P Capital IQ,produccion,Millones de pesos 2018,ebitda,735.0073601558206
2012,CGC,S&P Capital IQ,produccion,Millones de pesos 2018,ebt,0.0
2012,CGC,S&P Capital IQ,produccion,Millones de pesos 2018,ganancia_bruta,523.6895299294231
2012,CGC,S&P Capital IQ,produccion,Millones de pesos 2018,impuesto_ganancias,0.0
2012,CGC,S&P Capital IQ,produccion,Millones de pesos 2018,inventarios,170.23708300959765
2012,CGC,S&P Capital IQ,produccion,Millones de pesos 2018,pasivo,2226.410998018032
2012,CGC,S&P Capital IQ,produccion,Millones de pesos 2018,patrimonio_neto,4110.4543848566545
2012,CGC,S&P Capital IQ,produccion,Millones de pesos 2018,patrimonio_neto_total,4110.4543848566545
2012,CGC,S&P Capital IQ,produccion,Millones de pesos 2018,ppye,6869.4751433366755
2012,CGC,S&P Capital IQ,produccion,Millones de pesos 2018,ppye_neta,3310.5088684653324
2012,CGC,S&P Capital IQ,produccion,Millones de pesos 2018,utilidad_neta,0.0
2012,CGC,S&P Capital IQ,produccion,Millones de pesos 2018,utilidad_neta_empresa,0.0
2012,CGC,S&P Capital IQ,produccion,Millones de pesos 2018,utilidad_operativa,131.53132379622718
2012,CGC,S&P Capital IQ,produccion,Millones de pesos 2018,ventas,2733.28392982081
2012,CGC,S&P Capital IQ,produccion,Millones de pesos 2018,ventas_raw,2733.28392982081
2013,CGC,S&P Capital IQ,produccion,Millones de pesos 2018,KTA,3113.1735738942602
2013,CGC,S&P Capital IQ,produccion,Millones de pesos 2018,activo,5562.762120798394
2013,CGC,S&P Capital IQ,produccion,Millones de pesos 2018,activo_corr,1355.2198407490805
2013,CGC,S&P Capital IQ,produccion,Millones de pesos 2018,cash_st_inv,374.7583703526343
2013,CGC,S&P Capital IQ,produccion,Millones de pesos 2018,costo_ventas,2166.283472597227
2013,CGC,S&P Capital IQ,produccion,Millones de pesos 2018,deuda_lp,236.32892227984553
2013,CGC,S&P Capital IQ,produccion,Millones de pesos 2018,deuda_neta,0.0
2013,CGC,S&P Capital IQ,produccion,Millones de pesos 2018,deuda_total,282.4510299652562
2013,CGC,S&P Capital IQ,produccion,Millones de pesos 2018,ebit,168.2578750140096
2013,CGC,S&P Capital IQ,produccion,Millones de pesos 2018,ebitda,725.9673962933151
2013,CGC,S&P Capital IQ,produccion,Millones de pesos 2018,ebt,173.34872193750192
2013,CGC,S&P Capital IQ,produccion,Millones de pesos 2018,ganancia_bruta,391.41223501482466
2013,CGC,S&P Capital IQ,produccion,Millones de pesos 2018,impuesto_ganancias,30.641625683923095
2013,CGC,S&P Capital IQ,produccion,Millones de pesos 2018,inventarios,80.01281510387479
2013,CGC,S&P Capital IQ,produccion,Millones de pesos 2018,pasivo,2085.060142469969
2013,CGC,S&P Capital IQ,produccion,Millones de pesos 2018,patrimonio_neto,3477.7019783284254
2013,CGC,S&P Capital IQ,produccion,Millones de pesos 2018,patrimonio_neto_total,3477.7019783284254
2013,CGC,S&P Capital IQ,produccion,Millones de pesos 2018,ppye,6038.004377800646
2013,CGC,S&P Capital IQ,produccion,Millones de pesos 2018,ppye_neta,2658.402388437751
2013,CGC,S&P Capital IQ,produccion,Millones de pesos 2018,utilidad_neta,142.7070962535788
2013,CGC,S&P Capital IQ,produccion,Millones de pesos 2018,utilidad_neta_empresa,142.7070962535788
2013,CGC,S&P Capital IQ,produccion,Millones de pesos 2018,utilidad_operativa,168.2578750140096
2013,CGC,S&P Capital IQ,produccion,Millones de pesos 2018,ventas,2557.695707612051
2013,CGC,S&P Capital IQ,produccion,Millones de pesos 2018,ventas_raw,2557.695707612051
2014,CGC,S&P Capital IQ,produccion,Millones de pesos 2018,KTA,2620.9833229213655
2014,CGC,S&P Capital IQ,produccion,Millones de pesos 2018,activo,4675.192853464026
2014,CGC,S&P Capital IQ,produccion,Millones de pesos 2018,activo_corr,1109.9179138138488
2014,CGC,S&P Capital IQ,produccion,Millones de pesos 2018,cash_st_inv,306.6938711861099
2014,CGC,S&P Capital IQ,produccion,Millones de pesos 2018,costo_ventas,1667.018634948367
2014,CGC,S&P Capital IQ,produccion,Millones de pesos 2018,deuda_lp,82.81575092918665
2014,CGC,S&P Capital IQ,produccion,Millones de pesos 2018,deuda_neta,0.0
2014,CGC,S&P Capital IQ,produccion,Millones de pesos 2018,deuda_total,279.7123262144288
2014,CGC,S&P Capital IQ,produccion,Millones de pesos 2018,ebit,517.5782748107412
2014,CGC,S&P Capital IQ,produccion,Millones de pesos 2018,ebitda,857.374504411182
2014,CGC,S&P Capital IQ,produccion,Millones de pesos 2018,ebt,467.13361164223556
2014,CGC,S&P Capital IQ,produccion,Millones de pesos 2018,ganancia_bruta,784.5935564730064
2014,CGC,S&P Capital IQ,produccion,Millones de pesos 2018,impuesto_ganancias,172.95982271487927
2014,CGC,S&P Capital IQ,produccion,Millones de pesos 2018,inventarios,165.7902474451087
2014,CGC,S&P Capital IQ,produccion,Millones de pesos 2018,pasivo,1660.783316492334
2014,CGC,S&P Capital IQ,produccion,Millones de pesos 2018,patrimonio_neto,3014.409536971691
2014,CGC,S&P Capital IQ,produccion,Millones de pesos 2018,patrimonio_neto_total,3014.409536971691
2014,CGC,S&P Capital IQ,produccion,Millones de pesos 2018,ppye,4871.774539962464
2014,CGC,S&P Capital IQ,produccion,Millones de pesos 2018,ppye_neta,2148.4992042901467
2014,CGC,S&P Capital IQ,produccion,Millones de pesos 2018,utilidad_neta,294.17378892735627
2014,CGC,S&P Capital IQ,produccion,Millones de pesos 2018,utilidad_neta_empresa,294.17378892735627
2014,CGC,S&P Capital IQ,produccion,Millones de pesos 2018,utilidad_operativa,517.5782748107412
2014,CGC,S&P Capital IQ,produccion,Millones de pesos 2018,ventas,2451.612191421373
2014,CGC,S&P Capital IQ,produccion,Millones de pesos 2018,ventas_raw,2451.612191421373
2015,CGC,S&P Capital IQ,produccion,Millones de pesos 2018,KTA,7355.855088341216
2015,CGC,S&P Capital IQ,produccion,Millones de pesos 2018,activo,10979.893908102567
2015,CGC,S&P Capital IQ,produccion,Millones de pesos 2018,activo_corr,3591.4864032308724
2015,CGC,S&P Capital IQ,produccion,Millones de pesos 2018,cash_st_inv,583.5645722122447
2015,CGC,S&P Capital IQ,produccion,Millones de pesos 2018,costo_ventas,4032.6588265051855
2015,CGC,S&P Capital IQ,produccion,Millones de pesos 2018,deuda_lp,4844.682475620833
2015,CGC,S&P Capital IQ,produccion,Millones de pesos 2018,deuda_neta,4930.837816541764
2015,CGC,S&P Capital IQ,produccion,Millones de pesos 2018,deuda_total,5514.402388754009
2015,CGC,S&P Capital IQ,produccion,Millones de pesos 2018,ebit,441.96402764294913
2015,CGC,S&P Capital IQ,produccion,Millones de pesos 2018,ebitda,1276.7509286161603
2015,CGC,S&P Capital IQ,produccion,Millones de pesos 2018,ebt,233.64871177726164
2015,CGC,S&P Capital IQ,produccion,Millones de pesos 2018,ganancia_bruta,1162.7270016887796
2015,CGC,S&P Capital IQ,produccion,Millones de pesos 2018,impuesto_ganancias,115.37273852692552
2015,CGC,S&P Capital IQ,produccion,Millones de pesos 2018,inventarios,288.04735276683374
2015,CGC,S&P Capital IQ,produccion,Millones de pesos 2018,pasivo,8192.414360654073
2015,CGC,S&P Capital IQ,produccion,Millones de pesos 2018,patrimonio_neto,2772.1512083103744
2015,CGC,S&P Capital IQ,produccion,Millones de pesos 2018,patrimonio_neto_total,2787.479547448495
2015,CGC,S&P Capital IQ,produccion,Millones de pesos 2018,ppye,9413.428117257334
2015,CGC,S&P Capital IQ,produccion,Millones de pesos 2018,ppye_neta,6484.243163362138
2015,CGC,S&P Capital IQ,produccion,Millones de pesos 2018,utilidad_neta,121.18948854996286
2015,CGC,S&P Capital IQ,produccion,Millones de pesos 2018,utilidad_neta_empresa,118.27597325033616
2015,CGC,S&P Capital IQ,produccion,Millones de pesos 2018,utilidad_operativa,441.96402764294913
2015,CGC,S&P Capital IQ,produccion,Millones de pesos 2018,ventas,5195.385828193966
2015,CGC,S&P Capital IQ,produccion,Millones de pesos 2018,ventas_raw,5195.385828193966
2016,CGC,S&P Capital IQ,produccion,Millones de pesos 2018,KTA,9879.62988768244
2016,CGC,S&P Capital IQ,produccion,Millones de pesos 2018,activo,13112.389343717921
2016,CGC,S&P Capital IQ,produccion,Millones de pesos 2018,activo_corr,6295.99222067628
2016,CGC,S&P Capital IQ,produccion,Millones de pesos 2018,cash_st_inv,3237.722598786089
2016,CGC,S&P Capital IQ,produccion,Millones de pesos 2018,costo_ventas,3863.1688512265328
2016,CGC,S&P Capital IQ,produccion,Millones de pesos 2018,deuda_lp,7266.677287241077
2016,CGC,S&P Capital IQ,produccion,Millones de pesos 2018,deuda_neta,5804.278545142021
2016,CGC,S&P Capital IQ,produccion,Millones de pesos 2018,deuda_total,9042.001143928112
2016,CGC,S&P Capital IQ,produccion,Millones de pesos 2018,ebit,729.7477183845468
2016,CGC,S&P Capital IQ,produccion,Millones de pesos 2018,ebitda,1889.03664877719
2016,CGC,S&P Capital IQ,produccion,Millones de pesos 2018,ebt,-619.0609697454552
2016,CGC,S&P Capital IQ,produccion,Millones de pesos 2018,ganancia_bruta,1279.209350341713
2016,CGC,S&P Capital IQ,produccion,Millones de pesos 2018,impuesto_ganancias,-206.35365658181843
2016,CGC,S&P Capital IQ,produccion,Millones de pesos 2018,inventarios,999.3422587258739
2016,CGC,S&P Capital IQ,produccion,Millones de pesos 2018,pasivo,11417.47609438568
2016,CGC,S&P Capital IQ,produccion,Millones de pesos 2018,patrimonio_neto,1685.550755538833
2016,CGC,S&P Capital IQ,produccion,Millones de pesos 2018,patrimonio_neto_total,1694.9132493322409
2016,CGC,S&P Capital IQ,produccion,Millones de pesos 2018,ppye,8907.143943142839
2016,CGC,S&P Capital IQ,produccion,Millones de pesos 2018,ppye_neta,5642.565030170475
2016,CGC,S&P Capital IQ,produccion,Millones de pesos 2018,utilidad_neta,-412.70731316363685
2016,CGC,S&P Capital IQ,produccion,Millones de pesos 2018,utilidad_neta_empresa,-412.70731316363685
2016,CGC,S&P Capital IQ,produccion,Millones de pesos 2018,utilidad_operativa,729.7477183845468
2016,CGC,S&P Capital IQ,produccion,Millones de pesos 2018,ventas,5142.378201568245
2016,CGC,S&P Capital IQ,produccion,Millones de pesos 2018,ventas_raw,5142.378201568245
2017,CGC,S&P Capital IQ,produccion,Millones de pesos 2018,KTA,15670.295617270964
2017,CGC,S&P Capital IQ,produccion,Millones de pesos 2018,activo,23746.519704272832
2017,CGC,S&P Capital IQ,produccion,Millones de pesos 2018,activo_corr,5766.195568479165
2017,CGC,S&P Capital IQ,produccion,Millones de pesos 2018,cash_st_inv,752.8559606318555
2017,CGC,S&P Capital IQ,produccion,Millones de pesos 2018,costo_ventas,9269.290968512503
2017,CGC,S&P Capital IQ,produccion,Millones de pesos 2018,deuda_lp,10287.632208422621
2017,CGC,S&P Capital IQ,produccion,Millones de pesos 2018,deuda_neta,11569.328073325334
2017,CGC,S&P Capital IQ,produccion,Millones de pesos 2018,deuda_total,12322.18403395719
2017,CGC,S&P Capital IQ,produccion,Millones de pesos 2018,ebit,-1003.2178969174541
2017,CGC,S&P Capital IQ,produccion,Millones de pesos 2018,ebitda,1774.7402975673735
2017,CGC,S&P Capital IQ,produccion,Millones de pesos 2018,ebt,-501.60894845872707
2017,CGC,S&P Capital IQ,produccion,Millones de pesos 2018,ganancia_bruta,274.7512873365692
2017,CGC,S&P Capital IQ,produccion,Millones de pesos 2018,impuesto_ganancias,-167.20298281957574
2017,CGC,S&P Capital IQ,produccion,Millones de pesos 2018,inventarios,843.095224668642
2017,CGC,S&P Capital IQ,produccion,Millones de pesos 2018,pasivo,17041.87343896391
2017,CGC,S&P Capital IQ,produccion,Millones de pesos 2018,patrimonio_neto,6704.64626530892
2017,CGC,S&P Capital IQ,produccion,Millones de pesos 2018,patrimonio_neto_total,6704.64626530892
2017,CGC,S&P Capital IQ,produccion,Millones de pesos 2018,ppye,25697.86810108197
2017,CGC,S&P Capital IQ,produccion,Millones de pesos 2018,ppye_neta,14074.344431970467
2017,CGC,S&P Capital IQ,produccion,Millones de pesos 2018,utilidad_neta,-334.4059656391515
2017,CGC,S&P Capital IQ,produccion,Millones de pesos 2018,utilidad_neta_empresa,-334.4059656391515
2017,CGC,S&P Capital IQ,produccion,Millones de pesos 2018,utilidad_operativa,-1003.2178969174541
2017,CGC,S&P Capital IQ,produccion,Millones de pesos 2018,ventas,9544.042255849072
2017,CGC,S&P Capital IQ,produccion,Millones de pesos 2018,ventas_raw,9544.042255849072
2018,CGC,S&P Capital IQ,produccion,Millones de pesos 2018,KTA,24437.002999999997
2018,CGC,S&P Capital IQ,produccion,Millones de pesos 2018,activo,50508.429
2018,CGC,S&P Capital IQ,produccion,Millones de pesos 2018,activo_corr,15031.739
2018,CGC,S&P Capital IQ,produccion,Millones de pesos 2018,cash_st_inv,2092.444
2018,CGC,S&P Capital IQ,produccion,Millones de pesos 2018,costo_ventas,16976.401
2018,CGC,S&P Capital IQ,produccion,Millones de pesos 2018,deuda_lp,22130.129
2018,CGC,S&P Capital IQ,produccion,Millones de pesos 2018,deuda_neta,23932.290000000005
2018,CGC,S&P Capital IQ,produccion,Millones de pesos 2018,deuda_total,26024.734
2018,CGC,S&P Capital IQ,produccion,Millones de pesos 2018,ebit,7515.237
2018,CGC,S&P Capital IQ,produccion,Millones de pesos 2018,ebitda,13169.952
2018,CGC,S&P Capital IQ,produccion,Millones de pesos 2018,ebt,784.3210000000001
2018,CGC,S&P Capital IQ,produccion,Millones de pesos 2018,ganancia_bruta,10456.495
2018,CGC,S&P Capital IQ,produccion,Millones de pesos 2018,impuesto_ganancias,53.66
2018,CGC,S&P Capital IQ,produccion,Millones de pesos 2018,inventarios,1309.781
2018,CGC,S&P Capital IQ,produccion,Millones de pesos 2018,pasivo,35351.707
2018,CGC,S&P Capital IQ,produccion,Millones de pesos 2018,patrimonio_neto,15156.722
2018,CGC,S&P Capital IQ,produccion,Millones de pesos 2018,patrimonio_neto_total,15156.722
2018,CGC,S&P Capital IQ,produccion,Millones de pesos 2018,ppye,39857.086
2018,CGC,S&P Capital IQ,produccion,Millones de pesos 2018,ppye_neta,21034.778
2018,CGC,S&P Capital IQ,produccion,Millones de pesos 2018,utilidad_neta,730.6610000000001
2018,CGC,S&P Capital IQ,produccion,Millones de pesos 2018,utilidad_neta_empresa,730.6610000000001
2018,CGC,S&P Capital IQ,produccion,Millones de pesos 2018,utilidad_operativa,7515.237
2018,CGC,S&P Capital IQ,produccion,Millones de pesos 2018,ventas,27432.896
2018,CGC,S&P Capital IQ,produccion,Millones de pesos 2018,ventas_raw,27432.896
2019,CGC,S&P Capital IQ,produccion,Millones de pesos 2018,KTA,28377.997886480796
2019,CGC,S&P Capital IQ,produccion,Millones de pesos 2018,activo,49341.0377307149
2019,CGC,S&P Capital IQ,produccion,Millones de pesos 2018,activo_corr,13756.273951354971
2019,CGC,S&P Capital IQ,produccion,Millones de pesos 2018,cash_st_inv,5187.618141281465
2019,CGC,S&P Capital IQ,produccion,Millones de pesos 2018,costo_ventas,16481.233457103015
2019,CGC,S&P Capital IQ,produccion,Millones de pesos 2018,deuda_lp,19015.30613034595
2019,CGC,S&P Capital IQ,produccion,Millones de pesos 2018,deuda_neta,18766.21068221449
2019,CGC,S&P Capital IQ,produccion,Millones de pesos 2018,deuda_total,23953.82882349595
2019,CGC,S&P Capital IQ,produccion,Millones de pesos 2018,ebit,7739.184176076787
2019,CGC,S&P Capital IQ,produccion,Millones de pesos 2018,ebitda,14199.691788956268
2019,CGC,S&P Capital IQ,produccion,Millones de pesos 2018,ebt,5736.151008529941
2019,CGC,S&P Capital IQ,produccion,Millones de pesos 2018,ganancia_bruta,10873.885903761491
2019,CGC,S&P Capital IQ,produccion,Millones de pesos 2018,impuesto_ganancias,1576.569933701194
2019,CGC,S&P Capital IQ,produccion,Millones de pesos 2018,inventarios,969.373629932731
2019,CGC,S&P Capital IQ,produccion,Millones de pesos 2018,pasivo,32315.643282735757
2019,CGC,S&P Capital IQ,produccion,Millones de pesos 2018,patrimonio_neto,17025.394447979146
2019,CGC,S&P Capital IQ,produccion,Millones de pesos 2018,patrimonio_neto_total,17025.394447979146
2019,CGC,S&P Capital IQ,produccion,Millones de pesos 2018,ppye,45322.52010431876
2019,CGC,S&P Capital IQ,produccion,Millones de pesos 2018,ppye_neta,22221.006115266602
2019,CGC,S&P Capital IQ,produccion,Millones de pesos 2018,utilidad_neta,4159.581074828748
2019,CGC,S&P Capital IQ,produccion,Millones de pesos 2018,utilidad_neta_empresa,4159.581074828748
2019,CGC,S&P Capital IQ,produccion,Millones de pesos 2018,utilidad_operativa,7739.184176076787
2019,CGC,S&P Capital IQ,produccion,Millones de pesos 2018,ventas,27355.11936086451
2019,CGC,S&P Capital IQ,produccion,Millones de pesos 2018,ventas_raw,27355.11936086451
2020,CGC,S&P Capital IQ,produccion,Millones de pesos 2018,KTA,28389.824259220975
2020,CGC,S&P Capital IQ,produccion,Millones de pesos 2018,activo,49217.42636905576
2020,CGC,S&P Capital IQ,produccion,Millones de pesos 2018,activo_corr,14238.247719068922
2020,CGC,S&P Capital IQ,produccion,Millones de pesos 2018,cash_st_inv,5125.439019532146
2020,CGC,S&P Capital IQ,produccion,Millones de pesos 2018,costo_ventas,13091.132868145018
2020,CGC,S&P Capital IQ,produccion,Millones de pesos 2018,deuda_lp,12164.027532325417
2020,CGC,S&P Capital IQ,produccion,Millones de pesos 2018,deuda_neta,20136.835967146548
2020,CGC,S&P Capital IQ,produccion,Millones de pesos 2018,deuda_total,25262.27498667869
2020,CGC,S&P Capital IQ,produccion,Millones de pesos 2018,ebit,5940.237658146753
2020,CGC,S&P Capital IQ,produccion,Millones de pesos 2018,ebitda,11994.778479228264
2020,CGC,S&P Capital IQ,produccion,Millones de pesos 2018,ebt,-319.56738848561963
2020,CGC,S&P Capital IQ,produccion,Millones de pesos 2018,ganancia_bruta,8552.361444866174
2020,CGC,S&P Capital IQ,produccion,Millones de pesos 2018,impuesto_ganancias,-319.56738848561963
2020,CGC,S&P Capital IQ,produccion,Millones de pesos 2018,inventarios,990.5930376912848
2020,CGC,S&P Capital IQ,produccion,Millones de pesos 2018,pasivo,32569.769008587857
2020,CGC,S&P Capital IQ,produccion,Millones de pesos 2018,patrimonio_neto,16647.657360467896
2020,CGC,S&P Capital IQ,produccion,Millones de pesos 2018,patrimonio_neto_total,16647.657360467896
2020,CGC,S&P Capital IQ,produccion,Millones de pesos 2018,ppye,52890.13636700213
2020,CGC,S&P Capital IQ,produccion,Millones de pesos 2018,ppye_neta,22273.792201997545
2020,CGC,S&P Capital IQ,produccion,Millones de pesos 2018,utilidad_neta,28.53305188398766
2020,CGC,S&P Capital IQ,produccion,Millones de pesos 2018,utilidad_neta_empresa,28.53305188398766
2020,CGC,S&P Capital IQ,produccion,Millones de pesos 2018,utilidad_operativa,5940.237658146753
2020,CGC,S&P Capital IQ,produccion,Millones de pesos 2018,ventas,21643.49431301119
2020,CGC,S&P Capital IQ,produccion,Millones de pesos 2018,ventas_raw,21643.49431301119
2021,CGC,S&P Capital IQ,produccion,Millones de pesos 2018,KTA,52886.18053786487
2021,CGC,S&P Capital IQ,produccion,Millones de pesos 2018,activo,78263.40146828737
2021,CGC,S&P Capital IQ,produccion,Millones de pesos 2018,activo_corr,24339.553238097356
2021,CGC,S&P Capital IQ,produccion,Millones de pesos 2018,cash_st_inv,11149.652803397445
2021,CGC,S&P Capital IQ,produccion,Millones de pesos 2018,costo_ventas,26719.970422812654
2021,CGC,S&P Capital IQ,produccion,Millones de pesos 2018,deuda_lp,24717.16287070525
2021,CGC,S&P Capital IQ,produccion,Millones de pesos 2018,deuda_neta,22799.78587315959
2021,CGC,S&P Capital IQ,produccion,Millones de pesos 2018,deuda_total,33949.43867655703
2021,CGC,S&P Capital IQ,produccion,Millones de pesos 2018,ebit,11380.633712875675
2021,CGC,S&P Capital IQ,produccion,Millones de pesos 2018,ebitda,19838.483557772095
2021,CGC,S&P Capital IQ,produccion,Millones de pesos 2018,ebt,2951.235794465683
2021,CGC,S&P Capital IQ,produccion,Millones de pesos 2018,ganancia_bruta,17131.735775383746
2021,CGC,S&P Capital IQ,produccion,Millones de pesos 2018,impuesto_ganancias,2669.770567257284
2021,CGC,S&P Capital IQ,produccion,Millones de pesos 2018,inventarios,2649.097105354964
2021,CGC,S&P Capital IQ,produccion,Millones de pesos 2018,pasivo,59372.65710957401
2021,CGC,S&P Capital IQ,produccion,Millones de pesos 2018,patrimonio_neto,18890.744358713357
2021,CGC,S&P Capital IQ,produccion,Millones de pesos 2018,patrimonio_neto_total,18890.744358713357
2021,CGC,S&P Capital IQ,produccion,Millones de pesos 2018,ppye,87720.99196118378
2021,CGC,S&P Capital IQ,produccion,Millones de pesos 2018,ppye_neta,39087.43062911247
2021,CGC,S&P Capital IQ,produccion,Millones de pesos 2018,utilidad_neta,281.46522720839914
2021,CGC,S&P Capital IQ,produccion,Millones de pesos 2018,utilidad_neta_empresa,281.46522720839914
2021,CGC,S&P Capital IQ,produccion,Millones de pesos 2018,utilidad_operativa,11380.633712875675
2021,CGC,S&P Capital IQ,produccion,Millones de pesos 2018,ventas,43851.7061981964
2021,CGC,S&P Capital IQ,produccion,Millones de pesos 2018,ventas_raw,43851.7061981964
2022,CGC,S&P Capital IQ,produccion,Millones de pesos 2018,KTA,119553.70141277366
2022,CGC,S&P Capital IQ,produccion,Millones de pesos 2018,activo,160929.98398619285
2022,CGC,S&P Capital IQ,produccion,Millones de pesos 2018,activo_corr,38971.77237240859
2022,CGC,S&P Capital IQ,produccion,Millones de pesos 2018,cash_st_inv,17485.42447394124
2022,CGC,S&P Capital IQ,produccion,Millones de pesos 2018,costo_ventas,65417.583106993385
2022,CGC,S&P Capital IQ,produccion,Millones de pesos 2018,deuda_lp,55593.41911260749
2022,CGC,S&P Capital IQ,produccion,Millones de pesos 2018,deuda_neta,58377.459793877766
2022,CGC,S&P Capital IQ,produccion,Millones de pesos 2018,deuda_total,75862.88426781901
2022,CGC,S&P Capital IQ,produccion,Millones de pesos 2018,ebit,8081.168984441472
2022,CGC,S&P Capital IQ,produccion,Millones de pesos 2018,ebitda,22257.85990046312
2022,CGC,S&P Capital IQ,produccion,Millones de pesos 2018,ebt,4041.3866197271363
2022,CGC,S&P Capital IQ,produccion,Millones de pesos 2018,ganancia_bruta,16826.06096054958
2022,CGC,S&P Capital IQ,produccion,Millones de pesos 2018,impuesto_ganancias,-350.05998025814506
2022,CGC,S&P Capital IQ,produccion,Millones de pesos 2018,inventarios,7287.282941454059
2022,CGC,S&P Capital IQ,produccion,Millones de pesos 2018,pasivo,123471.80299817302
2022,CGC,S&P Capital IQ,produccion,Millones de pesos 2018,patrimonio_neto,37458.180988019834
2022,CGC,S&P Capital IQ,produccion,Millones de pesos 2018,patrimonio_neto_total,37458.180988019834
2022,CGC,S&P Capital IQ,produccion,Millones de pesos 2018,ppye,196666.75451885985
2022,CGC,S&P Capital IQ,produccion,Millones de pesos 2018,ppye_neta,94780.99399737838
2022,CGC,S&P Capital IQ,produccion,Millones de pesos 2018,utilidad_neta,4396.87156405508
2022,CGC,S&P Capital IQ,produccion,Millones de pesos 2018,utilidad_neta_empresa,4396.87156405508
2022,CGC,S&P Capital IQ,produccion,Millones de pesos 2018,utilidad_operativa,8081.168984441472
2022,CGC,S&P Capital IQ,produccion,Millones de pesos 2018,ventas,82243.64406754296
2022,CGC,S&P Capital IQ,produccion,Millones de pesos 2018,ventas_raw,82243.64406754296
2023,CGC,S&P Capital IQ,produccion,Millones de pesos 2018,KTA,175078.31874703156
2023,CGC,S&P Capital IQ,produccion,Millones de pesos 2018,activo,235211.68731377553
2023,CGC,S&P Capital IQ,produccion,Millones de pesos 2018,activo_corr,68342.71137672124
2023,CGC,S&P Capital IQ,produccion,Millones de pesos 2018,cash_st_inv,36637.03564196792
2023,CGC,S&P Capital IQ,produccion,Millones de pesos 2018,costo_ventas,35232.809684279564
2023,CGC,S&P Capital IQ,produccion,Millones de pesos 2018,deuda_lp,128443.18246308564
2023,CGC,S&P Capital IQ,produccion,Millones de pesos 2018,deuda_neta,128810.12842530951
2023,CGC,S&P Capital IQ,produccion,Millones de pesos 2018,deuda_total,165447.16406727742
2023,CGC,S&P Capital IQ,produccion,Millones de pesos 2018,ebit,-7448.526819036687
2023,CGC,S&P Capital IQ,produccion,Millones de pesos 2018,ebitda,6759.901655631635
2023,CGC,S&P Capital IQ,produccion,Millones de pesos 2018,ebt,-48077.8292233073
2023,CGC,S&P Capital IQ,produccion,Millones de pesos 2018,ganancia_bruta,659.9440487061261
2023,CGC,S&P Capital IQ,produccion,Millones de pesos 2018,impuesto_ganancias,-22195.538190251762
2023,CGC,S&P Capital IQ,produccion,Millones de pesos 2018,inventarios,12995.669089770627
2023,CGC,S&P Capital IQ,produccion,Millones de pesos 2018,pasivo,223785.71546995954
2023,CGC,S&P Capital IQ,produccion,Millones de pesos 2018,patrimonio_neto,11425.971843816007
2023,CGC,S&P Capital IQ,produccion,Millones de pesos 2018,patrimonio_neto_total,11425.971843816007
2023,CGC,S&P Capital IQ,produccion,Millones de pesos 2018,ppye,246406.83382061849
2023,CGC,S&P Capital IQ,produccion,Millones de pesos 2018,ppye_neta,125445.61401529299
2023,CGC,S&P Capital IQ,produccion,Millones de pesos 2018,utilidad_neta,-25882.291033055535
2023,CGC,S&P Capital IQ,produccion,Millones de pesos 2018,utilidad_neta_empresa,-25882.291033055535
2023,CGC,S&P Capital IQ,produccion,Millones de pesos 2018,utilidad_operativa,-7448.526819036687
2023,CGC,S&P Capital IQ,produccion,Millones de pesos 2018,ventas,35892.75373298569
2023,CGC,S&P Capital IQ,produccion,Millones de pesos 2018,ventas_raw,35892.75373298569
2024,CGC,S&P Capital IQ,produccion,Millones de pesos 2018,KTA,41445.28296582025
2024,CGC,S&P Capital IQ,produccion,Millones de pesos 2018,activo,55528.22125543261
2024,CGC,S&P Capital IQ,produccion,Millones de pesos 2018,activo_corr,11828.19101820209
2024,CGC,S&P Capital IQ,produccion,Millones de pesos 2018,cash_st_inv,3410.3619767779746
2024,CGC,S&P Capital IQ,produccion,Millones de pesos 2018,costo_ventas,24405.703451097055
2024,CGC,S&P Capital IQ,produccion,Millones de pesos 2018,deuda_lp,26101.02044055847
2024,CGC,S&P Capital IQ,produccion,Millones de pesos 2018,deuda_neta,29443.402348189906
2024,CGC,S&P Capital IQ,produccion,Millones de pesos 2018,deuda_total,32853.76432496787
2024,CGC,S&P Capital IQ,produccion,Millones de pesos 2018,ebit,-4116.7908216735
2024,CGC,S&P Capital IQ,produccion,Millones de pesos 2018,ebitda,3090.493018946591
2024,CGC,S&P Capital IQ,produccion,Millones de pesos 2018,ebt,9557.036836204687
2024,CGC,S&P Capital IQ,produccion,Millones de pesos 2018,ganancia_bruta,1837.9534396808199
2024,CGC,S&P Capital IQ,produccion,Millones de pesos 2018,impuesto_ganancias,1084.1044454173557
2024,CGC,S&P Capital IQ,produccion,Millones de pesos 2018,inventarios,4111.545896800702
2024,CGC,S&P Capital IQ,produccion,Millones de pesos 2018,pasivo,45387.552939273664
2024,CGC,S&P Capital IQ,produccion,Millones de pesos 2018,patrimonio_neto,10140.66831615894
2024,CGC,S&P Capital IQ,produccion,Millones de pesos 2018,patrimonio_neto_total,10140.66831615894
2024,CGC,S&P Capital IQ,produccion,Millones de pesos 2018,ppye,77711.65091612854
2024,CGC,S&P Capital IQ,produccion,Millones de pesos 2018,ppye_neta,33923.37509224158
2024,CGC,S&P Capital IQ,produccion,Millones de pesos 2018,utilidad_neta,8472.932390787331
2024,CGC,S&P Capital IQ,produccion,Millones de pesos 2018,utilidad_neta_empresa,8472.932390787331
2024,CGC,S&P Capital IQ,produccion,Millones de pesos 2018,utilidad_operativa,-4116.7908216735
2024,CGC,S&P Capital IQ,produccion,Millones de pesos 2018,ventas,26243.65689077787
2024,CGC,S&P Capital IQ,produccion,Millones de pesos 2018,ventas_raw,26243.65689077787
1996,Capex,S&P Capital IQ,produccion,Millones de pesos 2018,activo,8312.700712098725
1996,Capex,S&P Capital IQ,produccion,Millones de pesos 2018,activo_corr,806.8802467708938
1996,Capex,S&P Capital IQ,produccion,Millones de pesos 2018,deuda_lp,1608.7256083570057
1996,Capex,S&P Capital IQ,produccion,Millones de pesos 2018,deuda_neta,1669.1788736018873
1996,Capex,S&P Capital IQ,produccion,Millones de pesos 2018,deuda_total,1992.9596249700305
1996,Capex,S&P Capital IQ,produccion,Millones de pesos 2018,ebit,743.1423280686644
1996,Capex,S&P Capital IQ,produccion,Millones de pesos 2018,ebitda,981.3099869617122
1996,Capex,S&P Capital IQ,produccion,Millones de pesos 2018,ebt,717.8137850389724
1996,Capex,S&P Capital IQ,produccion,Millones de pesos 2018,inventarios,13.28229965002892
1996,Capex,S&P Capital IQ,produccion,Millones de pesos 2018,pasivo,2651.091880958152
1996,Capex,S&P Capital IQ,produccion,Millones de pesos 2018,patrimonio_neto,5661.608831140572
1996,Capex,S&P Capital IQ,produccion,Millones de pesos 2018,patrimonio_neto_total,5661.608831140572
1996,Capex,S&P Capital IQ,produccion,Millones de pesos 2018,ppye,6336.555271940708
1996,Capex,S&P Capital IQ,produccion,Millones de pesos 2018,ppye_neta,5937.114178919938
1996,Capex,S&P Capital IQ,produccion,Millones de pesos 2018,utilidad_neta,717.8137850389724
1996,Capex,S&P Capital IQ,produccion,Millones de pesos 2018,utilidad_neta_empresa,717.8137850389724
1996,Capex,S&P Capital IQ,produccion,Millones de pesos 2018,utilidad_operativa,743.1423280686644
1996,Capex,S&P Capital IQ,produccion,Millones de pesos 2018,ventas,1762.8910926315966
1996,Capex,S&P Capital IQ,produccion,Millones de pesos 2018,ventas_raw,1762.8910926315966
1997,Capex,S&P Capital IQ,produccion,Millones de pesos 2018,activo,8512.61460310569
1997,Capex,S&P Capital IQ,produccion,Millones de pesos 2018,activo_corr,794.2818066914589
1997,Capex,S&P Capital IQ,produccion,Millones de pesos 2018,deuda_lp,2096.097895541855
1997,Capex,S&P Capital IQ,produccion,Millones de pesos 2018,deuda_neta,1751.5328939400274
1997,Capex,S&P Capital IQ,produccion,Millones de pesos 2018,deuda_total,2136.4152840768784
1997,Capex,S&P Capital IQ,produccion,Millones de pesos 2018,ebit,647.1798010768402
1997,Capex,S&P Capital IQ,produccion,Millones de pesos 2018,ebitda,1029.4196842621836
1997,Capex,S&P Capital IQ,produccion,Millones de pesos 2018,ebt,664.912393006175
1997,Capex,S&P Capital IQ,produccion,Millones de pesos 2018,inventarios,11.002888103061668
1997,Capex,S&P Capital IQ,produccion,Millones de pesos 2018,pasivo,2644.0530763014485
1997,Capex,S&P Capital IQ,produccion,Millones de pesos 2018,patrimonio_neto,5868.561526839708
1997,Capex,S&P Capital IQ,produccion,Millones de pesos 2018,patrimonio_neto_total,5868.561526839708
1997,Capex,S&P Capital IQ,produccion,Millones de pesos 2018,ppye,6694.630070738373
1997,Capex,S&P Capital IQ,produccion,Millones de pesos 2018,ppye_neta,5976.85065086537
1997,Capex,S&P Capital IQ,produccion,Millones de pesos 2018,utilidad_neta,664.912393006175
1997,Capex,S&P Capital IQ,produccion,Millones de pesos 2018,utilidad_neta_empresa,664.912393006175
1997,Capex,S&P Capital IQ,produccion,Millones de pesos 2018,utilidad_operativa,647.1798010768402
1997,Capex,S&P Capital IQ,produccion,Millones de pesos 2018,ventas,2068.2230238884886
1997,Capex,S&P Capital IQ,produccion,Millones de pesos 2018,ventas_raw,2068.2230238884886
1998,Capex,S&P Capital IQ,produccion,Millones de pesos 2018,activo,10430.011112036009
1998,Capex,S&P Capital IQ,produccion,Millones de pesos 2018,activo_corr,1379.223707763097
1998,Capex,S&P Capital IQ,produccion,Millones de pesos 2018,deuda_lp,3002.6330695835427
1998,Capex,S&P Capital IQ,produccion,Millones de pesos 2018,deuda_neta,3277.8961478178303
1998,Capex,S&P Capital IQ,produccion,Millones de pesos 2018,deuda_total,4253.1149294250135
1998,Capex,S&P Capital IQ,produccion,Millones de pesos 2018,ebit,427.0256136297218
1998,Capex,S&P Capital IQ,produccion,Millones de pesos 2018,ebitda,692.0920448030994
1998,Capex,S&P Capital IQ,produccion,Millones de pesos 2018,ebt,365.87088033801217
1998,Capex,S&P Capital IQ,produccion,Millones de pesos 2018,inventarios,9.322403205994062
1998,Capex,S&P Capital IQ,produccion,Millones de pesos 2018,pasivo,4750.585903066803
1998,Capex,S&P Capital IQ,produccion,Millones de pesos 2018,patrimonio_neto,5679.425208969205
1998,Capex,S&P Capital IQ,produccion,Millones de pesos 2018,patrimonio_neto_total,5679.425208969205
1998,Capex,S&P Capital IQ,produccion,Millones de pesos 2018,ppye,7760.122936177181
1998,Capex,S&P Capital IQ,produccion,Millones de pesos 2018,ppye_neta,6820.789856783746
1998,Capex,S&P Capital IQ,produccion,Millones de pesos 2018,utilidad_neta,365.87088033801217
1998,Capex,S&P Capital IQ,produccion,Millones de pesos 2018,utilidad_neta_empresa,365.87088033801217
1998,Capex,S&P Capital IQ,produccion,Millones de pesos 2018,utilidad_operativa,427.0256136297218
1998,Capex,S&P Capital IQ,produccion,Millones de pesos 2018,ventas,1675.435223528949
1998,Capex,S&P Capital IQ,produccion,Millones de pesos 2018,ventas_raw,1675.435223528949
1999,Capex,S&P Capital IQ,produccion,Millones de pesos 2018,activo,14077.563986432306
1999,Capex,S&P Capital IQ,produccion,Millones de pesos 2018,activo_corr,608.3739008884115
1999,Capex,S&P Capital IQ,produccion,Millones de pesos 2018,deuda_lp,6061.038455203999
1999,Capex,S&P Capital IQ,produccion,Millones de pesos 2018,deuda_neta,7378.483971992326
1999,Capex,S&P Capital IQ,produccion,Millones de pesos 2018,deuda_total,7408.944813418779
1999,Capex,S&P Capital IQ,produccion,Millones de pesos 2018,ebit,485.6641250336311
1999,Capex,S&P Capital IQ,produccion,Millones de pesos 2018,ebitda,845.0606621191773
1999,Capex,S&P Capital IQ,produccion,Millones de pesos 2018,ebt,384.2263370036452
1999,Capex,S&P Capital IQ,produccion,Millones de pesos 2018,impuesto_ganancias,76.11503104613463
1999,Capex,S&P Capital IQ,produccion,Millones de pesos 2018,inventarios,15.218743121070268
1999,Capex,S&P Capital IQ,produccion,Millones de pesos 2018,pasivo,8210.368830171386
1999,Capex,S&P Capital IQ,produccion,Millones de pesos 2018,patrimonio_neto,5867.195156260921
1999,Capex,S&P Capital IQ,produccion,Millones de pesos 2018,patrimonio_neto_total,5867.195156260921
1999,Capex,S&P Capital IQ,produccion,Millones de pesos 2018,ppye,11674.788425795154
1999,Capex,S&P Capital IQ,produccion,Millones de pesos 2018,ppye_neta,10428.638541394881
1999,Capex,S&P Capital IQ,produccion,Millones de pesos 2018,utilidad_neta,308.1113059219552
1999,Capex,S&P Capital IQ,produccion,Millones de pesos 2018,utilidad_neta_empresa,308.1113059219552
1999,Capex,S&P Capital IQ,produccion,Millones de pesos 2018,utilidad_operativa,485.6641250336311
1999,Capex,S&P Capital IQ,produccion,Millones de pesos 2018,ventas,1808.77574154669
1999,Capex,S&P Capital IQ,produccion,Millones de pesos 2018,ventas_raw,1808.77574154669
2000,Capex,S&P Capital IQ,produccion,Millones de pesos 2018,activo,15158.976277739106
2000,Capex,S&P Capital IQ,produccion,Millones de pesos 2018,activo_corr,740.9610306797209
2000,Capex,S&P Capital IQ,produccion,Millones de pesos 2018,deuda_lp,5548.350097586787
2000,Capex,S&P Capital IQ,produccion,Millones de pesos 2018,deuda_neta,7582.727341223519
2000,Capex,S&P Capital IQ,produccion,Millones de pesos 2018,deuda_total,7748.612785390877
2000,Capex,S&P Capital IQ,produccion,Millones de pesos 2018,ebit,620.4504154176849
2000,Capex,S&P Capital IQ,produccion,Millones de pesos 2018,ebitda,1055.1448831289083
2000,Capex,S&P Capital IQ,produccion,Millones de pesos 2018,ebt,605.9510723052738
2000,Capex,S&P Capital IQ,produccion,Millones de pesos 2018,inventarios,24.29631485329607
2000,Capex,S&P Capital IQ,produccion,Millones de pesos 2018,pasivo,8630.236024971231
2000,Capex,S&P Capital IQ,produccion,Millones de pesos 2018,patrimonio_neto,6528.740252767876
2000,Capex,S&P Capital IQ,produccion,Millones de pesos 2018,patrimonio_neto_total,6528.740252767876
2000,Capex,S&P Capital IQ,produccion,Millones de pesos 2018,ppye,12981.474938234818
2000,Capex,S&P Capital IQ,produccion,Millones de pesos 2018,ppye_neta,11420.169286653389
2000,Capex,S&P Capital IQ,produccion,Millones de pesos 2018,utilidad_neta,605.9510723052738
2000,Capex,S&P Capital IQ,produccion,Millones de pesos 2018,utilidad_neta_empresa,605.9510723052738
2000,Capex,S&P Capital IQ,produccion,Millones de pesos 2018,utilidad_operativa,620.4504154176849
2000,Capex,S&P Capital IQ,produccion,Millones de pesos 2018,ventas,2523.831953435787
2000,Capex,S&P Capital IQ,produccion,Millones de pesos 2018,ventas_raw,2523.831953435787
2001,Capex,S&P Capital IQ,produccion,Millones de pesos 2018,activo,24346.90486743805
2001,Capex,S&P Capital IQ,produccion,Millones de pesos 2018,activo_corr,1041.1451301869479
2001,Capex,S&P Capital IQ,produccion,Millones de pesos 2018,deuda_lp,9285.141660008268
2001,Capex,S&P Capital IQ,produccion,Millones de pesos 2018,deuda_neta,11578.076078631446
2001,Capex,S&P Capital IQ,produccion,Millones de pesos 2018,deuda_total,11760.902346769686
2001,Capex,S&P Capital IQ,produccion,Millones de pesos 2018,ebit,1264.8383770271548
2001,Capex,S&P Capital IQ,produccion,Millones de pesos 2018,ebitda,2460.8987231730916
2001,Capex,S&P Capital IQ,produccion,Millones de pesos 2018,ebt,495.91367802568413
2001,Capex,S&P Capital IQ,produccion,Millones de pesos 2018,inventarios,67.65769263959939
2001,Capex,S&P Capital IQ,produccion,Millones de pesos 2018,pasivo,13077.355940476442
2001,Capex,S&P Capital IQ,produccion,Millones de pesos 2018,patrimonio_neto,10855.897714366174
2001,Capex,S&P Capital IQ,produccion,Millones de pesos 2018,patrimonio_neto_total,11269.548926961605
2001,Capex,S&P Capital IQ,produccion,Millones de pesos 2018,ppye,22214.92043835894
2001,Capex,S&P Capital IQ,produccion,Millones de pesos 2018,ppye_neta,18774.605309728126
2001,Capex,S&P Capital IQ,produccion,Millones de pesos 2018,utilidad_neta,494.4874477450907
2001,Capex,S&P Capital IQ,produccion,Millones de pesos 2018,utilidad_neta_empresa,495.91367802568413
2001,Capex,S&P Capital IQ,produccion,Millones de pesos 2018,utilidad_operativa,1264.8383770271548
2001,Capex,S&P Capital IQ,produccion,Millones de pesos 2018,ventas,5480.923912221376
2001,Capex,S&P Capital IQ,produccion,Millones de pesos 2018,ventas_raw,5480.923912221376
2002,Capex,S&P Capital IQ,produccion,Millones de pesos 2018,activo,32628.695999562984
2002,Capex,S&P Capital IQ,produccion,Millones de pesos 2018,activo_corr,1512.1122876160734
2002,Capex,S&P Capital IQ,produccion,Millones de pesos 2018,deuda_lp,7847.304281438337
2002,Capex,S&P Capital IQ,produccion,Millones de pesos 2018,deuda_neta,24340.39097943028
2002,Capex,S&P Capital IQ,produccion,Millones de pesos 2018,deuda_total,24788.67612664481
2002,Capex,S&P Capital IQ,produccion,Millones de pesos 2018,ebit,837.2834690504418
2002,Capex,S&P Capital IQ,produccion,Millones de pesos 2018,ebitda,2434.2657822382316
2002,Capex,S&P Capital IQ,produccion,Millones de pesos 2018,ebt,-5764.560225034902
2002,Capex,S&P Capital IQ,produccion,Millones de pesos 2018,impuesto_ganancias,341.6527774294866
2002,Capex,S&P Capital IQ,produccion,Millones de pesos 2018,inventarios,47.50781611383925
2002,Capex,S&P Capital IQ,produccion,Millones de pesos 2018,pasivo,26513.473804028046
2002,Capex,S&P Capital IQ,produccion,Millones de pesos 2018,patrimonio_neto,5545.5938868618305
2002,Capex,S&P Capital IQ,produccion,Millones de pesos 2018,patrimonio_neto_total,6115.222195563759
2002,Capex,S&P Capital IQ,produccion,Millones de pesos 2018,ppye,31708.919389110608
2002,Capex,S&P Capital IQ,produccion,Millones de pesos 2018,ppye_neta,26812.461285918926
2002,Capex,S&P Capital IQ,produccion,Millones de pesos 2018,utilidad_neta,-5764.560225034902
2002,Capex,S&P Capital IQ,produccion,Millones de pesos 2018,utilidad_neta_empresa,-5764.560225034902
2002,Capex,S&P Capital IQ,produccion,Millones de pesos 2018,utilidad_operativa,837.2834690504418
2002,Capex,S&P Capital IQ,produccion,Millones de pesos 2018,ventas,5011.836814581277
2002,Capex,S&P Capital IQ,produccion,Millones de pesos 2018,ventas_raw,5011.836814581277
2003,Capex,S&P Capital IQ,produccion,Millones de pesos 2018,activo,22501.14724753176
2003,Capex,S&P Capital IQ,produccion,Millones de pesos 2018,activo_corr,1372.9034402185202
2003,Capex,S&P Capital IQ,produccion,Millones de pesos 2018,deuda_lp,1028.4140822299796
2003,Capex,S&P Capital IQ,produccion,Millones de pesos 2018,deuda_neta,14798.193705971253
2003,Capex,S&P Capital IQ,produccion,Millones de pesos 2018,deuda_total,14837.03894339768
2003,Capex,S&P Capital IQ,produccion,Millones de pesos 2018,ebit,0.0
2003,Capex,S&P Capital IQ,produccion,Millones de pesos 2018,ebitda,921.616967810655
2003,Capex,S&P Capital IQ,produccion,Millones de pesos 2018,ebt,0.0
2003,Capex,S&P Capital IQ,produccion,Millones de pesos 2018,impuesto_ganancias,470.46196858844957
2003,Capex,S&P Capital IQ,produccion,Millones de pesos 2018,inventarios,39.70567973694603
2003,Capex,S&P Capital IQ,produccion,Millones de pesos 2018,pasivo,16144.922507657197
2003,Capex,S&P Capital IQ,produccion,Millones de pesos 2018,patrimonio_neto,6356.22473987456
2003,Capex,S&P Capital IQ,produccion,Millones de pesos 2018,patrimonio_neto_total,6356.22473987456
2003,Capex,S&P Capital IQ,produccion,Millones de pesos 2018,ppye,23705.23573483388
2003,Capex,S&P Capital IQ,produccion,Millones de pesos 2018,ppye_neta,18564.93405318183
2003,Capex,S&P Capital IQ,produccion,Millones de pesos 2018,utilidad_neta,0.0
2003,Capex,S&P Capital IQ,produccion,Millones de pesos 2018,utilidad_neta_empresa,0.0
2003,Capex,S&P Capital IQ,produccion,Millones de pesos 2018,utilidad_operativa,0.0
2003,Capex,S&P Capital IQ,produccion,Millones de pesos 2018,ventas,3491.1115542029247
2003,Capex,S&P Capital IQ,produccion,Millones de pesos 2018,ventas_raw,3491.1115542029247
2004,Capex,S&P Capital IQ,produccion,Millones de pesos 2018,activo,21360.92797517056
2004,Capex,S&P Capital IQ,produccion,Millones de pesos 2018,activo_corr,1071.7330179240203
2004,Capex,S&P Capital IQ,produccion,Millones de pesos 2018,deuda_lp,1401.5925227470682
2004,Capex,S&P Capital IQ,produccion,Millones de pesos 2018,deuda_neta,14116.73320542017
2004,Capex,S&P Capital IQ,produccion,Millones de pesos 2018,deuda_total,14316.259745677695
2004,Capex,S&P Capital IQ,produccion,Millones de pesos 2018,ebit,182.23244320149934
2004,Capex,S&P Capital IQ,produccion,Millones de pesos 2018,ebitda,1285.4584520896772
2004,Capex,S&P Capital IQ,produccion,Millones de pesos 2018,ebt,322.60314622067466
2004,Capex,S&P Capital IQ,produccion,Millones de pesos 2018,impuesto_ganancias,358.66844733240237
2004,Capex,S&P Capital IQ,produccion,Millones de pesos 2018,inventarios,114.48864904661765
2004,Capex,S&P Capital IQ,produccion,Millones de pesos 2018,pasivo,15308.441518927597
2004,Capex,S&P Capital IQ,produccion,Millones de pesos 2018,patrimonio_neto,6050.288698658305
2004,Capex,S&P Capital IQ,produccion,Millones de pesos 2018,patrimonio_neto_total,6052.486456242968
2004,Capex,S&P Capital IQ,produccion,Millones de pesos 2018,ppye_neta,17841.705457107324
2004,Capex,S&P Capital IQ,produccion,Millones de pesos 2018,utilidad_neta,0.0
2004,Capex,S&P Capital IQ,produccion,Millones de pesos 2018,utilidad_neta_empresa,0.0
2004,Capex,S&P Capital IQ,produccion,Millones de pesos 2018,utilidad_operativa,182.23244320149934
2004,Capex,S&P Capital IQ,produccion,Millones de pesos 2018,ventas,3975.3107512074516
2004,Capex,S&P Capital IQ,produccion,Millones de pesos 2018,ventas_raw,3975.3107512074516
2005,Capex,S&P Capital IQ,produccion,Millones de pesos 2018,activo,20746.50874580341
2005,Capex,S&P Capital IQ,produccion,Millones de pesos 2018,activo_corr,953.9614729073263
2005,Capex,S&P Capital IQ,produccion,Millones de pesos 2018,deuda_lp,1260.8400313041366
2005,Capex,S&P Capital IQ,produccion,Millones de pesos 2018,deuda_neta,14011.86109677424
2005,Capex,S&P Capital IQ,produccion,Millones de pesos 2018,deuda_total,14048.158125665284
2005,Capex,S&P Capital IQ,produccion,Millones de pesos 2018,ebit,520.9356678638406
2005,Capex,S&P Capital IQ,produccion,Millones de pesos 2018,ebitda,1574.5269085614277
2005,Capex,S&P Capital IQ,produccion,Millones de pesos 2018,ebt,0.0
2005,Capex,S&P Capital IQ,produccion,Millones de pesos 2018,impuesto_ganancias,71.0805357292556
2005,Capex,S&P Capital IQ,produccion,Millones de pesos 2018,inventarios,94.37571270486181
2005,Capex,S&P Capital IQ,produccion,Millones de pesos 2018,pasivo,15969.190220453862
2005,Capex,S&P Capital IQ,produccion,Millones de pesos 2018,patrimonio_neto,4730.029626403354
2005,Capex,S&P Capital IQ,produccion,Millones de pesos 2018,patrimonio_neto_total,4777.318525349545
2005,Capex,S&P Capital IQ,produccion,Millones de pesos 2018,ppye_neta,16158.15644690884
2005,Capex,S&P Capital IQ,produccion,Millones de pesos 2018,utilidad_neta,0.0
2005,Capex,S&P Capital IQ,produccion,Millones de pesos 2018,utilidad_neta_empresa,0.0
2005,Capex,S&P Capital IQ,produccion,Millones de pesos 2018,utilidad_operativa,520.9356678638406
2005,Capex,S&P Capital IQ,produccion,Millones de pesos 2018,ventas,4537.591778039775
2005,Capex,S&P Capital IQ,produccion,Millones de pesos 2018,ventas_raw,4537.591778039775
2006,Capex,S&P Capital IQ,produccion,Millones de pesos 2018,activo,20402.790293491566
2006,Capex,S&P Capital IQ,produccion,Millones de pesos 2018,activo_corr,1952.722786237519
2006,Capex,S&P Capital IQ,produccion,Millones de pesos 2018,deuda_lp,10678.691093873653
2006,Capex,S&P Capital IQ,produccion,Millones de pesos 2018,deuda_neta,10404.20805986351
2006,Capex,S&P Capital IQ,produccion,Millones de pesos 2018,deuda_total,11043.464148480756
2006,Capex,S&P Capital IQ,produccion,Millones de pesos 2018,ebit,531.2926395427199
2006,Capex,S&P Capital IQ,produccion,Millones de pesos 2018,ebitda,1941.7397015206884
2006,Capex,S&P Capital IQ,produccion,Millones de pesos 2018,ebt,1577.5907345726482
2006,Capex,S&P Capital IQ,produccion,Millones de pesos 2018,impuesto_ganancias,20.994361843192475
2006,Capex,S&P Capital IQ,produccion,Millones de pesos 2018,inventarios,172.28543568725974
2006,Capex,S&P Capital IQ,produccion,Millones de pesos 2018,pasivo,13580.183151833087
2006,Capex,S&P Capital IQ,produccion,Millones de pesos 2018,patrimonio_neto,6775.945294668485
2006,Capex,S&P Capital IQ,produccion,Millones de pesos 2018,patrimonio_neto_total,6822.6071416584755
2006,Capex,S&P Capital IQ,produccion,Millones de pesos 2018,ppye_neta,14581.342220829816
2006,Capex,S&P Capital IQ,produccion,Millones de pesos 2018,utilidad_neta,1552.5763974668616
2006,Capex,S&P Capital IQ,produccion,Millones de pesos 2018,utilidad_neta_empresa,1556.5963727294554
2006,Capex,S&P Capital IQ,produccion,Millones de pesos 2018,utilidad_operativa,531.2926395427199
2006,Capex,S&P Capital IQ,produccion,Millones de pesos 2018,ventas,4803.808542976272
2006,Capex,S&P Capital IQ,produccion,Millones de pesos 2018,ventas_raw,4803.808542976272
2007,Capex,S&P Capital IQ,produccion,Millones de pesos 2018,activo,17707.974293579024
2007,Capex,S&P Capital IQ,produccion,Millones de pesos 2018,activo_corr,3178.768780059586
2007,Capex,S&P Capital IQ,produccion,Millones de pesos 2018,deuda_lp,9039.733447622106
2007,Capex,S&P Capital IQ,produccion,Millones de pesos 2018,deuda_neta,7537.179601044838
2007,Capex,S&P Capital IQ,produccion,Millones de pesos 2018,deuda_total,9631.167298655899
2007,Capex,S&P Capital IQ,produccion,Millones de pesos 2018,ebit,334.7229605533866
2007,Capex,S&P Capital IQ,produccion,Millones de pesos 2018,ebitda,1836.268440603262
2007,Capex,S&P Capital IQ,produccion,Millones de pesos 2018,ebt,622.4515085310419
2007,Capex,S&P Capital IQ,produccion,Millones de pesos 2018,impuesto_ganancias,591.3615529277363
2007,Capex,S&P Capital IQ,produccion,Millones de pesos 2018,inventarios,108.11161629574006
2007,Capex,S&P Capital IQ,produccion,Millones de pesos 2018,pasivo,11643.583427191097
2007,Capex,S&P Capital IQ,produccion,Millones de pesos 2018,patrimonio_neto,6017.984826254128
2007,Capex,S&P Capital IQ,produccion,Millones de pesos 2018,patrimonio_neto_total,6064.390866387929
2007,Capex,S&P Capital IQ,produccion,Millones de pesos 2018,ppye_neta,12533.337583287093
2007,Capex,S&P Capital IQ,produccion,Millones de pesos 2018,utilidad_neta,25.94746153320455
2007,Capex,S&P Capital IQ,produccion,Millones de pesos 2018,utilidad_neta_empresa,31.089955603305533
2007,Capex,S&P Capital IQ,produccion,Millones de pesos 2018,utilidad_operativa,334.7229605533866
2007,Capex,S&P Capital IQ,produccion,Millones de pesos 2018,ventas,4918.43964788698
2007,Capex,S&P Capital IQ,produccion,Millones de pesos 2018,ventas_raw,4918.43964788698
2008,Capex,S&P Capital IQ,produccion,Millones de pesos 2018,activo,15658.234157762947
2008,Capex,S&P Capital IQ,produccion,Millones de pesos 2018,activo_corr,3513.411763648257
2008,Capex,S&P Capital IQ,produccion,Millones de pesos 2018,deuda_lp,8299.65940482715
2008,Capex,S&P Capital IQ,produccion,Millones de pesos 2018,deuda_neta,6494.103367224146
2008,Capex,S&P Capital IQ,produccion,Millones de pesos 2018,deuda_total,8604.488271773269
2008,Capex,S&P Capital IQ,produccion,Millones de pesos 2018,ebit,992.2642641063794
2008,Capex,S&P Capital IQ,produccion,Millones de pesos 2018,ebitda,2450.0321181169916
2008,Capex,S&P Capital IQ,produccion,Millones de pesos 2018,ebt,386.52406049328494
2008,Capex,S&P Capital IQ,produccion,Millones de pesos 2018,impuesto_ganancias,332.1942009060514
2008,Capex,S&P Capital IQ,produccion,Millones de pesos 2018,inventarios,127.03972009292163
2008,Capex,S&P Capital IQ,produccion,Millones de pesos 2018,pasivo,10630.873267716739
2008,Capex,S&P Capital IQ,produccion,Millones de pesos 2018,patrimonio_neto,4986.664587191054
2008,Capex,S&P Capital IQ,produccion,Millones de pesos 2018,patrimonio_neto_total,5027.360890046204
2008,Capex,S&P Capital IQ,produccion,Millones de pesos 2018,ppye,10147.281948042244
2008,Capex,S&P Capital IQ,produccion,Millones de pesos 2018,ppye_neta,10147.281948042244
2008,Capex,S&P Capital IQ,produccion,Millones de pesos 2018,utilidad_neta,79.68021445059642
2008,Capex,S&P Capital IQ,produccion,Millones de pesos 2018,utilidad_neta_empresa,54.32985958723361
2008,Capex,S&P Capital IQ,produccion,Millones de pesos 2018,utilidad_operativa,992.2642641063794
2008,Capex,S&P Capital IQ,produccion,Millones de pesos 2018,ventas,5911.17373441925
2008,Capex,S&P Capital IQ,produccion,Millones de pesos 2018,ventas_raw,5911.17373441925
2009,Capex,S&P Capital IQ,produccion,Millones de pesos 2018,activo,14523.17766439518
2009,Capex,S&P Capital IQ,produccion,Millones de pesos 2018,activo_corr,2148.6906002125233
2009,Capex,S&P Capital IQ,produccion,Millones de pesos 2018,depreciacion,4.986782157895569
2009,Capex,S&P Capital IQ,produccion,Millones de pesos 2018,deuda_lp,8579.831228417848
2009,Capex,S&P Capital IQ,produccion,Millones de pesos 2018,deuda_neta,8239.572566488767
2009,Capex,S&P Capital IQ,produccion,Millones de pesos 2018,deuda_total,9038.89771068655
2009,Capex,S&P Capital IQ,produccion,Millones de pesos 2018,ebit,202.03172019079472
2009,Capex,S&P Capital IQ,produccion,Millones de pesos 2018,ebitda,1770.1377223344448
2009,Capex,S&P Capital IQ,produccion,Millones de pesos 2018,ebt,0.0
2009,Capex,S&P Capital IQ,produccion,Millones de pesos 2018,impuesto_ganancias,147.7556962486372
2009,Capex,S&P Capital IQ,produccion,Millones de pesos 2018,inventarios,108.30831203837496
2009,Capex,S&P Capital IQ,produccion,Millones de pesos 2018,pasivo,10791.96596774757
2009,Capex,S&P Capital IQ,produccion,Millones de pesos 2018,patrimonio_neto,3708.0226072877726
2009,Capex,S&P Capital IQ,produccion,Millones de pesos 2018,patrimonio_neto_total,3731.2116966476096
2009,Capex,S&P Capital IQ,produccion,Millones de pesos 2018,ppye,8352.504228292002
2009,Capex,S&P Capital IQ,produccion,Millones de pesos 2018,ppye_neta,8352.504228292002
2009,Capex,S&P Capital IQ,produccion,Millones de pesos 2018,utilidad_neta,-1256.430570847866
2009,Capex,S&P Capital IQ,produccion,Millones de pesos 2018,utilidad_neta_empresa,-1256.430570847866
2009,Capex,S&P Capital IQ,produccion,Millones de pesos 2018,utilidad_operativa,202.03172019079472
2009,Capex,S&P Capital IQ,produccion,Millones de pesos 2018,ventas,5331.082051824539
2009,Capex,S&P Capital IQ,produccion,Millones de pesos 2018,ventas_raw,5331.082051824539
2010,Capex,S&P Capital IQ,produccion,Millones de pesos 2018,activo,9396.311828788525
2010,Capex,S&P Capital IQ,produccion,Millones de pesos 2018,activo_corr,1635.5160107199986
2010,Capex,S&P Capital IQ,produccion,Millones de pesos 2018,depreciacion,4.800619015377934
2010,Capex,S&P Capital IQ,produccion,Millones de pesos 2018,deuda_lp,5022.482536819513
2010,Capex,S&P Capital IQ,produccion,Millones de pesos 2018,deuda_neta,5056.8524658356855
2010,Capex,S&P Capital IQ,produccion,Millones de pesos 2018,deuda_total,5764.5509463057815
2010,Capex,S&P Capital IQ,produccion,Millones de pesos 2018,ebit,0.0
2010,Capex,S&P Capital IQ,produccion,Millones de pesos 2018,ebitda,946.3947733569883
2010,Capex,S&P Capital IQ,produccion,Millones de pesos 2018,ebt,0.0
2010,Capex,S&P Capital IQ,produccion,Millones de pesos 2018,impuesto_ganancias,79.34874396557046
2010,Capex,S&P Capital IQ,produccion,Millones de pesos 2018,inventarios,55.10820740548487
2010,Capex,S&P Capital IQ,produccion,Millones de pesos 2018,pasivo,6707.244378934287
2010,Capex,S&P Capital IQ,produccion,Millones de pesos 2018,patrimonio_neto,2670.395877348928
2010,Capex,S&P Capital IQ,produccion,Millones de pesos 2018,patrimonio_neto_total,2689.0674498542394
2010,Capex,S&P Capital IQ,produccion,Millones de pesos 2018,ppye,13488.617977523201
2010,Capex,S&P Capital IQ,produccion,Millones de pesos 2018,ppye_neta,6042.80370300925
2010,Capex,S&P Capital IQ,produccion,Millones de pesos 2018,utilidad_neta,0.0
2010,Capex,S&P Capital IQ,produccion,Millones de pesos 2018,utilidad_neta_empresa,0.0
2010,Capex,S&P Capital IQ,produccion,Millones de pesos 2018,utilidad_operativa,0.0
2010,Capex,S&P Capital IQ,produccion,Millones de pesos 2018,ventas,3525.524178926032
2010,Capex,S&P Capital IQ,produccion,Millones de pesos 2018,ventas_raw,3525.524178926032
2011,Capex,S&P Capital IQ,produccion,Millones de pesos 2018,activo,8598.28773628132
2011,Capex,S&P Capital IQ,produccion,Millones de pesos 2018,activo_corr,2158.220977603985
2011,Capex,S&P Capital IQ,produccion,Millones de pesos 2018,deuda_lp,4979.946843434908
2011,Capex,S&P Capital IQ,produccion,Millones de pesos 2018,deuda_neta,4591.416246429769
2011,Capex,S&P Capital IQ,produccion,Millones de pesos 2018,deuda_total,5578.553778904215
2011,Capex,S&P Capital IQ,produccion,Millones de pesos 2018,ebit,231.88174973226404
2011,Capex,S&P Capital IQ,produccion,Millones de pesos 2018,ebitda,1062.7644073765437
2011,Capex,S&P Capital IQ,produccion,Millones de pesos 2018,ebt,27.309556940724445
2011,Capex,S&P Capital IQ,produccion,Millones de pesos 2018,impuesto_ganancias,16.661220067713742
2011,Capex,S&P Capital IQ,produccion,Millones de pesos 2018,inventarios,62.98329966818405
2011,Capex,S&P Capital IQ,produccion,Millones de pesos 2018,pasivo,7017.037037380459
2011,Capex,S&P Capital IQ,produccion,Millones de pesos 2018,patrimonio_neto,1565.6847645195774
2011,Capex,S&P Capital IQ,produccion,Millones de pesos 2018,patrimonio_neto_total,1581.2506989008602
2011,Capex,S&P Capital IQ,produccion,Millones de pesos 2018,ppye,11757.787767726446
2011,Capex,S&P Capital IQ,produccion,Millones de pesos 2018,ppye_neta,4969.634553087851
2011,Capex,S&P Capital IQ,produccion,Millones de pesos 2018,utilidad_neta,10.158160390104005
2011,Capex,S&P Capital IQ,produccion,Millones de pesos 2018,utilidad_neta_empresa,10.648336873010702
2011,Capex,S&P Capital IQ,produccion,Millones de pesos 2018,utilidad_operativa,231.88174973226404
2011,Capex,S&P Capital IQ,produccion,Millones de pesos 2018,ventas,4052.946478289768
2011,Capex,S&P Capital IQ,produccion,Millones de pesos 2018,ventas_raw,4052.946478289768
2012,Capex,S&P Capital IQ,produccion,Millones de pesos 2018,activo,9397.180055476441
2012,Capex,S&P Capital IQ,produccion,Millones de pesos 2018,activo_corr,930.7314212135087
2012,Capex,S&P Capital IQ,produccion,Millones de pesos 2018,deuda_lp,4371.102511180594
2012,Capex,S&P Capital IQ,produccion,Millones de pesos 2018,deuda_neta,4856.076968952711
2012,Capex,S&P Capital IQ,produccion,Millones de pesos 2018,deuda_total,4952.4828466524605
2012,Capex,S&P Capital IQ,produccion,Millones de pesos 2018,ebit,713.2453918307078
2012,Capex,S&P Capital IQ,produccion,Millones de pesos 2018,ebitda,1429.2283360260108
2012,Capex,S&P Capital IQ,produccion,Millones de pesos 2018,ebt,0.0
2012,Capex,S&P Capital IQ,produccion,Millones de pesos 2018,impuesto_ganancias,2.2115299228429084
2012,Capex,S&P Capital IQ,produccion,Millones de pesos 2018,inventarios,49.08069794863271
2012,Capex,S&P Capital IQ,produccion,Millones de pesos 2018,pasivo,6733.1219440446475
2012,Capex,S&P Capital IQ,produccion,Millones de pesos 2018,patrimonio_neto,2644.211056669069
2012,Capex,S&P Capital IQ,produccion,Millones de pesos 2018,patrimonio_neto_total,2664.058111431795
2012,Capex,S&P Capital IQ,produccion,Millones de pesos 2018,ppye,13911.223071013812
2012,Capex,S&P Capital IQ,produccion,Millones de pesos 2018,ppye_neta,7321.3388975399275
2012,Capex,S&P Capital IQ,produccion,Millones de pesos 2018,utilidad_neta,0.0
2012,Capex,S&P Capital IQ,produccion,Millones de pesos 2018,utilidad_neta_empresa,0.0
2012,Capex,S&P Capital IQ,produccion,Millones de pesos 2018,utilidad_operativa,713.2453918307078
2012,Capex,S&P Capital IQ,produccion,Millones de pesos 2018,ventas,3467.699553298374
2012,Capex,S&P Capital IQ,produccion,Millones de pesos 2018,ventas_raw,3467.699553298374
2013,Capex,S&P Capital IQ,produccion,Millones de pesos 2018,activo,7873.319846164542
2013,Capex,S&P Capital IQ,produccion,Millones de pesos 2018,activo_corr,789.3044906276616
2013,Capex,S&P Capital IQ,produccion,Millones de pesos 2018,deuda_lp,4089.574538739188
2013,Capex,S&P Capital IQ,produccion,Millones de pesos 2018,deuda_neta,4667.368216060915
2013,Capex,S&P Capital IQ,produccion,Millones de pesos 2018,deuda_total,4801.375233157964
2013,Capex,S&P Capital IQ,produccion,Millones de pesos 2018,ebit,496.84477020704315
2013,Capex,S&P Capital IQ,produccion,Millones de pesos 2018,ebitda,1066.7491795000306
2013,Capex,S&P Capital IQ,produccion,Millones de pesos 2018,ebt,-517.8107284514093
2013,Capex,S&P Capital IQ,produccion,Millones de pesos 2018,impuesto_ganancias,0.0
2013,Capex,S&P Capital IQ,produccion,Millones de pesos 2018,inventarios,51.894396587806426
2013,Capex,S&P Capital IQ,produccion,Millones de pesos 2018,pasivo,6063.709463806044
2013,Capex,S&P Capital IQ,produccion,Millones de pesos 2018,patrimonio_neto,1794.3679559324446
2013,Capex,S&P Capital IQ,produccion,Millones de pesos 2018,patrimonio_neto_total,1809.6103823533183
2013,Capex,S&P Capital IQ,produccion,Millones de pesos 2018,ppye,11779.63813963177
2013,Capex,S&P Capital IQ,produccion,Millones de pesos 2018,ppye_neta,5975.88535121483
2013,Capex,S&P Capital IQ,produccion,Millones de pesos 2018,utilidad_neta,-517.8107284514093
2013,Capex,S&P Capital IQ,produccion,Millones de pesos 2018,utilidad_neta_empresa,-517.8107284514093
2013,Capex,S&P Capital IQ,produccion,Millones de pesos 2018,utilidad_operativa,496.84477020704315
2013,Capex,S&P Capital IQ,produccion,Millones de pesos 2018,ventas,2656.2259975362967
2013,Capex,S&P Capital IQ,produccion,Millones de pesos 2018,ventas_raw,2656.2259975362967
2014,Capex,S&P Capital IQ,produccion,Millones de pesos 2018,activo,6391.2197694630895
2014,Capex,S&P Capital IQ,produccion,Millones de pesos 2018,activo_corr,877.3053381258678
2014,Capex,S&P Capital IQ,produccion,Millones de pesos 2018,deuda_lp,4361.283144380464
2014,Capex,S&P Capital IQ,produccion,Millones de pesos 2018,deuda_neta,4772.057612239225
2014,Capex,S&P Capital IQ,produccion,Millones de pesos 2018,deuda_total,4906.818216375402
2014,Capex,S&P Capital IQ,produccion,Millones de pesos 2018,ebit,747.8230429672685
2014,Capex,S&P Capital IQ,produccion,Millones de pesos 2018,ebitda,1105.8904732197395
2014,Capex,S&P Capital IQ,produccion,Millones de pesos 2018,ebt,-1088.7083171287727
2014,Capex,S&P Capital IQ,produccion,Millones de pesos 2018,impuesto_ganancias,-362.90277237625764
2014,Capex,S&P Capital IQ,produccion,Millones de pesos 2018,inventarios,45.041103924034694
2014,Capex,S&P Capital IQ,produccion,Millones de pesos 2018,pasivo,5705.952280452089
2014,Capex,S&P Capital IQ,produccion,Millones de pesos 2018,patrimonio_neto,672.1152401896913
2014,Capex,S&P Capital IQ,produccion,Millones de pesos 2018,patrimonio_neto_total,685.2674890110014
2014,Capex,S&P Capital IQ,produccion,Millones de pesos 2018,ppye,8767.695574556637
2014,Capex,S&P Capital IQ,produccion,Millones de pesos 2018,ppye_neta,4342.67854156194
2014,Capex,S&P Capital IQ,produccion,Millones de pesos 2018,utilidad_neta,-725.8055447525153
2014,Capex,S&P Capital IQ,produccion,Millones de pesos 2018,utilidad_neta_empresa,-725.8055447525153
2014,Capex,S&P Capital IQ,produccion,Millones de pesos 2018,utilidad_operativa,747.8230429672685
2014,Capex,S&P Capital IQ,produccion,Millones de pesos 2018,ventas,2124.1000232249867
2014,Capex,S&P Capital IQ,produccion,Millones de pesos 2018,ventas_raw,2124.1000232249867
2015,Capex,S&P Capital IQ,produccion,Millones de pesos 2018,activo,8260.325505222903
2015,Capex,S&P Capital IQ,produccion,Millones de pesos 2018,activo_corr,1679.223512658716
2015,Capex,S&P Capital IQ,produccion,Millones de pesos 2018,deuda_lp,4088.035800025183
2015,Capex,S&P Capital IQ,produccion,Millones de pesos 2018,deuda_neta,3754.2991094967815
2015,Capex,S&P Capital IQ,produccion,Millones de pesos 2018,deuda_total,4561.742803031747
2015,Capex,S&P Capital IQ,produccion,Millones de pesos 2018,ebit,1083.3665048117944
2015,Capex,S&P Capital IQ,produccion,Millones de pesos 2018,ebitda,1506.8862185176326
2015,Capex,S&P Capital IQ,produccion,Millones de pesos 2018,ebt,9.008803141846132
2015,Capex,S&P Capital IQ,produccion,Millones de pesos 2018,impuesto_ganancias,8.211217535766066
2015,Capex,S&P Capital IQ,produccion,Millones de pesos 2018,inventarios,42.806475029352676
2015,Capex,S&P Capital IQ,produccion,Millones de pesos 2018,pasivo,6189.347121006414
2015,Capex,S&P Capital IQ,produccion,Millones de pesos 2018,patrimonio_neto,2052.3443422462433
2015,Capex,S&P Capital IQ,produccion,Millones de pesos 2018,patrimonio_neto_total,2070.978384216489
2015,Capex,S&P Capital IQ,produccion,Millones de pesos 2018,ppye,9708.628057559365
2015,Capex,S&P Capital IQ,produccion,Millones de pesos 2018,ppye_neta,5441.5039125483
2015,Capex,S&P Capital IQ,produccion,Millones de pesos 2018,utilidad_neta,1.0927882427060434
2015,Capex,S&P Capital IQ,produccion,Millones de pesos 2018,utilidad_neta_empresa,0.7975856089473212
2015,Capex,S&P Capital IQ,produccion,Millones de pesos 2018,utilidad_operativa,1083.3665048117944
2015,Capex,S&P Capital IQ,produccion,Millones de pesos 2018,ventas,2592.5796782981593
2015,Capex,S&P Capital IQ,produccion,Millones de pesos 2018,ventas_raw,2592.5796782981593
2016,Capex,S&P Capital IQ,produccion,Millones de pesos 2018,activo,9794.064926362258
2016,Capex,S&P Capital IQ,produccion,Millones de pesos 2018,activo_corr,2466.1397244453105
2016,Capex,S&P Capital IQ,produccion,Millones de pesos 2018,deuda_lp,4665.106911853759
2016,Capex,S&P Capital IQ,produccion,Millones de pesos 2018,deuda_neta,3814.181816925097
2016,Capex,S&P Capital IQ,produccion,Millones de pesos 2018,deuda_total,5017.56725553748
2016,Capex,S&P Capital IQ,produccion,Millones de pesos 2018,ebit,1244.7691557430237
2016,Capex,S&P Capital IQ,produccion,Millones de pesos 2018,ebitda,1649.045434827982
2016,Capex,S&P Capital IQ,produccion,Millones de pesos 2018,ebt,-619.0609697454552
2016,Capex,S&P Capital IQ,produccion,Millones de pesos 2018,impuesto_ganancias,-206.35365658181843
2016,Capex,S&P Capital IQ,produccion,Millones de pesos 2018,inventarios,74.60228460334413
2016,Capex,S&P Capital IQ,produccion,Millones de pesos 2018,pasivo,7134.479243340608
2016,Capex,S&P Capital IQ,produccion,Millones de pesos 2018,patrimonio_neto,2644.06189439331
2016,Capex,S&P Capital IQ,produccion,Millones de pesos 2018,patrimonio_neto_total,2659.5856830216494
2016,Capex,S&P Capital IQ,produccion,Millones de pesos 2018,ppye,10245.2808974897
2016,Capex,S&P Capital IQ,produccion,Millones de pesos 2018,ppye_neta,6738.1985117586355
2016,Capex,S&P Capital IQ,produccion,Millones de pesos 2018,utilidad_neta,-412.70731316363685
2016,Capex,S&P Capital IQ,produccion,Millones de pesos 2018,utilidad_neta_empresa,-412.70731316363685
2016,Capex,S&P Capital IQ,produccion,Millones de pesos 2018,utilidad_operativa,1244.7691557430237
2016,Capex,S&P Capital IQ,produccion,Millones de pesos 2018,ventas,2729.8828482250315
2016,Capex,S&P Capital IQ,produccion,Millones de pesos 2018,ventas_raw,2729.8828482250315
2017,Capex,S&P Capital IQ,produccion,Millones de pesos 2018,activo,11067.868634148885
2017,Capex,S&P Capital IQ,produccion,Millones de pesos 2018,activo_corr,2662.791278523166
2017,Capex,S&P Capital IQ,produccion,Millones de pesos 2018,deuda_lp,102.7857530898094
2017,Capex,S&P Capital IQ,produccion,Millones de pesos 2018,deuda_neta,2353.653811301337
2017,Capex,S&P Capital IQ,produccion,Millones de pesos 2018,deuda_total,4092.753565924522
2017,Capex,S&P Capital IQ,produccion,Millones de pesos 2018,ebit,1569.8660333137145
2017,Capex,S&P Capital IQ,produccion,Millones de pesos 2018,ebitda,2149.46614649542
2017,Capex,S&P Capital IQ,produccion,Millones de pesos 2018,ebt,1041.7859944600434
2017,Capex,S&P Capital IQ,produccion,Millones de pesos 2018,impuesto_ganancias,362.1811739872589
2017,Capex,S&P Capital IQ,produccion,Millones de pesos 2018,inventarios,44.812672720841306
2017,Capex,S&P Capital IQ,produccion,Millones de pesos 2018,pasivo,6821.616890672589
2017,Capex,S&P Capital IQ,produccion,Millones de pesos 2018,patrimonio_neto,4216.8035485411165
2017,Capex,S&P Capital IQ,produccion,Millones de pesos 2018,patrimonio_neto_total,4246.251743476295
2017,Capex,S&P Capital IQ,produccion,Millones de pesos 2018,ppye,19288.33867215278
2017,Capex,S&P Capital IQ,produccion,Millones de pesos 2018,ppye_neta,8212.239680203407
2017,Capex,S&P Capital IQ,produccion,Millones de pesos 2018,utilidad_neta,675.6880100435108
2017,Capex,S&P Capital IQ,produccion,Millones de pesos 2018,utilidad_neta_empresa,679.6048204727844
2017,Capex,S&P Capital IQ,produccion,Millones de pesos 2018,utilidad_operativa,1569.8660333137145
2017,Capex,S&P Capital IQ,produccion,Millones de pesos 2018,ventas,3471.9365882608936
2017,Capex,S&P Capital IQ,produccion,Millones de pesos 2018,ventas_raw,3471.9365882608936
2018,Capex,S&P Capital IQ,produccion,Millones de pesos 2018,activo,27107.041
2018,Capex,S&P Capital IQ,produccion,Millones de pesos 2018,activo_corr,8839.130000000001
2018,Capex,S&P Capital IQ,produccion,Millones de pesos 2018,deuda_lp,9681.364
2018,Capex,S&P Capital IQ,produccion,Millones de pesos 2018,deuda_neta,2849.798
2018,Capex,S&P Capital IQ,produccion,Millones de pesos 2018,deuda_total,10082.339
2018,Capex,S&P Capital IQ,produccion,Millones de pesos 2018,ebit,3105.4170000000004
2018,Capex,S&P Capital IQ,produccion,Millones de pesos 2018,ebitda,4572.462
2018,Capex,S&P Capital IQ,produccion,Millones de pesos 2018,ebt,2098.805
2018,Capex,S&P Capital IQ,produccion,Millones de pesos 2018,impuesto_ganancias,88.21500000000002
2018,Capex,S&P Capital IQ,produccion,Millones de pesos 2018,inventarios,157.371
2018,Capex,S&P Capital IQ,produccion,Millones de pesos 2018,pasivo,15380.097000000002
2018,Capex,S&P Capital IQ,produccion,Millones de pesos 2018,patrimonio_neto,11664.531
2018,Capex,S&P Capital IQ,produccion,Millones de pesos 2018,patrimonio_neto_total,11726.944
2018,Capex,S&P Capital IQ,produccion,Millones de pesos 2018,ppye,36988.685
2018,Capex,S&P Capital IQ,produccion,Millones de pesos 2018,ppye_neta,17740.143
2018,Capex,S&P Capital IQ,produccion,Millones de pesos 2018,utilidad_neta,2011.012
2018,Capex,S&P Capital IQ,produccion,Millones de pesos 2018,utilidad_neta_empresa,2010.59
2018,Capex,S&P Capital IQ,produccion,Millones de pesos 2018,utilidad_operativa,3105.4170000000004
2018,Capex,S&P Capital IQ,produccion,Millones de pesos 2018,ventas,7292.234000000001
2018,Capex,S&P Capital IQ,produccion,Millones de pesos 2018,ventas_raw,7292.234000000001
2019,Capex,S&P Capital IQ,produccion,Millones de pesos 2018,activo,33902.855634943575
2019,Capex,S&P Capital IQ,produccion,Millones de pesos 2018,activo_corr,11025.605434847746
2019,Capex,S&P Capital IQ,produccion,Millones de pesos 2018,deuda_lp,12546.3573279772
2019,Capex,S&P Capital IQ,produccion,Millones de pesos 2018,deuda_neta,4748.474579002381
2019,Capex,S&P Capital IQ,produccion,Millones de pesos 2018,deuda_total,13023.964162766835
2019,Capex,S&P Capital IQ,produccion,Millones de pesos 2018,ebit,5029.522008253108
2019,Capex,S&P Capital IQ,produccion,Millones de pesos 2018,ebitda,6928.919778072805
2019,Capex,S&P Capital IQ,produccion,Millones de pesos 2018,ebt,1629.3154932147106
2019,Capex,S&P Capital IQ,produccion,Millones de pesos 2018,impuesto_ganancias,308.99321259881543
2019,Capex,S&P Capital IQ,produccion,Millones de pesos 2018,inventarios,201.5734968211308
2019,Capex,S&P Capital IQ,produccion,Millones de pesos 2018,pasivo,20713.695188087964
2019,Capex,S&P Capital IQ,produccion,Millones de pesos 2018,patrimonio_neto,13107.528229870719
2019,Capex,S&P Capital IQ,produccion,Millones de pesos 2018,patrimonio_neto_total,13189.160446855618
2019,Capex,S&P Capital IQ,produccion,Millones de pesos 2018,ppye,42871.08949359278
2019,Capex,S&P Capital IQ,produccion,Millones de pesos 2018,ppye_neta,22202.30705540823
2019,Capex,S&P Capital IQ,produccion,Millones de pesos 2018,utilidad_neta,1311.36966162392
2019,Capex,S&P Capital IQ,produccion,Millones de pesos 2018,utilidad_neta_empresa,1320.3222806158951
2019,Capex,S&P Capital IQ,produccion,Millones de pesos 2018,utilidad_operativa,5029.522008253108
2019,Capex,S&P Capital IQ,produccion,Millones de pesos 2018,ventas,12987.005898449353
2019,Capex,S&P Capital IQ,produccion,Millones de pesos 2018,ventas_raw,12987.005898449353
2020,Capex,S&P Capital IQ,produccion,Millones de pesos 2018,activo,33407.49033705751
2020,Capex,S&P Capital IQ,produccion,Millones de pesos 2018,activo_corr,5445.754896165941
2020,Capex,S&P Capital IQ,produccion,Millones de pesos 2018,deuda_lp,13785.586697532444
2020,Capex,S&P Capital IQ,produccion,Millones de pesos 2018,deuda_neta,12563.091057220383
2020,Capex,S&P Capital IQ,produccion,Millones de pesos 2018,deuda_total,14989.605405009372
2020,Capex,S&P Capital IQ,produccion,Millones de pesos 2018,ebit,2853.312063280756
2020,Capex,S&P Capital IQ,produccion,Millones de pesos 2018,ebitda,5399.772935466994
2020,Capex,S&P Capital IQ,produccion,Millones de pesos 2018,ebt,-63.91347769712393
2020,Capex,S&P Capital IQ,produccion,Millones de pesos 2018,impuesto_ganancias,-639.1347769712393
2020,Capex,S&P Capital IQ,produccion,Millones de pesos 2018,inventarios,427.09333541731917
2020,Capex,S&P Capital IQ,produccion,Millones de pesos 2018,pasivo,21017.214105059535
2020,Capex,S&P Capital IQ,produccion,Millones de pesos 2018,patrimonio_neto,12301.974789398657
2020,Capex,S&P Capital IQ,produccion,Millones de pesos 2018,patrimonio_neto_total,12390.276231997981
2020,Capex,S&P Capital IQ,produccion,Millones de pesos 2018,ppye,46198.488773811805
2020,Capex,S&P Capital IQ,produccion,Millones de pesos 2018,ppye_neta,20996.806247036264
2020,Capex,S&P Capital IQ,produccion,Millones de pesos 2018,utilidad_neta,626.1802930000783
2020,Capex,S&P Capital IQ,produccion,Millones de pesos 2018,utilidad_neta_empresa,629.4889445389188
2020,Capex,S&P Capital IQ,produccion,Millones de pesos 2018,utilidad_operativa,2853.312063280756
2020,Capex,S&P Capital IQ,produccion,Millones de pesos 2018,ventas,11786.86004824172
2020,Capex,S&P Capital IQ,produccion,Millones de pesos 2018,ventas_raw,11786.86004824172
2021,Capex,S&P Capital IQ,produccion,Millones de pesos 2018,activo,29990.01604638155
2021,Capex,S&P Capital IQ,produccion,Millones de pesos 2018,activo_corr,6009.35734510298
2021,Capex,S&P Capital IQ,produccion,Millones de pesos 2018,deuda_lp,11615.868151529437
2021,Capex,S&P Capital IQ,produccion,Millones de pesos 2018,deuda_neta,9450.343796706258
2021,Capex,S&P Capital IQ,produccion,Millones de pesos 2018,deuda_total,12416.924245565819
2021,Capex,S&P Capital IQ,produccion,Millones de pesos 2018,ebit,1891.947282948368
2021,Capex,S&P Capital IQ,produccion,Millones de pesos 2018,ebitda,4276.448671400567
2021,Capex,S&P Capital IQ,produccion,Millones de pesos 2018,ebt,-43.08837457081415
2021,Capex,S&P Capital IQ,produccion,Millones de pesos 2018,impuesto_ganancias,274.74504661573246
2021,Capex,S&P Capital IQ,produccion,Millones de pesos 2018,inventarios,749.5660202793072
2021,Capex,S&P Capital IQ,produccion,Millones de pesos 2018,pasivo,17593.22267974317
2021,Capex,S&P Capital IQ,produccion,Millones de pesos 2018,patrimonio_neto,12292.923024619316
2021,Capex,S&P Capital IQ,produccion,Millones de pesos 2018,patrimonio_neto_total,12396.793366638383
2021,Capex,S&P Capital IQ,produccion,Millones de pesos 2018,ppye,50401.68660712868
2021,Capex,S&P Capital IQ,produccion,Millones de pesos 2018,ppye_neta,19977.257496275055
2021,Capex,S&P Capital IQ,produccion,Millones de pesos 2018,utilidad_neta,-301.618621995699
2021,Capex,S&P Capital IQ,produccion,Millones de pesos 2018,utilidad_neta_empresa,-301.618621995699
2021,Capex,S&P Capital IQ,produccion,Millones de pesos 2018,utilidad_operativa,1891.947282948368
2021,Capex,S&P Capital IQ,produccion,Millones de pesos 2018,ventas,8766.427535495512
2021,Capex,S&P Capital IQ,produccion,Millones de pesos 2018,ventas_raw,8766.427535495512
2022,Capex,S&P Capital IQ,produccion,Millones de pesos 2018,activo,34242.3868162654
2022,Capex,S&P Capital IQ,produccion,Millones de pesos 2018,activo_corr,6484.329728746374
2022,Capex,S&P Capital IQ,produccion,Millones de pesos 2018,deuda_lp,10290.964548751448
2022,Capex,S&P Capital IQ,produccion,Millones de pesos 2018,deuda_neta,7948.463008722403
2022,Capex,S&P Capital IQ,produccion,Millones de pesos 2018,deuda_total,10948.139626641683
2022,Capex,S&P Capital IQ,produccion,Millones de pesos 2018,ebit,4239.008890191842
2022,Capex,S&P Capital IQ,produccion,Millones de pesos 2018,ebitda,7943.193012178174
2022,Capex,S&P Capital IQ,produccion,Millones de pesos 2018,ebt,3904.0364270541663
2022,Capex,S&P Capital IQ,produccion,Millones de pesos 2018,impuesto_ganancias,2142.9504698356377
2022,Capex,S&P Capital IQ,produccion,Millones de pesos 2018,inventarios,1553.3301814393708
2022,Capex,S&P Capital IQ,produccion,Millones de pesos 2018,pasivo,18371.3549844877
2022,Capex,S&P Capital IQ,produccion,Millones de pesos 2018,patrimonio_neto,15756.633405551978
2022,Capex,S&P Capital IQ,produccion,Millones de pesos 2018,patrimonio_neto_total,15871.031831777706
2022,Capex,S&P Capital IQ,produccion,Millones de pesos 2018,ppye,66138.8380149333
2022,Capex,S&P Capital IQ,produccion,Millones de pesos 2018,ppye_neta,25146.110993476923
2022,Capex,S&P Capital IQ,produccion,Millones de pesos 2018,utilidad_neta,1766.4346693043485
2022,Capex,S&P Capital IQ,produccion,Millones de pesos 2018,utilidad_neta_empresa,1761.0859572185286
2022,Capex,S&P Capital IQ,produccion,Millones de pesos 2018,utilidad_operativa,4239.008890191842
2022,Capex,S&P Capital IQ,produccion,Millones de pesos 2018,ventas,14907.247167935417
2022,Capex,S&P Capital IQ,produccion,Millones de pesos 2018,ventas_raw,14907.247167935417
2023,Capex,S&P Capital IQ,produccion,Millones de pesos 2018,activo,65778.47985556621
2023,Capex,S&P Capital IQ,produccion,Millones de pesos 2018,activo_corr,7015.059005117665
2023,Capex,S&P Capital IQ,produccion,Millones de pesos 2018,deuda_lp,18548.383211645312
2023,Capex,S&P Capital IQ,produccion,Millones de pesos 2018,deuda_neta,18762.570017193906
2023,Capex,S&P Capital IQ,produccion,Millones de pesos 2018,deuda_total,19603.233364105006
2023,Capex,S&P Capital IQ,produccion,Millones de pesos 2018,ebit,12161.085748677315
2023,Capex,S&P Capital IQ,produccion,Millones de pesos 2018,ebitda,17396.038543122744
2023,Capex,S&P Capital IQ,produccion,Millones de pesos 2018,ebt,9341.698953097337
2023,Capex,S&P Capital IQ,produccion,Millones de pesos 2018,impuesto_ganancias,2427.851359561069
2023,Capex,S&P Capital IQ,produccion,Millones de pesos 2018,inventarios,1137.9465113771903
2023,Capex,S&P Capital IQ,produccion,Millones de pesos 2018,pasivo,36626.41271261364
2023,Capex,S&P Capital IQ,produccion,Millones de pesos 2018,patrimonio_neto,28976.827619934535
2023,Capex,S&P Capital IQ,produccion,Millones de pesos 2018,patrimonio_neto_total,29152.067142952565
2023,Capex,S&P Capital IQ,produccion,Millones de pesos 2018,ppye,124383.6128180819
2023,Capex,S&P Capital IQ,produccion,Millones de pesos 2018,ppye_neta,55800.25753019111
2023,Capex,S&P Capital IQ,produccion,Millones de pesos 2018,utilidad_neta,6917.857610645834
2023,Capex,S&P Capital IQ,produccion,Millones de pesos 2018,utilidad_neta_empresa,6913.847593536269
2023,Capex,S&P Capital IQ,produccion,Millones de pesos 2018,utilidad_operativa,12161.085748677315
2023,Capex,S&P Capital IQ,produccion,Millones de pesos 2018,ventas,27182.785913883592
2023,Capex,S&P Capital IQ,produccion,Millones de pesos 2018,ventas_raw,27182.785913883592
2024,Capex,S&P Capital IQ,produccion,Millones de pesos 2018,activo,31928.45237861918
2024,Capex,S&P Capital IQ,produccion,Millones de pesos 2018,activo_corr,4217.045361929987
2024,Capex,S&P Capital IQ,produccion,Millones de pesos 2018,deuda_lp,9822.337392003124
2024,Capex,S&P Capital IQ,produccion,Millones de pesos 2018,deuda_neta,12041.596394072747
2024,Capex,S&P Capital IQ,produccion,Millones de pesos 2018,deuda_total,12618.690756107617
2024,Capex,S&P Capital IQ,produccion,Millones de pesos 2018,ebit,466.56431971720104
2024,Capex,S&P Capital IQ,produccion,Millones de pesos 2018,ebitda,3183.1518970373545
2024,Capex,S&P Capital IQ,produccion,Millones de pesos 2018,ebt,-1297.392547221209
2024,Capex,S&P Capital IQ,produccion,Millones de pesos 2018,impuesto_ganancias,-26.819484180283396
2024,Capex,S&P Capital IQ,produccion,Millones de pesos 2018,inventarios,464.37423784646035
2024,Capex,S&P Capital IQ,produccion,Millones de pesos 2018,pasivo,19591.830007658114
2024,Capex,S&P Capital IQ,produccion,Millones de pesos 2018,patrimonio_neto,12270.068860082461
2024,Capex,S&P Capital IQ,produccion,Millones de pesos 2018,patrimonio_neto_total,12336.622370961062
2024,Capex,S&P Capital IQ,produccion,Millones de pesos 2018,ppye,60871.635916620806
2024,Capex,S&P Capital IQ,produccion,Millones de pesos 2018,ppye_neta,26019.64413824521
2024,Capex,S&P Capital IQ,produccion,Millones de pesos 2018,utilidad_neta,-1257.163320950784
2024,Capex,S&P Capital IQ,produccion,Millones de pesos 2018,utilidad_neta_empresa,-1270.5730630409257
2024,Capex,S&P Capital IQ,produccion,Millones de pesos 2018,utilidad_operativa,466.56431971720104
2024,Capex,S&P Capital IQ,produccion,Millones de pesos 2018,ventas,11739.57867096365
2024,Capex,S&P Capital IQ,produccion,Millones de pesos 2018,ventas_raw,11739.57867096365
2001,Mega,S&P Capital IQ,transporte,Millones de pesos 2018,KTA,30521.723183353395
2001,Mega,S&P Capital IQ,transporte,Millones de pesos 2018,activo,44095.00123091442
2001,Mega,S&P Capital IQ,transporte,Millones de pesos 2018,activo_corr,5029.502624556112
2001,Mega,S&P Capital IQ,transporte,Millones de pesos 2018,cash_st_inv,156.3540898460747
2001,Mega,S&P Capital IQ,transporte,Millones de pesos 2018,costo_ventas,9622.80075253167
2001,Mega,S&P Capital IQ,transporte,Millones de pesos 2018,deuda_lp,23717.978866049787
2001,Mega,S&P Capital IQ,transporte,Millones de pesos 2018,deuda_neta,27477.995546809074
2001,Mega,S&P Capital IQ,transporte,Millones de pesos 2018,deuda_total,27634.349636655148
2001,Mega,S&P Capital IQ,transporte,Millones de pesos 2018,ebit,2147.3322089675544
2001,Mega,S&P Capital IQ,transporte,Millones de pesos 2018,ebitda,3307.344274216577
2001,Mega,S&P Capital IQ,transporte,Millones de pesos 2018,ebt,502.4923869179588
2001,Mega,S&P Capital IQ,transporte,Millones de pesos 2018,ganancia_bruta,2514.51717137812
2001,Mega,S&P Capital IQ,transporte,Millones de pesos 2018,inventarios,574.9720032758895
2001,Mega,S&P Capital IQ,transporte,Millones de pesos 2018,pasivo,32045.720285380525
2001,Mega,S&P Capital IQ,transporte,Millones de pesos 2018,patrimonio_neto,12049.280945533896
2001,Mega,S&P Capital IQ,transporte,Millones de pesos 2018,patrimonio_neto_total,12049.280945533896
2001,Mega,S&P Capital IQ,transporte,Millones de pesos 2018,ppye_neta,29790.39709023143
2001,Mega,S&P Capital IQ,transporte,Millones de pesos 2018,utilidad_neta,502.4923869179588
2001,Mega,S&P Capital IQ,transporte,Millones de pesos 2018,utilidad_neta_empresa,502.4923869179588
2001,Mega,S&P Capital IQ,transporte,Millones de pesos 2018,utilidad_operativa,2147.3322089675544
2001,Mega,S&P Capital IQ,transporte,Millones de pesos 2018,ventas,12137.317923909788
2001,Mega,S&P Capital IQ,transporte,Millones de pesos 2018,ventas_raw,12137.317923909788
2002,Mega,S&P Capital IQ,transporte,Millones de pesos 2018,KTA,30819.319025631372
2002,Mega,S&P Capital IQ,transporte,Millones de pesos 2018,activo,45019.712536902494
2002,Mega,S&P Capital IQ,transporte,Millones de pesos 2018,activo_corr,9132.147666711182
2002,Mega,S&P Capital IQ,transporte,Millones de pesos 2018,cash_st_inv,304.6185010343105
2002,Mega,S&P Capital IQ,transporte,Millones de pesos 2018,costo_ventas,9398.425326422475
2002,Mega,S&P Capital IQ,transporte,Millones de pesos 2018,deuda_lp,29215.452392217052
2002,Mega,S&P Capital IQ,transporte,Millones de pesos 2018,deuda_neta,30807.806438775893
2002,Mega,S&P Capital IQ,transporte,Millones de pesos 2018,deuda_total,31112.424939810207
2002,Mega,S&P Capital IQ,transporte,Millones de pesos 2018,ebit,6429.686748660152
2002,Mega,S&P Capital IQ,transporte,Millones de pesos 2018,ebitda,8029.4609364777425
2002,Mega,S&P Capital IQ,transporte,Millones de pesos 2018,ebt,-2882.280112517451
2002,Mega,S&P Capital IQ,transporte,Millones de pesos 2018,ganancia_bruta,6911.644558886645
2002,Mega,S&P Capital IQ,transporte,Millones de pesos 2018,impuesto_ganancias,0.0
2002,Mega,S&P Capital IQ,transporte,Millones de pesos 2018,inventarios,481.0897157059718
2002,Mega,S&P Capital IQ,transporte,Millones de pesos 2018,pasivo,36508.72783745852
2002,Mega,S&P Capital IQ,transporte,Millones de pesos 2018,patrimonio_neto,8510.984699443974
2002,Mega,S&P Capital IQ,transporte,Millones de pesos 2018,patrimonio_neto_total,8510.984699443974
2002,Mega,S&P Capital IQ,transporte,Millones de pesos 2018,ppye_neta,30033.61080889109
2002,Mega,S&P Capital IQ,transporte,Millones de pesos 2018,utilidad_neta,0.0
2002,Mega,S&P Capital IQ,transporte,Millones de pesos 2018,utilidad_neta_empresa,0.0
2002,Mega,S&P Capital IQ,transporte,Millones de pesos 2018,utilidad_operativa,6429.686748660152
2002,Mega,S&P Capital IQ,transporte,Millones de pesos 2018,ventas,16310.06988530912
2002,Mega,S&P Capital IQ,transporte,Millones de pesos 2018,ventas_raw,16310.06988530912
2003,Mega,S&P Capital IQ,transporte,Millones de pesos 2018,KTA,21990.945929257814
2003,Mega,S&P Capital IQ,transporte,Millones de pesos 2018,activo,38908.696551666835
2003,Mega,S&P Capital IQ,transporte,Millones de pesos 2018,activo_corr,12297.277771564542
2003,Mega,S&P Capital IQ,transporte,Millones de pesos 2018,cash_st_inv,791.7359274657006
2003,Mega,S&P Capital IQ,transporte,Millones de pesos 2018,costo_ventas,10428.394725659718
2003,Mega,S&P Capital IQ,transporte,Millones de pesos 2018,deuda_lp,19618.489317613155
2003,Mega,S&P Capital IQ,transporte,Millones de pesos 2018,deuda_neta,21592.244806240164
2003,Mega,S&P Capital IQ,transporte,Millones de pesos 2018,deuda_total,22383.980733705863
2003,Mega,S&P Capital IQ,transporte,Millones de pesos 2018,ebit,8535.698566023497
2003,Mega,S&P Capital IQ,transporte,Millones de pesos 2018,ebitda,9785.294897521255
2003,Mega,S&P Capital IQ,transporte,Millones de pesos 2018,ebt,5516.753266902932
2003,Mega,S&P Capital IQ,transporte,Millones de pesos 2018,ganancia_bruta,9010.175312613343
2003,Mega,S&P Capital IQ,transporte,Millones de pesos 2018,impuesto_ganancias,0.0
2003,Mega,S&P Capital IQ,transporte,Millones de pesos 2018,inventarios,286.46793205714437
2003,Mega,S&P Capital IQ,transporte,Millones de pesos 2018,pasivo,24798.051080440426
2003,Mega,S&P Capital IQ,transporte,Millones de pesos 2018,patrimonio_neto,14110.645471226406
2003,Mega,S&P Capital IQ,transporte,Millones de pesos 2018,patrimonio_neto_total,14110.645471226406
2003,Mega,S&P Capital IQ,transporte,Millones de pesos 2018,ppye,24357.772661680592
2003,Mega,S&P Capital IQ,transporte,Millones de pesos 2018,ppye_neta,20912.742069734966
2003,Mega,S&P Capital IQ,transporte,Millones de pesos 2018,utilidad_neta,6608.202829319979
2003,Mega,S&P Capital IQ,transporte,Millones de pesos 2018,utilidad_neta_empresa,6608.202829319979
2003,Mega,S&P Capital IQ,transporte,Millones de pesos 2018,utilidad_operativa,8535.698566023497
2003,Mega,S&P Capital IQ,transporte,Millones de pesos 2018,ventas,19438.57003827306
2003,Mega,S&P Capital IQ,transporte,Millones de pesos 2018,ventas_raw,19438.57003827306
2004,Mega,S&P Capital IQ,transporte,Millones de pesos 2018,KTA,25976.663388468864
2004,Mega,S&P Capital IQ,transporte,Millones de pesos 2018,activo,32811.781612615
2004,Mega,S&P Capital IQ,transporte,Millones de pesos 2018,activo_corr,12955.797720822775
2004,Mega,S&P Capital IQ,transporte,Millones de pesos 2018,cash_st_inv,6401.907734528972
2004,Mega,S&P Capital IQ,transporte,Millones de pesos 2018,costo_ventas,13151.263298810105
2004,Mega,S&P Capital IQ,transporte,Millones de pesos 2018,deuda_lp,8550.877447313083
2004,Mega,S&P Capital IQ,transporte,Millones de pesos 2018,deuda_neta,2372.702942649631
2004,Mega,S&P Capital IQ,transporte,Millones de pesos 2018,deuda_total,8774.610677178602
2004,Mega,S&P Capital IQ,transporte,Millones de pesos 2018,ebit,11716.313533467657
2004,Mega,S&P Capital IQ,transporte,Millones de pesos 2018,ebitda,12885.599718658605
2004,Mega,S&P Capital IQ,transporte,Millones de pesos 2018,ebt,10060.33515927273
2004,Mega,S&P Capital IQ,transporte,Millones de pesos 2018,ganancia_bruta,12531.32926428646
2004,Mega,S&P Capital IQ,transporte,Millones de pesos 2018,impuesto_ganancias,3941.1911893647807
2004,Mega,S&P Capital IQ,transporte,Millones de pesos 2018,inventarios,568.9650153037736
2004,Mega,S&P Capital IQ,transporte,Millones de pesos 2018,pasivo,13178.728288968296
2004,Mega,S&P Capital IQ,transporte,Millones de pesos 2018,patrimonio_neto,19633.0533236467
2004,Mega,S&P Capital IQ,transporte,Millones de pesos 2018,patrimonio_neto_total,19633.0533236467
2004,Mega,S&P Capital IQ,transporte,Millones de pesos 2018,ppye,23474.41782387869
2004,Mega,S&P Capital IQ,transporte,Millones de pesos 2018,ppye_neta,19005.790638636117
2004,Mega,S&P Capital IQ,transporte,Millones de pesos 2018,utilidad_neta,6119.14396990795
2004,Mega,S&P Capital IQ,transporte,Millones de pesos 2018,utilidad_neta_empresa,6119.14396990795
2004,Mega,S&P Capital IQ,transporte,Millones de pesos 2018,utilidad_operativa,11716.313533467657
2004,Mega,S&P Capital IQ,transporte,Millones de pesos 2018,ventas,25682.592563096565
2004,Mega,S&P Capital IQ,transporte,Millones de pesos 2018,ventas_raw,25682.592563096565
2005,Mega,S&P Capital IQ,transporte,Millones de pesos 2018,KTA,20653.60337851541
2005,Mega,S&P Capital IQ,transporte,Millones de pesos 2018,activo,25402.031778403456
2005,Mega,S&P Capital IQ,transporte,Millones de pesos 2018,activo_corr,8628.724530505382
2005,Mega,S&P Capital IQ,transporte,Millones de pesos 2018,cash_st_inv,3512.5705221961207
2005,Mega,S&P Capital IQ,transporte,Millones de pesos 2018,costo_ventas,16049.20322913425
2005,Mega,S&P Capital IQ,transporte,Millones de pesos 2018,deuda_neta,-4438.615878866806
2005,Mega,S&P Capital IQ,transporte,Millones de pesos 2018,deuda_total,0.0
2005,Mega,S&P Capital IQ,transporte,Millones de pesos 2018,ebit,11787.972269330974
2005,Mega,S&P Capital IQ,transporte,Millones de pesos 2018,ebitda,12876.746269543937
2005,Mega,S&P Capital IQ,transporte,Millones de pesos 2018,ebt,9544.282676738576
2005,Mega,S&P Capital IQ,transporte,Millones de pesos 2018,ganancia_bruta,12451.791314291475
2005,Mega,S&P Capital IQ,transporte,Millones de pesos 2018,impuesto_ganancias,3665.9725450288097
2005,Mega,S&P Capital IQ,transporte,Millones de pesos 2018,inventarios,697.669662510573
2005,Mega,S&P Capital IQ,transporte,Millones de pesos 2018,pasivo,5566.365630252817
2005,Mega,S&P Capital IQ,transporte,Millones de pesos 2018,patrimonio_neto,19835.666148150638
2005,Mega,S&P Capital IQ,transporte,Millones de pesos 2018,patrimonio_neto_total,19835.666148150638
2005,Mega,S&P Capital IQ,transporte,Millones de pesos 2018,ppye,21607.802474166365
2005,Mega,S&P Capital IQ,transporte,Millones de pesos 2018,ppye_neta,16443.363193808716
2005,Mega,S&P Capital IQ,transporte,Millones de pesos 2018,utilidad_neta,5878.310131709765
2005,Mega,S&P Capital IQ,transporte,Millones de pesos 2018,utilidad_neta_empresa,5878.310131709765
2005,Mega,S&P Capital IQ,transporte,Millones de pesos 2018,utilidad_operativa,11787.972269330974
2005,Mega,S&P Capital IQ,transporte,Millones de pesos 2018,ventas,28500.994543425724
2005,Mega,S&P Capital IQ,transporte,Millones de pesos 2018,ventas_raw,28500.994543425724
2006,Mega,S&P Capital IQ,transporte,Millones de pesos 2018,KTA,21114.750715054983
2006,Mega,S&P Capital IQ,transporte,Millones de pesos 2018,activo,25372.805789185506
2006,Mega,S&P Capital IQ,transporte,Millones de pesos 2018,activo_corr,10968.231634809232
2006,Mega,S&P Capital IQ,transporte,Millones de pesos 2018,cash_st_inv,6442.060532510041
2006,Mega,S&P Capital IQ,transporte,Millones de pesos 2018,costo_ventas,16455.533330191338
2006,Mega,S&P Capital IQ,transporte,Millones de pesos 2018,deuda_lp,176.21349407927127
2006,Mega,S&P Capital IQ,transporte,Millones de pesos 2018,deuda_neta,-6003.657089876151
2006,Mega,S&P Capital IQ,transporte,Millones de pesos 2018,deuda_total,616.2234250153846
2006,Mega,S&P Capital IQ,transporte,Millones de pesos 2018,ebit,13113.633436614657
2006,Mega,S&P Capital IQ,transporte,Millones de pesos 2018,ebitda,14219.563618854658
2006,Mega,S&P Capital IQ,transporte,Millones de pesos 2018,ebt,13481.071363351823
2006,Mega,S&P Capital IQ,transporte,Millones de pesos 2018,ganancia_bruta,13877.98583678162
2006,Mega,S&P Capital IQ,transporte,Millones de pesos 2018,impuesto_ganancias,4933.705168987288
2006,Mega,S&P Capital IQ,transporte,Millones de pesos 2018,inventarios,615.1327640861539
2006,Mega,S&P Capital IQ,transporte,Millones de pesos 2018,pasivo,5316.914626793198
2006,Mega,S&P Capital IQ,transporte,Millones de pesos 2018,patrimonio_neto,20055.891162392305
2006,Mega,S&P Capital IQ,transporte,Millones de pesos 2018,patrimonio_neto_total,20055.891162392305
2006,Mega,S&P Capital IQ,transporte,Millones de pesos 2018,ppye,19757.078769386477
2006,Mega,S&P Capital IQ,transporte,Millones de pesos 2018,ppye_neta,14057.557418458786
2006,Mega,S&P Capital IQ,transporte,Millones de pesos 2018,utilidad_neta,8547.366194364535
2006,Mega,S&P Capital IQ,transporte,Millones de pesos 2018,utilidad_neta_empresa,8547.366194364535
2006,Mega,S&P Capital IQ,transporte,Millones de pesos 2018,utilidad_operativa,13113.633436614657
2006,Mega,S&P Capital IQ,transporte,Millones de pesos 2018,ventas,30333.519166972957
2006,Mega,S&P Capital IQ,transporte,Millones de pesos 2018,ventas_raw,30333.519166972957
2007,Mega,S&P Capital IQ,transporte,Millones de pesos 2018,KTA,18582.520437968167
2007,Mega,S&P Capital IQ,transporte,Millones de pesos 2018,activo,24619.419807788712
2007,Mega,S&P Capital IQ,transporte,Millones de pesos 2018,activo_corr,12340.693906020522
2007,Mega,S&P Capital IQ,transporte,Millones de pesos 2018,cash_st_inv,5597.108014636331
2007,Mega,S&P Capital IQ,transporte,Millones de pesos 2018,costo_ventas,15627.33319442547
2007,Mega,S&P Capital IQ,transporte,Millones de pesos 2018,deuda_neta,-5309.095047730292
2007,Mega,S&P Capital IQ,transporte,Millones de pesos 2018,deuda_total,161.25894532753767
2007,Mega,S&P Capital IQ,transporte,Millones de pesos 2018,ebit,12963.673494131706
2007,Mega,S&P Capital IQ,transporte,Millones de pesos 2018,ebitda,13908.65065993988
2007,Mega,S&P Capital IQ,transporte,Millones de pesos 2018,ebt,13812.037427014833
2007,Mega,S&P Capital IQ,transporte,Millones de pesos 2018,ganancia_bruta,13995.377946661243
2007,Mega,S&P Capital IQ,transporte,Millones de pesos 2018,impuesto_ganancias,5190.87049996884
2007,Mega,S&P Capital IQ,transporte,Millones de pesos 2018,inventarios,934.5201444065906
2007,Mega,S&P Capital IQ,transporte,Millones de pesos 2018,pasivo,6148.373248450991
2007,Mega,S&P Capital IQ,transporte,Millones de pesos 2018,patrimonio_neto,18471.04655933772
2007,Mega,S&P Capital IQ,transporte,Millones de pesos 2018,patrimonio_neto_total,18471.04655933772
2007,Mega,S&P Capital IQ,transporte,Millones de pesos 2018,ppye,18021.965714267633
2007,Mega,S&P Capital IQ,transporte,Millones de pesos 2018,ppye_neta,12050.892278925248
2007,Mega,S&P Capital IQ,transporte,Millones de pesos 2018,utilidad_neta,8621.166927045993
2007,Mega,S&P Capital IQ,transporte,Millones de pesos 2018,utilidad_neta_empresa,8621.166927045993
2007,Mega,S&P Capital IQ,transporte,Millones de pesos 2018,utilidad_operativa,12963.673494131706
2007,Mega,S&P Capital IQ,transporte,Millones de pesos 2018,ventas,29622.711141086715
2007,Mega,S&P Capital IQ,transporte,Millones de pesos 2018,ventas_raw,29622.711141086715
2008,Mega,S&P Capital IQ,transporte,Millones de pesos 2018,KTA,11852.094473797784
2008,Mega,S&P Capital IQ,transporte,Millones de pesos 2018,activo,15712.495039504445
2008,Mega,S&P Capital IQ,transporte,Millones de pesos 2018,activo_corr,6066.243225470618
2008,Mega,S&P Capital IQ,transporte,Millones de pesos 2018,cash_st_inv,1968.2902141322559
2008,Mega,S&P Capital IQ,transporte,Millones de pesos 2018,costo_ventas,17101.06498469605
2008,Mega,S&P Capital IQ,transporte,Millones de pesos 2018,deuda_neta,0.0
2008,Mega,S&P Capital IQ,transporte,Millones de pesos 2018,deuda_total,1952.768644743941
2008,Mega,S&P Capital IQ,transporte,Millones de pesos 2018,ebit,5690.176294617591
2008,Mega,S&P Capital IQ,transporte,Millones de pesos 2018,ebitda,6455.482794877862
2008,Mega,S&P Capital IQ,transporte,Millones de pesos 2018,ebt,5920.009346406838
2008,Mega,S&P Capital IQ,transporte,Millones de pesos 2018,ganancia_bruta,6463.812703782925
2008,Mega,S&P Capital IQ,transporte,Millones de pesos 2018,impuesto_ganancias,2202.407219072678
2008,Mega,S&P Capital IQ,transporte,Millones de pesos 2018,inventarios,360.0383235313604
2008,Mega,S&P Capital IQ,transporte,Millones de pesos 2018,pasivo,4691.859994699931
2008,Mega,S&P Capital IQ,transporte,Millones de pesos 2018,patrimonio_neto,11020.635044804512
2008,Mega,S&P Capital IQ,transporte,Millones de pesos 2018,patrimonio_neto_total,11020.635044804512
2008,Mega,S&P Capital IQ,transporte,Millones de pesos 2018,ppye,15142.8637906662
2008,Mega,S&P Capital IQ,transporte,Millones de pesos 2018,ppye_neta,9523.765936134168
2008,Mega,S&P Capital IQ,transporte,Millones de pesos 2018,utilidad_neta,3717.6021273341603
2008,Mega,S&P Capital IQ,transporte,Millones de pesos 2018,utilidad_neta_empresa,3717.6021273341603
2008,Mega,S&P Capital IQ,transporte,Millones de pesos 2018,utilidad_operativa,5690.176294617591
2008,Mega,S&P Capital IQ,transporte,Millones de pesos 2018,ventas,23564.87768847898
2008,Mega,S&P Capital IQ,transporte,Millones de pesos 2018,ventas_raw,23564.87768847898
2009,Mega,S&P Capital IQ,transporte,Millones de pesos 2018,KTA,10529.682460627537
2009,Mega,S&P Capital IQ,transporte,Millones de pesos 2018,activo,14288.460121535261
2009,Mega,S&P Capital IQ,transporte,Millones de pesos 2018,activo_corr,6265.566464583118
2009,Mega,S&P Capital IQ,transporte,Millones de pesos 2018,cash_st_inv,1939.5344266919383
2009,Mega,S&P Capital IQ,transporte,Millones de pesos 2018,costo_ventas,10852.741482230784
2009,Mega,S&P Capital IQ,transporte,Millones de pesos 2018,deuda_neta,758.7508195636499
2009,Mega,S&P Capital IQ,transporte,Millones de pesos 2018,deuda_total,2698.2852462555884
2009,Mega,S&P Capital IQ,transporte,Millones de pesos 2018,ebit,3545.711514575908
2009,Mega,S&P Capital IQ,transporte,Millones de pesos 2018,ebitda,4236.356490088383
2009,Mega,S&P Capital IQ,transporte,Millones de pesos 2018,ebt,3825.027465287707
2009,Mega,S&P Capital IQ,transporte,Millones de pesos 2018,ganancia_bruta,4338.871147267146
2009,Mega,S&P Capital IQ,transporte,Millones de pesos 2018,impuesto_ganancias,1352.4222272069883
2009,Mega,S&P Capital IQ,transporte,Millones de pesos 2018,inventarios,618.8000224149654
2009,Mega,S&P Capital IQ,transporte,Millones de pesos 2018,pasivo,7282.595115284617
2009,Mega,S&P Capital IQ,transporte,Millones de pesos 2018,patrimonio_neto,7005.865006250644
2009,Mega,S&P Capital IQ,transporte,Millones de pesos 2018,patrimonio_neto_total,7005.865006250644
2009,Mega,S&P Capital IQ,transporte,Millones de pesos 2018,ppye,13554.378411776097
2009,Mega,S&P Capital IQ,transporte,Millones de pesos 2018,ppye_neta,7971.348011520633
2009,Mega,S&P Capital IQ,transporte,Millones de pesos 2018,utilidad_neta,2472.6052380807187
2009,Mega,S&P Capital IQ,transporte,Millones de pesos 2018,utilidad_neta_empresa,2472.6052380807187
2009,Mega,S&P Capital IQ,transporte,Millones de pesos 2018,utilidad_operativa,3545.711514575908
2009,Mega,S&P Capital IQ,transporte,Millones de pesos 2018,ventas,15191.61262949793
2009,Mega,S&P Capital IQ,transporte,Millones de pesos 2018,ventas_raw,15191.61262949793
2010,Mega,S&P Capital IQ,transporte,Millones de pesos 2018,KTA,7925.022643955814
2010,Mega,S&P Capital IQ,transporte,Millones de pesos 2018,activo,12052.943317089781
2010,Mega,S&P Capital IQ,transporte,Millones de pesos 2018,activo_corr,6000.376435321542
2010,Mega,S&P Capital IQ,transporte,Millones de pesos 2018,cash_st_inv,1271.1989097350001
2010,Mega,S&P Capital IQ,transporte,Millones de pesos 2018,costo_ventas,10915.184425368492
2010,Mega,S&P Capital IQ,transporte,Millones de pesos 2018,deuda_lp,459.72695728045994
2010,Mega,S&P Capital IQ,transporte,Millones de pesos 2018,deuda_neta,1087.3510819227722
2010,Mega,S&P Capital IQ,transporte,Millones de pesos 2018,deuda_total,2358.5499916577724
2010,Mega,S&P Capital IQ,transporte,Millones de pesos 2018,ebit,3190.9553961575984
2010,Mega,S&P Capital IQ,transporte,Millones de pesos 2018,ebitda,3740.9167000792313
2010,Mega,S&P Capital IQ,transporte,Millones de pesos 2018,ebt,3425.5331970180137
2010,Mega,S&P Capital IQ,transporte,Millones de pesos 2018,ganancia_bruta,3859.394024941559
2010,Mega,S&P Capital IQ,transporte,Millones de pesos 2018,impuesto_ganancias,1198.2038765428865
2010,Mega,S&P Capital IQ,transporte,Millones de pesos 2018,inventarios,631.2681489552571
2010,Mega,S&P Capital IQ,transporte,Millones de pesos 2018,pasivo,6422.696659723541
2010,Mega,S&P Capital IQ,transporte,Millones de pesos 2018,patrimonio_neto,5630.2466573662405
2010,Mega,S&P Capital IQ,transporte,Millones de pesos 2018,patrimonio_neto_total,5630.2466573662405
2010,Mega,S&P Capital IQ,transporte,Millones de pesos 2018,ppye,10999.95631513191
2010,Mega,S&P Capital IQ,transporte,Millones de pesos 2018,ppye_neta,6022.555585265556
2010,Mega,S&P Capital IQ,transporte,Millones de pesos 2018,utilidad_neta,2227.329320475127
2010,Mega,S&P Capital IQ,transporte,Millones de pesos 2018,utilidad_neta_empresa,2227.329320475127
2010,Mega,S&P Capital IQ,transporte,Millones de pesos 2018,utilidad_operativa,3190.9553961575984
2010,Mega,S&P Capital IQ,transporte,Millones de pesos 2018,ventas,14774.578450310051
2010,Mega,S&P Capital IQ,transporte,Millones de pesos 2018,ventas_raw,14774.578450310051
2015,Mega,S&P Capital IQ,transporte,Millones de pesos 2018,KTA,3687.015573545591
2015,Mega,S&P Capital IQ,transporte,Millones de pesos 2018,activo,6752.436667340548
2015,Mega,S&P Capital IQ,transporte,Millones de pesos 2018,activo_corr,5381.013968466089
2015,Mega,S&P Capital IQ,transporte,Millones de pesos 2018,cash_st_inv,2196.922127294098
2015,Mega,S&P Capital IQ,transporte,Millones de pesos 2018,costo_ventas,4051.6881730810824
2015,Mega,S&P Capital IQ,transporte,Millones de pesos 2018,deuda_neta,-2293.801859101057
2015,Mega,S&P Capital IQ,transporte,Millones de pesos 2018,deuda_total,0.0
2015,Mega,S&P Capital IQ,transporte,Millones de pesos 2018,ebit,2232.6368490686327
2015,Mega,S&P Capital IQ,transporte,Millones de pesos 2018,ebitda,2440.8246857892414
2015,Mega,S&P Capital IQ,transporte,Millones de pesos 2018,ebt,3124.063556646513
2015,Mega,S&P Capital IQ,transporte,Millones de pesos 2018,ganancia_bruta,2657.533064077707
2015,Mega,S&P Capital IQ,transporte,Millones de pesos 2018,impuesto_ganancias,1093.094602862274
2015,Mega,S&P Capital IQ,transporte,Millones de pesos 2018,inventarios,233.64048731628884
2015,Mega,S&P Capital IQ,transporte,Millones de pesos 2018,pasivo,2542.2775241196437
2015,Mega,S&P Capital IQ,transporte,Millones de pesos 2018,patrimonio_neto,4210.159143220904
2015,Mega,S&P Capital IQ,transporte,Millones de pesos 2018,patrimonio_neto_total,4210.159143220904
2015,Mega,S&P Capital IQ,transporte,Millones de pesos 2018,ppye,3596.1270553347945
2015,Mega,S&P Capital IQ,transporte,Millones de pesos 2018,ppye_neta,1256.452958935204
2015,Mega,S&P Capital IQ,transporte,Millones de pesos 2018,utilidad_neta,2030.9689537842387
2015,Mega,S&P Capital IQ,transporte,Millones de pesos 2018,utilidad_neta_empresa,2030.9689537842387
2015,Mega,S&P Capital IQ,transporte,Millones de pesos 2018,utilidad_operativa,2232.6368490686327
2015,Mega,S&P Capital IQ,transporte,Millones de pesos 2018,ventas,6709.221237158788
2015,Mega,S&P Capital IQ,transporte,Millones de pesos 2018,ventas_raw,6709.221237158788
2016,Mega,S&P Capital IQ,transporte,Millones de pesos 2018,KTA,4956.227793518725
2016,Mega,S&P Capital IQ,transporte,Millones de pesos 2018,activo,7571.86617335554
2016,Mega,S&P Capital IQ,transporte,Millones de pesos 2018,activo_corr,3508.196121475019
2016,Mega,S&P Capital IQ,transporte,Millones de pesos 2018,cash_st_inv,1036.8824997634845
2016,Mega,S&P Capital IQ,transporte,Millones de pesos 2018,costo_ventas,5539.290523400169
2016,Mega,S&P Capital IQ,transporte,Millones de pesos 2018,deuda_neta,-825.4146263272737
2016,Mega,S&P Capital IQ,transporte,Millones de pesos 2018,deuda_total,243.6926766840157
2016,Mega,S&P Capital IQ,transporte,Millones de pesos 2018,ebit,1315.0448983415477
2016,Mega,S&P Capital IQ,transporte,Millones de pesos 2018,ebitda,2080.12208398034
2016,Mega,S&P Capital IQ,transporte,Millones de pesos 2018,ebt,1491.2690208898541
2016,Mega,S&P Capital IQ,transporte,Millones de pesos 2018,ganancia_bruta,1925.2036648677035
2016,Mega,S&P Capital IQ,transporte,Millones de pesos 2018,impuesto_ganancias,690.7395472310742
2016,Mega,S&P Capital IQ,transporte,Millones de pesos 2018,inventarios,302.95443603890635
2016,Mega,S&P Capital IQ,transporte,Millones de pesos 2018,pasivo,3122.5981077740253
2016,Mega,S&P Capital IQ,transporte,Millones de pesos 2018,patrimonio_neto,4449.268065581515
2016,Mega,S&P Capital IQ,transporte,Millones de pesos 2018,patrimonio_neto_total,4449.268065581515
2016,Mega,S&P Capital IQ,transporte,Millones de pesos 2018,ppye,14558.096299822091
2016,Mega,S&P Capital IQ,transporte,Millones de pesos 2018,ppye_neta,3616.3908577163347
2016,Mega,S&P Capital IQ,transporte,Millones de pesos 2018,utilidad_neta,800.52947365878
2016,Mega,S&P Capital IQ,transporte,Millones de pesos 2018,utilidad_neta_empresa,800.52947365878
2016,Mega,S&P Capital IQ,transporte,Millones de pesos 2018,utilidad_operativa,1315.0448983415477
2016,Mega,S&P Capital IQ,transporte,Millones de pesos 2018,ventas,7464.494188267873
2016,Mega,S&P Capital IQ,transporte,Millones de pesos 2018,ventas_raw,7464.494188267873
2017,Mega,S&P Capital IQ,transporte,Millones de pesos 2018,KTA,6097.517705479166
2017,Mega,S&P Capital IQ,transporte,Millones de pesos 2018,activo,7698.527546058908
2017,Mega,S&P Capital IQ,transporte,Millones de pesos 2018,activo_corr,4676.174658053811
2017,Mega,S&P Capital IQ,transporte,Millones de pesos 2018,cash_st_inv,2559.2814974524435
2017,Mega,S&P Capital IQ,transporte,Millones de pesos 2018,costo_ventas,6109.2476947175755
2017,Mega,S&P Capital IQ,transporte,Millones de pesos 2018,deuda_neta,-2340.84175947406
2017,Mega,S&P Capital IQ,transporte,Millones de pesos 2018,deuda_total,272.27171892759145
2017,Mega,S&P Capital IQ,transporte,Millones de pesos 2018,ebit,1991.4879092014733
2017,Mega,S&P Capital IQ,transporte,Millones de pesos 2018,ebitda,2591.5518572973306
2017,Mega,S&P Capital IQ,transporte,Millones de pesos 2018,ebt,1997.1172968611204
2017,Mega,S&P Capital IQ,transporte,Millones de pesos 2018,ganancia_bruta,2099.912673266773
2017,Mega,S&P Capital IQ,transporte,Millones de pesos 2018,impuesto_ganancias,706.7225592276833
2017,Mega,S&P Capital IQ,transporte,Millones de pesos 2018,inventarios,556.0168373259315
2017,Mega,S&P Capital IQ,transporte,Millones de pesos 2018,pasivo,2814.3005520489023
2017,Mega,S&P Capital IQ,transporte,Millones de pesos 2018,patrimonio_neto,4884.226994010006
2017,Mega,S&P Capital IQ,transporte,Millones de pesos 2018,patrimonio_neto_total,4884.226994010006
2017,Mega,S&P Capital IQ,transporte,Millones de pesos 2018,ppye,14054.018685515444
2017,Mega,S&P Capital IQ,transporte,Millones de pesos 2018,ppye_neta,2982.219370700792
2017,Mega,S&P Capital IQ,transporte,Millones de pesos 2018,utilidad_neta,1290.394737633437
2017,Mega,S&P Capital IQ,transporte,Millones de pesos 2018,utilidad_neta_empresa,1290.394737633437
2017,Mega,S&P Capital IQ,transporte,Millones de pesos 2018,utilidad_operativa,1991.4879092014733
2017,Mega,S&P Capital IQ,transporte,Millones de pesos 2018,ventas,8209.160367984348
2017,Mega,S&P Capital IQ,transporte,Millones de pesos 2018,ventas_raw,8209.160367984348
2018,Mega,S&P Capital IQ,transporte,Millones de pesos 2018,KTA,10921.917000000001
2018,Mega,S&P Capital IQ,transporte,Millones de pesos 2018,activo,14193.564
2018,Mega,S&P Capital IQ,transporte,Millones de pesos 2018,activo_corr,8835.857
2018,Mega,S&P Capital IQ,transporte,Millones de pesos 2018,cash_st_inv,4705.608
2018,Mega,S&P Capital IQ,transporte,Millones de pesos 2018,costo_ventas,10273.662
2018,Mega,S&P Capital IQ,transporte,Millones de pesos 2018,deuda_neta,-4462.39940426968
2018,Mega,S&P Capital IQ,transporte,Millones de pesos 2018,deuda_total,213.49600000000004
2018,Mega,S&P Capital IQ,transporte,Millones de pesos 2018,ebit,2878.091
2018,Mega,S&P Capital IQ,transporte,Millones de pesos 2018,ebitda,3212.444
2018,Mega,S&P Capital IQ,transporte,Millones de pesos 2018,ebt,3233.808
2018,Mega,S&P Capital IQ,transporte,Millones de pesos 2018,ganancia_bruta,3647.07
2018,Mega,S&P Capital IQ,transporte,Millones de pesos 2018,impuesto_ganancias,2280.554
2018,Mega,S&P Capital IQ,transporte,Millones de pesos 2018,inventarios,879.5640000000001
2018,Mega,S&P Capital IQ,transporte,Millones de pesos 2018,pasivo,5475.092000000001
2018,Mega,S&P Capital IQ,transporte,Millones de pesos 2018,patrimonio_neto,8718.472
2018,Mega,S&P Capital IQ,transporte,Millones de pesos 2018,patrimonio_neto_total,8718.472
2018,Mega,S&P Capital IQ,transporte,Millones de pesos 2018,ppye,24386.019
2018,Mega,S&P Capital IQ,transporte,Millones de pesos 2018,ppye_neta,5336.745
2018,Mega,S&P Capital IQ,transporte,Millones de pesos 2018,utilidad_neta,953.254
2018,Mega,S&P Capital IQ,transporte,Millones de pesos 2018,utilidad_neta_empresa,953.254
2018,Mega,S&P Capital IQ,transporte,Millones de pesos 2018,utilidad_operativa,2878.091
2018,Mega,S&P Capital IQ,transporte,Millones de pesos 2018,ventas,13920.732000000002
2018,Mega,S&P Capital IQ,transporte,Millones de pesos 2018,ventas_raw,13920.732000000002
2019,Mega,S&P Capital IQ,transporte,Millones de pesos 2018,KTA,10068.921242779797
2019,Mega,S&P Capital IQ,transporte,Millones de pesos 2018,activo,13831.21984573201
2019,Mega,S&P Capital IQ,transporte,Millones de pesos 2018,activo_corr,7804.3842802610925
2019,Mega,S&P Capital IQ,transporte,Millones de pesos 2018,cash_st_inv,3088.760913386544
2019,Mega,S&P Capital IQ,transporte,Millones de pesos 2018,costo_ventas,9710.214609958299
2019,Mega,S&P Capital IQ,transporte,Millones de pesos 2018,deuda_neta,-2540.620063186828
2019,Mega,S&P Capital IQ,transporte,Millones de pesos 2018,deuda_total,592.923776870507
2019,Mega,S&P Capital IQ,transporte,Millones de pesos 2018,ebit,1462.5536882817735
2019,Mega,S&P Capital IQ,transporte,Millones de pesos 2018,ebitda,1930.8845192666522
2019,Mega,S&P Capital IQ,transporte,Millones de pesos 2018,ebt,1645.005838034282
2019,Mega,S&P Capital IQ,transporte,Millones de pesos 2018,ganancia_bruta,2030.8052210256935
2019,Mega,S&P Capital IQ,transporte,Millones de pesos 2018,impuesto_ganancias,735.5111030325414
2019,Mega,S&P Capital IQ,transporte,Millones de pesos 2018,inventarios,993.6261895437411
2019,Mega,S&P Capital IQ,transporte,Millones de pesos 2018,pasivo,4652.761783851458
2019,Mega,S&P Capital IQ,transporte,Millones de pesos 2018,patrimonio_neto,9178.458061880556
2019,Mega,S&P Capital IQ,transporte,Millones de pesos 2018,patrimonio_neto_total,9178.458061880556
2019,Mega,S&P Capital IQ,transporte,Millones de pesos 2018,ppye,26290.72655391047
2019,Mega,S&P Capital IQ,transporte,Millones de pesos 2018,ppye_neta,5986.534139849512
2019,Mega,S&P Capital IQ,transporte,Millones de pesos 2018,utilidad_neta,909.4947350017405
2019,Mega,S&P Capital IQ,transporte,Millones de pesos 2018,utilidad_neta_empresa,909.4947350017405
2019,Mega,S&P Capital IQ,transporte,Millones de pesos 2018,utilidad_operativa,1462.5536882817735
2019,Mega,S&P Capital IQ,transporte,Millones de pesos 2018,ventas,11741.019830983993
2019,Mega,S&P Capital IQ,transporte,Millones de pesos 2018,ventas_raw,11741.019830983993
2020,Mega,S&P Capital IQ,transporte,Millones de pesos 2018,KTA,10024.931375873803
2020,Mega,S&P Capital IQ,transporte,Millones de pesos 2018,activo,12635.705852421406
2020,Mega,S&P Capital IQ,transporte,Millones de pesos 2018,activo_corr,5096.934383827048
2020,Mega,S&P Capital IQ,transporte,Millones de pesos 2018,cash_st_inv,1508.8876409311233
2020,Mega,S&P Capital IQ,transporte,Millones de pesos 2018,costo_ventas,7764.125058631881
2020,Mega,S&P Capital IQ,transporte,Millones de pesos 2018,deuda_neta,-1342.1830316396024
2020,Mega,S&P Capital IQ,transporte,Millones de pesos 2018,deuda_total,181.50009280254278
2020,Mega,S&P Capital IQ,transporte,Millones de pesos 2018,ebit,1239.8950499766938
2020,Mega,S&P Capital IQ,transporte,Millones de pesos 2018,ebitda,1735.7239138510608
2020,Mega,S&P Capital IQ,transporte,Millones de pesos 2018,ebt,1232.2286399074067
2020,Mega,S&P Capital IQ,transporte,Millones de pesos 2018,ganancia_bruta,2030.8213483707666
2020,Mega,S&P Capital IQ,transporte,Millones de pesos 2018,impuesto_ganancias,413.2775725711072
2020,Mega,S&P Capital IQ,transporte,Millones de pesos 2018,inventarios,1077.5140039871064
2020,Mega,S&P Capital IQ,transporte,Millones de pesos 2018,pasivo,3299.194909500998
2020,Mega,S&P Capital IQ,transporte,Millones de pesos 2018,patrimonio_neto,9336.51094292041
2020,Mega,S&P Capital IQ,transporte,Millones de pesos 2018,patrimonio_neto_total,9336.51094292041
2020,Mega,S&P Capital IQ,transporte,Millones de pesos 2018,ppye,28150.708988742226
2020,Mega,S&P Capital IQ,transporte,Millones de pesos 2018,ppye_neta,7438.529730955573
2020,Mega,S&P Capital IQ,transporte,Millones de pesos 2018,utilidad_neta,818.9510673362995
2020,Mega,S&P Capital IQ,transporte,Millones de pesos 2018,utilidad_neta_empresa,818.9510673362995
2020,Mega,S&P Capital IQ,transporte,Millones de pesos 2018,utilidad_operativa,1239.8950499766938
2020,Mega,S&P Capital IQ,transporte,Millones de pesos 2018,ventas,9794.946407002648
2020,Mega,S&P Capital IQ,transporte,Millones de pesos 2018,ventas_raw,9794.946407002648
2021,Mega,S&P Capital IQ,transporte,Millones de pesos 2018,KTA,10931.535992434754
2021,Mega,S&P Capital IQ,transporte,Millones de pesos 2018,activo,14019.557078463564
2021,Mega,S&P Capital IQ,transporte,Millones de pesos 2018,activo_corr,7479.720128471745
2021,Mega,S&P Capital IQ,transporte,Millones de pesos 2018,cash_st_inv,3546.072970495426
2021,Mega,S&P Capital IQ,transporte,Millones de pesos 2018,costo_ventas,8740.198159885123
2021,Mega,S&P Capital IQ,transporte,Millones de pesos 2018,deuda_neta,-3403.981591094318
2021,Mega,S&P Capital IQ,transporte,Millones de pesos 2018,deuda_total,140.03615459202103
2021,Mega,S&P Capital IQ,transporte,Millones de pesos 2018,ebit,4327.350122966778
2021,Mega,S&P Capital IQ,transporte,Millones de pesos 2018,ebitda,4873.38418511962
2021,Mega,S&P Capital IQ,transporte,Millones de pesos 2018,ebt,4614.976571427546
2021,Mega,S&P Capital IQ,transporte,Millones de pesos 2018,ganancia_bruta,5069.534728276284
2021,Mega,S&P Capital IQ,transporte,Millones de pesos 2018,impuesto_ganancias,1785.5070875112533
2021,Mega,S&P Capital IQ,transporte,Millones de pesos 2018,inventarios,913.7128195826423
2021,Mega,S&P Capital IQ,transporte,Millones de pesos 2018,pasivo,4780.362103729916
2021,Mega,S&P Capital IQ,transporte,Millones de pesos 2018,patrimonio_neto,9239.194974733646
2021,Mega,S&P Capital IQ,transporte,Millones de pesos 2018,patrimonio_neto_total,9239.194974733646
2021,Mega,S&P Capital IQ,transporte,Millones de pesos 2018,ppye,24134.921591583872
2021,Mega,S&P Capital IQ,transporte,Millones de pesos 2018,ppye_neta,6471.750202356686
2021,Mega,S&P Capital IQ,transporte,Millones de pesos 2018,utilidad_neta,2829.469483916294
2021,Mega,S&P Capital IQ,transporte,Millones de pesos 2018,utilidad_neta_empresa,2829.469483916294
2021,Mega,S&P Capital IQ,transporte,Millones de pesos 2018,utilidad_operativa,4327.350122966778
2021,Mega,S&P Capital IQ,transporte,Millones de pesos 2018,ventas,13809.73288816141
2021,Mega,S&P Capital IQ,transporte,Millones de pesos 2018,ventas_raw,13809.73288816141
2022,Mega,S&P Capital IQ,transporte,Millones de pesos 2018,KTA,14674.817924956484
2022,Mega,S&P Capital IQ,transporte,Millones de pesos 2018,activo,18175.380181895758
2022,Mega,S&P Capital IQ,transporte,Millones de pesos 2018,activo_corr,11494.252095927533
2022,Mega,S&P Capital IQ,transporte,Millones de pesos 2018,cash_st_inv,7553.954700170609
2022,Mega,S&P Capital IQ,transporte,Millones de pesos 2018,costo_ventas,8833.767022452645
2022,Mega,S&P Capital IQ,transporte,Millones de pesos 2018,deuda_neta,-7401.268154029353
2022,Mega,S&P Capital IQ,transporte,Millones de pesos 2018,deuda_total,156.09560857306855
2022,Mega,S&P Capital IQ,transporte,Millones de pesos 2018,ebit,5522.160974837619
2022,Mega,S&P Capital IQ,transporte,Millones de pesos 2018,ebitda,5994.934765734014
2022,Mega,S&P Capital IQ,transporte,Millones de pesos 2018,ebt,5793.923423625524
2022,Mega,S&P Capital IQ,transporte,Millones de pesos 2018,ganancia_bruta,6728.743995678649
2022,Mega,S&P Capital IQ,transporte,Millones de pesos 2018,impuesto_ganancias,2652.582857908878
2022,Mega,S&P Capital IQ,transporte,Millones de pesos 2018,inventarios,794.4017284033974
2022,Mega,S&P Capital IQ,transporte,Millones de pesos 2018,pasivo,4588.259527764443
2022,Mega,S&P Capital IQ,transporte,Millones de pesos 2018,patrimonio_neto,13587.120654131317
2022,Mega,S&P Capital IQ,transporte,Millones de pesos 2018,patrimonio_neto_total,13587.120654131317
2022,Mega,S&P Capital IQ,transporte,Millones de pesos 2018,ppye,24664.7423261098
2022,Mega,S&P Capital IQ,transporte,Millones de pesos 2018,ppye_neta,6326.461496382477
2022,Mega,S&P Capital IQ,transporte,Millones de pesos 2018,utilidad_neta,3141.3405657166454
2022,Mega,S&P Capital IQ,transporte,Millones de pesos 2018,utilidad_neta_empresa,3141.3405657166454
2022,Mega,S&P Capital IQ,transporte,Millones de pesos 2018,utilidad_operativa,5522.160974837619
2022,Mega,S&P Capital IQ,transporte,Millones de pesos 2018,ventas,15562.51101813129
2022,Mega,S&P Capital IQ,transporte,Millones de pesos 2018,ventas_raw,15562.51101813129
2023,Mega,S&P Capital IQ,transporte,Millones de pesos 2018,KTA,24081.083830530464
2023,Mega,S&P Capital IQ,transporte,Millones de pesos 2018,activo,28145.66736108168
2023,Mega,S&P Capital IQ,transporte,Millones de pesos 2018,activo_corr,15781.146927975793
2023,Mega,S&P Capital IQ,transporte,Millones de pesos 2018,cash_st_inv,10240.733845035997
2023,Mega,S&P Capital IQ,transporte,Millones de pesos 2018,costo_ventas,8963.264761048962
2023,Mega,S&P Capital IQ,transporte,Millones de pesos 2018,deuda_neta,-10202.874146363922
2023,Mega,S&P Capital IQ,transporte,Millones de pesos 2018,deuda_total,38.58076526058785
2023,Mega,S&P Capital IQ,transporte,Millones de pesos 2018,ebit,2891.405479350271
2023,Mega,S&P Capital IQ,transporte,Millones de pesos 2018,ebitda,3469.2715630043745
2023,Mega,S&P Capital IQ,transporte,Millones de pesos 2018,ebt,728.7307095635338
2023,Mega,S&P Capital IQ,transporte,Millones de pesos 2018,ganancia_bruta,3926.7841040328194
2023,Mega,S&P Capital IQ,transporte,Millones de pesos 2018,impuesto_ganancias,3513.2321162495064
2023,Mega,S&P Capital IQ,transporte,Millones de pesos 2018,inventarios,1608.5566073786924
2023,Mega,S&P Capital IQ,transporte,Millones de pesos 2018,pasivo,6413.9369434016335
2023,Mega,S&P Capital IQ,transporte,Millones de pesos 2018,patrimonio_neto,21731.730417680046
2023,Mega,S&P Capital IQ,transporte,Millones de pesos 2018,patrimonio_neto_total,21731.730417680046
2023,Mega,S&P Capital IQ,transporte,Millones de pesos 2018,ppye,49700.17219172803
2023,Mega,S&P Capital IQ,transporte,Millones de pesos 2018,ppye_neta,12231.793378115775
2023,Mega,S&P Capital IQ,transporte,Millones de pesos 2018,utilidad_neta,-2786.4992416540117
2023,Mega,S&P Capital IQ,transporte,Millones de pesos 2018,utilidad_neta_empresa,-2786.4992416540117
2023,Mega,S&P Capital IQ,transporte,Millones de pesos 2018,utilidad_operativa,2891.405479350271
2023,Mega,S&P Capital IQ,transporte,Millones de pesos 2018,ventas,12890.04886508178
2023,Mega,S&P Capital IQ,transporte,Millones de pesos 2018,ventas_raw,12890.04886508178
2024,Mega,S&P Capital IQ,transporte,Millones de pesos 2018,KTA,11318.107511914193
2024,Mega,S&P Capital IQ,transporte,Millones de pesos 2018,activo,14377.947582452169
2024,Mega,S&P Capital IQ,transporte,Millones de pesos 2018,activo_corr,6261.951321219132
2024,Mega,S&P Capital IQ,transporte,Millones de pesos 2018,cash_st_inv,2685.4586767614073
2024,Mega,S&P Capital IQ,transporte,Millones de pesos 2018,costo_ventas,8138.858696568651
2024,Mega,S&P Capital IQ,transporte,Millones de pesos 2018,deuda_neta,-2675.2435469832676
2024,Mega,S&P Capital IQ,transporte,Millones de pesos 2018,deuda_total,11.587480369890592
2024,Mega,S&P Capital IQ,transporte,Millones de pesos 2018,ebit,2780.8510462795107
2024,Mega,S&P Capital IQ,transporte,Millones de pesos 2018,ebitda,3351.0175855589614
2024,Mega,S&P Capital IQ,transporte,Millones de pesos 2018,ebt,3480.931992029685
2024,Mega,S&P Capital IQ,transporte,Millones de pesos 2018,ganancia_bruta,3868.1990486242235
2024,Mega,S&P Capital IQ,transporte,Millones de pesos 2018,impuesto_ganancias,-365.4154719563612
2024,Mega,S&P Capital IQ,transporte,Millones de pesos 2018,inventarios,907.2372078815998
2024,Mega,S&P Capital IQ,transporte,Millones de pesos 2018,pasivo,2515.8295035457477
2024,Mega,S&P Capital IQ,transporte,Millones de pesos 2018,patrimonio_neto,11862.118078906422
2024,Mega,S&P Capital IQ,transporte,Millones de pesos 2018,patrimonio_neto_total,11862.118078906422
2024,Mega,S&P Capital IQ,transporte,Millones de pesos 2018,ppye,23347.28243955582
2024,Mega,S&P Capital IQ,transporte,Millones de pesos 2018,ppye_neta,7725.411627271185
2024,Mega,S&P Capital IQ,transporte,Millones de pesos 2018,utilidad_neta,3846.466512826752
2024,Mega,S&P Capital IQ,transporte,Millones de pesos 2018,utilidad_neta_empresa,3846.466512826752
2024,Mega,S&P Capital IQ,transporte,Millones de pesos 2018,utilidad_operativa,2780.8510462795107
2024,Mega,S&P Capital IQ,transporte,Millones de pesos 2018,ventas,12007.057745192875
2024,Mega,S&P Capital IQ,transporte,Millones de pesos 2018,ventas_raw,12007.057745192875
1998,PAE,S&P Capital IQ,integrada,Millones de pesos 2018,KTA,30626.38766811425
1998,PAE,S&P Capital IQ,integrada,Millones de pesos 2018,activo,33516.05385912563
1998,PAE,S&P Capital IQ,integrada,Millones de pesos 2018,activo_corr,2896.987961064073
1998,PAE,S&P Capital IQ,integrada,Millones de pesos 2018,cash_st_inv,318.2770944628066
1998,PAE,S&P Capital IQ,integrada,Millones de pesos 2018,costo_ventas,5227.881406488922
1998,PAE,S&P Capital IQ,integrada,Millones de pesos 2018,deuda_lp,9053.073748583376
1998,PAE,S&P Capital IQ,integrada,Millones de pesos 2018,deuda_neta,18060.748909241982
1998,PAE,S&P Capital IQ,integrada,Millones de pesos 2018,deuda_total,18379.02600370479
1998,PAE,S&P Capital IQ,integrada,Millones de pesos 2018,ebit,435.2419886527284
1998,PAE,S&P Capital IQ,integrada,Millones de pesos 2018,ebitda,2732.4535228353234
1998,PAE,S&P Capital IQ,integrada,Millones de pesos 2018,ebt,-161.19571533839024
1998,PAE,S&P Capital IQ,integrada,Millones de pesos 2018,ganancia_bruta,1342.289885637345
1998,PAE,S&P Capital IQ,integrada,Millones de pesos 2018,inventarios,498.2634453193603
1998,PAE,S&P Capital IQ,integrada,Millones de pesos 2018,pasivo,20621.33868916623
1998,PAE,S&P Capital IQ,integrada,Millones de pesos 2018,patrimonio_neto,12894.715169959412
1998,PAE,S&P Capital IQ,integrada,Millones de pesos 2018,patrimonio_neto_total,12894.715169959412
1998,PAE,S&P Capital IQ,integrada,Millones de pesos 2018,ppye,71686.04811131256
1998,PAE,S&P Capital IQ,integrada,Millones de pesos 2018,ppye_neta,29809.847128332083
1998,PAE,S&P Capital IQ,integrada,Millones de pesos 2018,utilidad_neta,-161.19571533839024
1998,PAE,S&P Capital IQ,integrada,Millones de pesos 2018,utilidad_neta_empresa,-161.19571533839024
1998,PAE,S&P Capital IQ,integrada,Millones de pesos 2018,utilidad_operativa,435.2419886527284
1998,PAE,S&P Capital IQ,integrada,Millones de pesos 2018,ventas,6570.171292126267
1998,PAE,S&P Capital IQ,integrada,Millones de pesos 2018,ventas_raw,6570.171292126267
1999,PAE,S&P Capital IQ,integrada,Millones de pesos 2018,KTA,28295.79274277119
1999,PAE,S&P Capital IQ,integrada,Millones de pesos 2018,activo,32105.81831576949
1999,PAE,S&P Capital IQ,integrada,Millones de pesos 2018,activo_corr,2763.3084691307777
1999,PAE,S&P Capital IQ,integrada,Millones de pesos 2018,cash_st_inv,73.28589494763983
1999,PAE,S&P Capital IQ,integrada,Millones de pesos 2018,costo_ventas,8469.71713483538
1999,PAE,S&P Capital IQ,integrada,Millones de pesos 2018,deuda_lp,13111.687381735019
1999,PAE,S&P Capital IQ,integrada,Millones de pesos 2018,deuda_neta,18241.531085605224
1999,PAE,S&P Capital IQ,integrada,Millones de pesos 2018,deuda_total,18314.816980552863
1999,PAE,S&P Capital IQ,integrada,Millones de pesos 2018,ebit,2267.393978064559
1999,PAE,S&P Capital IQ,integrada,Millones de pesos 2018,ebitda,5494.398034536061
1999,PAE,S&P Capital IQ,integrada,Millones de pesos 2018,ebt,435.5936681872092
1999,PAE,S&P Capital IQ,integrada,Millones de pesos 2018,ganancia_bruta,3101.6283756452467
1999,PAE,S&P Capital IQ,integrada,Millones de pesos 2018,inventarios,473.82593947543086
1999,PAE,S&P Capital IQ,integrada,Millones de pesos 2018,pasivo,20163.709443843563
1999,PAE,S&P Capital IQ,integrada,Millones de pesos 2018,patrimonio_neto,11942.108871925922
1999,PAE,S&P Capital IQ,integrada,Millones de pesos 2018,patrimonio_neto_total,11942.108871925922
1999,PAE,S&P Capital IQ,integrada,Millones de pesos 2018,ppye,72184.17218132607
1999,PAE,S&P Capital IQ,integrada,Millones de pesos 2018,ppye_neta,27748.680908348124
1999,PAE,S&P Capital IQ,integrada,Millones de pesos 2018,utilidad_neta,435.5936681872092
1999,PAE,S&P Capital IQ,integrada,Millones de pesos 2018,utilidad_neta_empresa,435.5936681872092
1999,PAE,S&P Capital IQ,integrada,Millones de pesos 2018,utilidad_operativa,2267.393978064559
1999,PAE,S&P Capital IQ,integrada,Millones de pesos 2018,ventas,11571.345510480625
1999,PAE,S&P Capital IQ,integrada,Millones de pesos 2018,ventas_raw,11571.345510480625
2000,PAE,S&P Capital IQ,integrada,Millones de pesos 2018,KTA,31192.968594941667
2000,PAE,S&P Capital IQ,integrada,Millones de pesos 2018,activo,35502.587977098825
2000,PAE,S&P Capital IQ,integrada,Millones de pesos 2018,activo_corr,4366.366713204525
2000,PAE,S&P Capital IQ,integrada,Millones de pesos 2018,cash_st_inv,117.68669063638056
2000,PAE,S&P Capital IQ,integrada,Millones de pesos 2018,costo_ventas,6628.442196363336
2000,PAE,S&P Capital IQ,integrada,Millones de pesos 2018,deuda_lp,11169.990274167612
2000,PAE,S&P Capital IQ,integrada,Millones de pesos 2018,deuda_neta,13658.024074655794
2000,PAE,S&P Capital IQ,integrada,Millones de pesos 2018,deuda_total,13775.71076529215
2000,PAE,S&P Capital IQ,integrada,Millones de pesos 2018,ebit,9131.659083071654
2000,PAE,S&P Capital IQ,integrada,Millones de pesos 2018,ebitda,11749.058287222802
2000,PAE,S&P Capital IQ,integrada,Millones de pesos 2018,ebt,6789.33563383087
2000,PAE,S&P Capital IQ,integrada,Millones de pesos 2018,ganancia_bruta,10012.012179457328
2000,PAE,S&P Capital IQ,integrada,Millones de pesos 2018,impuesto_ganancias,1286.9898772021697
2000,PAE,S&P Capital IQ,integrada,Millones de pesos 2018,inventarios,591.7924553604712
2000,PAE,S&P Capital IQ,integrada,Millones de pesos 2018,pasivo,17290.356912539573
2000,PAE,S&P Capital IQ,integrada,Millones de pesos 2018,patrimonio_neto,18212.231064559255
2000,PAE,S&P Capital IQ,integrada,Millones de pesos 2018,patrimonio_neto_total,18212.231064559255
2000,PAE,S&P Capital IQ,integrada,Millones de pesos 2018,ppye,77839.78418361537
2000,PAE,S&P Capital IQ,integrada,Millones de pesos 2018,ppye_neta,30483.489448944816
2000,PAE,S&P Capital IQ,integrada,Millones de pesos 2018,utilidad_neta,5502.3457566287
2000,PAE,S&P Capital IQ,integrada,Millones de pesos 2018,utilidad_neta_empresa,5502.3457566287
2000,PAE,S&P Capital IQ,integrada,Millones de pesos 2018,utilidad_operativa,9131.659083071654
2000,PAE,S&P Capital IQ,integrada,Millones de pesos 2018,ventas,16640.454375820664
2000,PAE,S&P Capital IQ,integrada,Millones de pesos 2018,ventas_raw,16640.454375820664
2001,PAE,S&P Capital IQ,integrada,Millones de pesos 2018,KTA,79261.64530348551
2001,PAE,S&P Capital IQ,integrada,Millones de pesos 2018,activo,88977.18661288492
2001,PAE,S&P Capital IQ,integrada,Millones de pesos 2018,activo_corr,9046.063899214681
2001,PAE,S&P Capital IQ,integrada,Millones de pesos 2018,cash_st_inv,478.1804186044355
2001,PAE,S&P Capital IQ,integrada,Millones de pesos 2018,costo_ventas,18847.499771739913
2001,PAE,S&P Capital IQ,integrada,Millones de pesos 2018,deuda_lp,25640.04039495029
2001,PAE,S&P Capital IQ,integrada,Millones de pesos 2018,deuda_neta,38101.05103676312
2001,PAE,S&P Capital IQ,integrada,Millones de pesos 2018,deuda_total,38579.23145536756
2001,PAE,S&P Capital IQ,integrada,Millones de pesos 2018,ebit,12545.526765429444
2001,PAE,S&P Capital IQ,integrada,Millones de pesos 2018,ebitda,21881.35717263178
2001,PAE,S&P Capital IQ,integrada,Millones de pesos 2018,ebt,8997.787245573532
2001,PAE,S&P Capital IQ,integrada,Millones de pesos 2018,ganancia_bruta,14529.295478116646
2001,PAE,S&P Capital IQ,integrada,Millones de pesos 2018,impuesto_ganancias,4064.0033981010342
2001,PAE,S&P Capital IQ,integrada,Millones de pesos 2018,inventarios,1711.724927775758
2001,PAE,S&P Capital IQ,integrada,Millones de pesos 2018,pasivo,49866.925833809146
2001,PAE,S&P Capital IQ,integrada,Millones de pesos 2018,patrimonio_neto,39110.26077907576
2001,PAE,S&P Capital IQ,integrada,Millones de pesos 2018,patrimonio_neto_total,39110.26077907576
2001,PAE,S&P Capital IQ,integrada,Millones de pesos 2018,ppye,189751.40988721963
2001,PAE,S&P Capital IQ,integrada,Millones de pesos 2018,ppye_neta,77071.73995710531
2001,PAE,S&P Capital IQ,integrada,Millones de pesos 2018,utilidad_neta,4933.783847472498
2001,PAE,S&P Capital IQ,integrada,Millones de pesos 2018,utilidad_neta_empresa,4933.783847472498
2001,PAE,S&P Capital IQ,integrada,Millones de pesos 2018,utilidad_operativa,12545.526765429444
2001,PAE,S&P Capital IQ,integrada,Millones de pesos 2018,ventas,33376.795249856565
2001,PAE,S&P Capital IQ,integrada,Millones de pesos 2018,ventas_raw,33376.795249856565
2002,PAE,S&P Capital IQ,integrada,Millones de pesos 2018,KTA,92202.97148736118
2002,PAE,S&P Capital IQ,integrada,Millones de pesos 2018,activo,100714.89726327216
2002,PAE,S&P Capital IQ,integrada,Millones de pesos 2018,activo_corr,8433.10223538689
2002,PAE,S&P Capital IQ,integrada,Millones de pesos 2018,cash_st_inv,315.82586999012796
2002,PAE,S&P Capital IQ,integrada,Millones de pesos 2018,costo_ventas,19331.066595747434
2002,PAE,S&P Capital IQ,integrada,Millones de pesos 2018,deuda_lp,24378.168096719728
2002,PAE,S&P Capital IQ,integrada,Millones de pesos 2018,deuda_neta,39490.38769212504
2002,PAE,S&P Capital IQ,integrada,Millones de pesos 2018,deuda_total,39806.21356211518
2002,PAE,S&P Capital IQ,integrada,Millones de pesos 2018,ebit,22173.16035207298
2002,PAE,S&P Capital IQ,integrada,Millones de pesos 2018,ebitda,31843.99241622433
2002,PAE,S&P Capital IQ,integrada,Millones de pesos 2018,ebt,5890.806595905619
2002,PAE,S&P Capital IQ,integrada,Millones de pesos 2018,ganancia_bruta,24565.3757804077
2002,PAE,S&P Capital IQ,integrada,Millones de pesos 2018,impuesto_ganancias,2703.347201218657
2002,PAE,S&P Capital IQ,integrada,Millones de pesos 2018,inventarios,1278.8174451638854
2002,PAE,S&P Capital IQ,integrada,Millones de pesos 2018,pasivo,56142.01037931015
2002,PAE,S&P Capital IQ,integrada,Millones de pesos 2018,patrimonio_neto,44572.88688396198
2002,PAE,S&P Capital IQ,integrada,Millones de pesos 2018,patrimonio_neto_total,44572.88688396198
2002,PAE,S&P Capital IQ,integrada,Millones de pesos 2018,ppye,190353.0578809652
2002,PAE,S&P Capital IQ,integrada,Millones de pesos 2018,ppye_neta,90608.32817220717
2002,PAE,S&P Capital IQ,integrada,Millones de pesos 2018,utilidad_neta,3187.4593946869613
2002,PAE,S&P Capital IQ,integrada,Millones de pesos 2018,utilidad_neta_empresa,3187.4593946869613
2002,PAE,S&P Capital IQ,integrada,Millones de pesos 2018,utilidad_operativa,22173.16035207298
2002,PAE,S&P Capital IQ,integrada,Millones de pesos 2018,ventas,43896.442376155144
2002,PAE,S&P Capital IQ,integrada,Millones de pesos 2018,ventas_raw,43896.442376155144
2003,PAE,S&P Capital IQ,integrada,Millones de pesos 2018,KTA,72988.26634289575
2003,PAE,S&P Capital IQ,integrada,Millones de pesos 2018,activo,80840.67109555648
2003,PAE,S&P Capital IQ,integrada,Millones de pesos 2018,activo_corr,9263.732410093602
2003,PAE,S&P Capital IQ,integrada,Millones de pesos 2018,cash_st_inv,803.4731871219032
2003,PAE,S&P Capital IQ,integrada,Millones de pesos 2018,costo_ventas,20614.84298676208
2003,PAE,S&P Capital IQ,integrada,Millones de pesos 2018,deuda_lp,16650.24151815782
2003,PAE,S&P Capital IQ,integrada,Millones de pesos 2018,deuda_neta,26579.326500812782
2003,PAE,S&P Capital IQ,integrada,Millones de pesos 2018,deuda_total,27382.799687934683
2003,PAE,S&P Capital IQ,integrada,Millones de pesos 2018,ebit,17536.011751374645
2003,PAE,S&P Capital IQ,integrada,Millones de pesos 2018,ebitda,27162.015684296966
2003,PAE,S&P Capital IQ,integrada,Millones de pesos 2018,ebt,10831.96706067981
2003,PAE,S&P Capital IQ,integrada,Millones de pesos 2018,ganancia_bruta,19483.632484329002
2003,PAE,S&P Capital IQ,integrada,Millones de pesos 2018,impuesto_ganancias,3635.432633518161
2003,PAE,S&P Capital IQ,integrada,Millones de pesos 2018,inventarios,1561.949883407252
2003,PAE,S&P Capital IQ,integrada,Millones de pesos 2018,pasivo,44766.687146982804
2003,PAE,S&P Capital IQ,integrada,Millones de pesos 2018,patrimonio_neto,36073.98394857368
2003,PAE,S&P Capital IQ,integrada,Millones de pesos 2018,patrimonio_neto_total,36073.98394857368
2003,PAE,S&P Capital IQ,integrada,Millones de pesos 2018,ppye,168120.03815716453
2003,PAE,S&P Capital IQ,integrada,Millones de pesos 2018,ppye_neta,70622.84327236659
2003,PAE,S&P Capital IQ,integrada,Millones de pesos 2018,utilidad_neta,7196.534427161648
2003,PAE,S&P Capital IQ,integrada,Millones de pesos 2018,utilidad_neta_empresa,7196.534427161648
2003,PAE,S&P Capital IQ,integrada,Millones de pesos 2018,utilidad_operativa,17536.011751374645
2003,PAE,S&P Capital IQ,integrada,Millones de pesos 2018,ventas,40098.475471091086
2003,PAE,S&P Capital IQ,integrada,Millones de pesos 2018,ventas_raw,40098.475471091086
2004,PAE,S&P Capital IQ,integrada,Millones de pesos 2018,KTA,76788.39268615449
2004,PAE,S&P Capital IQ,integrada,Millones de pesos 2018,activo,84759.98053280702
2004,PAE,S&P Capital IQ,integrada,Millones de pesos 2018,activo_corr,11502.544214660023
2004,PAE,S&P Capital IQ,integrada,Millones de pesos 2018,cash_st_inv,2754.2122808632657
2004,PAE,S&P Capital IQ,integrada,Millones de pesos 2018,costo_ventas,21003.6969728331
2004,PAE,S&P Capital IQ,integrada,Millones de pesos 2018,deuda_lp,12944.360942957888
2004,PAE,S&P Capital IQ,integrada,Millones de pesos 2018,deuda_neta,23309.11798334734
2004,PAE,S&P Capital IQ,integrada,Millones de pesos 2018,deuda_total,26063.3302642106
2004,PAE,S&P Capital IQ,integrada,Millones de pesos 2018,ebit,23479.50382007079
2004,PAE,S&P Capital IQ,integrada,Millones de pesos 2018,ebitda,32144.264761828974
2004,PAE,S&P Capital IQ,integrada,Millones de pesos 2018,ebt,18985.479214014907
2004,PAE,S&P Capital IQ,integrada,Millones de pesos 2018,ganancia_bruta,25098.852796470284
2004,PAE,S&P Capital IQ,integrada,Millones de pesos 2018,impuesto_ganancias,7131.328108103891
2004,PAE,S&P Capital IQ,integrada,Millones de pesos 2018,inventarios,1973.6488151702356
2004,PAE,S&P Capital IQ,integrada,Millones de pesos 2018,pasivo,44871.38930612884
2004,PAE,S&P Capital IQ,integrada,Millones de pesos 2018,patrimonio_neto,39888.59122667818
2004,PAE,S&P Capital IQ,integrada,Millones de pesos 2018,patrimonio_neto_total,39888.59122667818
2004,PAE,S&P Capital IQ,integrada,Millones de pesos 2018,ppye,174029.0378298625
2004,PAE,S&P Capital IQ,integrada,Millones de pesos 2018,ppye_neta,72060.53159012098
2004,PAE,S&P Capital IQ,integrada,Millones de pesos 2018,utilidad_neta,11854.151105911013
2004,PAE,S&P Capital IQ,integrada,Millones de pesos 2018,utilidad_neta_empresa,11854.151105911013
2004,PAE,S&P Capital IQ,integrada,Millones de pesos 2018,utilidad_operativa,23479.50382007079
2004,PAE,S&P Capital IQ,integrada,Millones de pesos 2018,ventas,46102.54976930339
2004,PAE,S&P Capital IQ,integrada,Millones de pesos 2018,ventas_raw,46102.54976930339
2005,PAE,S&P Capital IQ,integrada,Millones de pesos 2018,KTA,84044.61634922988
2005,PAE,S&P Capital IQ,integrada,Millones de pesos 2018,activo,96639.53173490959
2005,PAE,S&P Capital IQ,integrada,Millones de pesos 2018,activo_corr,18989.909725925296
2005,PAE,S&P Capital IQ,integrada,Millones de pesos 2018,cash_st_inv,6100.019708790396
2005,PAE,S&P Capital IQ,integrada,Millones de pesos 2018,costo_ventas,27385.14205442789
2005,PAE,S&P Capital IQ,integrada,Millones de pesos 2018,deuda_lp,23640.15583397716
2005,PAE,S&P Capital IQ,integrada,Millones de pesos 2018,deuda_neta,26236.5208308048
2005,PAE,S&P Capital IQ,integrada,Millones de pesos 2018,deuda_total,32336.540539595255
2005,PAE,S&P Capital IQ,integrada,Millones de pesos 2018,ebit,30125.633034081395
2005,PAE,S&P Capital IQ,integrada,Millones de pesos 2018,ebitda,39286.17987432825
2005,PAE,S&P Capital IQ,integrada,Millones de pesos 2018,ebt,26755.384083325167
2005,PAE,S&P Capital IQ,integrada,Millones de pesos 2018,ganancia_bruta,32498.793329185093
2005,PAE,S&P Capital IQ,integrada,Millones de pesos 2018,impuesto_ganancias,9468.466762687074
2005,PAE,S&P Capital IQ,integrada,Millones de pesos 2018,inventarios,1958.411038449624
2005,PAE,S&P Capital IQ,integrada,Millones de pesos 2018,pasivo,56489.28153809887
2005,PAE,S&P Capital IQ,integrada,Millones de pesos 2018,patrimonio_neto,40150.25019681073
2005,PAE,S&P Capital IQ,integrada,Millones de pesos 2018,patrimonio_neto_total,40150.25019681073
2005,PAE,S&P Capital IQ,integrada,Millones de pesos 2018,ppye,178115.4242252424
2005,PAE,S&P Capital IQ,integrada,Millones de pesos 2018,ppye_neta,75986.18560198986
2005,PAE,S&P Capital IQ,integrada,Millones de pesos 2018,utilidad_neta,17286.917320638095
2005,PAE,S&P Capital IQ,integrada,Millones de pesos 2018,utilidad_neta_empresa,17286.917320638095
2005,PAE,S&P Capital IQ,integrada,Millones de pesos 2018,utilidad_operativa,30125.633034081395
2005,PAE,S&P Capital IQ,integrada,Millones de pesos 2018,ventas,59883.93538361299
2005,PAE,S&P Capital IQ,integrada,Millones de pesos 2018,ventas_raw,59883.93538361299
2006,PAE,S&P Capital IQ,integrada,Millones de pesos 2018,KTA,89357.63379445247
2006,PAE,S&P Capital IQ,integrada,Millones de pesos 2018,activo,102546.09147878656
2006,PAE,S&P Capital IQ,integrada,Millones de pesos 2018,activo_corr,17732.251757681766
2006,PAE,S&P Capital IQ,integrada,Millones de pesos 2018,cash_st_inv,3579.1938008328666
2006,PAE,S&P Capital IQ,integrada,Millones de pesos 2018,costo_ventas,34148.9288141367
2006,PAE,S&P Capital IQ,integrada,Millones de pesos 2018,deuda_lp,32513.793158595945
2006,PAE,S&P Capital IQ,integrada,Millones de pesos 2018,deuda_neta,41520.57318943612
2006,PAE,S&P Capital IQ,integrada,Millones de pesos 2018,deuda_total,45099.766990269
2006,PAE,S&P Capital IQ,integrada,Millones de pesos 2018,ebit,39168.55797322499
2006,PAE,S&P Capital IQ,integrada,Millones de pesos 2018,ebitda,48358.709161403756
2006,PAE,S&P Capital IQ,integrada,Millones de pesos 2018,ebt,36521.4674562788
2006,PAE,S&P Capital IQ,integrada,Millones de pesos 2018,ganancia_bruta,42623.16164399215
2006,PAE,S&P Capital IQ,integrada,Millones de pesos 2018,impuesto_ganancias,12913.865928652102
2006,PAE,S&P Capital IQ,integrada,Millones de pesos 2018,inventarios,1877.222787968083
2006,PAE,S&P Capital IQ,integrada,Millones de pesos 2018,pasivo,72154.55305379664
2006,PAE,S&P Capital IQ,integrada,Millones de pesos 2018,patrimonio_neto,30391.538424989976
2006,PAE,S&P Capital IQ,integrada,Millones de pesos 2018,patrimonio_neto_total,30391.538424989976
2006,PAE,S&P Capital IQ,integrada,Millones de pesos 2018,ppye,184919.92959681447
2006,PAE,S&P Capital IQ,integrada,Millones de pesos 2018,ppye_neta,83901.21720565153
2006,PAE,S&P Capital IQ,integrada,Millones de pesos 2018,utilidad_neta,23607.601527626703
2006,PAE,S&P Capital IQ,integrada,Millones de pesos 2018,utilidad_neta_empresa,23607.601527626703
2006,PAE,S&P Capital IQ,integrada,Millones de pesos 2018,utilidad_operativa,39168.55797322499
2006,PAE,S&P Capital IQ,integrada,Millones de pesos 2018,ventas,76772.09045812888
2006,PAE,S&P Capital IQ,integrada,Millones de pesos 2018,ventas_raw,76772.09045812888
2007,PAE,S&P Capital IQ,integrada,Millones de pesos 2018,KTA,101748.35148545653
2007,PAE,S&P Capital IQ,integrada,Millones de pesos 2018,activo,110499.49448032645
2007,PAE,S&P Capital IQ,integrada,Millones de pesos 2018,activo_corr,16001.588086804077
2007,PAE,S&P Capital IQ,integrada,Millones de pesos 2018,cash_st_inv,6155.9505914407555
2007,PAE,S&P Capital IQ,integrada,Millones de pesos 2018,costo_ventas,34141.3109536029
2007,PAE,S&P Capital IQ,integrada,Millones de pesos 2018,deuda_lp,37875.72770311791
2007,PAE,S&P Capital IQ,integrada,Millones de pesos 2018,deuda_neta,41178.14887035642
2007,PAE,S&P Capital IQ,integrada,Millones de pesos 2018,deuda_total,47334.09946179717
2007,PAE,S&P Capital IQ,integrada,Millones de pesos 2018,ebit,32655.627632864784
2007,PAE,S&P Capital IQ,integrada,Millones de pesos 2018,ebitda,42435.63290245709
2007,PAE,S&P Capital IQ,integrada,Millones de pesos 2018,ebt,28105.828725921794
2007,PAE,S&P Capital IQ,integrada,Millones de pesos 2018,ganancia_bruta,36032.51451855995
2007,PAE,S&P Capital IQ,integrada,Millones de pesos 2018,impuesto_ganancias,9885.448860634655
2007,PAE,S&P Capital IQ,integrada,Millones de pesos 2018,inventarios,2404.597109445857
2007,PAE,S&P Capital IQ,integrada,Millones de pesos 2018,pasivo,68228.99208308413
2007,PAE,S&P Capital IQ,integrada,Millones de pesos 2018,patrimonio_neto,42270.50239724232
2007,PAE,S&P Capital IQ,integrada,Millones de pesos 2018,patrimonio_neto_total,42270.50239724232
2007,PAE,S&P Capital IQ,integrada,Millones de pesos 2018,ppye,191786.97102790498
2007,PAE,S&P Capital IQ,integrada,Millones de pesos 2018,ppye_neta,93187.80378456991
2007,PAE,S&P Capital IQ,integrada,Millones de pesos 2018,utilidad_neta,18220.37986528714
2007,PAE,S&P Capital IQ,integrada,Millones de pesos 2018,utilidad_neta_empresa,18220.37986528714
2007,PAE,S&P Capital IQ,integrada,Millones de pesos 2018,utilidad_operativa,32655.627632864784
2007,PAE,S&P Capital IQ,integrada,Millones de pesos 2018,ventas,70173.82547216285
2007,PAE,S&P Capital IQ,integrada,Millones de pesos 2018,ventas_raw,70173.82547216285
2008,PAE,S&P Capital IQ,integrada,Millones de pesos 2018,KTA,109424.60306688477
2008,PAE,S&P Capital IQ,integrada,Millones de pesos 2018,activo,121034.11092236491
2008,PAE,S&P Capital IQ,integrada,Millones de pesos 2018,activo_corr,19952.521155930088
2008,PAE,S&P Capital IQ,integrada,Millones de pesos 2018,cash_st_inv,6697.4949909556135
2008,PAE,S&P Capital IQ,integrada,Millones de pesos 2018,costo_ventas,25113.784296855756
2008,PAE,S&P Capital IQ,integrada,Millones de pesos 2018,depreciacion,72.97414109353211
2008,PAE,S&P Capital IQ,integrada,Millones de pesos 2018,deuda_lp,39311.46336134603
2008,PAE,S&P Capital IQ,integrada,Millones de pesos 2018,deuda_neta,53722.92675435
2008,PAE,S&P Capital IQ,integrada,Millones de pesos 2018,deuda_total,60420.421745305626
2008,PAE,S&P Capital IQ,integrada,Millones de pesos 2018,ebit,22915.98082700222
2008,PAE,S&P Capital IQ,integrada,Millones de pesos 2018,ebitda,31721.042108982743
2008,PAE,S&P Capital IQ,integrada,Millones de pesos 2018,ebt,15505.083091303162
2008,PAE,S&P Capital IQ,integrada,Millones de pesos 2018,ganancia_bruta,37883.08574383444
2008,PAE,S&P Capital IQ,integrada,Millones de pesos 2018,impuesto_ganancias,5394.854854567118
2008,PAE,S&P Capital IQ,integrada,Millones de pesos 2018,inventarios,2817.173949966575
2008,PAE,S&P Capital IQ,integrada,Millones de pesos 2018,pasivo,79781.47679848528
2008,PAE,S&P Capital IQ,integrada,Millones de pesos 2018,patrimonio_neto,41252.634123879645
2008,PAE,S&P Capital IQ,integrada,Millones de pesos 2018,patrimonio_neto_total,41252.634123879645
2008,PAE,S&P Capital IQ,integrada,Millones de pesos 2018,ppye,188916.00734409198
2008,PAE,S&P Capital IQ,integrada,Millones de pesos 2018,ppye_neta,99909.9341259626
2008,PAE,S&P Capital IQ,integrada,Millones de pesos 2018,utilidad_neta,10110.228236736042
2008,PAE,S&P Capital IQ,integrada,Millones de pesos 2018,utilidad_neta_empresa,10110.228236736042
2008,PAE,S&P Capital IQ,integrada,Millones de pesos 2018,utilidad_operativa,22915.98082700222
2008,PAE,S&P Capital IQ,integrada,Millones de pesos 2018,ventas,62996.8700406902
2008,PAE,S&P Capital IQ,integrada,Millones de pesos 2018,ventas_raw,62996.8700406902
2009,PAE,S&P Capital IQ,integrada,Millones de pesos 2018,KTA,109439.4554537608
2009,PAE,S&P Capital IQ,integrada,Millones de pesos 2018,activo,130565.83020962137
2009,PAE,S&P Capital IQ,integrada,Millones de pesos 2018,activo_corr,21753.9387092861
2009,PAE,S&P Capital IQ,integrada,Millones de pesos 2018,cash_st_inv,374.65960040308187
2009,PAE,S&P Capital IQ,integrada,Millones de pesos 2018,costo_ventas,40489.599661616536
2009,PAE,S&P Capital IQ,integrada,Millones de pesos 2018,deuda_lp,38515.95862289705
2009,PAE,S&P Capital IQ,integrada,Millones de pesos 2018,deuda_neta,50803.213552437155
2009,PAE,S&P Capital IQ,integrada,Millones de pesos 2018,deuda_total,51177.87315284024
2009,PAE,S&P Capital IQ,integrada,Millones de pesos 2018,ebit,38520.36078860108
2009,PAE,S&P Capital IQ,integrada,Millones de pesos 2018,ebitda,48170.04330448084
2009,PAE,S&P Capital IQ,integrada,Millones de pesos 2018,ebt,29924.83678981728
2009,PAE,S&P Capital IQ,integrada,Millones de pesos 2018,ganancia_bruta,41575.13506994808
2009,PAE,S&P Capital IQ,integrada,Millones de pesos 2018,impuesto_ganancias,10504.010017222357
2009,PAE,S&P Capital IQ,integrada,Millones de pesos 2018,inventarios,2402.7000266376367
2009,PAE,S&P Capital IQ,integrada,Millones de pesos 2018,pasivo,77409.56797125604
2009,PAE,S&P Capital IQ,integrada,Millones de pesos 2018,patrimonio_neto,53156.26223836535
2009,PAE,S&P Capital IQ,integrada,Millones de pesos 2018,patrimonio_neto_total,53156.26223836535
2009,PAE,S&P Capital IQ,integrada,Millones de pesos 2018,ppye,193732.86260754033
2009,PAE,S&P Capital IQ,integrada,Millones de pesos 2018,ppye_neta,106662.09582672008
2009,PAE,S&P Capital IQ,integrada,Millones de pesos 2018,utilidad_neta,19420.826772594923
2009,PAE,S&P Capital IQ,integrada,Millones de pesos 2018,utilidad_neta_empresa,19420.826772594923
2009,PAE,S&P Capital IQ,integrada,Millones de pesos 2018,utilidad_operativa,38520.36078860108
2009,PAE,S&P Capital IQ,integrada,Millones de pesos 2018,ventas,82064.73473156457
2009,PAE,S&P Capital IQ,integrada,Millones de pesos 2018,ventas_raw,82064.73473156457
2010,PAE,S&P Capital IQ,integrada,Millones de pesos 2018,KTA,102144.08481419226
2010,PAE,S&P Capital IQ,integrada,Millones de pesos 2018,activo,120632.78314139225
2010,PAE,S&P Capital IQ,integrada,Millones de pesos 2018,activo_corr,18587.702673415533
2010,PAE,S&P Capital IQ,integrada,Millones de pesos 2018,cash_st_inv,565.8904868220303
2010,PAE,S&P Capital IQ,integrada,Millones de pesos 2018,costo_ventas,38271.95597932778
2010,PAE,S&P Capital IQ,integrada,Millones de pesos 2018,deuda_lp,39221.82210465763
2010,PAE,S&P Capital IQ,integrada,Millones de pesos 2018,deuda_neta,48807.43879863407
2010,PAE,S&P Capital IQ,integrada,Millones de pesos 2018,deuda_total,49373.3292854561
2010,PAE,S&P Capital IQ,integrada,Millones de pesos 2018,ebit,27863.727643641505
2010,PAE,S&P Capital IQ,integrada,Millones de pesos 2018,ebitda,36638.01556882993
2010,PAE,S&P Capital IQ,integrada,Millones de pesos 2018,ebt,23008.09746296745
2010,PAE,S&P Capital IQ,integrada,Millones de pesos 2018,ganancia_bruta,31002.506911719065
2010,PAE,S&P Capital IQ,integrada,Millones de pesos 2018,impuesto_ganancias,7893.250188354931
2010,PAE,S&P Capital IQ,integrada,Millones de pesos 2018,inventarios,1757.0139310554816
2010,PAE,S&P Capital IQ,integrada,Millones de pesos 2018,pasivo,68097.91554406517
2010,PAE,S&P Capital IQ,integrada,Millones de pesos 2018,patrimonio_neto,52534.86759732709
2010,PAE,S&P Capital IQ,integrada,Millones de pesos 2018,patrimonio_neto_total,52534.86759732709
2010,PAE,S&P Capital IQ,integrada,Millones de pesos 2018,ppye,177752.756859053
2010,PAE,S&P Capital IQ,integrada,Millones de pesos 2018,ppye_neta,99821.18039631475
2010,PAE,S&P Capital IQ,integrada,Millones de pesos 2018,utilidad_neta,15114.847274612519
2010,PAE,S&P Capital IQ,integrada,Millones de pesos 2018,utilidad_neta_empresa,15114.847274612519
2010,PAE,S&P Capital IQ,integrada,Millones de pesos 2018,utilidad_operativa,27863.727643641505
2010,PAE,S&P Capital IQ,integrada,Millones de pesos 2018,ventas,69274.46289104685
2010,PAE,S&P Capital IQ,integrada,Millones de pesos 2018,ventas_raw,69274.46289104685
2011,PAE,S&P Capital IQ,integrada,Millones de pesos 2018,KTA,147761.14913566754
2011,PAE,S&P Capital IQ,integrada,Millones de pesos 2018,activo,160645.62467366672
2011,PAE,S&P Capital IQ,integrada,Millones de pesos 2018,activo_corr,18813.836989650663
2011,PAE,S&P Capital IQ,integrada,Millones de pesos 2018,cash_st_inv,7088.84482594869
2011,PAE,S&P Capital IQ,integrada,Millones de pesos 2018,costo_ventas,39567.05005540267
2011,PAE,S&P Capital IQ,integrada,Millones de pesos 2018,deuda_lp,32144.002660153063
2011,PAE,S&P Capital IQ,integrada,Millones de pesos 2018,deuda_neta,35601.50442772513
2011,PAE,S&P Capital IQ,integrada,Millones de pesos 2018,deuda_total,42690.34925367382
2011,PAE,S&P Capital IQ,integrada,Millones de pesos 2018,ebit,31956.924135992704
2011,PAE,S&P Capital IQ,integrada,Millones de pesos 2018,ebitda,42878.21391920378
2011,PAE,S&P Capital IQ,integrada,Millones de pesos 2018,ebt,29431.91320269638
2011,PAE,S&P Capital IQ,integrada,Millones de pesos 2018,ganancia_bruta,37032.66901063485
2011,PAE,S&P Capital IQ,integrada,Millones de pesos 2018,impuesto_ganancias,11208.566649288237
2011,PAE,S&P Capital IQ,integrada,Millones de pesos 2018,inventarios,2131.454690590428
2011,PAE,S&P Capital IQ,integrada,Millones de pesos 2018,pasivo,80731.932444522
2011,PAE,S&P Capital IQ,integrada,Millones de pesos 2018,patrimonio_neto,79913.6922291447
2011,PAE,S&P Capital IQ,integrada,Millones de pesos 2018,patrimonio_neto_total,79913.6922291447
2011,PAE,S&P Capital IQ,integrada,Millones de pesos 2018,ppye,231883.0445553908
2011,PAE,S&P Capital IQ,integrada,Millones de pesos 2018,ppye_neta,138540.84961912845
2011,PAE,S&P Capital IQ,integrada,Millones de pesos 2018,utilidad_neta,18223.346553408148
2011,PAE,S&P Capital IQ,integrada,Millones de pesos 2018,utilidad_neta_empresa,18223.346553408148
2011,PAE,S&P Capital IQ,integrada,Millones de pesos 2018,utilidad_operativa,31956.924135992704
2011,PAE,S&P Capital IQ,integrada,Millones de pesos 2018,ventas,76599.71906603752
2011,PAE,S&P Capital IQ,integrada,Millones de pesos 2018,ventas_raw,76599.71906603752
2012,PAE,S&P Capital IQ,integrada,Millones de pesos 2018,KTA,141429.47901507106
2012,PAE,S&P Capital IQ,integrada,Millones de pesos 2018,activo,153604.92981742375
2012,PAE,S&P Capital IQ,integrada,Millones de pesos 2018,activo_corr,15243.710894468235
2012,PAE,S&P Capital IQ,integrada,Millones de pesos 2018,cash_st_inv,3351.0052190277447
2012,PAE,S&P Capital IQ,integrada,Millones de pesos 2018,costo_ventas,27323.610506242017
2012,PAE,S&P Capital IQ,integrada,Millones de pesos 2018,deuda_lp,24786.300488090015
2012,PAE,S&P Capital IQ,integrada,Millones de pesos 2018,deuda_neta,35993.74264659612
2012,PAE,S&P Capital IQ,integrada,Millones de pesos 2018,deuda_total,39344.74786562386
2012,PAE,S&P Capital IQ,integrada,Millones de pesos 2018,ebit,15697.277501044433
2012,PAE,S&P Capital IQ,integrada,Millones de pesos 2018,ebitda,24980.86717261506
2012,PAE,S&P Capital IQ,integrada,Millones de pesos 2018,ebt,12936.765362302416
2012,PAE,S&P Capital IQ,integrada,Millones de pesos 2018,ganancia_bruta,30320.957570727594
2012,PAE,S&P Capital IQ,integrada,Millones de pesos 2018,impuesto_ganancias,6451.135967086934
2012,PAE,S&P Capital IQ,integrada,Millones de pesos 2018,inventarios,3055.8288064834073
2012,PAE,S&P Capital IQ,integrada,Millones de pesos 2018,pasivo,76354.34020378134
2012,PAE,S&P Capital IQ,integrada,Millones de pesos 2018,patrimonio_neto,77250.58961364241
2012,PAE,S&P Capital IQ,integrada,Millones de pesos 2018,patrimonio_neto_total,77250.58961364241
2012,PAE,S&P Capital IQ,integrada,Millones de pesos 2018,ppye,231357.00656330213
2012,PAE,S&P Capital IQ,integrada,Millones de pesos 2018,ppye_neta,135022.6449895599
2012,PAE,S&P Capital IQ,integrada,Millones de pesos 2018,utilidad_neta,6485.629395215482
2012,PAE,S&P Capital IQ,integrada,Millones de pesos 2018,utilidad_neta_empresa,6485.629395215482
2012,PAE,S&P Capital IQ,integrada,Millones de pesos 2018,utilidad_operativa,15697.277501044433
2012,PAE,S&P Capital IQ,integrada,Millones de pesos 2018,ventas,57644.56807696961
2012,PAE,S&P Capital IQ,integrada,Millones de pesos 2018,ventas_raw,57644.56807696961
2013,PAE,S&P Capital IQ,integrada,Millones de pesos 2018,KTA,160915.58897058494
2013,PAE,S&P Capital IQ,integrada,Millones de pesos 2018,activo,176116.36402370932
2013,PAE,S&P Capital IQ,integrada,Millones de pesos 2018,activo_corr,15017.415446208239
2013,PAE,S&P Capital IQ,integrada,Millones de pesos 2018,cash_st_inv,1142.1506304522807
2013,PAE,S&P Capital IQ,integrada,Millones de pesos 2018,costo_ventas,27239.54747542971
2013,PAE,S&P Capital IQ,integrada,Millones de pesos 2018,deuda_lp,21620.136222125995
2013,PAE,S&P Capital IQ,integrada,Millones de pesos 2018,deuda_neta,33022.7124481543
2013,PAE,S&P Capital IQ,integrada,Millones de pesos 2018,deuda_total,34164.86307860658
2013,PAE,S&P Capital IQ,integrada,Millones de pesos 2018,ebit,22416.69595311115
2013,PAE,S&P Capital IQ,integrada,Millones de pesos 2018,ebitda,31772.92252476387
2013,PAE,S&P Capital IQ,integrada,Millones de pesos 2018,ebt,20853.378925428187
2013,PAE,S&P Capital IQ,integrada,Millones de pesos 2018,ganancia_bruta,34718.99675335976
2013,PAE,S&P Capital IQ,integrada,Millones de pesos 2018,impuesto_ganancias,11622.355254261465
2013,PAE,S&P Capital IQ,integrada,Millones de pesos 2018,inventarios,2512.6801443345184
2013,PAE,S&P Capital IQ,integrada,Millones de pesos 2018,pasivo,83836.12654785169
2013,PAE,S&P Capital IQ,integrada,Millones de pesos 2018,patrimonio_neto,92280.23747585765
2013,PAE,S&P Capital IQ,integrada,Millones de pesos 2018,patrimonio_neto_total,92280.23747585765
2013,PAE,S&P Capital IQ,integrada,Millones de pesos 2018,ppye,269723.69357558555
2013,PAE,S&P Capital IQ,integrada,Millones de pesos 2018,ppye_neta,157260.75819579812
2013,PAE,S&P Capital IQ,integrada,Millones de pesos 2018,utilidad_neta,9231.023671166718
2013,PAE,S&P Capital IQ,integrada,Millones de pesos 2018,utilidad_neta_empresa,9231.023671166718
2013,PAE,S&P Capital IQ,integrada,Millones de pesos 2018,utilidad_operativa,22416.69595311115
2013,PAE,S&P Capital IQ,integrada,Millones de pesos 2018,ventas,61958.54422878947
2013,PAE,S&P Capital IQ,integrada,Millones de pesos 2018,ventas_raw,61958.54422878947
2014,PAE,S&P Capital IQ,integrada,Millones de pesos 2018,KTA,171054.87567405455
2014,PAE,S&P Capital IQ,integrada,Millones de pesos 2018,activo,186791.50785420072
2014,PAE,S&P Capital IQ,integrada,Millones de pesos 2018,activo_corr,14055.490392751692
2014,PAE,S&P Capital IQ,integrada,Millones de pesos 2018,cash_st_inv,739.0778136533013
2014,PAE,S&P Capital IQ,integrada,Millones de pesos 2018,costo_ventas,28324.376492262432
2014,PAE,S&P Capital IQ,integrada,Millones de pesos 2018,deuda_lp,26062.902477950043
2014,PAE,S&P Capital IQ,integrada,Millones de pesos 2018,deuda_neta,35907.731242212154
2014,PAE,S&P Capital IQ,integrada,Millones de pesos 2018,deuda_total,36646.80905586545
2014,PAE,S&P Capital IQ,integrada,Millones de pesos 2018,ebit,21659.664236043754
2014,PAE,S&P Capital IQ,integrada,Millones de pesos 2018,ebitda,32688.57893415182
2014,PAE,S&P Capital IQ,integrada,Millones de pesos 2018,ebt,21097.5487158004
2014,PAE,S&P Capital IQ,integrada,Millones de pesos 2018,ganancia_bruta,36220.01764234735
2014,PAE,S&P Capital IQ,integrada,Millones de pesos 2018,impuesto_ganancias,10893.590591382814
2014,PAE,S&P Capital IQ,integrada,Millones de pesos 2018,inventarios,2394.195734369849
2014,PAE,S&P Capital IQ,integrada,Millones de pesos 2018,pasivo,91481.69853293838
2014,PAE,S&P Capital IQ,integrada,Millones de pesos 2018,patrimonio_neto,95309.80932126235
2014,PAE,S&P Capital IQ,integrada,Millones de pesos 2018,patrimonio_neto_total,95309.80932126235
2014,PAE,S&P Capital IQ,integrada,Millones de pesos 2018,ppye,282858.61169579095
2014,PAE,S&P Capital IQ,integrada,Millones de pesos 2018,ppye_neta,167921.60212603142
2014,PAE,S&P Capital IQ,integrada,Millones de pesos 2018,utilidad_neta,10203.958124417586
2014,PAE,S&P Capital IQ,integrada,Millones de pesos 2018,utilidad_neta_empresa,10203.958124417586
2014,PAE,S&P Capital IQ,integrada,Millones de pesos 2018,utilidad_operativa,21659.664236043754
2014,PAE,S&P Capital IQ,integrada,Millones de pesos 2018,ventas,64544.394134609785
2014,PAE,S&P Capital IQ,integrada,Millones de pesos 2018,ventas_raw,64544.394134609785
2015,PAE,S&P Capital IQ,integrada,Millones de pesos 2018,KTA,238850.68334257964
2015,PAE,S&P Capital IQ,integrada,Millones de pesos 2018,activo,260211.6646042746
2015,PAE,S&P Capital IQ,integrada,Millones de pesos 2018,activo_corr,27989.896805799774
2015,PAE,S&P Capital IQ,integrada,Millones de pesos 2018,cash_st_inv,14290.000940300331
2015,PAE,S&P Capital IQ,integrada,Millones de pesos 2018,costo_ventas,29414.784669343386
2015,PAE,S&P Capital IQ,integrada,Millones de pesos 2018,deuda_lp,38996.281702695844
2015,PAE,S&P Capital IQ,integrada,Millones de pesos 2018,deuda_neta,52344.581861606595
2015,PAE,S&P Capital IQ,integrada,Millones de pesos 2018,deuda_total,66634.58280190693
2015,PAE,S&P Capital IQ,integrada,Millones de pesos 2018,ebit,19763.37971772184
2015,PAE,S&P Capital IQ,integrada,Millones de pesos 2018,ebitda,32527.743147561327
2015,PAE,S&P Capital IQ,integrada,Millones de pesos 2018,ebt,17746.330664134126
2015,PAE,S&P Capital IQ,integrada,Millones de pesos 2018,ganancia_bruta,32869.058277933975
2015,PAE,S&P Capital IQ,integrada,Millones de pesos 2018,impuesto_ganancias,13662.885791121684
2015,PAE,S&P Capital IQ,integrada,Millones de pesos 2018,inventarios,4646.820449651619
2015,PAE,S&P Capital IQ,integrada,Millones de pesos 2018,pasivo,138224.4033399468
2015,PAE,S&P Capital IQ,integrada,Millones de pesos 2018,patrimonio_neto,121987.26126432781
2015,PAE,S&P Capital IQ,integrada,Millones de pesos 2018,patrimonio_neto_total,121987.26126432781
2015,PAE,S&P Capital IQ,integrada,Millones de pesos 2018,ppye,375876.3714957357
2015,PAE,S&P Capital IQ,integrada,Millones de pesos 2018,ppye_neta,219913.86195262766
2015,PAE,S&P Capital IQ,integrada,Millones de pesos 2018,utilidad_neta,4083.4448730124404
2015,PAE,S&P Capital IQ,integrada,Millones de pesos 2018,utilidad_neta_empresa,4083.4448730124404
2015,PAE,S&P Capital IQ,integrada,Millones de pesos 2018,utilidad_operativa,19763.37971772184
2015,PAE,S&P Capital IQ,integrada,Millones de pesos 2018,ventas,62283.842947277364
2015,PAE,S&P Capital IQ,integrada,Millones de pesos 2018,ventas_raw,62283.842947277364
2016,PAE,S&P Capital IQ,integrada,Millones de pesos 2018,KTA,201078.31027615158
2016,PAE,S&P Capital IQ,integrada,Millones de pesos 2018,activo,218783.7375304781
2016,PAE,S&P Capital IQ,integrada,Millones de pesos 2018,activo_corr,25116.10671021173
2016,PAE,S&P Capital IQ,integrada,Millones de pesos 2018,cash_st_inv,6009.338911811103
2016,PAE,S&P Capital IQ,integrada,Millones de pesos 2018,costo_ventas,33672.126800852406
2016,PAE,S&P Capital IQ,integrada,Millones de pesos 2018,deuda_lp,25459.41294698597
2016,PAE,S&P Capital IQ,integrada,Millones de pesos 2018,deuda_neta,34684.28829203162
2016,PAE,S&P Capital IQ,integrada,Millones de pesos 2018,deuda_total,40693.62720384273
2016,PAE,S&P Capital IQ,integrada,Millones de pesos 2018,ebit,23142.09584875987
2016,PAE,S&P Capital IQ,integrada,Millones de pesos 2018,ebitda,39798.367405358185
2016,PAE,S&P Capital IQ,integrada,Millones de pesos 2018,ebt,17698.02841301669
2016,PAE,S&P Capital IQ,integrada,Millones de pesos 2018,ganancia_bruta,35956.88899731544
2016,PAE,S&P Capital IQ,integrada,Millones de pesos 2018,impuesto_ganancias,9002.910105751967
2016,PAE,S&P Capital IQ,integrada,Millones de pesos 2018,inventarios,3766.0102266829
2016,PAE,S&P Capital IQ,integrada,Millones de pesos 2018,pasivo,102109.92914814415
2016,PAE,S&P Capital IQ,integrada,Millones de pesos 2018,patrimonio_neto,116673.80838233395
2016,PAE,S&P Capital IQ,integrada,Millones de pesos 2018,patrimonio_neto_total,116673.80838233395
2016,PAE,S&P Capital IQ,integrada,Millones de pesos 2018,ppye,344784.5252679328
2016,PAE,S&P Capital IQ,integrada,Millones de pesos 2018,ppye_neta,191302.96113765758
2016,PAE,S&P Capital IQ,integrada,Millones de pesos 2018,utilidad_neta,8695.118307264722
2016,PAE,S&P Capital IQ,integrada,Millones de pesos 2018,utilidad_neta_empresa,8695.118307264722
2016,PAE,S&P Capital IQ,integrada,Millones de pesos 2018,utilidad_operativa,23142.09584875987
2016,PAE,S&P Capital IQ,integrada,Millones de pesos 2018,ventas,69629.01579816785
2016,PAE,S&P Capital IQ,integrada,Millones de pesos 2018,ventas_raw,69629.01579816785
2017,PAE,S&P Capital IQ,integrada,Millones de pesos 2018,KTA,202596.8058494013
2017,PAE,S&P Capital IQ,integrada,Millones de pesos 2018,activo,211247.71787588805
2017,PAE,S&P Capital IQ,integrada,Millones de pesos 2018,activo_corr,15506.894696958065
2017,PAE,S&P Capital IQ,integrada,Millones de pesos 2018,cash_st_inv,3803.2838458788356
2017,PAE,S&P Capital IQ,integrada,Millones de pesos 2018,costo_ventas,36643.1770535634
2017,PAE,S&P Capital IQ,integrada,Millones de pesos 2018,deuda_lp,13536.908770482993
2017,PAE,S&P Capital IQ,integrada,Millones de pesos 2018,deuda_neta,33819.4905916956
2017,PAE,S&P Capital IQ,integrada,Millones de pesos 2018,deuda_total,37622.77443757444
2017,PAE,S&P Capital IQ,integrada,Millones de pesos 2018,ebit,7996.248413671487
2017,PAE,S&P Capital IQ,integrada,Millones de pesos 2018,ebitda,22251.368730081787
2017,PAE,S&P Capital IQ,integrada,Millones de pesos 2018,ebt,7280.434902955955
2017,PAE,S&P Capital IQ,integrada,Millones de pesos 2018,ganancia_bruta,12635.24753085472
2017,PAE,S&P Capital IQ,integrada,Millones de pesos 2018,impuesto_ganancias,-3991.682093875771
2017,PAE,S&P Capital IQ,integrada,Millones de pesos 2018,inventarios,4122.22252904522
2017,PAE,S&P Capital IQ,integrada,Millones de pesos 2018,pasivo,87545.07147635476
2017,PAE,S&P Capital IQ,integrada,Millones de pesos 2018,patrimonio_neto,123702.64639953325
2017,PAE,S&P Capital IQ,integrada,Millones de pesos 2018,patrimonio_neto_total,123702.64639953325
2017,PAE,S&P Capital IQ,integrada,Millones de pesos 2018,ppye,357708.917452794
2017,PAE,S&P Capital IQ,integrada,Millones de pesos 2018,ppye_neta,194671.29947447727
2017,PAE,S&P Capital IQ,integrada,Millones de pesos 2018,utilidad_neta,11273.1635305652
2017,PAE,S&P Capital IQ,integrada,Millones de pesos 2018,utilidad_neta_empresa,11273.1635305652
2017,PAE,S&P Capital IQ,integrada,Millones de pesos 2018,utilidad_operativa,7996.248413671487
2017,PAE,S&P Capital IQ,integrada,Millones de pesos 2018,ventas,49278.42458441811
2017,PAE,S&P Capital IQ,integrada,Millones de pesos 2018,ventas_raw,49278.42458441811
2018,PAE,S&P Capital IQ,integrada,Millones de pesos 2018,KTA,439830.0
2018,PAE,S&P Capital IQ,integrada,Millones de pesos 2018,activo,465831.0
2018,PAE,S&P Capital IQ,integrada,Millones de pesos 2018,activo_corr,58096.00000000001
2018,PAE,S&P Capital IQ,integrada,Millones de pesos 2018,cash_st_inv,18513.0
2018,PAE,S&P Capital IQ,integrada,Millones de pesos 2018,costo_ventas,83634.0
2018,PAE,S&P Capital IQ,integrada,Millones de pesos 2018,deuda_lp,55893.0
2018,PAE,S&P Capital IQ,integrada,Millones de pesos 2018,deuda_neta,71268.0
2018,PAE,S&P Capital IQ,integrada,Millones de pesos 2018,deuda_total,89781.0
2018,PAE,S&P Capital IQ,integrada,Millones de pesos 2018,ebit,25113.000000000004
2018,PAE,S&P Capital IQ,integrada,Millones de pesos 2018,ebitda,48524.0
2018,PAE,S&P Capital IQ,integrada,Millones de pesos 2018,ebt,24456.000000000004
2018,PAE,S&P Capital IQ,integrada,Millones de pesos 2018,ganancia_bruta,39816.00000000001
2018,PAE,S&P Capital IQ,integrada,Millones de pesos 2018,impuesto_ganancias,13975.000000000002
2018,PAE,S&P Capital IQ,integrada,Millones de pesos 2018,inventarios,16415.0
2018,PAE,S&P Capital IQ,integrada,Millones de pesos 2018,pasivo,205484.0
2018,PAE,S&P Capital IQ,integrada,Millones de pesos 2018,patrimonio_neto,260347.00000000003
2018,PAE,S&P Capital IQ,integrada,Millones de pesos 2018,patrimonio_neto_total,260347.00000000003
2018,PAE,S&P Capital IQ,integrada,Millones de pesos 2018,ppye,735102.0
2018,PAE,S&P Capital IQ,integrada,Millones de pesos 2018,ppye_neta,404902.0
2018,PAE,S&P Capital IQ,integrada,Millones de pesos 2018,utilidad_neta,10481.0
2018,PAE,S&P Capital IQ,integrada,Millones de pesos 2018,utilidad_neta_empresa,10481.0
2018,PAE,S&P Capital IQ,integrada,Millones de pesos 2018,utilidad_operativa,25113.000000000004
2018,PAE,S&P Capital IQ,integrada,Millones de pesos 2018,ventas,123450.0
2018,PAE,S&P Capital IQ,integrada,Millones de pesos 2018,ventas_raw,123450.0
2019,PAE,S&P Capital IQ,integrada,Millones de pesos 2018,KTA,483622.31284623535
2019,PAE,S&P Capital IQ,integrada,Millones de pesos 2018,activo,503041.66845460044
2019,PAE,S&P Capital IQ,integrada,Millones de pesos 2018,activo_corr,45849.06931103501
2019,PAE,S&P Capital IQ,integrada,Millones de pesos 2018,cash_st_inv,11750.515762488381
2019,PAE,S&P Capital IQ,integrada,Millones de pesos 2018,costo_ventas,90932.29571535045
2019,PAE,S&P Capital IQ,integrada,Millones de pesos 2018,deuda_lp,42781.793642151344
2019,PAE,S&P Capital IQ,integrada,Millones de pesos 2018,deuda_neta,80382.27286951256
2019,PAE,S&P Capital IQ,integrada,Millones de pesos 2018,deuda_total,92132.78863200093
2019,PAE,S&P Capital IQ,integrada,Millones de pesos 2018,ebit,22634.334199785193
2019,PAE,S&P Capital IQ,integrada,Millones de pesos 2018,ebitda,45855.57604771062
2019,PAE,S&P Capital IQ,integrada,Millones de pesos 2018,ebt,23007.820884965346
2019,PAE,S&P Capital IQ,integrada,Millones de pesos 2018,ganancia_bruta,40430.25900758503
2019,PAE,S&P Capital IQ,integrada,Millones de pesos 2018,impuesto_ganancias,15146.381633490477
2019,PAE,S&P Capital IQ,integrada,Millones de pesos 2018,inventarios,16598.68525948716
2019,PAE,S&P Capital IQ,integrada,Millones de pesos 2018,pasivo,226085.6752254977
2019,PAE,S&P Capital IQ,integrada,Millones de pesos 2018,patrimonio_neto,276955.99322910275
2019,PAE,S&P Capital IQ,integrada,Millones de pesos 2018,patrimonio_neto_total,276955.99322910275
2019,PAE,S&P Capital IQ,integrada,Millones de pesos 2018,ppye,832850.5823523675
2019,PAE,S&P Capital IQ,integrada,Millones de pesos 2018,ppye_neta,455273.1118242598
2019,PAE,S&P Capital IQ,integrada,Millones de pesos 2018,utilidad_neta,7861.439251474867
2019,PAE,S&P Capital IQ,integrada,Millones de pesos 2018,utilidad_neta_empresa,7861.439251474867
2019,PAE,S&P Capital IQ,integrada,Millones de pesos 2018,utilidad_operativa,22634.334199785193
2019,PAE,S&P Capital IQ,integrada,Millones de pesos 2018,ventas,131362.55472293549
2019,PAE,S&P Capital IQ,integrada,Millones de pesos 2018,ventas_raw,131362.55472293549
2020,PAE,S&P Capital IQ,integrada,Millones de pesos 2018,KTA,468444.3756081012
2020,PAE,S&P Capital IQ,integrada,Millones de pesos 2018,activo,487603.2967365961
2020,PAE,S&P Capital IQ,integrada,Millones de pesos 2018,activo_corr,40746.96722663302
2020,PAE,S&P Capital IQ,integrada,Millones de pesos 2018,cash_st_inv,8504.229021080893
2020,PAE,S&P Capital IQ,integrada,Millones de pesos 2018,costo_ventas,79732.13136207582
2020,PAE,S&P Capital IQ,integrada,Millones de pesos 2018,deuda_lp,48290.54607103994
2020,PAE,S&P Capital IQ,integrada,Millones de pesos 2018,deuda_neta,99436.45979507553
2020,PAE,S&P Capital IQ,integrada,Millones de pesos 2018,deuda_total,107940.68881615641
2020,PAE,S&P Capital IQ,integrada,Millones de pesos 2018,ebit,-4628.724847674813
2020,PAE,S&P Capital IQ,integrada,Millones de pesos 2018,ebitda,19526.03982673723
2020,PAE,S&P Capital IQ,integrada,Millones de pesos 2018,ebt,-14784.170287827297
2020,PAE,S&P Capital IQ,integrada,Millones de pesos 2018,ganancia_bruta,11184.51634607583
2020,PAE,S&P Capital IQ,integrada,Millones de pesos 2018,impuesto_ganancias,-5746.401954940172
2020,PAE,S&P Capital IQ,integrada,Millones de pesos 2018,inventarios,18708.387195446026
2020,PAE,S&P Capital IQ,integrada,Millones de pesos 2018,pasivo,228934.02857768405
2020,PAE,S&P Capital IQ,integrada,Millones de pesos 2018,patrimonio_neto,258669.26815891208
2020,PAE,S&P Capital IQ,integrada,Millones de pesos 2018,patrimonio_neto_total,258669.26815891208
2020,PAE,S&P Capital IQ,integrada,Millones de pesos 2018,ppye,847490.0774513447
2020,PAE,S&P Capital IQ,integrada,Millones de pesos 2018,ppye_neta,441231.75939157425
2020,PAE,S&P Capital IQ,integrada,Millones de pesos 2018,utilidad_neta,-9037.768332887124
2020,PAE,S&P Capital IQ,integrada,Millones de pesos 2018,utilidad_neta_empresa,-9037.768332887124
2020,PAE,S&P Capital IQ,integrada,Millones de pesos 2018,utilidad_operativa,-4628.724847674813
2020,PAE,S&P Capital IQ,integrada,Millones de pesos 2018,ventas,90916.64770815165
2020,PAE,S&P Capital IQ,integrada,Millones de pesos 2018,ventas_raw,90916.64770815165
2021,PAE,S&P Capital IQ,integrada,Millones de pesos 2018,KTA,395212.37150088133
2021,PAE,S&P Capital IQ,integrada,Millones de pesos 2018,activo,408674.05286005687
2021,PAE,S&P Capital IQ,integrada,Millones de pesos 2018,activo_corr,35111.5454258625
2021,PAE,S&P Capital IQ,integrada,Millones de pesos 2018,cash_st_inv,10210.81833028013
2021,PAE,S&P Capital IQ,integrada,Millones de pesos 2018,costo_ventas,79376.24316661601
2021,PAE,S&P Capital IQ,integrada,Millones de pesos 2018,deuda_lp,51012.378267796346
2021,PAE,S&P Capital IQ,integrada,Millones de pesos 2018,deuda_neta,75109.4275059358
2021,PAE,S&P Capital IQ,integrada,Millones de pesos 2018,deuda_total,85320.24583621595
2021,PAE,S&P Capital IQ,integrada,Millones de pesos 2018,ebit,15512.125904347073
2021,PAE,S&P Capital IQ,integrada,Millones de pesos 2018,ebitda,38309.88049021915
2021,PAE,S&P Capital IQ,integrada,Millones de pesos 2018,ebt,12430.279326055785
2021,PAE,S&P Capital IQ,integrada,Millones de pesos 2018,ganancia_bruta,31663.857023960136
2021,PAE,S&P Capital IQ,integrada,Millones de pesos 2018,impuesto_ganancias,22690.53574060768
2021,PAE,S&P Capital IQ,integrada,Millones de pesos 2018,inventarios,14672.296447780429
2021,PAE,S&P Capital IQ,integrada,Millones de pesos 2018,pasivo,208748.91196924358
2021,PAE,S&P Capital IQ,integrada,Millones de pesos 2018,patrimonio_neto,199925.1408908132
2021,PAE,S&P Capital IQ,integrada,Millones de pesos 2018,patrimonio_neto_total,199925.1408908132
2021,PAE,S&P Capital IQ,integrada,Millones de pesos 2018,ppye,731194.5191758916
2021,PAE,S&P Capital IQ,integrada,Millones de pesos 2018,ppye_neta,370329.25672282075
2021,PAE,S&P Capital IQ,integrada,Millones de pesos 2018,utilidad_neta,-10261.575312171344
2021,PAE,S&P Capital IQ,integrada,Millones de pesos 2018,utilidad_neta_empresa,-10261.575312171344
2021,PAE,S&P Capital IQ,integrada,Millones de pesos 2018,utilidad_operativa,15512.125904347073
2021,PAE,S&P Capital IQ,integrada,Millones de pesos 2018,ventas,111040.10019057615
2021,PAE,S&P Capital IQ,integrada,Millones de pesos 2018,ventas_raw,111040.10019057615
2022,PAE,S&P Capital IQ,integrada,Millones de pesos 2018,KTA,401051.20174695016
2022,PAE,S&P Capital IQ,integrada,Millones de pesos 2018,activo,419773.3078055755
2022,PAE,S&P Capital IQ,integrada,Millones de pesos 2018,activo_corr,42975.45819245579
2022,PAE,S&P Capital IQ,integrada,Millones de pesos 2018,cash_st_inv,9930.889000104991
2022,PAE,S&P Capital IQ,integrada,Millones de pesos 2018,costo_ventas,76001.73812457349
2022,PAE,S&P Capital IQ,integrada,Millones de pesos 2018,deuda_lp,50611.403646251434
2022,PAE,S&P Capital IQ,integrada,Millones de pesos 2018,deuda_neta,69468.3481724777
2022,PAE,S&P Capital IQ,integrada,Millones de pesos 2018,deuda_total,79399.23717258268
2022,PAE,S&P Capital IQ,integrada,Millones de pesos 2018,ebit,21481.45336967732
2022,PAE,S&P Capital IQ,integrada,Millones de pesos 2018,ebitda,43812.998727248436
2022,PAE,S&P Capital IQ,integrada,Millones de pesos 2018,ebt,12170.426846296403
2022,PAE,S&P Capital IQ,integrada,Millones de pesos 2018,ganancia_bruta,50698.18797912226
2022,PAE,S&P Capital IQ,integrada,Millones de pesos 2018,impuesto_ganancias,3006.2523241989766
2022,PAE,S&P Capital IQ,integrada,Millones de pesos 2018,inventarios,17148.153839740742
2022,PAE,S&P Capital IQ,integrada,Millones de pesos 2018,pasivo,203519.30174457288
2022,PAE,S&P Capital IQ,integrada,Millones de pesos 2018,patrimonio_neto,216254.00606100258
2022,PAE,S&P Capital IQ,integrada,Millones de pesos 2018,patrimonio_neto_total,216254.00606100258
2022,PAE,S&P Capital IQ,integrada,Millones de pesos 2018,ppye,761175.5217540256
2022,PAE,S&P Capital IQ,integrada,Millones de pesos 2018,ppye_neta,373972.15890710446
2022,PAE,S&P Capital IQ,integrada,Millones de pesos 2018,utilidad_neta,9164.174522097428
2022,PAE,S&P Capital IQ,integrada,Millones de pesos 2018,utilidad_neta_empresa,9164.174522097428
2022,PAE,S&P Capital IQ,integrada,Millones de pesos 2018,utilidad_operativa,21481.45336967732
2022,PAE,S&P Capital IQ,integrada,Millones de pesos 2018,ventas,126699.92610369575
2022,PAE,S&P Capital IQ,integrada,Millones de pesos 2018,ventas_raw,126699.92610369575
2023,PAE,S&P Capital IQ,integrada,Millones de pesos 2018,KTA,839676.9243570763
2023,PAE,S&P Capital IQ,integrada,Millones de pesos 2018,activo,864451.1554423582
2023,PAE,S&P Capital IQ,integrada,Millones de pesos 2018,activo_corr,79238.74351612224
2023,PAE,S&P Capital IQ,integrada,Millones de pesos 2018,cash_st_inv,19482.90218602654
2023,PAE,S&P Capital IQ,integrada,Millones de pesos 2018,costo_ventas,64948.25898454956
2023,PAE,S&P Capital IQ,integrada,Millones de pesos 2018,deuda_lp,91979.0037128915
2023,PAE,S&P Capital IQ,integrada,Millones de pesos 2018,deuda_neta,117993.04536626868
2023,PAE,S&P Capital IQ,integrada,Millones de pesos 2018,deuda_total,137475.9475522952
2023,PAE,S&P Capital IQ,integrada,Millones de pesos 2018,ebit,8630.102176577551
2023,PAE,S&P Capital IQ,integrada,Millones de pesos 2018,ebitda,30244.860632650794
2023,PAE,S&P Capital IQ,integrada,Millones de pesos 2018,ebt,23145.000721219785
2023,PAE,S&P Capital IQ,integrada,Millones de pesos 2018,ganancia_bruta,39867.68740060487
2023,PAE,S&P Capital IQ,integrada,Millones de pesos 2018,impuesto_ganancias,16023.314241394342
2023,PAE,S&P Capital IQ,integrada,Millones de pesos 2018,inventarios,40114.85023143764
2023,PAE,S&P Capital IQ,integrada,Millones de pesos 2018,pasivo,405652.2302526945
2023,PAE,S&P Capital IQ,integrada,Millones de pesos 2018,patrimonio_neto,458798.9251896637
2023,PAE,S&P Capital IQ,integrada,Millones de pesos 2018,patrimonio_neto_total,458798.9251896637
2023,PAE,S&P Capital IQ,integrada,Millones de pesos 2018,ppye,1584081.3387971232
2023,PAE,S&P Capital IQ,integrada,Millones de pesos 2018,ppye_neta,780079.171939612
2023,PAE,S&P Capital IQ,integrada,Millones de pesos 2018,utilidad_neta,7121.686479825444
2023,PAE,S&P Capital IQ,integrada,Millones de pesos 2018,utilidad_neta_empresa,7121.686479825444
2023,PAE,S&P Capital IQ,integrada,Millones de pesos 2018,utilidad_operativa,8630.102176577551
2023,PAE,S&P Capital IQ,integrada,Millones de pesos 2018,ventas,104815.94638515443
2023,PAE,S&P Capital IQ,integrada,Millones de pesos 2018,ventas_raw,104815.94638515443
2024,PAE,S&P Capital IQ,integrada,Millones de pesos 2018,KTA,333499.7292937195
2024,PAE,S&P Capital IQ,integrada,Millones de pesos 2018,activo,348715.2930401711
2024,PAE,S&P Capital IQ,integrada,Millones de pesos 2018,activo_corr,47734.697505011405
2024,PAE,S&P Capital IQ,integrada,Millones de pesos 2018,cash_st_inv,19362.75181933429
2024,PAE,S&P Capital IQ,integrada,Millones de pesos 2018,costo_ventas,66681.18952641074
2024,PAE,S&P Capital IQ,integrada,Millones de pesos 2018,deuda_lp,56060.97528241755
2024,PAE,S&P Capital IQ,integrada,Millones de pesos 2018,deuda_neta,65448.324887802635
2024,PAE,S&P Capital IQ,integrada,Millones de pesos 2018,deuda_total,84811.07670713693
2024,PAE,S&P Capital IQ,integrada,Millones de pesos 2018,ebit,6885.439502532645
2024,PAE,S&P Capital IQ,integrada,Millones de pesos 2018,ebitda,29088.710679926673
2024,PAE,S&P Capital IQ,integrada,Millones de pesos 2018,ebt,-24664.22147966237
2024,PAE,S&P Capital IQ,integrada,Millones de pesos 2018,ganancia_bruta,37671.93242038963
2024,PAE,S&P Capital IQ,integrada,Millones de pesos 2018,impuesto_ganancias,-33958.84820549232
2024,PAE,S&P Capital IQ,integrada,Millones de pesos 2018,inventarios,17575.85176038492
2024,PAE,S&P Capital IQ,integrada,Millones de pesos 2018,pasivo,159843.2094774673
2024,PAE,S&P Capital IQ,integrada,Millones de pesos 2018,patrimonio_neto,188872.0835627038
2024,PAE,S&P Capital IQ,integrada,Millones de pesos 2018,patrimonio_neto_total,188872.0835627038
2024,PAE,S&P Capital IQ,integrada,Millones de pesos 2018,ppye,627618.7093783104
2024,PAE,S&P Capital IQ,integrada,Millones de pesos 2018,ppye_neta,296561.12571400026
2024,PAE,S&P Capital IQ,integrada,Millones de pesos 2018,utilidad_neta,9294.601681594566
2024,PAE,S&P Capital IQ,integrada,Millones de pesos 2018,utilidad_neta_empresa,9294.601681594566
2024,PAE,S&P Capital IQ,integrada,Millones de pesos 2018,utilidad_operativa,6885.439502532645
2024,PAE,S&P Capital IQ,integrada,Millones de pesos 2018,ventas,104353.12194680038
2024,PAE,S&P Capital IQ,integrada,Millones de pesos 2018,ventas_raw,104353.12194680038
2006,PCR,S&P Capital IQ,produccion,Millones de pesos 2018,KTA,7759.914758131421
2006,PCR,S&P Capital IQ,produccion,Millones de pesos 2018,activo,8630.36227649942
2006,PCR,S&P Capital IQ,produccion,Millones de pesos 2018,activo_corr,1874.353761341362
2006,PCR,S&P Capital IQ,produccion,Millones de pesos 2018,cash_st_inv,555.437174571716
2006,PCR,S&P Capital IQ,produccion,Millones de pesos 2018,costo_ventas,4160.880084198
2006,PCR,S&P Capital IQ,produccion,Millones de pesos 2018,deuda_lp,2862.276985481291
2006,PCR,S&P Capital IQ,produccion,Millones de pesos 2018,deuda_neta,2661.206410373542
2006,PCR,S&P Capital IQ,produccion,Millones de pesos 2018,deuda_total,3216.6435849452578
2006,PCR,S&P Capital IQ,produccion,Millones de pesos 2018,ebit,1968.4277152360323
2006,PCR,S&P Capital IQ,produccion,Millones de pesos 2018,ebitda,2724.5354076164867
2006,PCR,S&P Capital IQ,produccion,Millones de pesos 2018,ebt,1761.7943532159406
2006,PCR,S&P Capital IQ,produccion,Millones de pesos 2018,ganancia_bruta,2603.913690394219
2006,PCR,S&P Capital IQ,produccion,Millones de pesos 2018,impuesto_ganancias,541.7488058778177
2006,PCR,S&P Capital IQ,produccion,Millones de pesos 2018,inventarios,550.0889751972205
2006,PCR,S&P Capital IQ,produccion,Millones de pesos 2018,pasivo,4848.7052844109985
2006,PCR,S&P Capital IQ,produccion,Millones de pesos 2018,patrimonio_neto,3781.652141517471
2006,PCR,S&P Capital IQ,produccion,Millones de pesos 2018,patrimonio_neto_total,3781.656992088422
2006,PCR,S&P Capital IQ,produccion,Millones de pesos 2018,ppye_neta,6654.388608362486
2006,PCR,S&P Capital IQ,produccion,Millones de pesos 2018,utilidad_neta,1220.0456764953765
2006,PCR,S&P Capital IQ,produccion,Millones de pesos 2018,utilidad_neta_empresa,1220.0455473381671
2006,PCR,S&P Capital IQ,produccion,Millones de pesos 2018,utilidad_operativa,1968.4277152360323
2006,PCR,S&P Capital IQ,produccion,Millones de pesos 2018,ventas,6764.793774592217
2006,PCR,S&P Capital IQ,produccion,Millones de pesos 2018,ventas_raw,6764.793774592217
2007,PCR,S&P Capital IQ,produccion,Millones de pesos 2018,KTA,10105.124674275592
2007,PCR,S&P Capital IQ,produccion,Millones de pesos 2018,activo,11656.32405139887
2007,PCR,S&P Capital IQ,produccion,Millones de pesos 2018,activo_corr,2246.4166401518146
2007,PCR,S&P Capital IQ,produccion,Millones de pesos 2018,cash_st_inv,369.6597421439728
2007,PCR,S&P Capital IQ,produccion,Millones de pesos 2018,costo_ventas,4288.66871930528
2007,PCR,S&P Capital IQ,produccion,Millones de pesos 2018,deuda_lp,3911.5506208616594
2007,PCR,S&P Capital IQ,produccion,Millones de pesos 2018,deuda_neta,4510.373588505434
2007,PCR,S&P Capital IQ,produccion,Millones de pesos 2018,deuda_total,4880.033330649408
2007,PCR,S&P Capital IQ,produccion,Millones de pesos 2018,ebit,2538.4599150667104
2007,PCR,S&P Capital IQ,produccion,Millones de pesos 2018,ebitda,3230.9975409799426
2007,PCR,S&P Capital IQ,produccion,Millones de pesos 2018,ebt,2148.8931641235604
2007,PCR,S&P Capital IQ,produccion,Millones de pesos 2018,ganancia_bruta,3045.221093731582
2007,PCR,S&P Capital IQ,produccion,Millones de pesos 2018,impuesto_ganancias,658.6694275359193
2007,PCR,S&P Capital IQ,produccion,Millones de pesos 2018,inventarios,600.8914781539461
2007,PCR,S&P Capital IQ,produccion,Millones de pesos 2018,pasivo,8469.983829461295
2007,PCR,S&P Capital IQ,produccion,Millones de pesos 2018,patrimonio_neto,3186.2360197498306
2007,PCR,S&P Capital IQ,produccion,Millones de pesos 2018,patrimonio_neto_total,3186.3402219376117
2007,PCR,S&P Capital IQ,produccion,Millones de pesos 2018,ppye_neta,9134.573453977673
2007,PCR,S&P Capital IQ,produccion,Millones de pesos 2018,utilidad_neta,1490.2236223726354
2007,PCR,S&P Capital IQ,produccion,Millones de pesos 2018,utilidad_neta_empresa,1490.2237365876806
2007,PCR,S&P Capital IQ,produccion,Millones de pesos 2018,utilidad_operativa,2538.4599150667104
2007,PCR,S&P Capital IQ,produccion,Millones de pesos 2018,ventas,7333.889813036863
2007,PCR,S&P Capital IQ,produccion,Millones de pesos 2018,ventas_raw,7333.889813036863
2008,PCR,S&P Capital IQ,produccion,Millones de pesos 2018,KTA,8880.420777857658
2008,PCR,S&P Capital IQ,produccion,Millones de pesos 2018,activo,10031.083423298189
2008,PCR,S&P Capital IQ,produccion,Millones de pesos 2018,activo_corr,2463.5019636832653
2008,PCR,S&P Capital IQ,produccion,Millones de pesos 2018,cash_st_inv,783.1859822975119
2008,PCR,S&P Capital IQ,produccion,Millones de pesos 2018,costo_ventas,4119.808136420151
2008,PCR,S&P Capital IQ,produccion,Millones de pesos 2018,deuda_lp,3048.3924984302967
2008,PCR,S&P Capital IQ,produccion,Millones de pesos 2018,deuda_neta,3823.3976513228586
2008,PCR,S&P Capital IQ,produccion,Millones de pesos 2018,deuda_total,4606.583633620371
2008,PCR,S&P Capital IQ,produccion,Millones de pesos 2018,ebit,2032.0886449616119
2008,PCR,S&P Capital IQ,produccion,Millones de pesos 2018,ebitda,2847.756325782088
2008,PCR,S&P Capital IQ,produccion,Millones de pesos 2018,ebt,608.8462455527053
2008,PCR,S&P Capital IQ,produccion,Millones de pesos 2018,ganancia_bruta,2877.6091360977384
2008,PCR,S&P Capital IQ,produccion,Millones de pesos 2018,impuesto_ganancias,220.08083939486366
2008,PCR,S&P Capital IQ,produccion,Millones de pesos 2018,inventarios,680.8295827858909
2008,PCR,S&P Capital IQ,produccion,Millones de pesos 2018,pasivo,7004.214809311239
2008,PCR,S&P Capital IQ,produccion,Millones de pesos 2018,patrimonio_neto,3025.827468503233
2008,PCR,S&P Capital IQ,produccion,Millones de pesos 2018,patrimonio_neto_total,3026.8686139869487
2008,PCR,S&P Capital IQ,produccion,Millones de pesos 2018,ppye_neta,7416.405212774256
2008,PCR,S&P Capital IQ,produccion,Millones de pesos 2018,utilidad_neta,388.17550373938604
2008,PCR,S&P Capital IQ,produccion,Millones de pesos 2018,utilidad_neta_empresa,388.7654061578417
2008,PCR,S&P Capital IQ,produccion,Millones de pesos 2018,utilidad_operativa,2032.0886449616119
2008,PCR,S&P Capital IQ,produccion,Millones de pesos 2018,ventas,6997.41727251789
2008,PCR,S&P Capital IQ,produccion,Millones de pesos 2018,ventas_raw,6997.41727251789
2009,PCR,S&P Capital IQ,produccion,Millones de pesos 2018,KTA,8777.954714698943
2009,PCR,S&P Capital IQ,produccion,Millones de pesos 2018,activo,9739.785691618832
2009,PCR,S&P Capital IQ,produccion,Millones de pesos 2018,activo_corr,2712.2906423074496
2009,PCR,S&P Capital IQ,produccion,Millones de pesos 2018,cash_st_inv,982.1486107251457
2009,PCR,S&P Capital IQ,produccion,Millones de pesos 2018,costo_ventas,4550.165379376374
2009,PCR,S&P Capital IQ,produccion,Millones de pesos 2018,deuda_lp,2556.1650270481227
2009,PCR,S&P Capital IQ,produccion,Millones de pesos 2018,deuda_neta,3130.197282494934
2009,PCR,S&P Capital IQ,produccion,Millones de pesos 2018,deuda_total,4112.345893220079
2009,PCR,S&P Capital IQ,produccion,Millones de pesos 2018,ebit,2240.0651090632828
2009,PCR,S&P Capital IQ,produccion,Millones de pesos 2018,ebitda,3220.3748169495457
2009,PCR,S&P Capital IQ,produccion,Millones de pesos 2018,ebt,1359.4460849861605
2009,PCR,S&P Capital IQ,produccion,Millones de pesos 2018,ganancia_bruta,2992.5673187966254
2009,PCR,S&P Capital IQ,produccion,Millones de pesos 2018,impuesto_ganancias,586.1486175688668
2009,PCR,S&P Capital IQ,produccion,Millones de pesos 2018,inventarios,809.479510213092
2009,PCR,S&P Capital IQ,produccion,Millones de pesos 2018,pasivo,6329.997971768518
2009,PCR,S&P Capital IQ,produccion,Millones de pesos 2018,patrimonio_neto,3409.675681727436
2009,PCR,S&P Capital IQ,produccion,Millones de pesos 2018,patrimonio_neto_total,3409.7877198503143
2009,PCR,S&P Capital IQ,produccion,Millones de pesos 2018,ppye_neta,6986.326593760706
2009,PCR,S&P Capital IQ,produccion,Millones de pesos 2018,utilidad_neta,773.011970674291
2009,PCR,S&P Capital IQ,produccion,Millones de pesos 2018,utilidad_neta_empresa,773.2974674172938
2009,PCR,S&P Capital IQ,produccion,Millones de pesos 2018,utilidad_operativa,2240.0651090632828
2009,PCR,S&P Capital IQ,produccion,Millones de pesos 2018,ventas,7542.732698173
2009,PCR,S&P Capital IQ,produccion,Millones de pesos 2018,ventas_raw,7542.732698173
2010,PCR,S&P Capital IQ,produccion,Millones de pesos 2018,KTA,8052.170892454449
2010,PCR,S&P Capital IQ,produccion,Millones de pesos 2018,activo,8948.226111669339
2010,PCR,S&P Capital IQ,produccion,Millones de pesos 2018,activo_corr,2590.2831268195164
2010,PCR,S&P Capital IQ,produccion,Millones de pesos 2018,cash_st_inv,961.1930343882984
2010,PCR,S&P Capital IQ,produccion,Millones de pesos 2018,costo_ventas,4488.083414585221
2010,PCR,S&P Capital IQ,produccion,Millones de pesos 2018,deuda_lp,1088.184239041518
2010,PCR,S&P Capital IQ,produccion,Millones de pesos 2018,deuda_neta,1743.2347368180901
2010,PCR,S&P Capital IQ,produccion,Millones de pesos 2018,deuda_total,2704.427771206389
2010,PCR,S&P Capital IQ,produccion,Millones de pesos 2018,ebit,2480.694579542112
2010,PCR,S&P Capital IQ,produccion,Millones de pesos 2018,ebitda,3315.488910448468
2010,PCR,S&P Capital IQ,produccion,Millones de pesos 2018,ebt,2127.83515725478
2010,PCR,S&P Capital IQ,produccion,Millones de pesos 2018,ganancia_bruta,3203.822145320916
2010,PCR,S&P Capital IQ,produccion,Millones de pesos 2018,impuesto_ganancias,773.8014323072337
2010,PCR,S&P Capital IQ,produccion,Millones de pesos 2018,inventarios,792.3474041010547
2010,PCR,S&P Capital IQ,produccion,Millones de pesos 2018,pasivo,4875.221722555884
2010,PCR,S&P Capital IQ,produccion,Millones de pesos 2018,patrimonio_neto,4072.1359944943633
2010,PCR,S&P Capital IQ,produccion,Millones de pesos 2018,patrimonio_neto_total,4073.0043891134255
2010,PCR,S&P Capital IQ,produccion,Millones de pesos 2018,ppye_neta,6298.630453965096
2010,PCR,S&P Capital IQ,produccion,Millones de pesos 2018,utilidad_neta,1353.4968792674617
2010,PCR,S&P Capital IQ,produccion,Millones de pesos 2018,utilidad_neta_empresa,1354.033724947518
2010,PCR,S&P Capital IQ,produccion,Millones de pesos 2018,utilidad_operativa,2480.694579542112
2010,PCR,S&P Capital IQ,produccion,Millones de pesos 2018,ventas,7691.905559906137
2010,PCR,S&P Capital IQ,produccion,Millones de pesos 2018,ventas_raw,7691.905559906137
2011,PCR,S&P Capital IQ,produccion,Millones de pesos 2018,KTA,6467.257134279645
2011,PCR,S&P Capital IQ,produccion,Millones de pesos 2018,activo,7874.666426768432
2011,PCR,S&P Capital IQ,produccion,Millones de pesos 2018,activo_corr,2247.949702635931
2011,PCR,S&P Capital IQ,produccion,Millones de pesos 2018,cash_st_inv,348.8821639736928
2011,PCR,S&P Capital IQ,produccion,Millones de pesos 2018,costo_ventas,5101.138882528441
2011,PCR,S&P Capital IQ,produccion,Millones de pesos 2018,deuda_lp,1016.1361372705999
2011,PCR,S&P Capital IQ,produccion,Millones de pesos 2018,deuda_neta,1741.9304629210878
2011,PCR,S&P Capital IQ,produccion,Millones de pesos 2018,deuda_total,2090.812626894806
2011,PCR,S&P Capital IQ,produccion,Millones de pesos 2018,ebit,2091.725140489574
2011,PCR,S&P Capital IQ,produccion,Millones de pesos 2018,ebitda,2870.1399658843247
2011,PCR,S&P Capital IQ,produccion,Millones de pesos 2018,ebt,1777.8844766072264
2011,PCR,S&P Capital IQ,produccion,Millones de pesos 2018,ganancia_bruta,2580.372679094124
2011,PCR,S&P Capital IQ,produccion,Millones de pesos 2018,impuesto_ganancias,587.4594450702097
2011,PCR,S&P Capital IQ,produccion,Millones de pesos 2018,inventarios,629.3447046351007
2011,PCR,S&P Capital IQ,produccion,Millones de pesos 2018,pasivo,3783.3358388717666
2011,PCR,S&P Capital IQ,produccion,Millones de pesos 2018,patrimonio_neto,4087.323058851574
2011,PCR,S&P Capital IQ,produccion,Millones de pesos 2018,patrimonio_neto_total,4091.3305878966667
2011,PCR,S&P Capital IQ,produccion,Millones de pesos 2018,ppye,10526.608265841352
2011,PCR,S&P Capital IQ,produccion,Millones de pesos 2018,ppye_neta,5489.030265670852
2011,PCR,S&P Capital IQ,produccion,Millones de pesos 2018,utilidad_neta,1190.1485641147624
2011,PCR,S&P Capital IQ,produccion,Millones de pesos 2018,utilidad_neta_empresa,1190.4250315370166
2011,PCR,S&P Capital IQ,produccion,Millones de pesos 2018,utilidad_operativa,2091.725140489574
2011,PCR,S&P Capital IQ,produccion,Millones de pesos 2018,ventas,7681.511561622566
2011,PCR,S&P Capital IQ,produccion,Millones de pesos 2018,ventas_raw,7681.511561622566
2012,PCR,S&P Capital IQ,produccion,Millones de pesos 2018,KTA,6027.287454492793
2012,PCR,S&P Capital IQ,produccion,Millones de pesos 2018,activo,7431.904687473768
2012,PCR,S&P Capital IQ,produccion,Millones de pesos 2018,activo_corr,2332.043320745867
2012,PCR,S&P Capital IQ,produccion,Millones de pesos 2018,cash_st_inv,313.3089644076773
2012,PCR,S&P Capital IQ,produccion,Millones de pesos 2018,costo_ventas,4692.729506406982
2012,PCR,S&P Capital IQ,produccion,Millones de pesos 2018,deuda_lp,928.6098416280321
2012,PCR,S&P Capital IQ,produccion,Millones de pesos 2018,deuda_neta,1348.7470053508628
2012,PCR,S&P Capital IQ,produccion,Millones de pesos 2018,deuda_total,1662.0559697585402
2012,PCR,S&P Capital IQ,produccion,Millones de pesos 2018,ebit,1668.758176553892
2012,PCR,S&P Capital IQ,produccion,Millones de pesos 2018,ebitda,2474.0893475816597
2012,PCR,S&P Capital IQ,produccion,Millones de pesos 2018,ebt,1381.0267483029368
2012,PCR,S&P Capital IQ,produccion,Millones de pesos 2018,ganancia_bruta,2305.36642695324
2012,PCR,S&P Capital IQ,produccion,Millones de pesos 2018,impuesto_ganancias,490.94947409580124
2012,PCR,S&P Capital IQ,produccion,Millones de pesos 2018,inventarios,784.0404321151576
2012,PCR,S&P Capital IQ,produccion,Millones de pesos 2018,pasivo,3679.133215618743
2012,PCR,S&P Capital IQ,produccion,Millones de pesos 2018,patrimonio_neto,3748.7280968557493
2012,PCR,S&P Capital IQ,produccion,Millones de pesos 2018,patrimonio_neto_total,3752.771471855025
2012,PCR,S&P Capital IQ,produccion,Millones de pesos 2018,ppye,9888.254122941056
2012,PCR,S&P Capital IQ,produccion,Millones de pesos 2018,ppye_neta,4929.938057969958
2012,PCR,S&P Capital IQ,produccion,Millones de pesos 2018,utilidad_neta,889.6147312679778
2012,PCR,S&P Capital IQ,produccion,Millones de pesos 2018,utilidad_neta_empresa,890.0772742071583
2012,PCR,S&P Capital IQ,produccion,Millones de pesos 2018,utilidad_operativa,1668.758176553892
2012,PCR,S&P Capital IQ,produccion,Millones de pesos 2018,ventas,6998.095933360222
2012,PCR,S&P Capital IQ,produccion,Millones de pesos 2018,ventas_raw,6998.095933360222
2013,PCR,S&P Capital IQ,produccion,Millones de pesos 2018,KTA,6412.705022182263
2013,PCR,S&P Capital IQ,produccion,Millones de pesos 2018,activo,8256.61213948945
2013,PCR,S&P Capital IQ,produccion,Millones de pesos 2018,activo_corr,3341.144157290661
2013,PCR,S&P Capital IQ,produccion,Millones de pesos 2018,cash_st_inv,1048.7687723198458
2013,PCR,S&P Capital IQ,produccion,Millones de pesos 2018,costo_ventas,4902.188209083335
2013,PCR,S&P Capital IQ,produccion,Millones de pesos 2018,deuda_lp,1189.9387410011266
2013,PCR,S&P Capital IQ,produccion,Millones de pesos 2018,deuda_neta,1169.921048177244
2013,PCR,S&P Capital IQ,produccion,Millones de pesos 2018,deuda_total,2218.6898204970894
2013,PCR,S&P Capital IQ,produccion,Millones de pesos 2018,ebit,2162.1181980856095
2013,PCR,S&P Capital IQ,produccion,Millones de pesos 2018,ebitda,2910.064072753874
2013,PCR,S&P Capital IQ,produccion,Millones de pesos 2018,ebt,1661.711899593476
2013,PCR,S&P Capital IQ,produccion,Millones de pesos 2018,ganancia_bruta,2470.4235675894465
2013,PCR,S&P Capital IQ,produccion,Millones de pesos 2018,impuesto_ganancias,583.094823378697
2013,PCR,S&P Capital IQ,produccion,Millones de pesos 2018,inventarios,772.5473608635251
2013,PCR,S&P Capital IQ,produccion,Millones de pesos 2018,pasivo,4342.508240412199
2013,PCR,S&P Capital IQ,produccion,Millones de pesos 2018,patrimonio_neto,3909.9141914709685
2013,PCR,S&P Capital IQ,produccion,Millones de pesos 2018,patrimonio_neto_total,3914.1038990772263
2013,PCR,S&P Capital IQ,produccion,Millones de pesos 2018,ppye,9466.761171453205
2013,PCR,S&P Capital IQ,produccion,Millones de pesos 2018,ppye_neta,4591.388888998891
2013,PCR,S&P Capital IQ,produccion,Millones de pesos 2018,utilidad_neta,1077.2891189547422
2013,PCR,S&P Capital IQ,produccion,Millones de pesos 2018,utilidad_neta_empresa,1078.6170762148033
2013,PCR,S&P Capital IQ,produccion,Millones de pesos 2018,utilidad_operativa,2162.1181980856095
2013,PCR,S&P Capital IQ,produccion,Millones de pesos 2018,ventas,7372.611776672782
2013,PCR,S&P Capital IQ,produccion,Millones de pesos 2018,ventas_raw,7372.611776672782
2014,PCR,S&P Capital IQ,produccion,Millones de pesos 2018,KTA,6627.582532678409
2014,PCR,S&P Capital IQ,produccion,Millones de pesos 2018,activo,8561.848249074317
2014,PCR,S&P Capital IQ,produccion,Millones de pesos 2018,activo_corr,3091.2317415758266
2014,PCR,S&P Capital IQ,produccion,Millones de pesos 2018,cash_st_inv,791.6922973800611
2014,PCR,S&P Capital IQ,produccion,Millones de pesos 2018,costo_ventas,5887.328518322884
2014,PCR,S&P Capital IQ,produccion,Millones de pesos 2018,deuda_lp,449.71046374621693
2014,PCR,S&P Capital IQ,produccion,Millones de pesos 2018,deuda_neta,1067.231418117316
2014,PCR,S&P Capital IQ,produccion,Millones de pesos 2018,deuda_total,1858.923715497377
2014,PCR,S&P Capital IQ,produccion,Millones de pesos 2018,ebit,2305.8479053314777
2014,PCR,S&P Capital IQ,produccion,Millones de pesos 2018,ebitda,3786.4871828117693
2014,PCR,S&P Capital IQ,produccion,Millones de pesos 2018,ebt,2211.5096502296697
2014,PCR,S&P Capital IQ,produccion,Millones de pesos 2018,ganancia_bruta,2977.584342116906
2014,PCR,S&P Capital IQ,produccion,Millones de pesos 2018,impuesto_ganancias,877.1310042412596
2014,PCR,S&P Capital IQ,produccion,Millones de pesos 2018,inventarios,718.159298730702
2014,PCR,S&P Capital IQ,produccion,Millones de pesos 2018,pasivo,4563.4130385805465
2014,PCR,S&P Capital IQ,produccion,Millones de pesos 2018,patrimonio_neto,3994.5856144011236
2014,PCR,S&P Capital IQ,produccion,Millones de pesos 2018,patrimonio_neto_total,3998.435210493793
2014,PCR,S&P Capital IQ,produccion,Millones de pesos 2018,ppye,10202.696237531918
2014,PCR,S&P Capital IQ,produccion,Millones de pesos 2018,ppye_neta,5117.7309365676465
2014,PCR,S&P Capital IQ,produccion,Millones de pesos 2018,utilidad_neta,1332.5713951454886
2014,PCR,S&P Capital IQ,produccion,Millones de pesos 2018,utilidad_neta_empresa,1334.37864598841
2014,PCR,S&P Capital IQ,produccion,Millones de pesos 2018,utilidad_operativa,2305.8479053314777
2014,PCR,S&P Capital IQ,produccion,Millones de pesos 2018,ventas,8864.912860439787
2014,PCR,S&P Capital IQ,produccion,Millones de pesos 2018,ventas_raw,8864.912860439787
2015,PCR,S&P Capital IQ,produccion,Millones de pesos 2018,KTA,6099.594937500717
2015,PCR,S&P Capital IQ,produccion,Millones de pesos 2018,activo,8424.36197015824
2015,PCR,S&P Capital IQ,produccion,Millones de pesos 2018,activo_corr,3486.8034962663382
2015,PCR,S&P Capital IQ,produccion,Millones de pesos 2018,cash_st_inv,1106.7667822943058
2015,PCR,S&P Capital IQ,produccion,Millones de pesos 2018,costo_ventas,5174.961425930601
2015,PCR,S&P Capital IQ,produccion,Millones de pesos 2018,deuda_lp,374.5408999718771
2015,PCR,S&P Capital IQ,produccion,Millones de pesos 2018,deuda_neta,-61.23193434354016
2015,PCR,S&P Capital IQ,produccion,Millones de pesos 2018,deuda_total,1046.2699029365424
2015,PCR,S&P Capital IQ,produccion,Millones de pesos 2018,ebit,2442.8499387426505
2015,PCR,S&P Capital IQ,produccion,Millones de pesos 2018,ebitda,3454.861998865276
2015,PCR,S&P Capital IQ,produccion,Millones de pesos 2018,ebt,1858.9953144652864
2015,PCR,S&P Capital IQ,produccion,Millones de pesos 2018,ganancia_bruta,2945.68219249295
2015,PCR,S&P Capital IQ,produccion,Millones de pesos 2018,impuesto_ganancias,728.4214543440215
2015,PCR,S&P Capital IQ,produccion,Millones de pesos 2018,inventarios,715.8409549075723
2015,PCR,S&P Capital IQ,produccion,Millones de pesos 2018,pasivo,3759.580134580854
2015,PCR,S&P Capital IQ,produccion,Millones de pesos 2018,patrimonio_neto,4660.931471928349
2015,PCR,S&P Capital IQ,produccion,Millones de pesos 2018,patrimonio_neto_total,4664.781835577386
2015,PCR,S&P Capital IQ,produccion,Millones de pesos 2018,ppye,10061.47434484206
2015,PCR,S&P Capital IQ,produccion,Millones de pesos 2018,ppye_neta,4276.987200298839
2015,PCR,S&P Capital IQ,produccion,Millones de pesos 2018,utilidad_neta,1128.7157343831575
2015,PCR,S&P Capital IQ,produccion,Millones de pesos 2018,utilidad_neta_empresa,1130.5738601212645
2015,PCR,S&P Capital IQ,produccion,Millones de pesos 2018,utilidad_operativa,2442.8499387426505
2015,PCR,S&P Capital IQ,produccion,Millones de pesos 2018,ventas,8120.643618423552
2015,PCR,S&P Capital IQ,produccion,Millones de pesos 2018,ventas_raw,8120.643618423552
2016,PCR,S&P Capital IQ,produccion,Millones de pesos 2018,KTA,6338.056113290696
2016,PCR,S&P Capital IQ,produccion,Millones de pesos 2018,activo,8864.325368714824
2016,PCR,S&P Capital IQ,produccion,Millones de pesos 2018,activo_corr,4592.8825349410545
2016,PCR,S&P Capital IQ,produccion,Millones de pesos 2018,cash_st_inv,1870.2273143994435
2016,PCR,S&P Capital IQ,produccion,Millones de pesos 2018,costo_ventas,4950.6061538915465
2016,PCR,S&P Capital IQ,produccion,Millones de pesos 2018,deuda_lp,1034.0576221514068
2016,PCR,S&P Capital IQ,produccion,Millones de pesos 2018,deuda_neta,-477.6230252493252
2016,PCR,S&P Capital IQ,produccion,Millones de pesos 2018,deuda_total,1393.2580498273335
2016,PCR,S&P Capital IQ,produccion,Millones de pesos 2018,ebit,1803.1198237196515
2016,PCR,S&P Capital IQ,produccion,Millones de pesos 2018,ebitda,2593.8043991316263
2016,PCR,S&P Capital IQ,produccion,Millones de pesos 2018,ebt,1753.386292203508
2016,PCR,S&P Capital IQ,produccion,Millones de pesos 2018,ganancia_bruta,2468.229784653615
2016,PCR,S&P Capital IQ,produccion,Millones de pesos 2018,impuesto_ganancias,621.6210514832818
2016,PCR,S&P Capital IQ,produccion,Millones de pesos 2018,inventarios,935.7758534969479
2016,PCR,S&P Capital IQ,produccion,Millones de pesos 2018,pasivo,4292.088560564606
2016,PCR,S&P Capital IQ,produccion,Millones de pesos 2018,patrimonio_neto,4569.101179203129
2016,PCR,S&P Capital IQ,produccion,Millones de pesos 2018,patrimonio_neto_total,4572.236808150217
2016,PCR,S&P Capital IQ,produccion,Millones de pesos 2018,ppye,8509.639714006133
2016,PCR,S&P Capital IQ,produccion,Millones de pesos 2018,ppye_neta,3532.052945394305
2016,PCR,S&P Capital IQ,produccion,Millones de pesos 2018,utilidad_neta,1130.019114171116
2016,PCR,S&P Capital IQ,produccion,Millones de pesos 2018,utilidad_neta_empresa,1131.765240720226
2016,PCR,S&P Capital IQ,produccion,Millones de pesos 2018,utilidad_operativa,1803.1198237196515
2016,PCR,S&P Capital IQ,produccion,Millones de pesos 2018,ventas,7418.835938545162
2016,PCR,S&P Capital IQ,produccion,Millones de pesos 2018,ventas_raw,7418.835938545162
2017,PCR,S&P Capital IQ,produccion,Millones de pesos 2018,KTA,15272.655816489265
2017,PCR,S&P Capital IQ,produccion,Millones de pesos 2018,activo,20701.226012414267
2017,PCR,S&P Capital IQ,produccion,Millones de pesos 2018,activo_corr,5676.606171984769
2017,PCR,S&P Capital IQ,produccion,Millones de pesos 2018,cash_st_inv,1085.338746674358
2017,PCR,S&P Capital IQ,produccion,Millones de pesos 2018,costo_ventas,8428.261651178806
2017,PCR,S&P Capital IQ,produccion,Millones de pesos 2018,deuda_lp,3558.573944657807
2017,PCR,S&P Capital IQ,produccion,Millones de pesos 2018,deuda_neta,3823.9609044923855
2017,PCR,S&P Capital IQ,produccion,Millones de pesos 2018,deuda_total,4909.299651166743
2017,PCR,S&P Capital IQ,produccion,Millones de pesos 2018,ebit,897.0126483702435
2017,PCR,S&P Capital IQ,produccion,Millones de pesos 2018,ebitda,2671.9975455292183
2017,PCR,S&P Capital IQ,produccion,Millones de pesos 2018,ebt,494.2626345522419
2017,PCR,S&P Capital IQ,produccion,Millones de pesos 2018,ganancia_bruta,2431.2336112491694
2017,PCR,S&P Capital IQ,produccion,Millones de pesos 2018,impuesto_ganancias,147.05831034463853
2017,PCR,S&P Capital IQ,produccion,Millones de pesos 2018,inventarios,1493.915986056979
2017,PCR,S&P Capital IQ,produccion,Millones de pesos 2018,pasivo,11193.298166854562
2017,PCR,S&P Capital IQ,produccion,Millones de pesos 2018,patrimonio_neto,9501.758899977407
2017,PCR,S&P Capital IQ,produccion,Millones de pesos 2018,patrimonio_neto_total,9507.927845559705
2017,PCR,S&P Capital IQ,produccion,Millones de pesos 2018,ppye,30170.067083039612
2017,PCR,S&P Capital IQ,produccion,Millones de pesos 2018,ppye_neta,12693.401083757928
2017,PCR,S&P Capital IQ,produccion,Millones de pesos 2018,utilidad_neta,344.56888350986014
2017,PCR,S&P Capital IQ,produccion,Millones de pesos 2018,utilidad_neta_empresa,347.2043242076034
2017,PCR,S&P Capital IQ,produccion,Millones de pesos 2018,utilidad_operativa,897.0126483702435
2017,PCR,S&P Capital IQ,produccion,Millones de pesos 2018,ventas,10859.495262427976
2017,PCR,S&P Capital IQ,produccion,Millones de pesos 2018,ventas_raw,10859.495262427976
2018,PCR,S&P Capital IQ,produccion,Millones de pesos 2018,KTA,35517.601
2018,PCR,S&P Capital IQ,produccion,Millones de pesos 2018,activo,46925.05300000001
2018,PCR,S&P Capital IQ,produccion,Millones de pesos 2018,activo_corr,17989.210000000003
2018,PCR,S&P Capital IQ,produccion,Millones de pesos 2018,cash_st_inv,10718.515
2018,PCR,S&P Capital IQ,produccion,Millones de pesos 2018,costo_ventas,14774.951
2018,PCR,S&P Capital IQ,produccion,Millones de pesos 2018,deuda_lp,18971.144
2018,PCR,S&P Capital IQ,produccion,Millones de pesos 2018,deuda_neta,12426.484
2018,PCR,S&P Capital IQ,produccion,Millones de pesos 2018,deuda_total,23144.999
2018,PCR,S&P Capital IQ,produccion,Millones de pesos 2018,ebit,5053.149
2018,PCR,S&P Capital IQ,produccion,Millones de pesos 2018,ebitda,7366.501
2018,PCR,S&P Capital IQ,produccion,Millones de pesos 2018,ebt,1544.2190000000005
2018,PCR,S&P Capital IQ,produccion,Millones de pesos 2018,ganancia_bruta,5891.454000000001
2018,PCR,S&P Capital IQ,produccion,Millones de pesos 2018,impuesto_ganancias,962.772
2018,PCR,S&P Capital IQ,produccion,Millones de pesos 2018,inventarios,2233.583
2018,PCR,S&P Capital IQ,produccion,Millones de pesos 2018,pasivo,32904.123
2018,PCR,S&P Capital IQ,produccion,Millones de pesos 2018,patrimonio_neto,14011.597
2018,PCR,S&P Capital IQ,produccion,Millones de pesos 2018,patrimonio_neto_total,14020.93
2018,PCR,S&P Capital IQ,produccion,Millones de pesos 2018,ppye,50021.474
2018,PCR,S&P Capital IQ,produccion,Millones de pesos 2018,ppye_neta,22565.503
2018,PCR,S&P Capital IQ,produccion,Millones de pesos 2018,utilidad_neta,577.3900000000001
2018,PCR,S&P Capital IQ,produccion,Millones de pesos 2018,utilidad_neta_empresa,581.447
2018,PCR,S&P Capital IQ,produccion,Millones de pesos 2018,utilidad_operativa,5053.149
2018,PCR,S&P Capital IQ,produccion,Millones de pesos 2018,ventas,20666.405
2018,PCR,S&P Capital IQ,produccion,Millones de pesos 2018,ventas_raw,20666.405
2019,PCR,S&P Capital IQ,produccion,Millones de pesos 2018,KTA,38686.631863105824
2019,PCR,S&P Capital IQ,produccion,Millones de pesos 2018,activo,46117.2600792884
2019,PCR,S&P Capital IQ,produccion,Millones de pesos 2018,activo_corr,11658.093424074315
2019,PCR,S&P Capital IQ,produccion,Millones de pesos 2018,cash_st_inv,3501.46630320528
2019,PCR,S&P Capital IQ,produccion,Millones de pesos 2018,costo_ventas,13146.620053144132
2019,PCR,S&P Capital IQ,produccion,Millones de pesos 2018,deuda_lp,14315.905359351042
2019,PCR,S&P Capital IQ,produccion,Millones de pesos 2018,deuda_neta,19466.81509500337
2019,PCR,S&P Capital IQ,produccion,Millones de pesos 2018,deuda_total,22968.28139820865
2019,PCR,S&P Capital IQ,produccion,Millones de pesos 2018,ebit,5321.641951304726
2019,PCR,S&P Capital IQ,produccion,Millones de pesos 2018,ebitda,8283.456432150071
2019,PCR,S&P Capital IQ,produccion,Millones de pesos 2018,ebt,2717.465046445073
2019,PCR,S&P Capital IQ,produccion,Millones de pesos 2018,ganancia_bruta,7329.436748750783
2019,PCR,S&P Capital IQ,produccion,Millones de pesos 2018,impuesto_ganancias,1505.6927017674159
2019,PCR,S&P Capital IQ,produccion,Millones de pesos 2018,inventarios,1931.0647558725666
2019,PCR,S&P Capital IQ,produccion,Millones de pesos 2018,pasivo,32372.10614091205
2019,PCR,S&P Capital IQ,produccion,Millones de pesos 2018,patrimonio_neto,13737.555371286571
2019,PCR,S&P Capital IQ,produccion,Millones de pesos 2018,patrimonio_neto_total,13745.15393837635
2019,PCR,S&P Capital IQ,produccion,Millones de pesos 2018,ppye,60643.935557077886
2019,PCR,S&P Capital IQ,produccion,Millones de pesos 2018,ppye_neta,33254.10080402798
2019,PCR,S&P Capital IQ,produccion,Millones de pesos 2018,utilidad_neta,1209.625772248372
2019,PCR,S&P Capital IQ,produccion,Millones de pesos 2018,utilidad_neta_empresa,1211.7723446776565
2019,PCR,S&P Capital IQ,produccion,Millones de pesos 2018,utilidad_operativa,5321.641951304726
2019,PCR,S&P Capital IQ,produccion,Millones de pesos 2018,ventas,20476.056801894912
2019,PCR,S&P Capital IQ,produccion,Millones de pesos 2018,ventas_raw,20476.056801894912
2020,PCR,S&P Capital IQ,produccion,Millones de pesos 2018,KTA,44386.57741775248
2020,PCR,S&P Capital IQ,produccion,Millones de pesos 2018,activo,51817.01174600263
2020,PCR,S&P Capital IQ,produccion,Millones de pesos 2018,activo_corr,11960.125407397174
2020,PCR,S&P Capital IQ,produccion,Millones de pesos 2018,cash_st_inv,3943.5510155050642
2020,PCR,S&P Capital IQ,produccion,Millones de pesos 2018,costo_ventas,10530.671069624312
2020,PCR,S&P Capital IQ,produccion,Millones de pesos 2018,deuda_lp,12701.165728773163
2020,PCR,S&P Capital IQ,produccion,Millones de pesos 2018,deuda_neta,22321.272886970215
2020,PCR,S&P Capital IQ,produccion,Millones de pesos 2018,deuda_total,26264.82390247528
2020,PCR,S&P Capital IQ,produccion,Millones de pesos 2018,ebit,4540.798596814829
2020,PCR,S&P Capital IQ,produccion,Millones de pesos 2018,ebitda,7523.455606498025
2020,PCR,S&P Capital IQ,produccion,Millones de pesos 2018,ebt,1156.6425207104992
2020,PCR,S&P Capital IQ,produccion,Millones de pesos 2018,ganancia_bruta,6396.057000469233
2020,PCR,S&P Capital IQ,produccion,Millones de pesos 2018,impuesto_ganancias,1148.0603763602032
2020,PCR,S&P Capital IQ,produccion,Millones de pesos 2018,inventarios,1685.8461866913653
2020,PCR,S&P Capital IQ,produccion,Millones de pesos 2018,pasivo,37275.25861174077
2020,PCR,S&P Capital IQ,produccion,Millones de pesos 2018,patrimonio_neto,14533.878186105552
2020,PCR,S&P Capital IQ,produccion,Millones de pesos 2018,patrimonio_neto_total,14541.753134261855
2020,PCR,S&P Capital IQ,produccion,Millones de pesos 2018,ppye,71178.13186199425
2020,PCR,S&P Capital IQ,produccion,Millones de pesos 2018,ppye_neta,38757.18021555605
2020,PCR,S&P Capital IQ,produccion,Millones de pesos 2018,utilidad_neta,-69.37306183026364
2020,PCR,S&P Capital IQ,produccion,Millones de pesos 2018,utilidad_neta_empresa,-65.51900283969343
2020,PCR,S&P Capital IQ,produccion,Millones de pesos 2018,utilidad_operativa,4540.798596814829
2020,PCR,S&P Capital IQ,produccion,Millones de pesos 2018,ventas,16926.728070093548
2020,PCR,S&P Capital IQ,produccion,Millones de pesos 2018,ventas_raw,16926.728070093548
2021,PCR,S&P Capital IQ,produccion,Millones de pesos 2018,KTA,55354.67383262651
2021,PCR,S&P Capital IQ,produccion,Millones de pesos 2018,activo,62157.33908800837
2021,PCR,S&P Capital IQ,produccion,Millones de pesos 2018,activo_corr,19323.097708999456
2021,PCR,S&P Capital IQ,produccion,Millones de pesos 2018,cash_st_inv,11359.185000014368
2021,PCR,S&P Capital IQ,produccion,Millones de pesos 2018,costo_ventas,15705.312016375592
2021,PCR,S&P Capital IQ,produccion,Millones de pesos 2018,deuda_lp,21121.191423778273
2021,PCR,S&P Capital IQ,produccion,Millones de pesos 2018,deuda_neta,17281.17289068807
2021,PCR,S&P Capital IQ,produccion,Millones de pesos 2018,deuda_total,28640.35789070244
2021,PCR,S&P Capital IQ,produccion,Millones de pesos 2018,ebit,8559.736483784081
2021,PCR,S&P Capital IQ,produccion,Millones de pesos 2018,ebitda,12728.024514414874
2021,PCR,S&P Capital IQ,produccion,Millones de pesos 2018,ebt,6631.082968204058
2021,PCR,S&P Capital IQ,produccion,Millones de pesos 2018,ganancia_bruta,10737.92378591742
2021,PCR,S&P Capital IQ,produccion,Millones de pesos 2018,impuesto_ganancias,4203.632553028788
2021,PCR,S&P Capital IQ,produccion,Millones de pesos 2018,inventarios,2020.7328745002685
2021,PCR,S&P Capital IQ,produccion,Millones de pesos 2018,pasivo,44758.239371990676
2021,PCR,S&P Capital IQ,produccion,Millones de pesos 2018,patrimonio_neto,17388.650049942786
2021,PCR,S&P Capital IQ,produccion,Millones de pesos 2018,patrimonio_neto_total,17399.0997160177
2021,PCR,S&P Capital IQ,produccion,Millones de pesos 2018,ppye,85536.48585390445
2021,PCR,S&P Capital IQ,produccion,Millones de pesos 2018,ppye_neta,41974.75595811188
2021,PCR,S&P Capital IQ,produccion,Millones de pesos 2018,utilidad_neta,1425.1550541705287
2021,PCR,S&P Capital IQ,produccion,Millones de pesos 2018,utilidad_neta_empresa,1429.7642285647908
2021,PCR,S&P Capital IQ,produccion,Millones de pesos 2018,utilidad_operativa,8559.736483784081
2021,PCR,S&P Capital IQ,produccion,Millones de pesos 2018,ventas,26443.235802293013
2021,PCR,S&P Capital IQ,produccion,Millones de pesos 2018,ventas_raw,26443.235802293013
2022,PCR,S&P Capital IQ,produccion,Millones de pesos 2018,KTA,110659.00981627451
2022,PCR,S&P Capital IQ,produccion,Millones de pesos 2018,activo,124926.23203253064
2022,PCR,S&P Capital IQ,produccion,Millones de pesos 2018,activo_corr,32462.26460804778
2022,PCR,S&P Capital IQ,produccion,Millones de pesos 2018,cash_st_inv,19473.175688261705
2022,PCR,S&P Capital IQ,produccion,Millones de pesos 2018,costo_ventas,27975.0939456406
2022,PCR,S&P Capital IQ,produccion,Millones de pesos 2018,deuda_lp,45070.87272326791
2022,PCR,S&P Capital IQ,produccion,Millones de pesos 2018,deuda_neta,38478.418501781656
2022,PCR,S&P Capital IQ,produccion,Millones de pesos 2018,deuda_total,57951.59419004335
2022,PCR,S&P Capital IQ,produccion,Millones de pesos 2018,ebit,12110.667764323562
2022,PCR,S&P Capital IQ,produccion,Millones de pesos 2018,ebitda,20741.199865097606
2022,PCR,S&P Capital IQ,produccion,Millones de pesos 2018,ebt,7262.9668320547225
2022,PCR,S&P Capital IQ,produccion,Millones de pesos 2018,ganancia_bruta,16764.05212026159
2022,PCR,S&P Capital IQ,produccion,Millones de pesos 2018,impuesto_ganancias,-1667.3727702061517
2022,PCR,S&P Capital IQ,produccion,Millones de pesos 2018,inventarios,3400.0462757628397
2022,PCR,S&P Capital IQ,produccion,Millones de pesos 2018,pasivo,86084.68134465945
2022,PCR,S&P Capital IQ,produccion,Millones de pesos 2018,patrimonio_neto,37128.48963842771
2022,PCR,S&P Capital IQ,produccion,Millones de pesos 2018,patrimonio_neto_total,38841.55068787119
2022,PCR,S&P Capital IQ,produccion,Millones de pesos 2018,ppye,172755.4502815866
2022,PCR,S&P Capital IQ,produccion,Millones de pesos 2018,ppye_neta,87785.78785224998
2022,PCR,S&P Capital IQ,produccion,Millones de pesos 2018,utilidad_neta,9418.938537950442
2022,PCR,S&P Capital IQ,produccion,Millones de pesos 2018,utilidad_neta_empresa,9334.826230138378
2022,PCR,S&P Capital IQ,produccion,Millones de pesos 2018,utilidad_operativa,12110.667764323562
2022,PCR,S&P Capital IQ,produccion,Millones de pesos 2018,ventas,44739.14606590219
2022,PCR,S&P Capital IQ,produccion,Millones de pesos 2018,ventas_raw,44739.14606590219
2023,PCR,S&P Capital IQ,produccion,Millones de pesos 2018,KTA,154291.9351261551
2023,PCR,S&P Capital IQ,produccion,Millones de pesos 2018,activo,165594.33170288385
2023,PCR,S&P Capital IQ,produccion,Millones de pesos 2018,activo_corr,35986.93891089693
2023,PCR,S&P Capital IQ,produccion,Millones de pesos 2018,cash_st_inv,22410.890223671708
2023,PCR,S&P Capital IQ,produccion,Millones de pesos 2018,costo_ventas,28431.410957175038
2023,PCR,S&P Capital IQ,produccion,Millones de pesos 2018,deuda_lp,60287.67179942493
2023,PCR,S&P Capital IQ,produccion,Millones de pesos 2018,deuda_neta,61545.7736466676
2023,PCR,S&P Capital IQ,produccion,Millones de pesos 2018,deuda_total,83956.66387033931
2023,PCR,S&P Capital IQ,produccion,Millones de pesos 2018,ebit,8442.270721802895
2023,PCR,S&P Capital IQ,produccion,Millones de pesos 2018,ebitda,18536.597479545228
2023,PCR,S&P Capital IQ,produccion,Millones de pesos 2018,ebt,-4722.272439766978
2023,PCR,S&P Capital IQ,produccion,Millones de pesos 2018,ganancia_bruta,12761.933056935566
2023,PCR,S&P Capital IQ,produccion,Millones de pesos 2018,impuesto_ganancias,-1919.9765577473634
2023,PCR,S&P Capital IQ,produccion,Millones de pesos 2018,inventarios,4066.5817375169017
2023,PCR,S&P Capital IQ,produccion,Millones de pesos 2018,pasivo,122396.55553984619
2023,PCR,S&P Capital IQ,produccion,Millones de pesos 2018,patrimonio_neto,41939.98173225126
2023,PCR,S&P Capital IQ,produccion,Millones de pesos 2018,patrimonio_neto_total,43197.77616303768
2023,PCR,S&P Capital IQ,produccion,Millones de pesos 2018,ppye,228511.64386915392
2023,PCR,S&P Capital IQ,produccion,Millones de pesos 2018,ppye_neta,127814.46316496648
2023,PCR,S&P Capital IQ,produccion,Millones de pesos 2018,utilidad_neta,-2317.6416053066882
2023,PCR,S&P Capital IQ,produccion,Millones de pesos 2018,utilidad_neta_empresa,-2796.0823656515004
2023,PCR,S&P Capital IQ,produccion,Millones de pesos 2018,utilidad_operativa,8442.270721802895
2023,PCR,S&P Capital IQ,produccion,Millones de pesos 2018,ventas,41193.344014110604
2023,PCR,S&P Capital IQ,produccion,Millones de pesos 2018,ventas_raw,41193.344014110604
2024,PCR,S&P Capital IQ,produccion,Millones de pesos 2018,KTA,31765.46672620281
2024,PCR,S&P Capital IQ,produccion,Millones de pesos 2018,activo,35160.59847458075
2024,PCR,S&P Capital IQ,produccion,Millones de pesos 2018,activo_corr,7223.3275452687685
2024,PCR,S&P Capital IQ,produccion,Millones de pesos 2018,cash_st_inv,3776.7973881131775
2024,PCR,S&P Capital IQ,produccion,Millones de pesos 2018,costo_ventas,9565.128479524812
2024,PCR,S&P Capital IQ,produccion,Millones de pesos 2018,deuda_lp,11526.273471505237
2024,PCR,S&P Capital IQ,produccion,Millones de pesos 2018,deuda_neta,11499.973256723784
2024,PCR,S&P Capital IQ,produccion,Millones de pesos 2018,deuda_total,15276.770644836963
2024,PCR,S&P Capital IQ,produccion,Millones de pesos 2018,ebit,1811.228959643002
2024,PCR,S&P Capital IQ,produccion,Millones de pesos 2018,ebitda,5382.889480543988
2024,PCR,S&P Capital IQ,produccion,Millones de pesos 2018,ebt,3924.3093788800834
2024,PCR,S&P Capital IQ,produccion,Millones de pesos 2018,ganancia_bruta,3509.299682561782
2024,PCR,S&P Capital IQ,produccion,Millones de pesos 2018,impuesto_ganancias,957.8422829409769
2024,PCR,S&P Capital IQ,produccion,Millones de pesos 2018,inventarios,1171.1288510772204
2024,PCR,S&P Capital IQ,produccion,Millones de pesos 2018,pasivo,24049.551063135164
2024,PCR,S&P Capital IQ,produccion,Millones de pesos 2018,patrimonio_neto,10795.637157393794
2024,PCR,S&P Capital IQ,produccion,Millones de pesos 2018,patrimonio_neto_total,11111.047411445588
2024,PCR,S&P Capital IQ,produccion,Millones de pesos 2018,ppye,56493.630643863435
2024,PCR,S&P Capital IQ,produccion,Millones de pesos 2018,ppye_neta,26817.54048701241
2024,PCR,S&P Capital IQ,produccion,Millones de pesos 2018,utilidad_neta,2945.31153011856
2024,PCR,S&P Capital IQ,produccion,Millones de pesos 2018,utilidad_neta_empresa,2966.467095939107
2024,PCR,S&P Capital IQ,produccion,Millones de pesos 2018,utilidad_operativa,1811.228959643002
2024,PCR,S&P Capital IQ,produccion,Millones de pesos 2018,ventas,13074.428162086593
2024,PCR,S&P Capital IQ,produccion,Millones de pesos 2018,ventas_raw,13074.428162086593
1992,Petrobras,S&P Capital IQ,integrada,Millones de pesos 2018,KTA,36607.96444122203
1992,Petrobras,S&P Capital IQ,integrada,Millones de pesos 2018,activo,59600.16769668327
1992,Petrobras,S&P Capital IQ,integrada,Millones de pesos 2018,activo_corr,24166.763598268564
1992,Petrobras,S&P Capital IQ,integrada,Millones de pesos 2018,cash_st_inv,8162.3494409045015
1992,Petrobras,S&P Capital IQ,integrada,Millones de pesos 2018,costo_ventas,15013.239696781786
1992,Petrobras,S&P Capital IQ,integrada,Millones de pesos 2018,depreciacion,4147.382148491085
1992,Petrobras,S&P Capital IQ,integrada,Millones de pesos 2018,deuda_lp,4375.699402059692
1992,Petrobras,S&P Capital IQ,integrada,Millones de pesos 2018,deuda_neta,1782.003200197471
1992,Petrobras,S&P Capital IQ,integrada,Millones de pesos 2018,deuda_total,9944.352641101972
1992,Petrobras,S&P Capital IQ,integrada,Millones de pesos 2018,ebit,4858.719269829752
1992,Petrobras,S&P Capital IQ,integrada,Millones de pesos 2018,ebitda,9006.101418320835
1992,Petrobras,S&P Capital IQ,integrada,Millones de pesos 2018,ebt,5429.527655404816
1992,Petrobras,S&P Capital IQ,integrada,Millones de pesos 2018,ganancia_bruta,12925.8068826922
1992,Petrobras,S&P Capital IQ,integrada,Millones de pesos 2018,impuesto_ganancias,1571.0728316701598
1992,Petrobras,S&P Capital IQ,integrada,Millones de pesos 2018,inventarios,5367.971981697208
1992,Petrobras,S&P Capital IQ,integrada,Millones de pesos 2018,pasivo,26901.72061526455
1992,Petrobras,S&P Capital IQ,integrada,Millones de pesos 2018,patrimonio_neto,29422.025860268244
1992,Petrobras,S&P Capital IQ,integrada,Millones de pesos 2018,patrimonio_neto_total,32698.447081418723
1992,Petrobras,S&P Capital IQ,integrada,Millones de pesos 2018,ppye_neta,23077.643018620314
1992,Petrobras,S&P Capital IQ,integrada,Millones de pesos 2018,utilidad_neta,3186.466968542081
1992,Petrobras,S&P Capital IQ,integrada,Millones de pesos 2018,utilidad_neta_empresa,3658.200612688844
1992,Petrobras,S&P Capital IQ,integrada,Millones de pesos 2018,utilidad_operativa,4858.719269829752
1992,Petrobras,S&P Capital IQ,integrada,Millones de pesos 2018,ventas,27939.046579473987
1992,Petrobras,S&P Capital IQ,integrada,Millones de pesos 2018,ventas_raw,27939.046579473987
1993,Petrobras,S&P Capital IQ,integrada,Millones de pesos 2018,KTA,30427.629164620637
1993,Petrobras,S&P Capital IQ,integrada,Millones de pesos 2018,activo,63554.21640077063
1993,Petrobras,S&P Capital IQ,integrada,Millones de pesos 2018,activo_corr,20435.141596820573
1993,Petrobras,S&P Capital IQ,integrada,Millones de pesos 2018,cash_st_inv,6086.623396337297
1993,Petrobras,S&P Capital IQ,integrada,Millones de pesos 2018,costo_ventas,17669.25421866404
1993,Petrobras,S&P Capital IQ,integrada,Millones de pesos 2018,depreciacion,3142.7266756680187
1993,Petrobras,S&P Capital IQ,integrada,Millones de pesos 2018,deuda_lp,12177.300607291072
1993,Petrobras,S&P Capital IQ,integrada,Millones de pesos 2018,deuda_neta,13543.353402134013
1993,Petrobras,S&P Capital IQ,integrada,Millones de pesos 2018,deuda_total,19629.976798471303
1993,Petrobras,S&P Capital IQ,integrada,Millones de pesos 2018,ebit,3283.9483399604655
1993,Petrobras,S&P Capital IQ,integrada,Millones de pesos 2018,ebitda,6426.675015628483
1993,Petrobras,S&P Capital IQ,integrada,Millones de pesos 2018,ebt,5070.467199139853
1993,Petrobras,S&P Capital IQ,integrada,Millones de pesos 2018,ganancia_bruta,7632.864114337208
1993,Petrobras,S&P Capital IQ,integrada,Millones de pesos 2018,impuesto_ganancias,1019.2448178576188
1993,Petrobras,S&P Capital IQ,integrada,Millones de pesos 2018,inventarios,5070.936007632915
1993,Petrobras,S&P Capital IQ,integrada,Millones de pesos 2018,pasivo,31328.761819196756
1993,Petrobras,S&P Capital IQ,integrada,Millones de pesos 2018,patrimonio_neto,29359.876456216167
1993,Petrobras,S&P Capital IQ,integrada,Millones de pesos 2018,patrimonio_neto_total,32225.45458157388
1993,Petrobras,S&P Capital IQ,integrada,Millones de pesos 2018,ppye_neta,19270.069760650425
1993,Petrobras,S&P Capital IQ,integrada,Millones de pesos 2018,utilidad_neta,4412.425536701581
1993,Petrobras,S&P Capital IQ,integrada,Millones de pesos 2018,utilidad_neta_empresa,4795.497229473773
1993,Petrobras,S&P Capital IQ,integrada,Millones de pesos 2018,utilidad_operativa,3283.9483399604655
1993,Petrobras,S&P Capital IQ,integrada,Millones de pesos 2018,ventas,25302.118333001243
1993,Petrobras,S&P Capital IQ,integrada,Millones de pesos 2018,ventas_raw,25302.118333001243
1994,Petrobras,S&P Capital IQ,integrada,Millones de pesos 2018,KTA,31019.813068245
1994,Petrobras,S&P Capital IQ,integrada,Millones de pesos 2018,activo,63161.21042341616
1994,Petrobras,S&P Capital IQ,integrada,Millones de pesos 2018,activo_corr,17879.673570382754
1994,Petrobras,S&P Capital IQ,integrada,Millones de pesos 2018,cash_st_inv,4890.711034112091
1994,Petrobras,S&P Capital IQ,integrada,Millones de pesos 2018,costo_ventas,20518.162883931916
1994,Petrobras,S&P Capital IQ,integrada,Millones de pesos 2018,depreciacion,3502.455987060983
1994,Petrobras,S&P Capital IQ,integrada,Millones de pesos 2018,deuda_lp,11647.482080557731
1994,Petrobras,S&P Capital IQ,integrada,Millones de pesos 2018,deuda_neta,12962.332519923066
1994,Petrobras,S&P Capital IQ,integrada,Millones de pesos 2018,deuda_total,17853.043554035157
1994,Petrobras,S&P Capital IQ,integrada,Millones de pesos 2018,ebit,3782.150572278395
1994,Petrobras,S&P Capital IQ,integrada,Millones de pesos 2018,ebitda,7284.60655933938
1994,Petrobras,S&P Capital IQ,integrada,Millones de pesos 2018,ebt,6498.676951625486
1994,Petrobras,S&P Capital IQ,integrada,Millones de pesos 2018,ganancia_bruta,7819.324581428319
1994,Petrobras,S&P Capital IQ,integrada,Millones de pesos 2018,impuesto_ganancias,1011.3053126676173
1994,Petrobras,S&P Capital IQ,integrada,Millones de pesos 2018,inventarios,4116.984644625079
1994,Petrobras,S&P Capital IQ,integrada,Millones de pesos 2018,pasivo,28463.172671740344
1994,Petrobras,S&P Capital IQ,integrada,Millones de pesos 2018,patrimonio_neto,31700.890295488873
1994,Petrobras,S&P Capital IQ,integrada,Millones de pesos 2018,patrimonio_neto_total,34698.037751675816
1994,Petrobras,S&P Capital IQ,integrada,Millones de pesos 2018,ppye_neta,22012.117389507832
1994,Petrobras,S&P Capital IQ,integrada,Millones de pesos 2018,utilidad_neta,4778.7379037439605
1994,Petrobras,S&P Capital IQ,integrada,Millones de pesos 2018,utilidad_neta_empresa,5105.339436245611
1994,Petrobras,S&P Capital IQ,integrada,Millones de pesos 2018,utilidad_operativa,3782.150572278395
1994,Petrobras,S&P Capital IQ,integrada,Millones de pesos 2018,ventas,28337.487465360235
1994,Petrobras,S&P Capital IQ,integrada,Millones de pesos 2018,ventas_raw,28337.487465360235
1995,Petrobras,S&P Capital IQ,integrada,Millones de pesos 2018,KTA,35644.49930957106
1995,Petrobras,S&P Capital IQ,integrada,Millones de pesos 2018,activo,72159.6257574506
1995,Petrobras,S&P Capital IQ,integrada,Millones de pesos 2018,activo_corr,19307.437126017656
1995,Petrobras,S&P Capital IQ,integrada,Millones de pesos 2018,cash_st_inv,7835.644244776397
1995,Petrobras,S&P Capital IQ,integrada,Millones de pesos 2018,costo_ventas,21996.13858255858
1995,Petrobras,S&P Capital IQ,integrada,Millones de pesos 2018,deuda_lp,13622.754046473996
1995,Petrobras,S&P Capital IQ,integrada,Millones de pesos 2018,deuda_neta,14314.13442101309
1995,Petrobras,S&P Capital IQ,integrada,Millones de pesos 2018,deuda_total,22149.778665789487
1995,Petrobras,S&P Capital IQ,integrada,Millones de pesos 2018,ebit,5607.863037928206
1995,Petrobras,S&P Capital IQ,integrada,Millones de pesos 2018,ebitda,9192.7983133161
1995,Petrobras,S&P Capital IQ,integrada,Millones de pesos 2018,ebt,8450.204577700035
1995,Petrobras,S&P Capital IQ,integrada,Millones de pesos 2018,ganancia_bruta,8296.564494469125
1995,Petrobras,S&P Capital IQ,integrada,Millones de pesos 2018,impuesto_ganancias,1126.693943693338
1995,Petrobras,S&P Capital IQ,integrada,Millones de pesos 2018,inventarios,3610.5419559263787
1995,Petrobras,S&P Capital IQ,integrada,Millones de pesos 2018,pasivo,32110.777395260135
1995,Petrobras,S&P Capital IQ,integrada,Millones de pesos 2018,patrimonio_neto,39536.714751420775
1995,Petrobras,S&P Capital IQ,integrada,Millones de pesos 2018,patrimonio_neto_total,40048.848362190474
1995,Petrobras,S&P Capital IQ,integrada,Millones de pesos 2018,ppye_neta,24198.313108868282
1995,Petrobras,S&P Capital IQ,integrada,Millones de pesos 2018,utilidad_neta,7195.477231314273
1995,Petrobras,S&P Capital IQ,integrada,Millones de pesos 2018,utilidad_neta_empresa,7323.510634006698
1995,Petrobras,S&P Capital IQ,integrada,Millones de pesos 2018,utilidad_operativa,5607.863037928206
1995,Petrobras,S&P Capital IQ,integrada,Millones de pesos 2018,ventas,30292.7030770277
1995,Petrobras,S&P Capital IQ,integrada,Millones de pesos 2018,ventas_raw,30292.7030770277
1996,Petrobras,S&P Capital IQ,integrada,Millones de pesos 2018,KTA,42824.519737816794
1996,Petrobras,S&P Capital IQ,integrada,Millones de pesos 2018,activo,88947.16666738187
1996,Petrobras,S&P Capital IQ,integrada,Millones de pesos 2018,activo_corr,17615.578566779564
1996,Petrobras,S&P Capital IQ,integrada,Millones de pesos 2018,cash_st_inv,4346.369167420212
1996,Petrobras,S&P Capital IQ,integrada,Millones de pesos 2018,costo_ventas,21041.540145804905
1996,Petrobras,S&P Capital IQ,integrada,Millones de pesos 2018,deuda_lp,21092.673900715734
1996,Petrobras,S&P Capital IQ,integrada,Millones de pesos 2018,deuda_neta,25643.57808777925
1996,Petrobras,S&P Capital IQ,integrada,Millones de pesos 2018,deuda_total,29989.94725519946
1996,Petrobras,S&P Capital IQ,integrada,Millones de pesos 2018,ebit,6136.050589299122
1996,Petrobras,S&P Capital IQ,integrada,Millones de pesos 2018,ebitda,9638.712800690704
1996,Petrobras,S&P Capital IQ,integrada,Millones de pesos 2018,ebt,11147.158570560072
1996,Petrobras,S&P Capital IQ,integrada,Millones de pesos 2018,ganancia_bruta,8539.337070107946
1996,Petrobras,S&P Capital IQ,integrada,Millones de pesos 2018,impuesto_ganancias,1585.1464022356065
1996,Petrobras,S&P Capital IQ,integrada,Millones de pesos 2018,inventarios,4320.802289964799
1996,Petrobras,S&P Capital IQ,integrada,Millones de pesos 2018,pasivo,41827.41151705568
1996,Petrobras,S&P Capital IQ,integrada,Millones de pesos 2018,patrimonio_neto,46480.58321394085
1996,Petrobras,S&P Capital IQ,integrada,Millones de pesos 2018,patrimonio_neto_total,47119.75515032618
1996,Petrobras,S&P Capital IQ,integrada,Millones de pesos 2018,ppye_neta,34157.34828043178
1996,Petrobras,S&P Capital IQ,integrada,Millones de pesos 2018,utilidad_neta,9383.044026136575
1996,Petrobras,S&P Capital IQ,integrada,Millones de pesos 2018,utilidad_neta_empresa,9562.012168324465
1996,Petrobras,S&P Capital IQ,integrada,Millones de pesos 2018,utilidad_operativa,6136.050589299122
1996,Petrobras,S&P Capital IQ,integrada,Millones de pesos 2018,ventas,29580.877215912853
1996,Petrobras,S&P Capital IQ,integrada,Millones de pesos 2018,ventas_raw,29580.877215912853
1997,Petrobras,S&P Capital IQ,integrada,Millones de pesos 2018,KTA,62462.07675225452
1997,Petrobras,S&P Capital IQ,integrada,Millones de pesos 2018,activo,113148.9330092754
1997,Petrobras,S&P Capital IQ,integrada,Millones de pesos 2018,activo_corr,24160.819590652198
1997,Petrobras,S&P Capital IQ,integrada,Millones de pesos 2018,cash_st_inv,9028.51679440161
1997,Petrobras,S&P Capital IQ,integrada,Millones de pesos 2018,costo_ventas,24415.144007395906
1997,Petrobras,S&P Capital IQ,integrada,Millones de pesos 2018,deuda_lp,35808.877877513994
1997,Petrobras,S&P Capital IQ,integrada,Millones de pesos 2018,deuda_neta,36927.9053111863
1997,Petrobras,S&P Capital IQ,integrada,Millones de pesos 2018,deuda_total,45956.42210558792
1997,Petrobras,S&P Capital IQ,integrada,Millones de pesos 2018,ebit,6561.569951987649
1997,Petrobras,S&P Capital IQ,integrada,Millones de pesos 2018,ebitda,10935.949919979415
1997,Petrobras,S&P Capital IQ,integrada,Millones de pesos 2018,ebt,10401.86864481763
1997,Petrobras,S&P Capital IQ,integrada,Millones de pesos 2018,ganancia_bruta,10427.301086492002
1997,Petrobras,S&P Capital IQ,integrada,Millones de pesos 2018,impuesto_ganancias,1017.2976669748293
1997,Petrobras,S&P Capital IQ,integrada,Millones de pesos 2018,inventarios,4399.812409666137
1997,Petrobras,S&P Capital IQ,integrada,Millones de pesos 2018,pasivo,57375.58841738038
1997,Petrobras,S&P Capital IQ,integrada,Millones de pesos 2018,patrimonio_neto,55061.23622501264
1997,Petrobras,S&P Capital IQ,integrada,Millones de pesos 2018,patrimonio_neto_total,55773.34459189502
1997,Petrobras,S&P Capital IQ,integrada,Millones de pesos 2018,ppye_neta,49033.74754818677
1997,Petrobras,S&P Capital IQ,integrada,Millones de pesos 2018,utilidad_neta,13174.00478732404
1997,Petrobras,S&P Capital IQ,integrada,Millones de pesos 2018,utilidad_neta_empresa,9384.5709778428
1997,Petrobras,S&P Capital IQ,integrada,Millones de pesos 2018,utilidad_operativa,6561.569951987649
1997,Petrobras,S&P Capital IQ,integrada,Millones de pesos 2018,ventas,34842.4450938879
1997,Petrobras,S&P Capital IQ,integrada,Millones de pesos 2018,ventas_raw,34842.4450938879
1998,Petrobras,S&P Capital IQ,integrada,Millones de pesos 2018,KTA,73985.52716582587
1998,Petrobras,S&P Capital IQ,integrada,Millones de pesos 2018,activo,120831.26797007326
1998,Petrobras,S&P Capital IQ,integrada,Millones de pesos 2018,activo_corr,27744.572687184704
1998,Petrobras,S&P Capital IQ,integrada,Millones de pesos 2018,cash_st_inv,11289.34474464918
1998,Petrobras,S&P Capital IQ,integrada,Millones de pesos 2018,costo_ventas,23611.866128875627
1998,Petrobras,S&P Capital IQ,integrada,Millones de pesos 2018,deuda_lp,44728.98866462566
1998,Petrobras,S&P Capital IQ,integrada,Millones de pesos 2018,deuda_neta,38227.53566435894
1998,Petrobras,S&P Capital IQ,integrada,Millones de pesos 2018,deuda_total,49516.88040900812
1998,Petrobras,S&P Capital IQ,integrada,Millones de pesos 2018,ebit,4939.088325784016
1998,Petrobras,S&P Capital IQ,integrada,Millones de pesos 2018,ebitda,9348.988616662602
1998,Petrobras,S&P Capital IQ,integrada,Millones de pesos 2018,ebt,5417.877500222263
1998,Petrobras,S&P Capital IQ,integrada,Millones de pesos 2018,ganancia_bruta,8290.612546851742
1998,Petrobras,S&P Capital IQ,integrada,Millones de pesos 2018,impuesto_ganancias,377.9914535038788
1998,Petrobras,S&P Capital IQ,integrada,Millones de pesos 2018,inventarios,3628.7179536372364
1998,Petrobras,S&P Capital IQ,integrada,Millones de pesos 2018,pasivo,62973.376153746205
1998,Petrobras,S&P Capital IQ,integrada,Millones de pesos 2018,patrimonio_neto,57353.90321165522
1998,Petrobras,S&P Capital IQ,integrada,Millones de pesos 2018,patrimonio_neto_total,57857.89181632704
1998,Petrobras,S&P Capital IQ,integrada,Millones de pesos 2018,ppye_neta,59067.46446753946
1998,Petrobras,S&P Capital IQ,integrada,Millones de pesos 2018,utilidad_neta,5165.883197886344
1998,Petrobras,S&P Capital IQ,integrada,Millones de pesos 2018,utilidad_neta_empresa,5039.886046718384
1998,Petrobras,S&P Capital IQ,integrada,Millones de pesos 2018,utilidad_operativa,4939.088325784016
1998,Petrobras,S&P Capital IQ,integrada,Millones de pesos 2018,ventas,31902.478675727376
1998,Petrobras,S&P Capital IQ,integrada,Millones de pesos 2018,ventas_raw,31902.478675727376
1999,Petrobras,S&P Capital IQ,integrada,Millones de pesos 2018,KTA,76873.15590863976
1999,Petrobras,S&P Capital IQ,integrada,Millones de pesos 2018,activo,127280.52878803638
1999,Petrobras,S&P Capital IQ,integrada,Millones de pesos 2018,activo_corr,25955.84501326543
1999,Petrobras,S&P Capital IQ,integrada,Millones de pesos 2018,cash_st_inv,6476.212802916914
1999,Petrobras,S&P Capital IQ,integrada,Millones de pesos 2018,costo_ventas,22590.254107812547
1999,Petrobras,S&P Capital IQ,integrada,Millones de pesos 2018,deuda_lp,40871.53198061345
1999,Petrobras,S&P Capital IQ,integrada,Millones de pesos 2018,deuda_neta,41610.94210378112
1999,Petrobras,S&P Capital IQ,integrada,Millones de pesos 2018,deuda_total,48087.15490669804
1999,Petrobras,S&P Capital IQ,integrada,Millones de pesos 2018,ebit,5609.318175754809
1999,Petrobras,S&P Capital IQ,integrada,Millones de pesos 2018,ebitda,10479.226228341937
1999,Petrobras,S&P Capital IQ,integrada,Millones de pesos 2018,ebt,11116.648748314075
1999,Petrobras,S&P Capital IQ,integrada,Millones de pesos 2018,ganancia_bruta,9025.902882805465
1999,Petrobras,S&P Capital IQ,integrada,Millones de pesos 2018,impuesto_ganancias,2626.1807822852056
1999,Petrobras,S&P Capital IQ,integrada,Millones de pesos 2018,inventarios,3569.5661118439693
1999,Petrobras,S&P Capital IQ,integrada,Millones de pesos 2018,pasivo,61677.00303250401
1999,Petrobras,S&P Capital IQ,integrada,Millones de pesos 2018,patrimonio_neto,65170.07844195133
1999,Petrobras,S&P Capital IQ,integrada,Millones de pesos 2018,patrimonio_neto_total,65603.52575553238
1999,Petrobras,S&P Capital IQ,integrada,Millones de pesos 2018,ppye_neta,66827.37699387889
1999,Petrobras,S&P Capital IQ,integrada,Millones de pesos 2018,utilidad_neta,8617.952470023296
1999,Petrobras,S&P Capital IQ,integrada,Millones de pesos 2018,utilidad_neta_empresa,8490.46796602887
1999,Petrobras,S&P Capital IQ,integrada,Millones de pesos 2018,utilidad_operativa,5609.318175754809
1999,Petrobras,S&P Capital IQ,integrada,Millones de pesos 2018,ventas,31616.156990618016
1999,Petrobras,S&P Capital IQ,integrada,Millones de pesos 2018,ventas_raw,31616.156990618016
2000,Petrobras,S&P Capital IQ,integrada,Millones de pesos 2018,KTA,192858.5366412218
2000,Petrobras,S&P Capital IQ,integrada,Millones de pesos 2018,activo,308501.59084234416
2000,Petrobras,S&P Capital IQ,integrada,Millones de pesos 2018,activo_corr,60150.8608208375
2000,Petrobras,S&P Capital IQ,integrada,Millones de pesos 2018,cash_st_inv,15391.619499726496
2000,Petrobras,S&P Capital IQ,integrada,Millones de pesos 2018,costo_ventas,58966.8900900893
2000,Petrobras,S&P Capital IQ,integrada,Millones de pesos 2018,deuda_lp,79197.34648939538
2000,Petrobras,S&P Capital IQ,integrada,Millones de pesos 2018,deuda_neta,104524.02472974801
2000,Petrobras,S&P Capital IQ,integrada,Millones de pesos 2018,deuda_total,119915.64422947449
2000,Petrobras,S&P Capital IQ,integrada,Millones de pesos 2018,ebit,17476.43752560918
2000,Petrobras,S&P Capital IQ,integrada,Millones de pesos 2018,ebitda,30062.561163345395
2000,Petrobras,S&P Capital IQ,integrada,Millones de pesos 2018,ebt,17141.837101702087
2000,Petrobras,S&P Capital IQ,integrada,Millones de pesos 2018,ganancia_bruta,27874.789160875916
2000,Petrobras,S&P Capital IQ,integrada,Millones de pesos 2018,impuesto_ganancias,1055.278260014693
2000,Petrobras,S&P Capital IQ,integrada,Millones de pesos 2018,inventarios,9548.981328425636
2000,Petrobras,S&P Capital IQ,integrada,Millones de pesos 2018,pasivo,151522.51504162187
2000,Petrobras,S&P Capital IQ,integrada,Millones de pesos 2018,patrimonio_neto,155898.05904656087
2000,Petrobras,S&P Capital IQ,integrada,Millones de pesos 2018,patrimonio_neto_total,156979.07580072226
2000,Petrobras,S&P Capital IQ,integrada,Millones de pesos 2018,ppye_neta,167917.9358130697
2000,Petrobras,S&P Capital IQ,integrada,Millones de pesos 2018,utilidad_neta,15906.389382660494
2000,Petrobras,S&P Capital IQ,integrada,Millones de pesos 2018,utilidad_neta_empresa,16086.55884168739
2000,Petrobras,S&P Capital IQ,integrada,Millones de pesos 2018,utilidad_operativa,17476.43752560918
2000,Petrobras,S&P Capital IQ,integrada,Millones de pesos 2018,ventas,86841.67925096522
2000,Petrobras,S&P Capital IQ,integrada,Millones de pesos 2018,ventas_raw,86841.67925096522
2001,Petrobras,S&P Capital IQ,integrada,Millones de pesos 2018,KTA,243324.42634448194
2001,Petrobras,S&P Capital IQ,integrada,Millones de pesos 2018,activo,351575.56908150634
2001,Petrobras,S&P Capital IQ,integrada,Millones de pesos 2018,activo_corr,73936.49306864297
2001,Petrobras,S&P Capital IQ,integrada,Millones de pesos 2018,cash_st_inv,32961.835579863
2001,Petrobras,S&P Capital IQ,integrada,Millones de pesos 2018,costo_ventas,62801.792493914196
2001,Petrobras,S&P Capital IQ,integrada,Millones de pesos 2018,deuda_lp,79633.92163374953
2001,Petrobras,S&P Capital IQ,integrada,Millones de pesos 2018,deuda_neta,117798.88832329886
2001,Petrobras,S&P Capital IQ,integrada,Millones de pesos 2018,deuda_total,150760.72390316188
2001,Petrobras,S&P Capital IQ,integrada,Millones de pesos 2018,ebit,16571.972584351013
2001,Petrobras,S&P Capital IQ,integrada,Millones de pesos 2018,ebitda,34236.602701736156
2001,Petrobras,S&P Capital IQ,integrada,Millones de pesos 2018,ebt,9469.69861962915
2001,Petrobras,S&P Capital IQ,integrada,Millones de pesos 2018,ganancia_bruta,29735.894291857465
2001,Petrobras,S&P Capital IQ,integrada,Millones de pesos 2018,impuesto_ganancias,3460.0821879414198
2001,Petrobras,S&P Capital IQ,integrada,Millones de pesos 2018,inventarios,8845.322886466789
2001,Petrobras,S&P Capital IQ,integrada,Millones de pesos 2018,pasivo,190590.69254781085
2001,Petrobras,S&P Capital IQ,integrada,Millones de pesos 2018,patrimonio_neto,159840.18768956454
2001,Petrobras,S&P Capital IQ,integrada,Millones de pesos 2018,patrimonio_neto_total,160984.87653369553
2001,Petrobras,S&P Capital IQ,integrada,Millones de pesos 2018,ppye_neta,201517.26787815214
2001,Petrobras,S&P Capital IQ,integrada,Millones de pesos 2018,utilidad_neta,5775.475531751844
2001,Petrobras,S&P Capital IQ,integrada,Millones de pesos 2018,utilidad_neta_empresa,6009.616431687729
2001,Petrobras,S&P Capital IQ,integrada,Millones de pesos 2018,utilidad_operativa,16571.972584351013
2001,Petrobras,S&P Capital IQ,integrada,Millones de pesos 2018,ventas,92537.68678577166
2001,Petrobras,S&P Capital IQ,integrada,Millones de pesos 2018,ventas_raw,92537.68678577166
2002,Petrobras,S&P Capital IQ,integrada,Millones de pesos 2018,KTA,239883.45250401736
2002,Petrobras,S&P Capital IQ,integrada,Millones de pesos 2018,activo,304019.1024368078
2002,Petrobras,S&P Capital IQ,integrada,Millones de pesos 2018,activo_corr,59299.123318458194
2002,Petrobras,S&P Capital IQ,integrada,Millones de pesos 2018,cash_st_inv,16886.505315852333
2002,Petrobras,S&P Capital IQ,integrada,Millones de pesos 2018,costo_ventas,67876.72393789359
2002,Petrobras,S&P Capital IQ,integrada,Millones de pesos 2018,deuda_lp,126700.46216178067
2002,Petrobras,S&P Capital IQ,integrada,Millones de pesos 2018,deuda_neta,141706.09601650378
2002,Petrobras,S&P Capital IQ,integrada,Millones de pesos 2018,deuda_total,158592.60133235613
2002,Petrobras,S&P Capital IQ,integrada,Millones de pesos 2018,ebit,23314.538551140064
2002,Petrobras,S&P Capital IQ,integrada,Millones de pesos 2018,ebitda,45388.942072964164
2002,Petrobras,S&P Capital IQ,integrada,Millones de pesos 2018,ebt,-30796.684880423938
2002,Petrobras,S&P Capital IQ,integrada,Millones de pesos 2018,ganancia_bruta,37658.76705689468
2002,Petrobras,S&P Capital IQ,integrada,Millones de pesos 2018,impuesto_ganancias,1694.8512067318131
2002,Petrobras,S&P Capital IQ,integrada,Millones de pesos 2018,inventarios,7358.134507274701
2002,Petrobras,S&P Capital IQ,integrada,Millones de pesos 2018,pasivo,199186.35462529858
2002,Petrobras,S&P Capital IQ,integrada,Millones de pesos 2018,patrimonio_neto,95035.68107991313
2002,Petrobras,S&P Capital IQ,integrada,Millones de pesos 2018,patrimonio_neto_total,104832.74781150922
2002,Petrobras,S&P Capital IQ,integrada,Millones de pesos 2018,ppye_neta,215638.81268089032
2002,Petrobras,S&P Capital IQ,integrada,Millones de pesos 2018,utilidad_neta,-32512.220711161237
2002,Petrobras,S&P Capital IQ,integrada,Millones de pesos 2018,utilidad_neta_empresa,-32491.5507605785
2002,Petrobras,S&P Capital IQ,integrada,Millones de pesos 2018,utilidad_operativa,23314.538551140064
2002,Petrobras,S&P Capital IQ,integrada,Millones de pesos 2018,ventas,105535.49099478827
2002,Petrobras,S&P Capital IQ,integrada,Millones de pesos 2018,ventas_raw,105535.49099478827
2003,Petrobras,S&P Capital IQ,integrada,Millones de pesos 2018,KTA,250229.00075512435
2003,Petrobras,S&P Capital IQ,integrada,Millones de pesos 2018,activo,318680.31543671765
2003,Petrobras,S&P Capital IQ,integrada,Millones de pesos 2018,activo_corr,63386.24534928481
2003,Petrobras,S&P Capital IQ,integrada,Millones de pesos 2018,cash_st_inv,20515.352763235038
2003,Petrobras,S&P Capital IQ,integrada,Millones de pesos 2018,costo_ventas,86707.42788653246
2003,Petrobras,S&P Capital IQ,integrada,Millones de pesos 2018,deuda_lp,92883.89732413164
2003,Petrobras,S&P Capital IQ,integrada,Millones de pesos 2018,deuda_neta,131363.84851059027
2003,Petrobras,S&P Capital IQ,integrada,Millones de pesos 2018,deuda_total,151879.2012738253
2003,Petrobras,S&P Capital IQ,integrada,Millones de pesos 2018,ebit,19422.172331801557
2003,Petrobras,S&P Capital IQ,integrada,Millones de pesos 2018,ebitda,46095.77485877855
2003,Petrobras,S&P Capital IQ,integrada,Millones de pesos 2018,ebt,7961.997475607205
2003,Petrobras,S&P Capital IQ,integrada,Millones de pesos 2018,ganancia_bruta,42889.11225990699
2003,Petrobras,S&P Capital IQ,integrada,Millones de pesos 2018,impuesto_ganancias,528.3705418595171
2003,Petrobras,S&P Capital IQ,integrada,Millones de pesos 2018,inventarios,7889.118780178306
2003,Petrobras,S&P Capital IQ,integrada,Millones de pesos 2018,pasivo,188318.54898827476
2003,Petrobras,S&P Capital IQ,integrada,Millones de pesos 2018,patrimonio_neto,89877.65113768957
2003,Petrobras,S&P Capital IQ,integrada,Millones de pesos 2018,patrimonio_neto_total,130361.7664484429
2003,Petrobras,S&P Capital IQ,integrada,Millones de pesos 2018,ppye_neta,221824.529211711
2003,Petrobras,S&P Capital IQ,integrada,Millones de pesos 2018,utilidad_neta,7069.233456603193
2003,Petrobras,S&P Capital IQ,integrada,Millones de pesos 2018,utilidad_neta_empresa,7433.626933747688
2003,Petrobras,S&P Capital IQ,integrada,Millones de pesos 2018,utilidad_operativa,19422.172331801557
2003,Petrobras,S&P Capital IQ,integrada,Millones de pesos 2018,ventas,129596.54014643945
2003,Petrobras,S&P Capital IQ,integrada,Millones de pesos 2018,ventas_raw,129596.54014643945
2004,Petrobras,S&P Capital IQ,integrada,Millones de pesos 2018,KTA,244096.40871851103
2004,Petrobras,S&P Capital IQ,integrada,Millones de pesos 2018,activo,316876.887720935
2004,Petrobras,S&P Capital IQ,integrada,Millones de pesos 2018,activo_corr,63689.462565055765
2004,Petrobras,S&P Capital IQ,integrada,Millones de pesos 2018,cash_st_inv,18932.347091256303
2004,Petrobras,S&P Capital IQ,integrada,Millones de pesos 2018,costo_ventas,100873.6392023527
2004,Petrobras,S&P Capital IQ,integrada,Millones de pesos 2018,deuda_lp,109022.40057711462
2004,Petrobras,S&P Capital IQ,integrada,Millones de pesos 2018,deuda_neta,119910.68130056527
2004,Petrobras,S&P Capital IQ,integrada,Millones de pesos 2018,deuda_total,138843.02839182157
2004,Petrobras,S&P Capital IQ,integrada,Millones de pesos 2018,ebit,30204.50950687987
2004,Petrobras,S&P Capital IQ,integrada,Millones de pesos 2018,ebitda,50375.7475137852
2004,Petrobras,S&P Capital IQ,integrada,Millones de pesos 2018,ebt,8410.49889215257
2004,Petrobras,S&P Capital IQ,integrada,Millones de pesos 2018,ganancia_bruta,52033.41845725926
2004,Petrobras,S&P Capital IQ,integrada,Millones de pesos 2018,impuesto_ganancias,-5531.395699397989
2004,Petrobras,S&P Capital IQ,integrada,Millones de pesos 2018,inventarios,10940.628226928757
2004,Petrobras,S&P Capital IQ,integrada,Millones de pesos 2018,pasivo,211379.21904468097
2004,Petrobras,S&P Capital IQ,integrada,Millones de pesos 2018,patrimonio_neto,72885.17400938025
2004,Petrobras,S&P Capital IQ,integrada,Millones de pesos 2018,patrimonio_neto_total,105497.66867625402
2004,Petrobras,S&P Capital IQ,integrada,Millones de pesos 2018,ppye_neta,214223.43340032594
2004,Petrobras,S&P Capital IQ,integrada,Millones de pesos 2018,utilidad_neta,14395.563456485204
2004,Petrobras,S&P Capital IQ,integrada,Millones de pesos 2018,utilidad_neta_empresa,13941.885093008097
2004,Petrobras,S&P Capital IQ,integrada,Millones de pesos 2018,utilidad_operativa,30204.50950687987
2004,Petrobras,S&P Capital IQ,integrada,Millones de pesos 2018,ventas,152907.05765961195
2004,Petrobras,S&P Capital IQ,integrada,Millones de pesos 2018,ventas_raw,152907.05765961195
2005,Petrobras,S&P Capital IQ,integrada,Millones de pesos 2018,KTA,229553.97627748764
2005,Petrobras,S&P Capital IQ,integrada,Millones de pesos 2018,activo,296411.7310155441
2005,Petrobras,S&P Capital IQ,integrada,Millones de pesos 2018,activo_corr,63977.189727918776
2005,Petrobras,S&P Capital IQ,integrada,Millones de pesos 2018,cash_st_inv,15676.002955721387
2005,Petrobras,S&P Capital IQ,integrada,Millones de pesos 2018,costo_ventas,109031.77284228147
2005,Petrobras,S&P Capital IQ,integrada,Millones de pesos 2018,deuda_lp,90841.24352411948
2005,Petrobras,S&P Capital IQ,integrada,Millones de pesos 2018,deuda_neta,103891.31705070987
2005,Petrobras,S&P Capital IQ,integrada,Millones de pesos 2018,deuda_total,119567.32000643127
2005,Petrobras,S&P Capital IQ,integrada,Millones de pesos 2018,ebit,37192.70955078262
2005,Petrobras,S&P Capital IQ,integrada,Millones de pesos 2018,ebitda,56688.246221603644
2005,Petrobras,S&P Capital IQ,integrada,Millones de pesos 2018,ebt,19670.59863276308
2005,Petrobras,S&P Capital IQ,integrada,Millones de pesos 2018,ganancia_bruta,60539.609384329095
2005,Petrobras,S&P Capital IQ,integrada,Millones de pesos 2018,impuesto_ganancias,3358.00672452509
2005,Petrobras,S&P Capital IQ,integrada,Millones de pesos 2018,inventarios,12445.314021699622
2005,Petrobras,S&P Capital IQ,integrada,Millones de pesos 2018,pasivo,183130.72691521424
2005,Petrobras,S&P Capital IQ,integrada,Millones de pesos 2018,patrimonio_neto,102124.78270747629
2005,Petrobras,S&P Capital IQ,integrada,Millones de pesos 2018,patrimonio_neto_total,113281.00410032981
2005,Petrobras,S&P Capital IQ,integrada,Millones de pesos 2018,ppye_neta,201432.65930006665
2005,Petrobras,S&P Capital IQ,integrada,Millones de pesos 2018,utilidad_neta,-2896.494455033872
2005,Petrobras,S&P Capital IQ,integrada,Millones de pesos 2018,utilidad_neta_empresa,16312.591908237993
2005,Petrobras,S&P Capital IQ,integrada,Millones de pesos 2018,utilidad_operativa,37192.70955078262
2005,Petrobras,S&P Capital IQ,integrada,Millones de pesos 2018,ventas,169571.38222661056
2005,Petrobras,S&P Capital IQ,integrada,Millones de pesos 2018,ventas_raw,169571.38222661056
2006,Petrobras,S&P Capital IQ,integrada,Millones de pesos 2018,KTA,190564.29577967612
2006,Petrobras,S&P Capital IQ,integrada,Millones de pesos 2018,activo,294349.29367700405
2006,Petrobras,S&P Capital IQ,integrada,Millones de pesos 2018,activo_corr,73275.1934822672
2006,Petrobras,S&P Capital IQ,integrada,Millones de pesos 2018,cash_st_inv,22932.581117246966
2006,Petrobras,S&P Capital IQ,integrada,Millones de pesos 2018,costo_ventas,115696.16330866398
2006,Petrobras,S&P Capital IQ,integrada,Millones de pesos 2018,deuda_lp,67678.38081910931
2006,Petrobras,S&P Capital IQ,integrada,Millones de pesos 2018,deuda_neta,82718.0210011336
2006,Petrobras,S&P Capital IQ,integrada,Millones de pesos 2018,deuda_total,105650.60211838057
2006,Petrobras,S&P Capital IQ,integrada,Millones de pesos 2018,ebit,30854.223655870446
2006,Petrobras,S&P Capital IQ,integrada,Millones de pesos 2018,ebitda,48060.834894655876
2006,Petrobras,S&P Capital IQ,integrada,Millones de pesos 2018,ebt,28184.974539595143
2006,Petrobras,S&P Capital IQ,integrada,Millones de pesos 2018,ganancia_bruta,52854.0026625911
2006,Petrobras,S&P Capital IQ,integrada,Millones de pesos 2018,impuesto_ganancias,6673.12279068826
2006,Petrobras,S&P Capital IQ,integrada,Millones de pesos 2018,inventarios,12097.725833441296
2006,Petrobras,S&P Capital IQ,integrada,Millones de pesos 2018,pasivo,170831.94344161946
2006,Petrobras,S&P Capital IQ,integrada,Millones de pesos 2018,patrimonio_neto,112452.88212437248
2006,Petrobras,S&P Capital IQ,integrada,Millones de pesos 2018,patrimonio_neto_total,123517.35023538463
2006,Petrobras,S&P Capital IQ,integrada,Millones de pesos 2018,ppye,155533.98882898787
2006,Petrobras,S&P Capital IQ,integrada,Millones de pesos 2018,ppye_neta,155533.98882898787
2006,Petrobras,S&P Capital IQ,integrada,Millones de pesos 2018,utilidad_neta,37168.57640404859
2006,Petrobras,S&P Capital IQ,integrada,Millones de pesos 2018,utilidad_neta_empresa,21511.851748906884
2006,Petrobras,S&P Capital IQ,integrada,Millones de pesos 2018,utilidad_operativa,30854.223655870446
2006,Petrobras,S&P Capital IQ,integrada,Millones de pesos 2018,ventas,168550.16597125508
2006,Petrobras,S&P Capital IQ,integrada,Millones de pesos 2018,ventas_raw,168550.16597125508
2007,Petrobras,S&P Capital IQ,integrada,Millones de pesos 2018,KTA,162401.09572334142
2007,Petrobras,S&P Capital IQ,integrada,Millones de pesos 2018,activo,271032.2889242324
2007,Petrobras,S&P Capital IQ,integrada,Millones de pesos 2018,activo_corr,81879.49281917627
2007,Petrobras,S&P Capital IQ,integrada,Millones de pesos 2018,cash_st_inv,15127.147464423144
2007,Petrobras,S&P Capital IQ,integrada,Millones de pesos 2018,costo_ventas,128314.25168857584
2007,Petrobras,S&P Capital IQ,integrada,Millones de pesos 2018,deuda_lp,68909.7405468269
2007,Petrobras,S&P Capital IQ,integrada,Millones de pesos 2018,deuda_neta,78173.84931279074
2007,Petrobras,S&P Capital IQ,integrada,Millones de pesos 2018,deuda_total,93300.99677721389
2007,Petrobras,S&P Capital IQ,integrada,Millones de pesos 2018,ebit,19454.62840852406
2007,Petrobras,S&P Capital IQ,integrada,Millones de pesos 2018,ebitda,35470.11506968346
2007,Petrobras,S&P Capital IQ,integrada,Millones de pesos 2018,ebt,17170.327616916536
2007,Petrobras,S&P Capital IQ,integrada,Millones de pesos 2018,ganancia_bruta,42475.30416394653
2007,Petrobras,S&P Capital IQ,integrada,Millones de pesos 2018,impuesto_ganancias,6383.351656547686
2007,Petrobras,S&P Capital IQ,integrada,Millones de pesos 2018,inventarios,12639.79771356162
2007,Petrobras,S&P Capital IQ,integrada,Millones de pesos 2018,pasivo,153682.6810353727
2007,Petrobras,S&P Capital IQ,integrada,Millones de pesos 2018,patrimonio_neto,106981.42040695227
2007,Petrobras,S&P Capital IQ,integrada,Millones de pesos 2018,patrimonio_neto_total,117349.60788885974
2007,Petrobras,S&P Capital IQ,integrada,Millones de pesos 2018,ppye,134634.15054535665
2007,Petrobras,S&P Capital IQ,integrada,Millones de pesos 2018,ppye_neta,134634.15054535665
2007,Petrobras,S&P Capital IQ,integrada,Millones de pesos 2018,utilidad_neta,406.09791850800383
2007,Petrobras,S&P Capital IQ,integrada,Millones de pesos 2018,utilidad_neta_empresa,10786.975960368854
2007,Petrobras,S&P Capital IQ,integrada,Millones de pesos 2018,utilidad_operativa,19454.62840852406
2007,Petrobras,S&P Capital IQ,integrada,Millones de pesos 2018,ventas,170789.55585252238
2007,Petrobras,S&P Capital IQ,integrada,Millones de pesos 2018,ventas_raw,170789.55585252238
2008,Petrobras,S&P Capital IQ,integrada,Millones de pesos 2018,KTA,161144.93338948884
2008,Petrobras,S&P Capital IQ,integrada,Millones de pesos 2018,activo,238939.03916372484
2008,Petrobras,S&P Capital IQ,integrada,Millones de pesos 2018,activo_corr,64693.90121049793
2008,Petrobras,S&P Capital IQ,integrada,Millones de pesos 2018,cash_st_inv,15324.962842729916
2008,Petrobras,S&P Capital IQ,integrada,Millones de pesos 2018,costo_ventas,113824.84218097842
2008,Petrobras,S&P Capital IQ,integrada,Millones de pesos 2018,deuda_lp,53311.41699240008
2008,Petrobras,S&P Capital IQ,integrada,Millones de pesos 2018,deuda_neta,63286.612252624014
2008,Petrobras,S&P Capital IQ,integrada,Millones de pesos 2018,deuda_total,78611.57509535392
2008,Petrobras,S&P Capital IQ,integrada,Millones de pesos 2018,ebit,20157.344778958726
2008,Petrobras,S&P Capital IQ,integrada,Millones de pesos 2018,ebitda,33630.067008016355
2008,Petrobras,S&P Capital IQ,integrada,Millones de pesos 2018,ebt,14010.803301185892
2008,Petrobras,S&P Capital IQ,integrada,Millones de pesos 2018,ganancia_bruta,43201.70146414408
2008,Petrobras,S&P Capital IQ,integrada,Millones de pesos 2018,impuesto_ganancias,5256.638166176096
2008,Petrobras,S&P Capital IQ,integrada,Millones de pesos 2018,inventarios,15894.087053634807
2008,Petrobras,S&P Capital IQ,integrada,Millones de pesos 2018,pasivo,137231.3688185578
2008,Petrobras,S&P Capital IQ,integrada,Millones de pesos 2018,patrimonio_neto,92580.98754483763
2008,Petrobras,S&P Capital IQ,integrada,Millones de pesos 2018,patrimonio_neto_total,101707.670345167
2008,Petrobras,S&P Capital IQ,integrada,Millones de pesos 2018,ppye,129925.88349312411
2008,Petrobras,S&P Capital IQ,integrada,Millones de pesos 2018,ppye_neta,129925.88349312411
2008,Petrobras,S&P Capital IQ,integrada,Millones de pesos 2018,utilidad_neta,9375.027910542405
2008,Petrobras,S&P Capital IQ,integrada,Millones de pesos 2018,utilidad_neta_empresa,8754.165135009796
2008,Petrobras,S&P Capital IQ,integrada,Millones de pesos 2018,utilidad_operativa,20157.344778958726
2008,Petrobras,S&P Capital IQ,integrada,Millones de pesos 2018,ventas,157026.54364512253
2008,Petrobras,S&P Capital IQ,integrada,Millones de pesos 2018,ventas_raw,157026.54364512253
2009,Petrobras,S&P Capital IQ,integrada,Millones de pesos 2018,KTA,123516.73714744844
2009,Petrobras,S&P Capital IQ,integrada,Millones de pesos 2018,activo,207975.5520880117
2009,Petrobras,S&P Capital IQ,integrada,Millones de pesos 2018,activo_corr,64051.38845876513
2009,Petrobras,S&P Capital IQ,integrada,Millones de pesos 2018,cash_st_inv,14145.54506685346
2009,Petrobras,S&P Capital IQ,integrada,Millones de pesos 2018,costo_ventas,79809.7058612662
2009,Petrobras,S&P Capital IQ,integrada,Millones de pesos 2018,deuda_lp,41355.44704258431
2009,Petrobras,S&P Capital IQ,integrada,Millones de pesos 2018,deuda_neta,49806.73447743052
2009,Petrobras,S&P Capital IQ,integrada,Millones de pesos 2018,deuda_total,63952.27954428398
2009,Petrobras,S&P Capital IQ,integrada,Millones de pesos 2018,ebit,8271.089408516862
2009,Petrobras,S&P Capital IQ,integrada,Millones de pesos 2018,ebitda,23308.61470570057
2009,Petrobras,S&P Capital IQ,integrada,Millones de pesos 2018,ebt,15451.980757741198
2009,Petrobras,S&P Capital IQ,integrada,Millones de pesos 2018,ganancia_bruta,28056.83269947877
2009,Petrobras,S&P Capital IQ,integrada,Millones de pesos 2018,impuesto_ganancias,6541.188355755167
2009,Petrobras,S&P Capital IQ,integrada,Millones de pesos 2018,inventarios,9109.01023094831
2009,Petrobras,S&P Capital IQ,integrada,Millones de pesos 2018,pasivo,112849.0139887513
2009,Petrobras,S&P Capital IQ,integrada,Millones de pesos 2018,patrimonio_neto,86395.9437236037
2009,Petrobras,S&P Capital IQ,integrada,Millones de pesos 2018,patrimonio_neto_total,95126.5380992604
2009,Petrobras,S&P Capital IQ,integrada,Millones de pesos 2018,ppye,100262.18184964667
2009,Petrobras,S&P Capital IQ,integrada,Millones de pesos 2018,ppye_neta,100262.18184964667
2009,Petrobras,S&P Capital IQ,integrada,Millones de pesos 2018,utilidad_neta,1982.1782896227776
2009,Petrobras,S&P Capital IQ,integrada,Millones de pesos 2018,utilidad_neta_empresa,8910.792401986031
2009,Petrobras,S&P Capital IQ,integrada,Millones de pesos 2018,utilidad_operativa,8271.089408516862
2009,Petrobras,S&P Capital IQ,integrada,Millones de pesos 2018,ventas,107866.53856074497
2009,Petrobras,S&P Capital IQ,integrada,Millones de pesos 2018,ventas_raw,107866.53856074497
2010,Petrobras,S&P Capital IQ,integrada,Millones de pesos 2018,KTA,75185.74328987605
2010,Petrobras,S&P Capital IQ,integrada,Millones de pesos 2018,activo,131335.21811586135
2010,Petrobras,S&P Capital IQ,integrada,Millones de pesos 2018,activo_corr,47093.107918568334
2010,Petrobras,S&P Capital IQ,integrada,Millones de pesos 2018,cash_st_inv,15428.040067575974
2010,Petrobras,S&P Capital IQ,integrada,Millones de pesos 2018,costo_ventas,53371.711695489044
2010,Petrobras,S&P Capital IQ,integrada,Millones de pesos 2018,deuda_lp,24362.700858450597
2010,Petrobras,S&P Capital IQ,integrada,Millones de pesos 2018,deuda_neta,13115.623853271083
2010,Petrobras,S&P Capital IQ,integrada,Millones de pesos 2018,deuda_total,28543.663920847055
2010,Petrobras,S&P Capital IQ,integrada,Millones de pesos 2018,ebit,7696.122075472934
2010,Petrobras,S&P Capital IQ,integrada,Millones de pesos 2018,ebitda,16000.77473365768
2010,Petrobras,S&P Capital IQ,integrada,Millones de pesos 2018,ebt,3651.18349627088
2010,Petrobras,S&P Capital IQ,integrada,Millones de pesos 2018,ganancia_bruta,20439.468395790907
2010,Petrobras,S&P Capital IQ,integrada,Millones de pesos 2018,impuesto_ganancias,1102.5142322072854
2010,Petrobras,S&P Capital IQ,integrada,Millones de pesos 2018,inventarios,7531.460858974443
2010,Petrobras,S&P Capital IQ,integrada,Millones de pesos 2018,pasivo,60079.86647197103
2010,Petrobras,S&P Capital IQ,integrada,Millones de pesos 2018,patrimonio_neto,71205.23736060818
2010,Petrobras,S&P Capital IQ,integrada,Millones de pesos 2018,patrimonio_neto_total,71255.35164389033
2010,Petrobras,S&P Capital IQ,integrada,Millones de pesos 2018,ppye,125264.23065539527
2010,Petrobras,S&P Capital IQ,integrada,Millones de pesos 2018,ppye_neta,52226.242363325626
2010,Petrobras,S&P Capital IQ,integrada,Millones de pesos 2018,utilidad_neta,4474.489578763333
2010,Petrobras,S&P Capital IQ,integrada,Millones de pesos 2018,utilidad_neta_empresa,4517.444678719462
2010,Petrobras,S&P Capital IQ,integrada,Millones de pesos 2018,utilidad_operativa,7696.122075472934
2010,Petrobras,S&P Capital IQ,integrada,Millones de pesos 2018,ventas,73811.18009127995
2010,Petrobras,S&P Capital IQ,integrada,Millones de pesos 2018,ventas_raw,73811.18009127995
2011,Petrobras,S&P Capital IQ,integrada,Millones de pesos 2018,KTA,53405.589071731636
2011,Petrobras,S&P Capital IQ,integrada,Millones de pesos 2018,activo,100238.8050755383
2011,Petrobras,S&P Capital IQ,integrada,Millones de pesos 2018,activo_corr,29619.032190015467
2011,Petrobras,S&P Capital IQ,integrada,Millones de pesos 2018,cash_st_inv,7011.687362702725
2011,Petrobras,S&P Capital IQ,integrada,Millones de pesos 2018,costo_ventas,48827.47168404775
2011,Petrobras,S&P Capital IQ,integrada,Millones de pesos 2018,deuda_lp,12612.944621118999
2011,Petrobras,S&P Capital IQ,integrada,Millones de pesos 2018,deuda_neta,5832.475308299299
2011,Petrobras,S&P Capital IQ,integrada,Millones de pesos 2018,deuda_total,12844.162671002025
2011,Petrobras,S&P Capital IQ,integrada,Millones de pesos 2018,ebit,1144.5293469209723
2011,Petrobras,S&P Capital IQ,integrada,Millones de pesos 2018,ebitda,9809.425766287324
2011,Petrobras,S&P Capital IQ,integrada,Millones de pesos 2018,ebt,-80.9255082537458
2011,Petrobras,S&P Capital IQ,integrada,Millones de pesos 2018,ganancia_bruta,15358.658963479918
2011,Petrobras,S&P Capital IQ,integrada,Millones de pesos 2018,impuesto_ganancias,86.70676870613427
2011,Petrobras,S&P Capital IQ,integrada,Millones de pesos 2018,inventarios,5607.03770966335
2011,Petrobras,S&P Capital IQ,integrada,Millones de pesos 2018,pasivo,40422.6955707998
2011,Petrobras,S&P Capital IQ,integrada,Millones de pesos 2018,patrimonio_neto,59798.76815099727
2011,Petrobras,S&P Capital IQ,integrada,Millones de pesos 2018,patrimonio_neto_total,59816.10950473849
2011,Petrobras,S&P Capital IQ,integrada,Millones de pesos 2018,ppye,104129.04876482018
2011,Petrobras,S&P Capital IQ,integrada,Millones de pesos 2018,ppye_neta,40786.86399936556
2011,Petrobras,S&P Capital IQ,integrada,Millones de pesos 2018,utilidad_neta,3936.487299258496
2011,Petrobras,S&P Capital IQ,integrada,Millones de pesos 2018,utilidad_neta_empresa,3913.3654942701937
2011,Petrobras,S&P Capital IQ,integrada,Millones de pesos 2018,utilidad_operativa,1144.5293469209723
2011,Petrobras,S&P Capital IQ,integrada,Millones de pesos 2018,ventas,64186.130647527665
2011,Petrobras,S&P Capital IQ,integrada,Millones de pesos 2018,ventas_raw,64186.130647527665
2012,Petrobras,S&P Capital IQ,integrada,Millones de pesos 2018,KTA,50412.39299405409
2012,Petrobras,S&P Capital IQ,integrada,Millones de pesos 2018,activo,88112.98996187864
2012,Petrobras,S&P Capital IQ,integrada,Millones de pesos 2018,activo_corr,28163.24356822608
2012,Petrobras,S&P Capital IQ,integrada,Millones de pesos 2018,cash_st_inv,5984.221740924532
2012,Petrobras,S&P Capital IQ,integrada,Millones de pesos 2018,costo_ventas,44895.68857663929
2012,Petrobras,S&P Capital IQ,integrada,Millones de pesos 2018,deuda_lp,7283.9199002815785
2012,Petrobras,S&P Capital IQ,integrada,Millones de pesos 2018,deuda_neta,6479.790103844845
2012,Petrobras,S&P Capital IQ,integrada,Millones de pesos 2018,deuda_total,12464.011844769379
2012,Petrobras,S&P Capital IQ,integrada,Millones de pesos 2018,ebit,5610.207882116749
2012,Petrobras,S&P Capital IQ,integrada,Millones de pesos 2018,ebitda,14521.088068212184
2012,Petrobras,S&P Capital IQ,integrada,Millones de pesos 2018,ebt,5446.576818888344
2012,Petrobras,S&P Capital IQ,integrada,Millones de pesos 2018,ganancia_bruta,14782.897769377632
2012,Petrobras,S&P Capital IQ,integrada,Millones de pesos 2018,impuesto_ganancias,2300.1852316678674
2012,Petrobras,S&P Capital IQ,integrada,Millones de pesos 2018,inventarios,4782.702219504528
2012,Petrobras,S&P Capital IQ,integrada,Millones de pesos 2018,pasivo,38691.73369366518
2012,Petrobras,S&P Capital IQ,integrada,Millones de pesos 2018,patrimonio_neto,47055.618611254235
2012,Petrobras,S&P Capital IQ,integrada,Millones de pesos 2018,patrimonio_neto_total,49421.25626821347
2012,Petrobras,S&P Capital IQ,integrada,Millones de pesos 2018,ppye,99193.15052905922
2012,Petrobras,S&P Capital IQ,integrada,Millones de pesos 2018,ppye_neta,39645.46903362503
2012,Petrobras,S&P Capital IQ,integrada,Millones de pesos 2018,utilidad_neta,2889.2570592901257
2012,Petrobras,S&P Capital IQ,integrada,Millones de pesos 2018,utilidad_neta_empresa,3146.391587220477
2012,Petrobras,S&P Capital IQ,integrada,Millones de pesos 2018,utilidad_operativa,5610.207882116749
2012,Petrobras,S&P Capital IQ,integrada,Millones de pesos 2018,ventas,59678.58634601691
2012,Petrobras,S&P Capital IQ,integrada,Millones de pesos 2018,ventas_raw,59678.58634601691
2013,Petrobras,S&P Capital IQ,integrada,Millones de pesos 2018,KTA,44670.23230460432
2013,Petrobras,S&P Capital IQ,integrada,Millones de pesos 2018,activo,77465.53502399461
2013,Petrobras,S&P Capital IQ,integrada,Millones de pesos 2018,activo_corr,24492.506424037412
2013,Petrobras,S&P Capital IQ,integrada,Millones de pesos 2018,cash_st_inv,4441.030576584103
2013,Petrobras,S&P Capital IQ,integrada,Millones de pesos 2018,costo_ventas,41718.20947150703
2013,Petrobras,S&P Capital IQ,integrada,Millones de pesos 2018,deuda_lp,7515.590206526944
2013,Petrobras,S&P Capital IQ,integrada,Millones de pesos 2018,deuda_neta,3846.912773696598
2013,Petrobras,S&P Capital IQ,integrada,Millones de pesos 2018,deuda_total,8287.9433502807
2013,Petrobras,S&P Capital IQ,integrada,Millones de pesos 2018,ebit,6290.222238071464
2013,Petrobras,S&P Capital IQ,integrada,Millones de pesos 2018,ebitda,14578.165588352165
2013,Petrobras,S&P Capital IQ,integrada,Millones de pesos 2018,ebt,5213.383720337861
2013,Petrobras,S&P Capital IQ,integrada,Millones de pesos 2018,ganancia_bruta,15242.834880332563
2013,Petrobras,S&P Capital IQ,integrada,Millones de pesos 2018,impuesto_ganancias,2049.706419961894
2013,Petrobras,S&P Capital IQ,integrada,Millones de pesos 2018,inventarios,4864.339511141451
2013,Petrobras,S&P Capital IQ,integrada,Millones de pesos 2018,pasivo,34039.23686918602
2013,Petrobras,S&P Capital IQ,integrada,Millones de pesos 2018,patrimonio_neto,40700.78273406217
2013,Petrobras,S&P Capital IQ,integrada,Millones de pesos 2018,patrimonio_neto_total,43426.2981548086
2013,Petrobras,S&P Capital IQ,integrada,Millones de pesos 2018,ppye,91512.70782601608
2013,Petrobras,S&P Capital IQ,integrada,Millones de pesos 2018,ppye_neta,35364.86221687876
2013,Petrobras,S&P Capital IQ,integrada,Millones de pesos 2018,utilidad_neta,2892.6110528085424
2013,Petrobras,S&P Capital IQ,integrada,Millones de pesos 2018,utilidad_neta_empresa,3163.6773003759668
2013,Petrobras,S&P Capital IQ,integrada,Millones de pesos 2018,utilidad_operativa,6290.222238071464
2013,Petrobras,S&P Capital IQ,integrada,Millones de pesos 2018,ventas,56961.044351839584
2013,Petrobras,S&P Capital IQ,integrada,Millones de pesos 2018,ventas_raw,56961.044351839584
2014,Petrobras,S&P Capital IQ,integrada,Millones de pesos 2018,KTA,41198.38333783596
2014,Petrobras,S&P Capital IQ,integrada,Millones de pesos 2018,activo,63581.511067526255
2014,Petrobras,S&P Capital IQ,integrada,Millones de pesos 2018,activo_corr,23117.000770008006
2014,Petrobras,S&P Capital IQ,integrada,Millones de pesos 2018,cash_st_inv,5962.0678559144835
2014,Petrobras,S&P Capital IQ,integrada,Millones de pesos 2018,costo_ventas,37607.08973628119
2014,Petrobras,S&P Capital IQ,integrada,Millones de pesos 2018,deuda_lp,6732.374309581304
2014,Petrobras,S&P Capital IQ,integrada,Millones de pesos 2018,deuda_neta,1009.726027103806
2014,Petrobras,S&P Capital IQ,integrada,Millones de pesos 2018,deuda_total,6971.793883018289
2014,Petrobras,S&P Capital IQ,integrada,Millones de pesos 2018,ebit,7317.9113098348
2014,Petrobras,S&P Capital IQ,integrada,Millones de pesos 2018,ebitda,14440.643619585102
2014,Petrobras,S&P Capital IQ,integrada,Millones de pesos 2018,ebt,3435.150401487175
2014,Petrobras,S&P Capital IQ,integrada,Millones de pesos 2018,ganancia_bruta,16361.204980416567
2014,Petrobras,S&P Capital IQ,integrada,Millones de pesos 2018,impuesto_ganancias,1930.9709075026392
2014,Petrobras,S&P Capital IQ,integrada,Millones de pesos 2018,inventarios,5077.256388864756
2014,Petrobras,S&P Capital IQ,integrada,Millones de pesos 2018,pasivo,30752.403253313598
2014,Petrobras,S&P Capital IQ,integrada,Millones de pesos 2018,patrimonio_neto,30151.25193305334
2014,Petrobras,S&P Capital IQ,integrada,Millones de pesos 2018,patrimonio_neto_total,32829.107814212664
2014,Petrobras,S&P Capital IQ,integrada,Millones de pesos 2018,ppye,73548.65200517465
2014,Petrobras,S&P Capital IQ,integrada,Millones de pesos 2018,ppye_neta,30159.05909305672
2014,Petrobras,S&P Capital IQ,integrada,Millones de pesos 2018,utilidad_neta,1191.893093849338
2014,Petrobras,S&P Capital IQ,integrada,Millones de pesos 2018,utilidad_neta_empresa,1504.1794939845354
2014,Petrobras,S&P Capital IQ,integrada,Millones de pesos 2018,utilidad_operativa,7317.9113098348
2014,Petrobras,S&P Capital IQ,integrada,Millones de pesos 2018,ventas,53968.294716697754
2014,Petrobras,S&P Capital IQ,integrada,Millones de pesos 2018,ventas_raw,53968.294716697754
2015,Petrobras,S&P Capital IQ,integrada,Millones de pesos 2018,KTA,38155.33056822349
2015,Petrobras,S&P Capital IQ,integrada,Millones de pesos 2018,activo,59826.785231642985
2015,Petrobras,S&P Capital IQ,integrada,Millones de pesos 2018,activo_corr,22088.846057790855
2015,Petrobras,S&P Capital IQ,integrada,Millones de pesos 2018,cash_st_inv,4632.427642949158
2015,Petrobras,S&P Capital IQ,integrada,Millones de pesos 2018,costo_ventas,31871.842384977757
2015,Petrobras,S&P Capital IQ,integrada,Millones de pesos 2018,deuda_lp,8039.410600945942
2015,Petrobras,S&P Capital IQ,integrada,Millones de pesos 2018,deuda_neta,3532.4059878325133
2015,Petrobras,S&P Capital IQ,integrada,Millones de pesos 2018,deuda_total,8164.833630781672
2015,Petrobras,S&P Capital IQ,integrada,Millones de pesos 2018,ebit,5458.985970719047
2015,Petrobras,S&P Capital IQ,integrada,Millones de pesos 2018,ebitda,11037.2266255442
2015,Petrobras,S&P Capital IQ,integrada,Millones de pesos 2018,ebt,3836.7110438273985
2015,Petrobras,S&P Capital IQ,integrada,Millones de pesos 2018,ganancia_bruta,13270.167779668827
2015,Petrobras,S&P Capital IQ,integrada,Millones de pesos 2018,impuesto_ganancias,1996.487901155629
2015,Petrobras,S&P Capital IQ,integrada,Millones de pesos 2018,inventarios,4379.52546803449
2015,Petrobras,S&P Capital IQ,integrada,Millones de pesos 2018,pasivo,29883.57894479497
2015,Petrobras,S&P Capital IQ,integrada,Millones de pesos 2018,patrimonio_neto,26597.90678614749
2015,Petrobras,S&P Capital IQ,integrada,Millones de pesos 2018,patrimonio_neto_total,29943.206286848017
2015,Petrobras,S&P Capital IQ,integrada,Millones de pesos 2018,ppye,64064.43874789608
2015,Petrobras,S&P Capital IQ,integrada,Millones de pesos 2018,ppye_neta,29143.377457239843
2015,Petrobras,S&P Capital IQ,integrada,Millones de pesos 2018,utilidad_neta,1753.8663024570046
2015,Petrobras,S&P Capital IQ,integrada,Millones de pesos 2018,utilidad_neta_empresa,1840.2231426717694
2015,Petrobras,S&P Capital IQ,integrada,Millones de pesos 2018,utilidad_operativa,5458.985970719047
2015,Petrobras,S&P Capital IQ,integrada,Millones de pesos 2018,ventas,45142.01016464659
2015,Petrobras,S&P Capital IQ,integrada,Millones de pesos 2018,ventas_raw,45142.01016464659
2016,Petrobras,S&P Capital IQ,integrada,Millones de pesos 2018,KTA,73978.05472006217
2016,Petrobras,S&P Capital IQ,integrada,Millones de pesos 2018,activo,114352.05197932197
2016,Petrobras,S&P Capital IQ,integrada,Millones de pesos 2018,activo_corr,34284.750861302986
2016,Petrobras,S&P Capital IQ,integrada,Millones de pesos 2018,cash_st_inv,8334.05485134699
2016,Petrobras,S&P Capital IQ,integrada,Millones de pesos 2018,costo_ventas,28225.099828585313
2016,Petrobras,S&P Capital IQ,integrada,Millones de pesos 2018,deuda_lp,22619.737652288724
2016,Petrobras,S&P Capital IQ,integrada,Millones de pesos 2018,deuda_neta,30098.486448224037
2016,Petrobras,S&P Capital IQ,integrada,Millones de pesos 2018,deuda_total,38432.54129957103
2016,Petrobras,S&P Capital IQ,integrada,Millones de pesos 2018,ebit,5861.362085615311
2016,Petrobras,S&P Capital IQ,integrada,Millones de pesos 2018,ebitda,10750.515200835674
2016,Petrobras,S&P Capital IQ,integrada,Millones de pesos 2018,ebt,-2256.6517298360886
2016,Petrobras,S&P Capital IQ,integrada,Millones de pesos 2018,ganancia_bruta,8931.881229177989
2016,Petrobras,S&P Capital IQ,integrada,Millones de pesos 2018,impuesto_ganancias,-1777.202498901987
2016,Petrobras,S&P Capital IQ,integrada,Millones de pesos 2018,inventarios,4972.021360178603
2016,Petrobras,S&P Capital IQ,integrada,Millones de pesos 2018,pasivo,93525.79346052626
2016,Petrobras,S&P Capital IQ,integrada,Millones de pesos 2018,patrimonio_neto,16357.35836768282
2016,Petrobras,S&P Capital IQ,integrada,Millones de pesos 2018,patrimonio_neto_total,20826.25851879573
2016,Petrobras,S&P Capital IQ,integrada,Millones de pesos 2018,ppye_neta,60671.97850853657
2016,Petrobras,S&P Capital IQ,integrada,Millones de pesos 2018,utilidad_neta,-16.27196090922946
2016,Petrobras,S&P Capital IQ,integrada,Millones de pesos 2018,utilidad_neta_empresa,-372.89715309539235
2016,Petrobras,S&P Capital IQ,integrada,Millones de pesos 2018,utilidad_operativa,5861.362085615311
2016,Petrobras,S&P Capital IQ,integrada,Millones de pesos 2018,ventas,37156.9810577633
2016,Petrobras,S&P Capital IQ,integrada,Millones de pesos 2018,ventas_raw,37156.9810577633
2017,Petrobras,S&P Capital IQ,integrada,Millones de pesos 2018,KTA,70714.46134249562
2017,Petrobras,S&P Capital IQ,integrada,Millones de pesos 2018,activo,125257.77223437084
2017,Petrobras,S&P Capital IQ,integrada,Millones de pesos 2018,activo_corr,59247.056959776455
2017,Petrobras,S&P Capital IQ,integrada,Millones de pesos 2018,cash_st_inv,18509.234782103274
2017,Petrobras,S&P Capital IQ,integrada,Millones de pesos 2018,costo_ventas,41278.579117928966
2017,Petrobras,S&P Capital IQ,integrada,Millones de pesos 2018,deuda_lp,44514.727636222466
2017,Petrobras,S&P Capital IQ,integrada,Millones de pesos 2018,deuda_neta,33007.755672508974
2017,Petrobras,S&P Capital IQ,integrada,Millones de pesos 2018,deuda_total,51516.99045461225
2017,Petrobras,S&P Capital IQ,integrada,Millones de pesos 2018,ebit,10795.954523421511
2017,Petrobras,S&P Capital IQ,integrada,Millones de pesos 2018,ebt,5046.665103185378
2017,Petrobras,S&P Capital IQ,integrada,Millones de pesos 2018,ganancia_bruta,19088.3602857475
2017,Petrobras,S&P Capital IQ,integrada,Millones de pesos 2018,impuesto_ganancias,-1639.0592030915764
2017,Petrobras,S&P Capital IQ,integrada,Millones de pesos 2018,inventarios,2788.9149512970275
2017,Petrobras,S&P Capital IQ,integrada,Millones de pesos 2018,pasivo,101143.13014473808
2017,Petrobras,S&P Capital IQ,integrada,Millones de pesos 2018,patrimonio_neto,20275.38771557727
2017,Petrobras,S&P Capital IQ,integrada,Millones de pesos 2018,patrimonio_neto_total,24114.64208963277
2017,Petrobras,S&P Capital IQ,integrada,Millones de pesos 2018,ppye_neta,49416.31160909531
2017,Petrobras,S&P Capital IQ,integrada,Millones de pesos 2018,utilidad_neta,5522.675092723177
2017,Petrobras,S&P Capital IQ,integrada,Millones de pesos 2018,utilidad_neta_empresa,6798.429825388713
2017,Petrobras,S&P Capital IQ,integrada,Millones de pesos 2018,utilidad_operativa,10795.954523421511
2017,Petrobras,S&P Capital IQ,integrada,Millones de pesos 2018,ventas,60366.93940367647
2017,Petrobras,S&P Capital IQ,integrada,Millones de pesos 2018,ventas_raw,60366.93940367647
2001,Puma Energy,S&P Capital IQ,distribucion,Millones de pesos 2018,KTA,2926292.9673986975
2001,Puma Energy,S&P Capital IQ,distribucion,Millones de pesos 2018,activo,4602897.904872929
2001,Puma Energy,S&P Capital IQ,distribucion,Millones de pesos 2018,activo_corr,3168238.5639991127
2001,Puma Energy,S&P Capital IQ,distribucion,Millones de pesos 2018,cash_st_inv,522784.59824573563
2001,Puma Energy,S&P Capital IQ,distribucion,Millones de pesos 2018,depreciacion,73312.11733548061
2001,Puma Energy,S&P Capital IQ,distribucion,Millones de pesos 2018,deuda_neta,-527089.5909923152
2001,Puma Energy,S&P Capital IQ,distribucion,Millones de pesos 2018,deuda_total,0.0
2001,Puma Energy,S&P Capital IQ,distribucion,Millones de pesos 2018,ebit,1177572.6327442138
2001,Puma Energy,S&P Capital IQ,distribucion,Millones de pesos 2018,ebitda,1250884.7500796942
2001,Puma Energy,S&P Capital IQ,distribucion,Millones de pesos 2018,ebt,1416604.4759232046
2001,Puma Energy,S&P Capital IQ,distribucion,Millones de pesos 2018,ganancia_bruta,13229611.237766244
2001,Puma Energy,S&P Capital IQ,distribucion,Millones de pesos 2018,impuesto_ganancias,372934.42228676885
2001,Puma Energy,S&P Capital IQ,distribucion,Millones de pesos 2018,inventarios,968849.028279146
2001,Puma Energy,S&P Capital IQ,distribucion,Millones de pesos 2018,pasivo,3243605.9181229193
2001,Puma Energy,S&P Capital IQ,distribucion,Millones de pesos 2018,patrimonio_neto,1359291.9867500092
2001,Puma Energy,S&P Capital IQ,distribucion,Millones de pesos 2018,patrimonio_neto_total,1359291.9867500092
2001,Puma Energy,S&P Capital IQ,distribucion,Millones de pesos 2018,ppye,1810767.6731374934
2001,Puma Energy,S&P Capital IQ,distribucion,Millones de pesos 2018,ppye_neta,1434659.340873816
2001,Puma Energy,S&P Capital IQ,distribucion,Millones de pesos 2018,utilidad_neta,1043670.0536364355
2001,Puma Energy,S&P Capital IQ,distribucion,Millones de pesos 2018,utilidad_neta_empresa,1043670.0536364355
2001,Puma Energy,S&P Capital IQ,distribucion,Millones de pesos 2018,utilidad_operativa,1177572.6327442138
2001,Puma Energy,S&P Capital IQ,distribucion,Millones de pesos 2018,ventas,13229611.237766244
2001,Puma Energy,S&P Capital IQ,distribucion,Millones de pesos 2018,ventas_raw,13229611.237766244
2002,Puma Energy,S&P Capital IQ,distribucion,Millones de pesos 2018,activo,4636678.85435798
2002,Puma Energy,S&P Capital IQ,distribucion,Millones de pesos 2018,activo_corr,3245412.7028027144
2002,Puma Energy,S&P Capital IQ,distribucion,Millones de pesos 2018,depreciacion,56529.488419652545
2002,Puma Energy,S&P Capital IQ,distribucion,Millones de pesos 2018,deuda_neta,141499.40684495113
2002,Puma Energy,S&P Capital IQ,distribucion,Millones de pesos 2018,deuda_total,141499.40684495113
2002,Puma Energy,S&P Capital IQ,distribucion,Millones de pesos 2018,ebit,868466.5610299674
2002,Puma Energy,S&P Capital IQ,distribucion,Millones de pesos 2018,ebitda,924996.04944962
2002,Puma Energy,S&P Capital IQ,distribucion,Millones de pesos 2018,ebt,276198.7399458198
2002,Puma Energy,S&P Capital IQ,distribucion,Millones de pesos 2018,ganancia_bruta,10751598.663660586
2002,Puma Energy,S&P Capital IQ,distribucion,Millones de pesos 2018,impuesto_ganancias,109917.30143170468
2002,Puma Energy,S&P Capital IQ,distribucion,Millones de pesos 2018,inventarios,760946.8539882735
2002,Puma Energy,S&P Capital IQ,distribucion,Millones de pesos 2018,pasivo,3390467.163398371
2002,Puma Energy,S&P Capital IQ,distribucion,Millones de pesos 2018,patrimonio_neto,1246211.690959609
2002,Puma Energy,S&P Capital IQ,distribucion,Millones de pesos 2018,patrimonio_neto_total,1246211.690959609
2002,Puma Energy,S&P Capital IQ,distribucion,Millones de pesos 2018,ppye,1746606.1752885995
2002,Puma Energy,S&P Capital IQ,distribucion,Millones de pesos 2018,ppye_neta,1391266.1515552662
2002,Puma Energy,S&P Capital IQ,distribucion,Millones de pesos 2018,utilidad_neta,166281.43851411509
2002,Puma Energy,S&P Capital IQ,distribucion,Millones de pesos 2018,utilidad_neta_empresa,166281.43851411509
2002,Puma Energy,S&P Capital IQ,distribucion,Millones de pesos 2018,utilidad_operativa,868466.5610299674
2002,Puma Energy,S&P Capital IQ,distribucion,Millones de pesos 2018,ventas,10751598.663660586
2002,Puma Energy,S&P Capital IQ,distribucion,Millones de pesos 2018,ventas_raw,10751598.663660586
2003,Puma Energy,S&P Capital IQ,distribucion,Millones de pesos 2018,activo,3586670.3365116883
2003,Puma Energy,S&P Capital IQ,distribucion,Millones de pesos 2018,activo_corr,2479478.9758819984
2003,Puma Energy,S&P Capital IQ,distribucion,Millones de pesos 2018,deuda_total,0.0
2003,Puma Energy,S&P Capital IQ,distribucion,Millones de pesos 2018,ebit,458753.16805106134
2003,Puma Energy,S&P Capital IQ,distribucion,Millones de pesos 2018,ebitda,508583.97605057096
2003,Puma Energy,S&P Capital IQ,distribucion,Millones de pesos 2018,ebt,-615232.1386853585
2003,Puma Energy,S&P Capital IQ,distribucion,Millones de pesos 2018,ganancia_bruta,10817093.247729748
2003,Puma Energy,S&P Capital IQ,distribucion,Millones de pesos 2018,impuesto_ganancias,-236627.74564821483
2003,Puma Energy,S&P Capital IQ,distribucion,Millones de pesos 2018,pasivo,2896217.5760182994
2003,Puma Energy,S&P Capital IQ,distribucion,Millones de pesos 2018,patrimonio_neto,690452.7604933882
2003,Puma Energy,S&P Capital IQ,distribucion,Millones de pesos 2018,patrimonio_neto_total,690452.7604933882
2003,Puma Energy,S&P Capital IQ,distribucion,Millones de pesos 2018,ppye_neta,1107191.3606296894
2003,Puma Energy,S&P Capital IQ,distribucion,Millones de pesos 2018,utilidad_neta,-378604.3930371437
2003,Puma Energy,S&P Capital IQ,distribucion,Millones de pesos 2018,utilidad_neta_empresa,-378604.3930371437
2003,Puma Energy,S&P Capital IQ,distribucion,Millones de pesos 2018,utilidad_operativa,458753.16805106134
2003,Puma Energy,S&P Capital IQ,distribucion,Millones de pesos 2018,ventas,10817093.247729748
2003,Puma Energy,S&P Capital IQ,distribucion,Millones de pesos 2018,ventas_raw,10817093.247729748
2004,Puma Energy,S&P Capital IQ,distribucion,Millones de pesos 2018,KTA,2336059.6902149413
2004,Puma Energy,S&P Capital IQ,distribucion,Millones de pesos 2018,activo,4043600.3553358256
2004,Puma Energy,S&P Capital IQ,distribucion,Millones de pesos 2018,activo_corr,2967353.132993339
2004,Puma Energy,S&P Capital IQ,distribucion,Millones de pesos 2018,cash_st_inv,661044.2739218007
2004,Puma Energy,S&P Capital IQ,distribucion,Millones de pesos 2018,depreciacion,135562.58484052555
2004,Puma Energy,S&P Capital IQ,distribucion,Millones de pesos 2018,deuda_neta,-661732.7649842412
2004,Puma Energy,S&P Capital IQ,distribucion,Millones de pesos 2018,deuda_total,0.0
2004,Puma Energy,S&P Capital IQ,distribucion,Millones de pesos 2018,ebit,746684.7896120182
2004,Puma Energy,S&P Capital IQ,distribucion,Millones de pesos 2018,ebitda,882247.3744525437
2004,Puma Energy,S&P Capital IQ,distribucion,Millones de pesos 2018,ebt,480567.5310970414
2004,Puma Energy,S&P Capital IQ,distribucion,Millones de pesos 2018,ganancia_bruta,12751467.965579813
2004,Puma Energy,S&P Capital IQ,distribucion,Millones de pesos 2018,impuesto_ganancias,242874.966970688
2004,Puma Energy,S&P Capital IQ,distribucion,Millones de pesos 2018,inventarios,598768.1939506545
2004,Puma Energy,S&P Capital IQ,distribucion,Millones de pesos 2018,pasivo,3144654.1272737593
2004,Puma Energy,S&P Capital IQ,distribucion,Millones de pesos 2018,patrimonio_neto,898946.2280620666
2004,Puma Energy,S&P Capital IQ,distribucion,Millones de pesos 2018,patrimonio_neto_total,898946.2280620666
2004,Puma Energy,S&P Capital IQ,distribucion,Millones de pesos 2018,ppye,1572763.2928325306
2004,Puma Energy,S&P Capital IQ,distribucion,Millones de pesos 2018,ppye_neta,1076247.2223424863
2004,Puma Energy,S&P Capital IQ,distribucion,Millones de pesos 2018,utilidad_neta,237692.56412635333
2004,Puma Energy,S&P Capital IQ,distribucion,Millones de pesos 2018,utilidad_neta_empresa,237692.56412635333
2004,Puma Energy,S&P Capital IQ,distribucion,Millones de pesos 2018,utilidad_operativa,746684.7896120182
2004,Puma Energy,S&P Capital IQ,distribucion,Millones de pesos 2018,ventas,12751467.965579813
2004,Puma Energy,S&P Capital IQ,distribucion,Millones de pesos 2018,ventas_raw,12751467.965579813
2005,Puma Energy,S&P Capital IQ,distribucion,Millones de pesos 2018,KTA,1960248.3614843804
2005,Puma Energy,S&P Capital IQ,distribucion,Millones de pesos 2018,activo,3148791.7652805075
2005,Puma Energy,S&P Capital IQ,distribucion,Millones de pesos 2018,activo_corr,2151256.876686988
2005,Puma Energy,S&P Capital IQ,distribucion,Millones de pesos 2018,cash_st_inv,273001.1722867459
2005,Puma Energy,S&P Capital IQ,distribucion,Millones de pesos 2018,deuda_neta,-272833.7580203949
2005,Puma Energy,S&P Capital IQ,distribucion,Millones de pesos 2018,deuda_total,0.0
2005,Puma Energy,S&P Capital IQ,distribucion,Millones de pesos 2018,ebit,909064.9389175243
2005,Puma Energy,S&P Capital IQ,distribucion,Millones de pesos 2018,ebitda,1046138.4551181622
2005,Puma Energy,S&P Capital IQ,distribucion,Millones de pesos 2018,ebt,806223.9936384668
2005,Puma Energy,S&P Capital IQ,distribucion,Millones de pesos 2018,ganancia_bruta,14018659.532568222
2005,Puma Energy,S&P Capital IQ,distribucion,Millones de pesos 2018,impuesto_ganancias,289870.7795284359
2005,Puma Energy,S&P Capital IQ,distribucion,Millones de pesos 2018,inventarios,715589.6415239152
2005,Puma Energy,S&P Capital IQ,distribucion,Millones de pesos 2018,pasivo,1899279.0545571027
2005,Puma Energy,S&P Capital IQ,distribucion,Millones de pesos 2018,patrimonio_neto,1249512.7107234045
2005,Puma Energy,S&P Capital IQ,distribucion,Millones de pesos 2018,patrimonio_neto_total,1249512.7107234045
2005,Puma Energy,S&P Capital IQ,distribucion,Millones de pesos 2018,ppye,1536311.9485559477
2005,Puma Energy,S&P Capital IQ,distribucion,Millones de pesos 2018,ppye_neta,971657.5476737195
2005,Puma Energy,S&P Capital IQ,distribucion,Millones de pesos 2018,utilidad_neta,516353.21411003097
2005,Puma Energy,S&P Capital IQ,distribucion,Millones de pesos 2018,utilidad_neta_empresa,516353.21411003097
2005,Puma Energy,S&P Capital IQ,distribucion,Millones de pesos 2018,utilidad_operativa,909064.9389175243
2005,Puma Energy,S&P Capital IQ,distribucion,Millones de pesos 2018,ventas,14018659.532568222
2005,Puma Energy,S&P Capital IQ,distribucion,Millones de pesos 2018,ventas_raw,14018659.532568222
2006,Puma Energy,S&P Capital IQ,distribucion,Millones de pesos 2018,activo,3836041.048526721
2006,Puma Energy,S&P Capital IQ,distribucion,Millones de pesos 2018,activo_corr,2812369.6616334417
2006,Puma Energy,S&P Capital IQ,distribucion,Millones de pesos 2018,depreciacion,122728.05614186235
2006,Puma Energy,S&P Capital IQ,distribucion,Millones de pesos 2018,deuda_neta,288250.202954332
2006,Puma Energy,S&P Capital IQ,distribucion,Millones de pesos 2018,deuda_total,288250.202954332
2006,Puma Energy,S&P Capital IQ,distribucion,Millones de pesos 2018,ebit,508391.50103854254
2006,Puma Energy,S&P Capital IQ,distribucion,Millones de pesos 2018,ebitda,631119.5571804049
2006,Puma Energy,S&P Capital IQ,distribucion,Millones de pesos 2018,ebt,411738.85158631584
2006,Puma Energy,S&P Capital IQ,distribucion,Millones de pesos 2018,ganancia_bruta,12851731.30558227
2006,Puma Energy,S&P Capital IQ,distribucion,Millones de pesos 2018,impuesto_ganancias,258199.62419368423
2006,Puma Energy,S&P Capital IQ,distribucion,Millones de pesos 2018,inventarios,1460854.2098944131
2006,Puma Energy,S&P Capital IQ,distribucion,Millones de pesos 2018,pasivo,2672793.7642953037
2006,Puma Energy,S&P Capital IQ,distribucion,Millones de pesos 2018,patrimonio_neto,1163247.284231417
2006,Puma Energy,S&P Capital IQ,distribucion,Millones de pesos 2018,patrimonio_neto_total,1163247.284231417
2006,Puma Energy,S&P Capital IQ,distribucion,Millones de pesos 2018,ppye,1627151.2999987046
2006,Puma Energy,S&P Capital IQ,distribucion,Millones de pesos 2018,ppye_neta,1023671.3868932796
2006,Puma Energy,S&P Capital IQ,distribucion,Millones de pesos 2018,utilidad_neta,153539.2273926316
2006,Puma Energy,S&P Capital IQ,distribucion,Millones de pesos 2018,utilidad_neta_empresa,153539.2273926316
2006,Puma Energy,S&P Capital IQ,distribucion,Millones de pesos 2018,utilidad_operativa,508391.50103854254
2006,Puma Energy,S&P Capital IQ,distribucion,Millones de pesos 2018,ventas,12851731.30558227
2006,Puma Energy,S&P Capital IQ,distribucion,Millones de pesos 2018,ventas_raw,12851731.30558227
2007,Puma Energy,S&P Capital IQ,distribucion,Millones de pesos 2018,activo,4455693.671309865
2007,Puma Energy,S&P Capital IQ,distribucion,Millones de pesos 2018,activo_corr,3233021.6726019387
2007,Puma Energy,S&P Capital IQ,distribucion,Millones de pesos 2018,depreciacion,105674.29273175463
2007,Puma Energy,S&P Capital IQ,distribucion,Millones de pesos 2018,deuda_neta,101321.43066774696
2007,Puma Energy,S&P Capital IQ,distribucion,Millones de pesos 2018,deuda_total,101321.43066774696
2007,Puma Energy,S&P Capital IQ,distribucion,Millones de pesos 2018,ebit,773172.3651593793
2007,Puma Energy,S&P Capital IQ,distribucion,Millones de pesos 2018,ebitda,878846.6578911338
2007,Puma Energy,S&P Capital IQ,distribucion,Millones de pesos 2018,ebt,650403.8881704282
2007,Puma Energy,S&P Capital IQ,distribucion,Millones de pesos 2018,ganancia_bruta,15973036.738115365
2007,Puma Energy,S&P Capital IQ,distribucion,Millones de pesos 2018,impuesto_ganancias,266742.87965999165
2007,Puma Energy,S&P Capital IQ,distribucion,Millones de pesos 2018,inventarios,1529948.5268589978
2007,Puma Energy,S&P Capital IQ,distribucion,Millones de pesos 2018,pasivo,3094123.4939122484
2007,Puma Energy,S&P Capital IQ,distribucion,Millones de pesos 2018,patrimonio_neto,1361570.1773976167
2007,Puma Energy,S&P Capital IQ,distribucion,Millones de pesos 2018,patrimonio_neto_total,1361570.1773976167
2007,Puma Energy,S&P Capital IQ,distribucion,Millones de pesos 2018,ppye,1841374.8681148232
2007,Puma Energy,S&P Capital IQ,distribucion,Millones de pesos 2018,ppye_neta,1222671.998707926
2007,Puma Energy,S&P Capital IQ,distribucion,Millones de pesos 2018,utilidad_neta,383661.0085104367
2007,Puma Energy,S&P Capital IQ,distribucion,Millones de pesos 2018,utilidad_neta_empresa,383661.0085104367
2007,Puma Energy,S&P Capital IQ,distribucion,Millones de pesos 2018,utilidad_operativa,773172.3651593793
2007,Puma Energy,S&P Capital IQ,distribucion,Millones de pesos 2018,ventas,15973036.738115365
2007,Puma Energy,S&P Capital IQ,distribucion,Millones de pesos 2018,ventas_raw,15973036.738115365
2012,Puma Energy,S&P Capital IQ,distribucion,Millones de pesos 2018,KTA,1564.766456267358
2012,Puma Energy,S&P Capital IQ,distribucion,Millones de pesos 2018,activo,3139.958548848983
2012,Puma Energy,S&P Capital IQ,distribucion,Millones de pesos 2018,activo_corr,2060.2600164159094
2012,Puma Energy,S&P Capital IQ,distribucion,Millones de pesos 2018,cash_st_inv,36.985295462854666
2012,Puma Energy,S&P Capital IQ,distribucion,Millones de pesos 2018,costo_ventas,12719.369806870394
2012,Puma Energy,S&P Capital IQ,distribucion,Millones de pesos 2018,deuda_neta,256.9101196150663
2012,Puma Energy,S&P Capital IQ,distribucion,Millones de pesos 2018,deuda_total,293.89541507792103
2012,Puma Energy,S&P Capital IQ,distribucion,Millones de pesos 2018,ebit,547.4908368693034
2012,Puma Energy,S&P Capital IQ,distribucion,Millones de pesos 2018,ebitda,640.4660069956832
2012,Puma Energy,S&P Capital IQ,distribucion,Millones de pesos 2018,ebt,632.8969015280607
2012,Puma Energy,S&P Capital IQ,distribucion,Millones de pesos 2018,ganancia_bruta,930.2753206661293
2012,Puma Energy,S&P Capital IQ,distribucion,Millones de pesos 2018,impuesto_ganancias,260.71103545520043
2012,Puma Energy,S&P Capital IQ,distribucion,Millones de pesos 2018,inventarios,615.6922640229027
2012,Puma Energy,S&P Capital IQ,distribucion,Millones de pesos 2018,pasivo,1289.0855161133761
2012,Puma Energy,S&P Capital IQ,distribucion,Millones de pesos 2018,patrimonio_neto,1850.873032735607
2012,Puma Energy,S&P Capital IQ,distribucion,Millones de pesos 2018,patrimonio_neto_total,1850.873032735607
2012,Puma Energy,S&P Capital IQ,distribucion,Millones de pesos 2018,ppye,1071.928394516342
2012,Puma Energy,S&P Capital IQ,distribucion,Millones de pesos 2018,ppye_neta,912.0888967816007
2012,Puma Energy,S&P Capital IQ,distribucion,Millones de pesos 2018,utilidad_neta,372.1858660728602
2012,Puma Energy,S&P Capital IQ,distribucion,Millones de pesos 2018,utilidad_neta_empresa,372.1858660728602
2012,Puma Energy,S&P Capital IQ,distribucion,Millones de pesos 2018,utilidad_operativa,547.4908368693034
2012,Puma Energy,S&P Capital IQ,distribucion,Millones de pesos 2018,ventas,13649.645127536523
2012,Puma Energy,S&P Capital IQ,distribucion,Millones de pesos 2018,ventas_raw,13649.645127536523
2013,Puma Energy,S&P Capital IQ,distribucion,Millones de pesos 2018,KTA,1809.868489408744
2013,Puma Energy,S&P Capital IQ,distribucion,Millones de pesos 2018,activo,2914.519146790019
2013,Puma Energy,S&P Capital IQ,distribucion,Millones de pesos 2018,activo_corr,2022.310162776244
2013,Puma Energy,S&P Capital IQ,distribucion,Millones de pesos 2018,cash_st_inv,140.01499995924482
2013,Puma Energy,S&P Capital IQ,distribucion,Millones de pesos 2018,costo_ventas,10486.780765239893
2013,Puma Energy,S&P Capital IQ,distribucion,Millones de pesos 2018,deuda_neta,50.37004997605632
2013,Puma Energy,S&P Capital IQ,distribucion,Millones de pesos 2018,deuda_total,190.3850499353011
2013,Puma Energy,S&P Capital IQ,distribucion,Millones de pesos 2018,ebit,394.0746254190143
2013,Puma Energy,S&P Capital IQ,distribucion,Millones de pesos 2018,ebitda,478.6064490611022
2013,Puma Energy,S&P Capital IQ,distribucion,Millones de pesos 2018,ebt,378.3602095326398
2013,Puma Energy,S&P Capital IQ,distribucion,Millones de pesos 2018,ganancia_bruta,692.5816890073054
2013,Puma Energy,S&P Capital IQ,distribucion,Millones de pesos 2018,impuesto_ganancias,125.07665045289211
2013,Puma Energy,S&P Capital IQ,distribucion,Millones de pesos 2018,inventarios,907.4481056578397
2013,Puma Energy,S&P Capital IQ,distribucion,Millones de pesos 2018,pasivo,1336.6091005736293
2013,Puma Energy,S&P Capital IQ,distribucion,Millones de pesos 2018,patrimonio_neto,1577.9100462163897
2013,Puma Energy,S&P Capital IQ,distribucion,Millones de pesos 2018,patrimonio_neto_total,1577.9100462163897
2013,Puma Energy,S&P Capital IQ,distribucion,Millones de pesos 2018,ppye,934.1202817712208
2013,Puma Energy,S&P Capital IQ,distribucion,Millones de pesos 2018,ppye_neta,762.4053837916595
2013,Puma Energy,S&P Capital IQ,distribucion,Millones de pesos 2018,utilidad_neta,253.2835590797477
2013,Puma Energy,S&P Capital IQ,distribucion,Millones de pesos 2018,utilidad_neta_empresa,253.2835590797477
2013,Puma Energy,S&P Capital IQ,distribucion,Millones de pesos 2018,utilidad_operativa,394.0746254190143
2013,Puma Energy,S&P Capital IQ,distribucion,Millones de pesos 2018,ventas,11179.3624542472
2013,Puma Energy,S&P Capital IQ,distribucion,Millones de pesos 2018,ventas_raw,11179.3624542472
2014,Puma Energy,S&P Capital IQ,distribucion,Millones de pesos 2018,KTA,1419.7008179746292
2014,Puma Energy,S&P Capital IQ,distribucion,Millones de pesos 2018,activo,2326.6559931806096
2014,Puma Energy,S&P Capital IQ,distribucion,Millones de pesos 2018,activo_corr,1387.7122810541136
2014,Puma Energy,S&P Capital IQ,distribucion,Millones de pesos 2018,cash_st_inv,172.68136734142539
2014,Puma Energy,S&P Capital IQ,distribucion,Millones de pesos 2018,costo_ventas,7907.841138783531
2014,Puma Energy,S&P Capital IQ,distribucion,Millones de pesos 2018,deuda_lp,285.6769964570111
2014,Puma Energy,S&P Capital IQ,distribucion,Millones de pesos 2018,deuda_neta,289.8069840987991
2014,Puma Energy,S&P Capital IQ,distribucion,Millones de pesos 2018,deuda_total,462.4883514402245
2014,Puma Energy,S&P Capital IQ,distribucion,Millones de pesos 2018,ebit,266.1669036085646
2014,Puma Energy,S&P Capital IQ,distribucion,Millones de pesos 2018,ebitda,327.89031059528645
2014,Puma Energy,S&P Capital IQ,distribucion,Millones de pesos 2018,ebt,219.01425957481757
2014,Puma Energy,S&P Capital IQ,distribucion,Millones de pesos 2018,ganancia_bruta,500.506618270017
2014,Puma Energy,S&P Capital IQ,distribucion,Millones de pesos 2018,impuesto_ganancias,78.9824353675271
2014,Puma Energy,S&P Capital IQ,distribucion,Millones de pesos 2018,inventarios,412.5875870852877
2014,Puma Energy,S&P Capital IQ,distribucion,Millones de pesos 2018,pasivo,1026.1262678842395
2014,Puma Energy,S&P Capital IQ,distribucion,Millones de pesos 2018,patrimonio_neto,1300.5297252963699
2014,Puma Energy,S&P Capital IQ,distribucion,Millones de pesos 2018,patrimonio_neto_total,1300.5297252963699
2014,Puma Energy,S&P Capital IQ,distribucion,Millones de pesos 2018,ppye,834.4318635479161
2014,Puma Energy,S&P Capital IQ,distribucion,Millones de pesos 2018,ppye_neta,834.4318635479161
2014,Puma Energy,S&P Capital IQ,distribucion,Millones de pesos 2018,utilidad_neta,140.03182420729047
2014,Puma Energy,S&P Capital IQ,distribucion,Millones de pesos 2018,utilidad_neta_empresa,140.03182420729047
2014,Puma Energy,S&P Capital IQ,distribucion,Millones de pesos 2018,utilidad_operativa,266.1669036085646
2014,Puma Energy,S&P Capital IQ,distribucion,Millones de pesos 2018,ventas,8408.347757053549
2014,Puma Energy,S&P Capital IQ,distribucion,Millones de pesos 2018,ventas_raw,8408.347757053549
2015,Puma Energy,S&P Capital IQ,distribucion,Millones de pesos 2018,KTA,1299.7588581876653
2015,Puma Energy,S&P Capital IQ,distribucion,Millones de pesos 2018,activo,2021.4553085539121
2015,Puma Energy,S&P Capital IQ,distribucion,Millones de pesos 2018,activo_corr,1086.7658801436778
2015,Puma Energy,S&P Capital IQ,distribucion,Millones de pesos 2018,cash_st_inv,38.64674211135037
2015,Puma Energy,S&P Capital IQ,distribucion,Millones de pesos 2018,costo_ventas,5914.4977416995
2015,Puma Energy,S&P Capital IQ,distribucion,Millones de pesos 2018,deuda_lp,162.46805817262032
2015,Puma Energy,S&P Capital IQ,distribucion,Millones de pesos 2018,deuda_neta,347.2470228492981
2015,Puma Energy,S&P Capital IQ,distribucion,Millones de pesos 2018,deuda_total,385.89376496064847
2015,Puma Energy,S&P Capital IQ,distribucion,Millones de pesos 2018,ebit,257.74227019718097
2015,Puma Energy,S&P Capital IQ,distribucion,Millones de pesos 2018,ebitda,301.1777047099644
2015,Puma Energy,S&P Capital IQ,distribucion,Millones de pesos 2018,ebt,247.5418824756227
2015,Puma Energy,S&P Capital IQ,distribucion,Millones de pesos 2018,ganancia_bruta,528.3249800882003
2015,Puma Energy,S&P Capital IQ,distribucion,Millones de pesos 2018,impuesto_ganancias,98.96699500136344
2015,Puma Energy,S&P Capital IQ,distribucion,Millones de pesos 2018,inventarios,449.13164538077467
2015,Puma Energy,S&P Capital IQ,distribucion,Millones de pesos 2018,pasivo,893.826194066705
2015,Puma Energy,S&P Capital IQ,distribucion,Millones de pesos 2018,patrimonio_neto,1127.6291144872073
2015,Puma Energy,S&P Capital IQ,distribucion,Millones de pesos 2018,patrimonio_neto_total,1127.6291144872073
2015,Puma Energy,S&P Capital IQ,distribucion,Millones de pesos 2018,ppye,854.710657679903
2015,Puma Energy,S&P Capital IQ,distribucion,Millones de pesos 2018,ppye_neta,811.9804706955402
2015,Puma Energy,S&P Capital IQ,distribucion,Millones de pesos 2018,utilidad_neta,148.5748874742593
2015,Puma Energy,S&P Capital IQ,distribucion,Millones de pesos 2018,utilidad_neta_empresa,148.5748874742593
2015,Puma Energy,S&P Capital IQ,distribucion,Millones de pesos 2018,utilidad_operativa,257.74227019718097
2015,Puma Energy,S&P Capital IQ,distribucion,Millones de pesos 2018,ventas,6442.822721787699
2015,Puma Energy,S&P Capital IQ,distribucion,Millones de pesos 2018,ventas_raw,6442.822721787699
2016,Puma Energy,S&P Capital IQ,distribucion,Millones de pesos 2018,KTA,893.1644466256076
2016,Puma Energy,S&P Capital IQ,distribucion,Millones de pesos 2018,activo,1412.5675458776223
2016,Puma Energy,S&P Capital IQ,distribucion,Millones de pesos 2018,activo_corr,733.3213587371753
2016,Puma Energy,S&P Capital IQ,distribucion,Millones de pesos 2018,cash_st_inv,22.03226965229143
2016,Puma Energy,S&P Capital IQ,distribucion,Millones de pesos 2018,costo_ventas,4361.113830911895
2016,Puma Energy,S&P Capital IQ,distribucion,Millones de pesos 2018,deuda_lp,74.40718751602996
2016,Puma Energy,S&P Capital IQ,distribucion,Millones de pesos 2018,deuda_neta,203.172182366822
2016,Puma Energy,S&P Capital IQ,distribucion,Millones de pesos 2018,deuda_total,225.20445201911346
2016,Puma Energy,S&P Capital IQ,distribucion,Millones de pesos 2018,ebit,215.38175029623682
2016,Puma Energy,S&P Capital IQ,distribucion,Millones de pesos 2018,ebitda,245.04814441196916
2016,Puma Energy,S&P Capital IQ,distribucion,Millones de pesos 2018,ebt,145.39611034693712
2016,Puma Energy,S&P Capital IQ,distribucion,Millones de pesos 2018,ganancia_bruta,400.68277136339304
2016,Puma Energy,S&P Capital IQ,distribucion,Millones de pesos 2018,impuesto_ganancias,44.8576950929923
2016,Puma Energy,S&P Capital IQ,distribucion,Millones de pesos 2018,inventarios,270.33590424056797
2016,Puma Energy,S&P Capital IQ,distribucion,Millones de pesos 2018,pasivo,546.3600376801022
2016,Puma Energy,S&P Capital IQ,distribucion,Millones de pesos 2018,patrimonio_neto,866.20750819752
2016,Puma Energy,S&P Capital IQ,distribucion,Millones de pesos 2018,patrimonio_neto_total,866.20750819752
2016,Puma Energy,S&P Capital IQ,distribucion,Millones de pesos 2018,ppye,771.6281197344798
2016,Puma Energy,S&P Capital IQ,distribucion,Millones de pesos 2018,ppye_neta,600.7962727327481
2016,Puma Energy,S&P Capital IQ,distribucion,Millones de pesos 2018,utilidad_neta,76.2480192339056
2016,Puma Energy,S&P Capital IQ,distribucion,Millones de pesos 2018,utilidad_neta_empresa,100.53841525394482
2016,Puma Energy,S&P Capital IQ,distribucion,Millones de pesos 2018,utilidad_operativa,215.38175029623682
2016,Puma Energy,S&P Capital IQ,distribucion,Millones de pesos 2018,ventas,4761.796602275289
2016,Puma Energy,S&P Capital IQ,distribucion,Millones de pesos 2018,ventas_raw,4761.796602275289
2017,Puma Energy,S&P Capital IQ,distribucion,Millones de pesos 2018,KTA,775.2260321049204
2017,Puma Energy,S&P Capital IQ,distribucion,Millones de pesos 2018,activo,1375.653282535362
2017,Puma Energy,S&P Capital IQ,distribucion,Millones de pesos 2018,activo_corr,810.326073499705
2017,Puma Energy,S&P Capital IQ,distribucion,Millones de pesos 2018,cash_st_inv,8.015432695365705
2017,Puma Energy,S&P Capital IQ,distribucion,Millones de pesos 2018,costo_ventas,3779.3142849195156
2017,Puma Energy,S&P Capital IQ,distribucion,Millones de pesos 2018,deuda_lp,26.89995998811213
2017,Puma Energy,S&P Capital IQ,distribucion,Millones de pesos 2018,deuda_neta,318.5549975324997
2017,Puma Energy,S&P Capital IQ,distribucion,Millones de pesos 2018,deuda_total,326.5704302278654
2017,Puma Energy,S&P Capital IQ,distribucion,Millones de pesos 2018,ebit,213.5114631158058
2017,Puma Energy,S&P Capital IQ,distribucion,Millones de pesos 2018,ebitda,235.96906287410044
2017,Puma Energy,S&P Capital IQ,distribucion,Millones de pesos 2018,ebt,99.88176362334322
2017,Puma Energy,S&P Capital IQ,distribucion,Millones de pesos 2018,ganancia_bruta,341.77876954095717
2017,Puma Energy,S&P Capital IQ,distribucion,Millones de pesos 2018,impuesto_ganancias,34.75712235950053
2017,Puma Energy,S&P Capital IQ,distribucion,Millones de pesos 2018,inventarios,260.59208842863
2017,Puma Energy,S&P Capital IQ,distribucion,Millones de pesos 2018,pasivo,644.0163364749181
2017,Puma Energy,S&P Capital IQ,distribucion,Millones de pesos 2018,patrimonio_neto,731.6369460604438
2017,Puma Energy,S&P Capital IQ,distribucion,Millones de pesos 2018,patrimonio_neto_total,731.6369460604438
2017,Puma Energy,S&P Capital IQ,distribucion,Millones de pesos 2018,ppye,667.2185261664696
2017,Puma Energy,S&P Capital IQ,distribucion,Millones de pesos 2018,ppye_neta,506.61851098092455
2017,Puma Energy,S&P Capital IQ,distribucion,Millones de pesos 2018,utilidad_neta,65.12464126384268
2017,Puma Energy,S&P Capital IQ,distribucion,Millones de pesos 2018,utilidad_neta_empresa,65.12464126384268
2017,Puma Energy,S&P Capital IQ,distribucion,Millones de pesos 2018,utilidad_operativa,213.5114631158058
2017,Puma Energy,S&P Capital IQ,distribucion,Millones de pesos 2018,ventas,4121.093054460473
2017,Puma Energy,S&P Capital IQ,distribucion,Millones de pesos 2018,ventas_raw,4121.093054460473
2018,Puma Energy,S&P Capital IQ,distribucion,Millones de pesos 2018,KTA,629.421
2018,Puma Energy,S&P Capital IQ,distribucion,Millones de pesos 2018,activo,1302.626
2018,Puma Energy,S&P Capital IQ,distribucion,Millones de pesos 2018,activo_corr,833.7710000000001
2018,Puma Energy,S&P Capital IQ,distribucion,Millones de pesos 2018,cash_st_inv,4.968
2018,Puma Energy,S&P Capital IQ,distribucion,Millones de pesos 2018,costo_ventas,3836.519
2018,Puma Energy,S&P Capital IQ,distribucion,Millones de pesos 2018,deuda_neta,58.718
2018,Puma Energy,S&P Capital IQ,distribucion,Millones de pesos 2018,deuda_total,63.686
2018,Puma Energy,S&P Capital IQ,distribucion,Millones de pesos 2018,ebit,236.832
2018,Puma Energy,S&P Capital IQ,distribucion,Millones de pesos 2018,ebitda,253.182
2018,Puma Energy,S&P Capital IQ,distribucion,Millones de pesos 2018,ebt,176.051
2018,Puma Energy,S&P Capital IQ,distribucion,Millones de pesos 2018,ganancia_bruta,322.218
2018,Puma Energy,S&P Capital IQ,distribucion,Millones de pesos 2018,impuesto_ganancias,60.918
2018,Puma Energy,S&P Capital IQ,distribucion,Millones de pesos 2018,inventarios,203.62
2018,Puma Energy,S&P Capital IQ,distribucion,Millones de pesos 2018,pasivo,589.259
2018,Puma Energy,S&P Capital IQ,distribucion,Millones de pesos 2018,patrimonio_neto,713.3670000000001
2018,Puma Energy,S&P Capital IQ,distribucion,Millones de pesos 2018,patrimonio_neto_total,713.3670000000001
2018,Puma Energy,S&P Capital IQ,distribucion,Millones de pesos 2018,ppye,571.193
2018,Puma Energy,S&P Capital IQ,distribucion,Millones de pesos 2018,ppye_neta,420.833
2018,Puma Energy,S&P Capital IQ,distribucion,Millones de pesos 2018,utilidad_neta,115.133
2018,Puma Energy,S&P Capital IQ,distribucion,Millones de pesos 2018,utilidad_neta_empresa,115.133
2018,Puma Energy,S&P Capital IQ,distribucion,Millones de pesos 2018,utilidad_operativa,236.832
2018,Puma Energy,S&P Capital IQ,distribucion,Millones de pesos 2018,ventas,4158.737
2018,Puma Energy,S&P Capital IQ,distribucion,Millones de pesos 2018,ventas_raw,4158.737
2019,Puma Energy,S&P Capital IQ,distribucion,Millones de pesos 2018,KTA,498.00415292034137
2019,Puma Energy,S&P Capital IQ,distribucion,Millones de pesos 2018,activo,1049.6713152254608
2019,Puma Energy,S&P Capital IQ,distribucion,Millones de pesos 2018,activo_corr,607.4656826668332
2019,Puma Energy,S&P Capital IQ,distribucion,Millones de pesos 2018,cash_st_inv,6.221741609220549
2019,Puma Energy,S&P Capital IQ,distribucion,Millones de pesos 2018,costo_ventas,2524.0041489110954
2019,Puma Energy,S&P Capital IQ,distribucion,Millones de pesos 2018,deuda_neta,203.92242876102685
2019,Puma Energy,S&P Capital IQ,distribucion,Millones de pesos 2018,deuda_total,210.1441703702474
2019,Puma Energy,S&P Capital IQ,distribucion,Millones de pesos 2018,ebit,148.44924523309356
2019,Puma Energy,S&P Capital IQ,distribucion,Millones de pesos 2018,ebitda,159.81911690005862
2019,Puma Energy,S&P Capital IQ,distribucion,Millones de pesos 2018,ebt,104.98749760834073
2019,Puma Energy,S&P Capital IQ,distribucion,Millones de pesos 2018,ganancia_bruta,220.39358198167199
2019,Puma Energy,S&P Capital IQ,distribucion,Millones de pesos 2018,impuesto_ganancias,36.310193344587276
2019,Puma Energy,S&P Capital IQ,distribucion,Millones de pesos 2018,inventarios,119.86319899612573
2019,Puma Energy,S&P Capital IQ,distribucion,Millones de pesos 2018,pasivo,463.62450834740827
2019,Puma Energy,S&P Capital IQ,distribucion,Millones de pesos 2018,patrimonio_neto,586.0468068780524
2019,Puma Energy,S&P Capital IQ,distribucion,Millones de pesos 2018,patrimonio_neto_total,586.0468068780524
2019,Puma Energy,S&P Capital IQ,distribucion,Millones de pesos 2018,ppye,372.4319431650334
2019,Puma Energy,S&P Capital IQ,distribucion,Millones de pesos 2018,ppye_neta,371.9192123149951
2019,Puma Energy,S&P Capital IQ,distribucion,Millones de pesos 2018,utilidad_neta,68.67730426375346
2019,Puma Energy,S&P Capital IQ,distribucion,Millones de pesos 2018,utilidad_neta_empresa,68.67730426375346
2019,Puma Energy,S&P Capital IQ,distribucion,Millones de pesos 2018,utilidad_operativa,148.44924523309356
2019,Puma Energy,S&P Capital IQ,distribucion,Millones de pesos 2018,ventas,2744.3977308927674
2019,Puma Energy,S&P Capital IQ,distribucion,Millones de pesos 2018,ventas_raw,2744.3977308927674
2020,Puma Energy,S&P Capital IQ,distribucion,Millones de pesos 2018,KTA,419.3934675890164
2020,Puma Energy,S&P Capital IQ,distribucion,Millones de pesos 2018,activo,853.3286855623417
2020,Puma Energy,S&P Capital IQ,distribucion,Millones de pesos 2018,activo_corr,531.854162150573
2020,Puma Energy,S&P Capital IQ,distribucion,Millones de pesos 2018,cash_st_inv,12.744197906773126
2020,Puma Energy,S&P Capital IQ,distribucion,Millones de pesos 2018,costo_ventas,1914.3287646850683
2020,Puma Energy,S&P Capital IQ,distribucion,Millones de pesos 2018,deuda_neta,100.74681230228491
2020,Puma Energy,S&P Capital IQ,distribucion,Millones de pesos 2018,deuda_total,113.49101020905805
2020,Puma Energy,S&P Capital IQ,distribucion,Millones de pesos 2018,ebit,135.48788262284174
2020,Puma Energy,S&P Capital IQ,distribucion,Millones de pesos 2018,ebitda,150.43754267186446
2020,Puma Energy,S&P Capital IQ,distribucion,Millones de pesos 2018,ebt,111.70399921723943
2020,Puma Energy,S&P Capital IQ,distribucion,Millones de pesos 2018,ganancia_bruta,229.73105656300658
2020,Puma Energy,S&P Capital IQ,distribucion,Millones de pesos 2018,impuesto_ganancias,38.28896775263374
2020,Puma Energy,S&P Capital IQ,distribucion,Millones de pesos 2018,inventarios,114.61253262428762
2020,Puma Energy,S&P Capital IQ,distribucion,Millones de pesos 2018,pasivo,371.0694637589606
2020,Puma Energy,S&P Capital IQ,distribucion,Millones de pesos 2018,patrimonio_neto,482.2592218033812
2020,Puma Energy,S&P Capital IQ,distribucion,Millones de pesos 2018,patrimonio_neto_total,482.2592218033812
2020,Puma Energy,S&P Capital IQ,distribucion,Millones de pesos 2018,ppye,306.98639710697836
2020,Puma Energy,S&P Capital IQ,distribucion,Millones de pesos 2018,ppye_neta,292.0367370579556
2020,Puma Energy,S&P Capital IQ,distribucion,Millones de pesos 2018,utilidad_neta,73.41503146460569
2020,Puma Energy,S&P Capital IQ,distribucion,Millones de pesos 2018,utilidad_neta_empresa,73.41503146460569
2020,Puma Energy,S&P Capital IQ,distribucion,Millones de pesos 2018,utilidad_operativa,135.48788262284174
2020,Puma Energy,S&P Capital IQ,distribucion,Millones de pesos 2018,ventas,2144.059821248075
2020,Puma Energy,S&P Capital IQ,distribucion,Millones de pesos 2018,ventas_raw,2144.059821248075
2021,Puma Energy,S&P Capital IQ,distribucion,Millones de pesos 2018,KTA,355.80620149193567
2021,Puma Energy,S&P Capital IQ,distribucion,Millones de pesos 2018,activo,637.2497995384659
2021,Puma Energy,S&P Capital IQ,distribucion,Millones de pesos 2018,activo_corr,406.1795925205194
2021,Puma Energy,S&P Capital IQ,distribucion,Millones de pesos 2018,cash_st_inv,3.1173802013616245
2021,Puma Energy,S&P Capital IQ,distribucion,Millones de pesos 2018,costo_ventas,1659.718370830302
2021,Puma Energy,S&P Capital IQ,distribucion,Millones de pesos 2018,deuda_neta,102.06059914668973
2021,Puma Energy,S&P Capital IQ,distribucion,Millones de pesos 2018,deuda_total,105.17797934805134
2021,Puma Energy,S&P Capital IQ,distribucion,Millones de pesos 2018,ebit,81.91087194962418
2021,Puma Energy,S&P Capital IQ,distribucion,Millones de pesos 2018,ebitda,93.87488834339187
2021,Puma Energy,S&P Capital IQ,distribucion,Millones de pesos 2018,ebt,39.62215263960787
2021,Puma Energy,S&P Capital IQ,distribucion,Millones de pesos 2018,ganancia_bruta,145.20490630263433
2021,Puma Energy,S&P Capital IQ,distribucion,Millones de pesos 2018,impuesto_ganancias,15.867771123077098
2021,Puma Energy,S&P Capital IQ,distribucion,Millones de pesos 2018,inventarios,133.98524206518343
2021,Puma Energy,S&P Capital IQ,distribucion,Millones de pesos 2018,pasivo,298.0801313800333
2021,Puma Energy,S&P Capital IQ,distribucion,Millones de pesos 2018,patrimonio_neto,339.1696681584326
2021,Puma Energy,S&P Capital IQ,distribucion,Millones de pesos 2018,patrimonio_neto_total,339.1696681584326
2021,Puma Energy,S&P Capital IQ,distribucion,Millones de pesos 2018,ppye,240.0960562658377
2021,Puma Energy,S&P Capital IQ,distribucion,Millones de pesos 2018,ppye_neta,218.70357922539063
2021,Puma Energy,S&P Capital IQ,distribucion,Millones de pesos 2018,utilidad_neta,23.75438151653077
2021,Puma Energy,S&P Capital IQ,distribucion,Millones de pesos 2018,utilidad_neta_empresa,23.75438151653077
2021,Puma Energy,S&P Capital IQ,distribucion,Millones de pesos 2018,utilidad_operativa,81.91087194962418
2021,Puma Energy,S&P Capital IQ,distribucion,Millones de pesos 2018,ventas,1804.9232771329364
2021,Puma Energy,S&P Capital IQ,distribucion,Millones de pesos 2018,ventas_raw,1804.9232771329364
2022,Puma Energy,S&P Capital IQ,distribucion,Millones de pesos 2018,activo,430.702216633695
2022,Puma Energy,S&P Capital IQ,distribucion,Millones de pesos 2018,activo_corr,296.40023399957676
2022,Puma Energy,S&P Capital IQ,distribucion,Millones de pesos 2018,cash_st_inv,9.52368400020902
2022,Puma Energy,S&P Capital IQ,distribucion,Millones de pesos 2018,costo_ventas,1512.8386558156333
2022,Puma Energy,S&P Capital IQ,distribucion,Millones de pesos 2018,deuda_neta,-9.497232786018959
2022,Puma Energy,S&P Capital IQ,distribucion,Millones de pesos 2018,deuda_total,0.0
2022,Puma Energy,S&P Capital IQ,distribucion,Millones de pesos 2018,ebit,50.44966920771944
2022,Puma Energy,S&P Capital IQ,distribucion,Millones de pesos 2018,ebitda,57.392415837385684
2022,Puma Energy,S&P Capital IQ,distribucion,Millones de pesos 2018,ebt,58.43508297714573
2022,Puma Energy,S&P Capital IQ,distribucion,Millones de pesos 2018,ganancia_bruta,50.44966920771944
2022,Puma Energy,S&P Capital IQ,distribucion,Millones de pesos 2018,impuesto_ganancias,16.92402074864873
2022,Puma Energy,S&P Capital IQ,distribucion,Millones de pesos 2018,pasivo,192.95456436285968
2022,Puma Energy,S&P Capital IQ,distribucion,Millones de pesos 2018,patrimonio_neto,237.74765227083532
2022,Puma Energy,S&P Capital IQ,distribucion,Millones de pesos 2018,patrimonio_neto_total,237.74765227083532
2022,Puma Energy,S&P Capital IQ,distribucion,Millones de pesos 2018,ppye_neta,112.50620501749351
2022,Puma Energy,S&P Capital IQ,distribucion,Millones de pesos 2018,utilidad_neta,41.511062228497
2022,Puma Energy,S&P Capital IQ,distribucion,Millones de pesos 2018,utilidad_neta_empresa,41.511062228497
2022,Puma Energy,S&P Capital IQ,distribucion,Millones de pesos 2018,utilidad_operativa,50.44966920771944
2022,Puma Energy,S&P Capital IQ,distribucion,Millones de pesos 2018,ventas,1563.2883250233526
2022,Puma Energy,S&P Capital IQ,distribucion,Millones de pesos 2018,ventas_raw,1563.2883250233526
2023,Puma Energy,S&P Capital IQ,distribucion,Millones de pesos 2018,activo,288.30452888222896
2023,Puma Energy,S&P Capital IQ,distribucion,Millones de pesos 2018,activo_corr,192.93126322166043
2023,Puma Energy,S&P Capital IQ,distribucion,Millones de pesos 2018,costo_ventas,791.5039971200462
2023,Puma Energy,S&P Capital IQ,distribucion,Millones de pesos 2018,deuda_total,0.0
2023,Puma Energy,S&P Capital IQ,distribucion,Millones de pesos 2018,ebit,17.957501730066085
2023,Puma Energy,S&P Capital IQ,distribucion,Millones de pesos 2018,ebt,27.487104457659413
2023,Puma Energy,S&P Capital IQ,distribucion,Millones de pesos 2018,ganancia_bruta,17.957501730066085
2023,Puma Energy,S&P Capital IQ,distribucion,Millones de pesos 2018,impuesto_ganancias,7.905367880945392
2023,Puma Energy,S&P Capital IQ,distribucion,Millones de pesos 2018,pasivo,149.65801631861098
2023,Puma Energy,S&P Capital IQ,distribucion,Millones de pesos 2018,patrimonio_neto,138.64651256361793
2023,Puma Energy,S&P Capital IQ,distribucion,Millones de pesos 2018,patrimonio_neto_total,138.64651256361793
2023,Puma Energy,S&P Capital IQ,distribucion,Millones de pesos 2018,ppye_neta,73.47729800113174
2023,Puma Energy,S&P Capital IQ,distribucion,Millones de pesos 2018,utilidad_neta,19.581736576714025
2023,Puma Energy,S&P Capital IQ,distribucion,Millones de pesos 2018,utilidad_neta_empresa,19.581736576714025
2023,Puma Energy,S&P Capital IQ,distribucion,Millones de pesos 2018,utilidad_operativa,17.957501730066085
2023,Puma Energy,S&P Capital IQ,distribucion,Millones de pesos 2018,ventas,809.4614988501122
2023,Puma Energy,S&P Capital IQ,distribucion,Millones de pesos 2018,ventas_raw,809.4614988501122
2024,Puma Energy,S&P Capital IQ,distribucion,Millones de pesos 2018,activo,75.4068266895111
2024,Puma Energy,S&P Capital IQ,distribucion,Millones de pesos 2018,activo_corr,37.72960537766633
2024,Puma Energy,S&P Capital IQ,distribucion,Millones de pesos 2018,costo_ventas,358.0054712852759
2024,Puma Energy,S&P Capital IQ,distribucion,Millones de pesos 2018,deuda_total,0.0
2024,Puma Energy,S&P Capital IQ,distribucion,Millones de pesos 2018,ebit,-0.8185732765208742
2024,Puma Energy,S&P Capital IQ,distribucion,Millones de pesos 2018,ebt,-2.7740538815429625
2024,Puma Energy,S&P Capital IQ,distribucion,Millones de pesos 2018,ganancia_bruta,-0.8185732765208742
2024,Puma Energy,S&P Capital IQ,distribucion,Millones de pesos 2018,impuesto_ganancias,-0.9095258628009709
2024,Puma Energy,S&P Capital IQ,distribucion,Millones de pesos 2018,pasivo,33.902803924886406
2024,Puma Energy,S&P Capital IQ,distribucion,Millones de pesos 2018,patrimonio_neto,41.50402276462469
2024,Puma Energy,S&P Capital IQ,distribucion,Millones de pesos 2018,patrimonio_neto_total,41.50402276462469
2024,Puma Energy,S&P Capital IQ,distribucion,Millones de pesos 2018,ppye_neta,29.97012848134092
2024,Puma Energy,S&P Capital IQ,distribucion,Millones de pesos 2018,utilidad_neta,-1.864528018741991
2024,Puma Energy,S&P Capital IQ,distribucion,Millones de pesos 2018,utilidad_neta_empresa,-1.864528018741991
2024,Puma Energy,S&P Capital IQ,distribucion,Millones de pesos 2018,utilidad_operativa,-0.8185732765208742
2024,Puma Energy,S&P Capital IQ,distribucion,Millones de pesos 2018,ventas,357.20446867439546
2024,Puma Energy,S&P Capital IQ,distribucion,Millones de pesos 2018,ventas_raw,357.20446867439546
2012,Raízen,S&P Capital IQ,distribucion,Millones de pesos 2018,KTA,12334.313188881308
2012,Raízen,S&P Capital IQ,distribucion,Millones de pesos 2018,activo,39019.06594772051
2012,Raízen,S&P Capital IQ,distribucion,Millones de pesos 2018,activo_corr,15948.993503195305
2012,Raízen,S&P Capital IQ,distribucion,Millones de pesos 2018,cash_st_inv,165.39360353803687
2012,Raízen,S&P Capital IQ,distribucion,Millones de pesos 2018,costo_ventas,166361.18674111908
2012,Raízen,S&P Capital IQ,distribucion,Millones de pesos 2018,deuda_lp,2964.1954110755005
2012,Raízen,S&P Capital IQ,distribucion,Millones de pesos 2018,deuda_neta,3338.5412071829755
2012,Raízen,S&P Capital IQ,distribucion,Millones de pesos 2018,deuda_total,3503.934810721012
2012,Raízen,S&P Capital IQ,distribucion,Millones de pesos 2018,ebit,4251.214500618963
2012,Raízen,S&P Capital IQ,distribucion,Millones de pesos 2018,ebitda,5625.822960721974
2012,Raízen,S&P Capital IQ,distribucion,Millones de pesos 2018,ebt,4533.744569562363
2012,Raízen,S&P Capital IQ,distribucion,Millones de pesos 2018,ganancia_bruta,9580.986791401638
2012,Raízen,S&P Capital IQ,distribucion,Millones de pesos 2018,impuesto_ganancias,1385.3379826775592
2012,Raízen,S&P Capital IQ,distribucion,Millones de pesos 2018,inventarios,3415.1766468526903
2012,Raízen,S&P Capital IQ,distribucion,Millones de pesos 2018,pasivo,21091.721463188205
2012,Raízen,S&P Capital IQ,distribucion,Millones de pesos 2018,patrimonio_neto,17687.176160272127
2012,Raízen,S&P Capital IQ,distribucion,Millones de pesos 2018,patrimonio_neto_total,17927.34448453231
2012,Raízen,S&P Capital IQ,distribucion,Millones de pesos 2018,ppye,12760.343025102784
2012,Raízen,S&P Capital IQ,distribucion,Millones de pesos 2018,ppye_neta,8753.74293849058
2012,Raízen,S&P Capital IQ,distribucion,Millones de pesos 2018,utilidad_neta,3877.1351893858887
2012,Raízen,S&P Capital IQ,distribucion,Millones de pesos 2018,utilidad_neta_empresa,3877.1351893858887
2012,Raízen,S&P Capital IQ,distribucion,Millones de pesos 2018,utilidad_operativa,4251.214500618963
2012,Raízen,S&P Capital IQ,distribucion,Millones de pesos 2018,ventas,175942.1735325207
2012,Raízen,S&P Capital IQ,distribucion,Millones de pesos 2018,ventas_raw,175942.1735325207
2013,Raízen,S&P Capital IQ,distribucion,Millones de pesos 2018,KTA,10673.990998166017
2013,Raízen,S&P Capital IQ,distribucion,Millones de pesos 2018,activo,30950.544662006985
2013,Raízen,S&P Capital IQ,distribucion,Millones de pesos 2018,activo_corr,13434.210325073615
2013,Raízen,S&P Capital IQ,distribucion,Millones de pesos 2018,cash_st_inv,515.0741424495909
2013,Raízen,S&P Capital IQ,distribucion,Millones de pesos 2018,costo_ventas,152981.6915587537
2013,Raízen,S&P Capital IQ,distribucion,Millones de pesos 2018,deuda_lp,2614.7050240353756
2013,Raízen,S&P Capital IQ,distribucion,Millones de pesos 2018,deuda_neta,2273.7222507768956
2013,Raízen,S&P Capital IQ,distribucion,Millones de pesos 2018,deuda_total,2788.7963932264865
2013,Raízen,S&P Capital IQ,distribucion,Millones de pesos 2018,ebit,4647.742726390007
2013,Raízen,S&P Capital IQ,distribucion,Millones de pesos 2018,ebitda,6185.419857642109
2013,Raízen,S&P Capital IQ,distribucion,Millones de pesos 2018,ebt,4728.776681467594
2013,Raízen,S&P Capital IQ,distribucion,Millones de pesos 2018,ganancia_bruta,8663.771132678534
2013,Raízen,S&P Capital IQ,distribucion,Millones de pesos 2018,impuesto_ganancias,1381.0788181197593
2013,Raízen,S&P Capital IQ,distribucion,Millones de pesos 2018,inventarios,3367.4225744037003
2013,Raízen,S&P Capital IQ,distribucion,Millones de pesos 2018,pasivo,15139.001654569165
2013,Raízen,S&P Capital IQ,distribucion,Millones de pesos 2018,patrimonio_neto,15457.868392615157
2013,Raízen,S&P Capital IQ,distribucion,Millones de pesos 2018,patrimonio_neto_total,15811.543007437824
2013,Raízen,S&P Capital IQ,distribucion,Millones de pesos 2018,ppye,9794.926870541127
2013,Raízen,S&P Capital IQ,distribucion,Millones de pesos 2018,ppye_neta,6791.4942813127245
2013,Raízen,S&P Capital IQ,distribucion,Millones de pesos 2018,utilidad_neta,3259.166884245061
2013,Raízen,S&P Capital IQ,distribucion,Millones de pesos 2018,utilidad_neta_empresa,3347.697863347835
2013,Raízen,S&P Capital IQ,distribucion,Millones de pesos 2018,utilidad_operativa,4647.742726390007
2013,Raízen,S&P Capital IQ,distribucion,Millones de pesos 2018,ventas,161645.46269143224
2013,Raízen,S&P Capital IQ,distribucion,Millones de pesos 2018,ventas_raw,161645.46269143224
2014,Raízen,S&P Capital IQ,distribucion,Millones de pesos 2018,KTA,8650.41135534501
2014,Raízen,S&P Capital IQ,distribucion,Millones de pesos 2018,activo,21944.045243940207
2014,Raízen,S&P Capital IQ,distribucion,Millones de pesos 2018,activo_corr,8475.900510176127
2014,Raízen,S&P Capital IQ,distribucion,Millones de pesos 2018,cash_st_inv,1474.5279002916986
2014,Raízen,S&P Capital IQ,distribucion,Millones de pesos 2018,costo_ventas,124928.1341029383
2014,Raízen,S&P Capital IQ,distribucion,Millones de pesos 2018,deuda_lp,31.494083453634698
2014,Raízen,S&P Capital IQ,distribucion,Millones de pesos 2018,deuda_neta,646.9585303867535
2014,Raízen,S&P Capital IQ,distribucion,Millones de pesos 2018,deuda_total,2121.486430678452
2014,Raízen,S&P Capital IQ,distribucion,Millones de pesos 2018,ebit,3758.7337621472634
2014,Raízen,S&P Capital IQ,distribucion,Millones de pesos 2018,ebitda,4889.993849023685
2014,Raízen,S&P Capital IQ,distribucion,Millones de pesos 2018,ebt,4039.822750908955
2014,Raízen,S&P Capital IQ,distribucion,Millones de pesos 2018,ganancia_bruta,6730.578662780526
2014,Raízen,S&P Capital IQ,distribucion,Millones de pesos 2018,impuesto_ganancias,1209.5060468169631
2014,Raízen,S&P Capital IQ,distribucion,Millones de pesos 2018,inventarios,2451.4013981012818
2014,Raízen,S&P Capital IQ,distribucion,Millones de pesos 2018,pasivo,10656.562611293532
2014,Raízen,S&P Capital IQ,distribucion,Millones de pesos 2018,patrimonio_neto,10998.937806081756
2014,Raízen,S&P Capital IQ,distribucion,Millones de pesos 2018,patrimonio_neto_total,11287.482632646675
2014,Raízen,S&P Capital IQ,distribucion,Millones de pesos 2018,ppye,6955.083958224389
2014,Raízen,S&P Capital IQ,distribucion,Millones de pesos 2018,ppye_neta,4724.482056952031
2014,Raízen,S&P Capital IQ,distribucion,Millones de pesos 2018,utilidad_neta,2767.7579309849084
2014,Raízen,S&P Capital IQ,distribucion,Millones de pesos 2018,utilidad_neta_empresa,2830.316704091992
2014,Raízen,S&P Capital IQ,distribucion,Millones de pesos 2018,utilidad_operativa,3758.7337621472634
2014,Raízen,S&P Capital IQ,distribucion,Millones de pesos 2018,ventas,131658.71276571884
2014,Raízen,S&P Capital IQ,distribucion,Millones de pesos 2018,ventas_raw,131658.71276571884
2015,Raízen,S&P Capital IQ,distribucion,Millones de pesos 2018,KTA,6566.915445061072
2015,Raízen,S&P Capital IQ,distribucion,Millones de pesos 2018,activo,21574.136672843186
2015,Raízen,S&P Capital IQ,distribucion,Millones de pesos 2018,activo_corr,6801.594270575182
2015,Raízen,S&P Capital IQ,distribucion,Millones de pesos 2018,cash_st_inv,478.95765309875975
2015,Raízen,S&P Capital IQ,distribucion,Millones de pesos 2018,costo_ventas,110729.31066742518
2015,Raízen,S&P Capital IQ,distribucion,Millones de pesos 2018,deuda_lp,3051.819891461133
2015,Raízen,S&P Capital IQ,distribucion,Millones de pesos 2018,deuda_neta,2590.7195992496404
2015,Raízen,S&P Capital IQ,distribucion,Millones de pesos 2018,deuda_total,3069.6772523484
2015,Raízen,S&P Capital IQ,distribucion,Millones de pesos 2018,ebit,3524.9278966929633
2015,Raízen,S&P Capital IQ,distribucion,Millones de pesos 2018,ebitda,4468.271514161863
2015,Raízen,S&P Capital IQ,distribucion,Millones de pesos 2018,ebt,3571.6716206320702
2015,Raízen,S&P Capital IQ,distribucion,Millones de pesos 2018,ganancia_bruta,6026.1262943685415
2015,Raízen,S&P Capital IQ,distribucion,Millones de pesos 2018,impuesto_ganancias,1020.9105650189472
2015,Raízen,S&P Capital IQ,distribucion,Millones de pesos 2018,inventarios,2218.7231172178394
2015,Raízen,S&P Capital IQ,distribucion,Millones de pesos 2018,pasivo,12106.311970711526
2015,Raízen,S&P Capital IQ,distribucion,Millones de pesos 2018,patrimonio_neto,9154.964150609785
2015,Raízen,S&P Capital IQ,distribucion,Millones de pesos 2018,patrimonio_neto_total,9467.824702131662
2015,Raízen,S&P Capital IQ,distribucion,Millones de pesos 2018,ppye,5569.942173703562
2015,Raízen,S&P Capital IQ,distribucion,Millones de pesos 2018,ppye_neta,3869.2346747444735
2015,Raízen,S&P Capital IQ,distribucion,Millones de pesos 2018,utilidad_neta,2472.055020218338
2015,Raízen,S&P Capital IQ,distribucion,Millones de pesos 2018,utilidad_neta_empresa,2550.761055613123
2015,Raízen,S&P Capital IQ,distribucion,Millones de pesos 2018,utilidad_operativa,3524.9278966929633
2015,Raízen,S&P Capital IQ,distribucion,Millones de pesos 2018,ventas,116755.43696179372
2015,Raízen,S&P Capital IQ,distribucion,Millones de pesos 2018,ventas_raw,116755.43696179372
2016,Raízen,S&P Capital IQ,distribucion,Millones de pesos 2018,KTA,6574.666619072981
2016,Raízen,S&P Capital IQ,distribucion,Millones de pesos 2018,activo,15931.726703422813
2016,Raízen,S&P Capital IQ,distribucion,Millones de pesos 2018,activo_corr,7708.39107297204
2016,Raízen,S&P Capital IQ,distribucion,Millones de pesos 2018,cash_st_inv,2049.4154127764514
2016,Raízen,S&P Capital IQ,distribucion,Millones de pesos 2018,costo_ventas,89580.36577138572
2016,Raízen,S&P Capital IQ,distribucion,Millones de pesos 2018,deuda_lp,4389.957473873979
2016,Raízen,S&P Capital IQ,distribucion,Millones de pesos 2018,deuda_neta,2370.505888633914
2016,Raízen,S&P Capital IQ,distribucion,Millones de pesos 2018,deuda_total,4419.921301410365
2016,Raízen,S&P Capital IQ,distribucion,Millones de pesos 2018,ebit,2842.1213516342596
2016,Raízen,S&P Capital IQ,distribucion,Millones de pesos 2018,ebitda,3608.3631148952127
2016,Raízen,S&P Capital IQ,distribucion,Millones de pesos 2018,ebt,2571.452499534751
2016,Raízen,S&P Capital IQ,distribucion,Millones de pesos 2018,ganancia_bruta,4744.811822164535
2016,Raízen,S&P Capital IQ,distribucion,Millones de pesos 2018,impuesto_ganancias,795.0262154925584
2016,Raízen,S&P Capital IQ,distribucion,Millones de pesos 2018,inventarios,1752.4362809793306
2016,Raízen,S&P Capital IQ,distribucion,Millones de pesos 2018,pasivo,11821.21754674654
2016,Raízen,S&P Capital IQ,distribucion,Millones de pesos 2018,patrimonio_neto,3858.152436818495
2016,Raízen,S&P Capital IQ,distribucion,Millones de pesos 2018,patrimonio_neto_total,4110.509156676274
2016,Raízen,S&P Capital IQ,distribucion,Millones de pesos 2018,ppye,4077.5547174824715
2016,Raízen,S&P Capital IQ,distribucion,Millones de pesos 2018,ppye_neta,2772.8149253171987
2016,Raízen,S&P Capital IQ,distribucion,Millones de pesos 2018,utilidad_neta,1722.8749504101977
2016,Raízen,S&P Capital IQ,distribucion,Millones de pesos 2018,utilidad_neta_empresa,1776.4262840421927
2016,Raízen,S&P Capital IQ,distribucion,Millones de pesos 2018,utilidad_operativa,2842.1213516342596
2016,Raízen,S&P Capital IQ,distribucion,Millones de pesos 2018,ventas,94325.17759355027
2016,Raízen,S&P Capital IQ,distribucion,Millones de pesos 2018,ventas_raw,94325.17759355027
2017,Raízen,S&P Capital IQ,distribucion,Millones de pesos 2018,KTA,4885.828881531473
2017,Raízen,S&P Capital IQ,distribucion,Millones de pesos 2018,activo,13311.421519519572
2017,Raízen,S&P Capital IQ,distribucion,Millones de pesos 2018,activo_corr,6013.19559332744
2017,Raízen,S&P Capital IQ,distribucion,Millones de pesos 2018,cash_st_inv,620.8381271354843
2017,Raízen,S&P Capital IQ,distribucion,Millones de pesos 2018,costo_ventas,78697.9234324179
2017,Raízen,S&P Capital IQ,distribucion,Millones de pesos 2018,deuda_lp,1188.2024670835463
2017,Raízen,S&P Capital IQ,distribucion,Millones de pesos 2018,deuda_neta,586.7452605296462
2017,Raízen,S&P Capital IQ,distribucion,Millones de pesos 2018,deuda_total,1207.5833876651304
2017,Raízen,S&P Capital IQ,distribucion,Millones de pesos 2018,ebit,3234.387161430448
2017,Raízen,S&P Capital IQ,distribucion,Millones de pesos 2018,ebitda,3859.6029018450317
2017,Raízen,S&P Capital IQ,distribucion,Millones de pesos 2018,ebt,2824.0257838502653
2017,Raízen,S&P Capital IQ,distribucion,Millones de pesos 2018,ganancia_bruta,4573.188637848822
2017,Raízen,S&P Capital IQ,distribucion,Millones de pesos 2018,impuesto_ganancias,835.3675561986895
2017,Raízen,S&P Capital IQ,distribucion,Millones de pesos 2018,inventarios,1981.0804363823593
2017,Raízen,S&P Capital IQ,distribucion,Millones de pesos 2018,pasivo,9722.840960256794
2017,Raízen,S&P Capital IQ,distribucion,Millones de pesos 2018,patrimonio_neto,3340.7532122664375
2017,Raízen,S&P Capital IQ,distribucion,Millones de pesos 2018,patrimonio_neto_total,3588.5805592627767
2017,Raízen,S&P Capital IQ,distribucion,Millones de pesos 2018,ppye,3389.037651255574
2017,Raízen,S&P Capital IQ,distribucion,Millones de pesos 2018,ppye_neta,2283.9103180136294
2017,Raízen,S&P Capital IQ,distribucion,Millones de pesos 2018,utilidad_neta,1917.007333558881
2017,Raízen,S&P Capital IQ,distribucion,Millones de pesos 2018,utilidad_neta_empresa,1988.6582276515758
2017,Raízen,S&P Capital IQ,distribucion,Millones de pesos 2018,utilidad_operativa,3234.387161430448
2017,Raízen,S&P Capital IQ,distribucion,Millones de pesos 2018,ventas,83271.11207026672
2017,Raízen,S&P Capital IQ,distribucion,Millones de pesos 2018,ventas_raw,83271.11207026672
2018,Raízen,S&P Capital IQ,distribucion,Millones de pesos 2018,KTA,5144.086
2018,Raízen,S&P Capital IQ,distribucion,Millones de pesos 2018,activo,13341.52
2018,Raízen,S&P Capital IQ,distribucion,Millones de pesos 2018,activo_corr,6808.954000000001
2018,Raízen,S&P Capital IQ,distribucion,Millones de pesos 2018,cash_st_inv,1420.336
2018,Raízen,S&P Capital IQ,distribucion,Millones de pesos 2018,costo_ventas,70637.98800000001
2018,Raízen,S&P Capital IQ,distribucion,Millones de pesos 2018,deuda_lp,2709.677
2018,Raízen,S&P Capital IQ,distribucion,Millones de pesos 2018,deuda_neta,1317.335
2018,Raízen,S&P Capital IQ,distribucion,Millones de pesos 2018,deuda_total,2737.6710000000003
2018,Raízen,S&P Capital IQ,distribucion,Millones de pesos 2018,ebit,2541.63
2018,Raízen,S&P Capital IQ,distribucion,Millones de pesos 2018,ebitda,3129.528
2018,Raízen,S&P Capital IQ,distribucion,Millones de pesos 2018,ebt,2366.2850000000003
2018,Raízen,S&P Capital IQ,distribucion,Millones de pesos 2018,ganancia_bruta,3947.979
2018,Raízen,S&P Capital IQ,distribucion,Millones de pesos 2018,impuesto_ganancias,698.065
2018,Raízen,S&P Capital IQ,distribucion,Millones de pesos 2018,inventarios,1851.356
2018,Raízen,S&P Capital IQ,distribucion,Millones de pesos 2018,pasivo,10319.751
2018,Raízen,S&P Capital IQ,distribucion,Millones de pesos 2018,patrimonio_neto,2795.068
2018,Raízen,S&P Capital IQ,distribucion,Millones de pesos 2018,patrimonio_neto_total,3021.769
2018,Raízen,S&P Capital IQ,distribucion,Millones de pesos 2018,ppye,2845.007
2018,Raízen,S&P Capital IQ,distribucion,Millones de pesos 2018,ppye_neta,1872.394
2018,Raízen,S&P Capital IQ,distribucion,Millones de pesos 2018,utilidad_neta,1607.085
2018,Raízen,S&P Capital IQ,distribucion,Millones de pesos 2018,utilidad_neta_empresa,1668.22
2018,Raízen,S&P Capital IQ,distribucion,Millones de pesos 2018,utilidad_operativa,2541.63
2018,Raízen,S&P Capital IQ,distribucion,Millones de pesos 2018,ventas,74585.967
2018,Raízen,S&P Capital IQ,distribucion,Millones de pesos 2018,ventas_raw,74585.967
2019,Raízen,S&P Capital IQ,distribucion,Millones de pesos 2018,KTA,7545.779887151886
2019,Raízen,S&P Capital IQ,distribucion,Millones de pesos 2018,activo,15329.127887740724
2019,Raízen,S&P Capital IQ,distribucion,Millones de pesos 2018,activo_corr,8002.952966085425
2019,Raízen,S&P Capital IQ,distribucion,Millones de pesos 2018,cash_st_inv,1833.9829433250952
2019,Raízen,S&P Capital IQ,distribucion,Millones de pesos 2018,costo_ventas,55178.13490270396
2019,Raízen,S&P Capital IQ,distribucion,Millones de pesos 2018,deuda_lp,3041.6046406773785
2019,Raízen,S&P Capital IQ,distribucion,Millones de pesos 2018,deuda_neta,1478.6695736799302
2019,Raízen,S&P Capital IQ,distribucion,Millones de pesos 2018,deuda_total,3312.652517005025
2019,Raízen,S&P Capital IQ,distribucion,Millones de pesos 2018,ebit,1627.632851110397
2019,Raízen,S&P Capital IQ,distribucion,Millones de pesos 2018,ebitda,2134.512192856274
2019,Raízen,S&P Capital IQ,distribucion,Millones de pesos 2018,ebt,1442.078939984624
2019,Raízen,S&P Capital IQ,distribucion,Millones de pesos 2018,ganancia_bruta,2699.6795324159534
2019,Raízen,S&P Capital IQ,distribucion,Millones de pesos 2018,impuesto_ganancias,330.7146516430122
2019,Raízen,S&P Capital IQ,distribucion,Millones de pesos 2018,inventarios,2140.773625559216
2019,Raízen,S&P Capital IQ,distribucion,Millones de pesos 2018,pasivo,13335.234733202113
2019,Raízen,S&P Capital IQ,distribucion,Millones de pesos 2018,patrimonio_neto,1837.1686416014747
2019,Raízen,S&P Capital IQ,distribucion,Millones de pesos 2018,patrimonio_neto_total,1993.8931545386124
2019,Raízen,S&P Capital IQ,distribucion,Millones de pesos 2018,ppye,4267.167363065328
2019,Raízen,S&P Capital IQ,distribucion,Millones de pesos 2018,ppye_neta,3571.0233182675765
2019,Raízen,S&P Capital IQ,distribucion,Millones de pesos 2018,utilidad_neta,1076.3873253418574
2019,Raízen,S&P Capital IQ,distribucion,Millones de pesos 2018,utilidad_neta_empresa,1111.3642883416117
2019,Raízen,S&P Capital IQ,distribucion,Millones de pesos 2018,utilidad_operativa,1627.632851110397
2019,Raízen,S&P Capital IQ,distribucion,Millones de pesos 2018,ventas,57877.814435119915
2019,Raízen,S&P Capital IQ,distribucion,Millones de pesos 2018,ventas_raw,57877.814435119915
2020,Raízen,S&P Capital IQ,distribucion,Millones de pesos 2018,KTA,6106.604760713884
2020,Raízen,S&P Capital IQ,distribucion,Millones de pesos 2018,activo,13373.692809543101
2020,Raízen,S&P Capital IQ,distribucion,Millones de pesos 2018,activo_corr,6139.317282522056
2020,Raízen,S&P Capital IQ,distribucion,Millones de pesos 2018,cash_st_inv,993.2178676348973
2020,Raízen,S&P Capital IQ,distribucion,Millones de pesos 2018,costo_ventas,44045.82068366188
2020,Raízen,S&P Capital IQ,distribucion,Millones de pesos 2018,deuda_lp,3082.08796957268
2020,Raízen,S&P Capital IQ,distribucion,Millones de pesos 2018,deuda_neta,3193.6608877066515
2020,Raízen,S&P Capital IQ,distribucion,Millones de pesos 2018,deuda_total,4186.87875534155
2020,Raízen,S&P Capital IQ,distribucion,Millones de pesos 2018,ebit,1191.8135003181362
2020,Raízen,S&P Capital IQ,distribucion,Millones de pesos 2018,ebitda,1685.8214371162028
2020,Raízen,S&P Capital IQ,distribucion,Millones de pesos 2018,ebt,1416.9012615853967
2020,Raízen,S&P Capital IQ,distribucion,Millones de pesos 2018,ganancia_bruta,2218.0986336718665
2020,Raízen,S&P Capital IQ,distribucion,Millones de pesos 2018,impuesto_ganancias,454.01262333562505
2020,Raízen,S&P Capital IQ,distribucion,Millones de pesos 2018,inventarios,1890.6328797689323
2020,Raízen,S&P Capital IQ,distribucion,Millones de pesos 2018,pasivo,11470.013237059855
2020,Raízen,S&P Capital IQ,distribucion,Millones de pesos 2018,patrimonio_neto,1784.9622769857276
2020,Raízen,S&P Capital IQ,distribucion,Millones de pesos 2018,patrimonio_neto_total,1903.6795724832461
2020,Raízen,S&P Capital IQ,distribucion,Millones de pesos 2018,ppye,4063.344917522148
2020,Raízen,S&P Capital IQ,distribucion,Millones de pesos 2018,ppye_neta,3222.754013310055
2020,Raízen,S&P Capital IQ,distribucion,Millones de pesos 2018,utilidad_neta,942.3593239780251
2020,Raízen,S&P Capital IQ,distribucion,Millones de pesos 2018,utilidad_neta_empresa,962.8886382497716
2020,Raízen,S&P Capital IQ,distribucion,Millones de pesos 2018,utilidad_operativa,1191.8135003181362
2020,Raízen,S&P Capital IQ,distribucion,Millones de pesos 2018,ventas,46263.91931733374
2020,Raízen,S&P Capital IQ,distribucion,Millones de pesos 2018,ventas_raw,46263.91931733374
2021,Raízen,S&P Capital IQ,distribucion,Millones de pesos 2018,KTA,4394.516395270375
2021,Raízen,S&P Capital IQ,distribucion,Millones de pesos 2018,activo,9699.79940928882
2021,Raízen,S&P Capital IQ,distribucion,Millones de pesos 2018,activo_corr,4461.25224725278
2021,Raízen,S&P Capital IQ,distribucion,Millones de pesos 2018,cash_st_inv,804.8455231958103
2021,Raízen,S&P Capital IQ,distribucion,Millones de pesos 2018,costo_ventas,26289.926758026126
2021,Raízen,S&P Capital IQ,distribucion,Millones de pesos 2018,deuda_lp,2207.3276539432527
2021,Raízen,S&P Capital IQ,distribucion,Millones de pesos 2018,deuda_neta,1689.320041764076
2021,Raízen,S&P Capital IQ,distribucion,Millones de pesos 2018,deuda_total,2494.165564959886
2021,Raízen,S&P Capital IQ,distribucion,Millones de pesos 2018,ebit,615.8214798869218
2021,Raízen,S&P Capital IQ,distribucion,Millones de pesos 2018,ebitda,975.6055932345745
2021,Raízen,S&P Capital IQ,distribucion,Millones de pesos 2018,ebt,465.1280192660412
2021,Raízen,S&P Capital IQ,distribucion,Millones de pesos 2018,ganancia_bruta,1338.3337445006111
2021,Raízen,S&P Capital IQ,distribucion,Millones de pesos 2018,impuesto_ganancias,143.98316764506828
2021,Raízen,S&P Capital IQ,distribucion,Millones de pesos 2018,inventarios,1370.7107458901912
2021,Raízen,S&P Capital IQ,distribucion,Millones de pesos 2018,pasivo,7966.425399618201
2021,Raízen,S&P Capital IQ,distribucion,Millones de pesos 2018,patrimonio_neto,1645.771269281183
2021,Raízen,S&P Capital IQ,distribucion,Millones de pesos 2018,patrimonio_neto_total,1733.374009670621
2021,Raízen,S&P Capital IQ,distribucion,Millones de pesos 2018,ppye,3080.207705797682
2021,Raízen,S&P Capital IQ,distribucion,Millones de pesos 2018,ppye_neta,2218.960126184373
2021,Raízen,S&P Capital IQ,distribucion,Millones de pesos 2018,utilidad_neta,307.90224277272665
2021,Raízen,S&P Capital IQ,distribucion,Millones de pesos 2018,utilidad_neta_empresa,321.14485162097293
2021,Raízen,S&P Capital IQ,distribucion,Millones de pesos 2018,utilidad_operativa,615.8214798869218
2021,Raízen,S&P Capital IQ,distribucion,Millones de pesos 2018,ventas,27628.260502526737
2021,Raízen,S&P Capital IQ,distribucion,Millones de pesos 2018,ventas_raw,27628.260502526737
2022,Raízen,S&P Capital IQ,distribucion,Millones de pesos 2018,KTA,9954.107395277399
2022,Raízen,S&P Capital IQ,distribucion,Millones de pesos 2018,activo,17992.390395456376
2022,Raízen,S&P Capital IQ,distribucion,Millones de pesos 2018,activo_corr,8435.533980539847
2022,Raízen,S&P Capital IQ,distribucion,Millones de pesos 2018,cash_st_inv,1492.2058599820666
2022,Raízen,S&P Capital IQ,distribucion,Millones de pesos 2018,costo_ventas,32198.217896094102
2022,Raízen,S&P Capital IQ,distribucion,Millones de pesos 2018,deuda_lp,3713.3681995269185
2022,Raízen,S&P Capital IQ,distribucion,Millones de pesos 2018,deuda_neta,4599.947620198709
2022,Raízen,S&P Capital IQ,distribucion,Millones de pesos 2018,deuda_total,6092.153480180776
2022,Raízen,S&P Capital IQ,distribucion,Millones de pesos 2018,ebit,1124.8359447126415
2022,Raízen,S&P Capital IQ,distribucion,Millones de pesos 2018,ebitda,1962.2540131843095
2022,Raízen,S&P Capital IQ,distribucion,Millones de pesos 2018,ebt,753.4192616569317
2022,Raízen,S&P Capital IQ,distribucion,Millones de pesos 2018,ganancia_bruta,2097.70857782606
2022,Raízen,S&P Capital IQ,distribucion,Millones de pesos 2018,impuesto_ganancias,170.75158174633896
2022,Raízen,S&P Capital IQ,distribucion,Millones de pesos 2018,inventarios,2536.811123407411
2022,Raízen,S&P Capital IQ,distribucion,Millones de pesos 2018,pasivo,14001.224111958156
2022,Raízen,S&P Capital IQ,distribucion,Millones de pesos 2018,patrimonio_neto,3881.7005783412465
2022,Raízen,S&P Capital IQ,distribucion,Millones de pesos 2018,patrimonio_neto_total,3991.1662834982217
2022,Raízen,S&P Capital IQ,distribucion,Millones de pesos 2018,ppye,9444.11460119368
2022,Raízen,S&P Capital IQ,distribucion,Millones de pesos 2018,ppye_neta,5925.09041188792
2022,Raízen,S&P Capital IQ,distribucion,Millones de pesos 2018,utilidad_neta,564.6393105955156
2022,Raízen,S&P Capital IQ,distribucion,Millones de pesos 2018,utilidad_neta_empresa,582.6676799105928
2022,Raízen,S&P Capital IQ,distribucion,Millones de pesos 2018,utilidad_operativa,1124.8359447126415
2022,Raízen,S&P Capital IQ,distribucion,Millones de pesos 2018,ventas,34295.92647392016
2022,Raízen,S&P Capital IQ,distribucion,Millones de pesos 2018,ventas_raw,34295.92647392016
2023,Raízen,S&P Capital IQ,distribucion,Millones de pesos 2018,KTA,4362.268334617408
2023,Raízen,S&P Capital IQ,distribucion,Millones de pesos 2018,activo,8573.18886151026
2023,Raízen,S&P Capital IQ,distribucion,Millones de pesos 2018,activo_corr,3649.220168153505
2023,Raízen,S&P Capital IQ,distribucion,Millones de pesos 2018,cash_st_inv,671.8699627102634
2023,Raízen,S&P Capital IQ,distribucion,Millones de pesos 2018,costo_ventas,17719.798334154766
2023,Raízen,S&P Capital IQ,distribucion,Millones de pesos 2018,deuda_lp,1890.5760836668069
2023,Raízen,S&P Capital IQ,distribucion,Millones de pesos 2018,deuda_neta,2517.772210099302
2023,Raízen,S&P Capital IQ,distribucion,Millones de pesos 2018,deuda_total,3189.6421728095647
2023,Raízen,S&P Capital IQ,distribucion,Millones de pesos 2018,ebit,607.5185527755419
2023,Raízen,S&P Capital IQ,distribucion,Millones de pesos 2018,ebitda,1079.9464022829077
2023,Raízen,S&P Capital IQ,distribucion,Millones de pesos 2018,ebt,250.81954957997868
2023,Raízen,S&P Capital IQ,distribucion,Millones de pesos 2018,ganancia_bruta,1173.3860952877171
2023,Raízen,S&P Capital IQ,distribucion,Millones de pesos 2018,impuesto_ganancias,58.42864763430866
2023,Raízen,S&P Capital IQ,distribucion,Millones de pesos 2018,inventarios,816.4036541194822
2023,Raízen,S&P Capital IQ,distribucion,Millones de pesos 2018,pasivo,6812.909859455059
2023,Raízen,S&P Capital IQ,distribucion,Millones de pesos 2018,patrimonio_neto,1710.1384557898812
2023,Raízen,S&P Capital IQ,distribucion,Millones de pesos 2018,patrimonio_neto_total,1760.279002055201
2023,Raízen,S&P Capital IQ,distribucion,Millones de pesos 2018,ppye,4775.261669845584
2023,Raízen,S&P Capital IQ,distribucion,Millones de pesos 2018,ppye_neta,2873.994717787663
2023,Raízen,S&P Capital IQ,distribucion,Millones de pesos 2018,utilidad_neta,187.61057605083224
2023,Raízen,S&P Capital IQ,distribucion,Millones de pesos 2018,utilidad_neta_empresa,192.39090194566998
2023,Raízen,S&P Capital IQ,distribucion,Millones de pesos 2018,utilidad_operativa,607.5185527755419
2023,Raízen,S&P Capital IQ,distribucion,Millones de pesos 2018,ventas,18893.184429442485
2023,Raízen,S&P Capital IQ,distribucion,Millones de pesos 2018,ventas_raw,18893.184429442485
2024,Raízen,S&P Capital IQ,distribucion,Millones de pesos 2018,KTA,1692.2136121980361
2024,Raízen,S&P Capital IQ,distribucion,Millones de pesos 2018,activo,3081.580058864316
2024,Raízen,S&P Capital IQ,distribucion,Millones de pesos 2018,activo_corr,1357.8296764146805
2024,Raízen,S&P Capital IQ,distribucion,Millones de pesos 2018,cash_st_inv,360.79754920568973
2024,Raízen,S&P Capital IQ,distribucion,Millones de pesos 2018,costo_ventas,4921.8097412657635
2024,Raízen,S&P Capital IQ,distribucion,Millones de pesos 2018,deuda_lp,706.6766261222124
2024,Raízen,S&P Capital IQ,distribucion,Millones de pesos 2018,deuda_neta,805.3846257339568
2024,Raízen,S&P Capital IQ,distribucion,Millones de pesos 2018,deuda_total,1166.1821749396465
2024,Raízen,S&P Capital IQ,distribucion,Millones de pesos 2018,ebit,193.99519231113777
2024,Raízen,S&P Capital IQ,distribucion,Millones de pesos 2018,ebitda,351.59232978968697
2024,Raízen,S&P Capital IQ,distribucion,Millones de pesos 2018,ebt,38.755265673311584
2024,Raízen,S&P Capital IQ,distribucion,Millones de pesos 2018,ganancia_bruta,378.0018082605199
2024,Raízen,S&P Capital IQ,distribucion,Millones de pesos 2018,impuesto_ganancias,23.991253055050134
2024,Raízen,S&P Capital IQ,distribucion,Millones de pesos 2018,inventarios,294.613178910242
2024,Raízen,S&P Capital IQ,distribucion,Millones de pesos 2018,pasivo,2549.6723025930337
2024,Raízen,S&P Capital IQ,distribucion,Millones de pesos 2018,patrimonio_neto,513.9697837291302
2024,Raízen,S&P Capital IQ,distribucion,Millones de pesos 2018,patrimonio_neto_total,531.907756271282
2024,Raízen,S&P Capital IQ,distribucion,Millones de pesos 2018,ppye,1733.7278040585038
2024,Raízen,S&P Capital IQ,distribucion,Millones de pesos 2018,ppye_neta,1036.8028840821041
2024,Raízen,S&P Capital IQ,distribucion,Millones de pesos 2018,utilidad_neta,12.51820506391614
2024,Raízen,S&P Capital IQ,distribucion,Millones de pesos 2018,utilidad_neta_empresa,14.76401261826145
2024,Raízen,S&P Capital IQ,distribucion,Millones de pesos 2018,utilidad_operativa,193.99519231113777
2024,Raízen,S&P Capital IQ,distribucion,Millones de pesos 2018,ventas,5299.811549526284
2024,Raízen,S&P Capital IQ,distribucion,Millones de pesos 2018,ventas_raw,5299.811549526284
2014,Roch,S&P Capital IQ,produccion,Millones de pesos 2018,KTA,747.8040351325504
2014,Roch,S&P Capital IQ,produccion,Millones de pesos 2018,activo,1111.7621211499197
2014,Roch,S&P Capital IQ,produccion,Millones de pesos 2018,activo_corr,267.2689467009677
2014,Roch,S&P Capital IQ,produccion,Millones de pesos 2018,cash_st_inv,30.12496262114256
2014,Roch,S&P Capital IQ,produccion,Millones de pesos 2018,costo_ventas,672.9235050539954
2014,Roch,S&P Capital IQ,produccion,Millones de pesos 2018,deuda_lp,66.49888281111517
2014,Roch,S&P Capital IQ,produccion,Millones de pesos 2018,deuda_neta,90.38400663025999
2014,Roch,S&P Capital IQ,produccion,Millones de pesos 2018,deuda_total,120.50896925503157
2014,Roch,S&P Capital IQ,produccion,Millones de pesos 2018,ebit,21.02623551216101
2014,Roch,S&P Capital IQ,produccion,Millones de pesos 2018,ebitda,111.2219360490717
2014,Roch,S&P Capital IQ,produccion,Millones de pesos 2018,ebt,48.7127696352489
2014,Roch,S&P Capital IQ,produccion,Millones de pesos 2018,ganancia_bruta,122.54706220570631
2014,Roch,S&P Capital IQ,produccion,Millones de pesos 2018,impuesto_ganancias,11.307174891563886
2014,Roch,S&P Capital IQ,produccion,Millones de pesos 2018,inventarios,26.897238052421898
2014,Roch,S&P Capital IQ,produccion,Millones de pesos 2018,pasivo,499.2145541073751
2014,Roch,S&P Capital IQ,produccion,Millones de pesos 2018,patrimonio_neto,612.5475670425444
2014,Roch,S&P Capital IQ,produccion,Millones de pesos 2018,patrimonio_neto_total,612.5475670425444
2014,Roch,S&P Capital IQ,produccion,Millones de pesos 2018,ppye,1119.134271403679
2014,Roch,S&P Capital IQ,produccion,Millones de pesos 2018,ppye_neta,690.7818344589858
2014,Roch,S&P Capital IQ,produccion,Millones de pesos 2018,utilidad_neta,37.40559474368501
2014,Roch,S&P Capital IQ,produccion,Millones de pesos 2018,utilidad_neta_empresa,37.40559474368501
2014,Roch,S&P Capital IQ,produccion,Millones de pesos 2018,utilidad_operativa,21.02623551216101
2014,Roch,S&P Capital IQ,produccion,Millones de pesos 2018,ventas,795.4705672597017
2014,Roch,S&P Capital IQ,produccion,Millones de pesos 2018,ventas_raw,795.4705672597017
2015,Roch,S&P Capital IQ,produccion,Millones de pesos 2018,KTA,898.2210787172978
2015,Roch,S&P Capital IQ,produccion,Millones de pesos 2018,activo,1331.8833889107466
2015,Roch,S&P Capital IQ,produccion,Millones de pesos 2018,activo_corr,308.3805149164417
2015,Roch,S&P Capital IQ,produccion,Millones de pesos 2018,cash_st_inv,14.102047334938264
2015,Roch,S&P Capital IQ,produccion,Millones de pesos 2018,costo_ventas,648.3849828515825
2015,Roch,S&P Capital IQ,produccion,Millones de pesos 2018,deuda_lp,437.6965398931694
2015,Roch,S&P Capital IQ,produccion,Millones de pesos 2018,deuda_neta,695.8648001593973
2015,Roch,S&P Capital IQ,produccion,Millones de pesos 2018,deuda_total,709.9668474943355
2015,Roch,S&P Capital IQ,produccion,Millones de pesos 2018,ebit,-8.601756971628962
2015,Roch,S&P Capital IQ,produccion,Millones de pesos 2018,ebitda,84.6874823037632
2015,Roch,S&P Capital IQ,produccion,Millones de pesos 2018,ebt,-232.24743823398197
2015,Roch,S&P Capital IQ,produccion,Millones de pesos 2018,ganancia_bruta,86.11222418402201
2015,Roch,S&P Capital IQ,produccion,Millones de pesos 2018,impuesto_ganancias,-80.28306506853697
2015,Roch,S&P Capital IQ,produccion,Millones de pesos 2018,inventarios,23.92251841775079
2015,Roch,S&P Capital IQ,produccion,Millones de pesos 2018,pasivo,999.9925943464644
2015,Roch,S&P Capital IQ,produccion,Millones de pesos 2018,patrimonio_neto,331.89079456428226
2015,Roch,S&P Capital IQ,produccion,Millones de pesos 2018,patrimonio_neto_total,331.89079456428226
2015,Roch,S&P Capital IQ,produccion,Millones de pesos 2018,ppye,1290.7227087127976
2015,Roch,S&P Capital IQ,produccion,Millones de pesos 2018,ppye_neta,860.1965129646087
2015,Roch,S&P Capital IQ,produccion,Millones de pesos 2018,utilidad_neta,-151.96437316544498
2015,Roch,S&P Capital IQ,produccion,Millones de pesos 2018,utilidad_neta_empresa,-151.96437316544498
2015,Roch,S&P Capital IQ,produccion,Millones de pesos 2018,utilidad_operativa,-8.601756971628962
2015,Roch,S&P Capital IQ,produccion,Millones de pesos 2018,ventas,734.4972070356044
2015,Roch,S&P Capital IQ,produccion,Millones de pesos 2018,ventas_raw,734.4972070356044
2016,Roch,S&P Capital IQ,produccion,Millones de pesos 2018,KTA,642.0040513367087
2016,Roch,S&P Capital IQ,produccion,Millones de pesos 2018,activo,990.3443827909114
2016,Roch,S&P Capital IQ,produccion,Millones de pesos 2018,activo_corr,325.4666285726657
2016,Roch,S&P Capital IQ,produccion,Millones de pesos 2018,cash_st_inv,78.35301030341608
2016,Roch,S&P Capital IQ,produccion,Millones de pesos 2018,costo_ventas,599.8861989744676
2016,Roch,S&P Capital IQ,produccion,Millones de pesos 2018,deuda_lp,378.6526458948036
2016,Roch,S&P Capital IQ,produccion,Millones de pesos 2018,deuda_neta,397.51768170920724
2016,Roch,S&P Capital IQ,produccion,Millones de pesos 2018,deuda_total,475.8706920126233
2016,Roch,S&P Capital IQ,produccion,Millones de pesos 2018,ebit,31.36555873888497
2016,Roch,S&P Capital IQ,produccion,Millones de pesos 2018,ebitda,134.58741091522586
2016,Roch,S&P Capital IQ,produccion,Millones de pesos 2018,ebt,-57.779023842909154
2016,Roch,S&P Capital IQ,produccion,Millones de pesos 2018,ganancia_bruta,124.05273053254601
2016,Roch,S&P Capital IQ,produccion,Millones de pesos 2018,impuesto_ganancias,-20.63536565818184
2016,Roch,S&P Capital IQ,produccion,Millones de pesos 2018,inventarios,27.122864842495936
2016,Roch,S&P Capital IQ,produccion,Millones de pesos 2018,pasivo,788.9403636824127
2016,Roch,S&P Capital IQ,produccion,Millones de pesos 2018,patrimonio_neto,201.40401910849874
2016,Roch,S&P Capital IQ,produccion,Millones de pesos 2018,patrimonio_neto_total,201.40401910849874
2016,Roch,S&P Capital IQ,produccion,Millones de pesos 2018,ppye,900.1332036489094
2016,Roch,S&P Capital IQ,produccion,Millones de pesos 2018,ppye_neta,536.5281761907968
2016,Roch,S&P Capital IQ,produccion,Millones de pesos 2018,utilidad_neta,-37.14365818472731
2016,Roch,S&P Capital IQ,produccion,Millones de pesos 2018,utilidad_neta_empresa,-37.14365818472731
2016,Roch,S&P Capital IQ,produccion,Millones de pesos 2018,utilidad_operativa,31.36555873888497
2016,Roch,S&P Capital IQ,produccion,Millones de pesos 2018,ventas,723.93892950495
2016,Roch,S&P Capital IQ,produccion,Millones de pesos 2018,ventas_raw,723.93892950495
2017,Roch,S&P Capital IQ,produccion,Millones de pesos 2018,KTA,1431.3599426574597
2017,Roch,S&P Capital IQ,produccion,Millones de pesos 2018,activo,1701.6056227847637
2017,Roch,S&P Capital IQ,produccion,Millones de pesos 2018,activo_corr,398.3027172327858
2017,Roch,S&P Capital IQ,produccion,Millones de pesos 2018,cash_st_inv,150.921401189301
2017,Roch,S&P Capital IQ,produccion,Millones de pesos 2018,costo_ventas,919.9576272036069
2017,Roch,S&P Capital IQ,produccion,Millones de pesos 2018,deuda_lp,359.8365634039989
2017,Roch,S&P Capital IQ,produccion,Millones de pesos 2018,deuda_neta,436.06274681322907
2017,Roch,S&P Capital IQ,produccion,Millones de pesos 2018,deuda_total,586.984148000858
2017,Roch,S&P Capital IQ,produccion,Millones de pesos 2018,ebit,-26.752477251132113
2017,Roch,S&P Capital IQ,produccion,Millones de pesos 2018,ebitda,178.1384054123275
2017,Roch,S&P Capital IQ,produccion,Millones de pesos 2018,ebt,97.41416260901794
2017,Roch,S&P Capital IQ,produccion,Millones de pesos 2018,ganancia_bruta,130.45037096899694
2017,Roch,S&P Capital IQ,produccion,Millones de pesos 2018,impuesto_ganancias,178.65225519752477
2017,Roch,S&P Capital IQ,produccion,Millones de pesos 2018,inventarios,47.59828797477734
2017,Roch,S&P Capital IQ,produccion,Millones de pesos 2018,pasivo,989.7986162095024
2017,Roch,S&P Capital IQ,produccion,Millones de pesos 2018,patrimonio_neto,711.8070065752615
2017,Roch,S&P Capital IQ,produccion,Millones de pesos 2018,patrimonio_neto_total,711.8070065752615
2017,Roch,S&P Capital IQ,produccion,Millones de pesos 2018,ppye,2829.1313231167615
2017,Roch,S&P Capital IQ,produccion,Millones de pesos 2018,ppye_neta,1232.8402534933812
2017,Roch,S&P Capital IQ,produccion,Millones de pesos 2018,utilidad_neta,-81.9294615815921
2017,Roch,S&P Capital IQ,produccion,Millones de pesos 2018,utilidad_neta_empresa,-81.9294615815921
2017,Roch,S&P Capital IQ,produccion,Millones de pesos 2018,utilidad_operativa,-26.752477251132113
2017,Roch,S&P Capital IQ,produccion,Millones de pesos 2018,ventas,1050.4079981726038
2017,Roch,S&P Capital IQ,produccion,Millones de pesos 2018,ventas_raw,1050.4079981726038
2018,Roch,S&P Capital IQ,produccion,Millones de pesos 2018,KTA,1883.2821450000908
2018,Roch,S&P Capital IQ,produccion,Millones de pesos 2018,activo,2548.309660000028
2018,Roch,S&P Capital IQ,produccion,Millones de pesos 2018,activo_corr,732.0641489995162
2018,Roch,S&P Capital IQ,produccion,Millones de pesos 2018,cash_st_inv,110.53835900003207
2018,Roch,S&P Capital IQ,produccion,Millones de pesos 2018,costo_ventas,1309.1623139995231
2018,Roch,S&P Capital IQ,produccion,Millones de pesos 2018,deuda_lp,477.6807409995496
2018,Roch,S&P Capital IQ,produccion,Millones de pesos 2018,deuda_neta,1047.9502120002287
2018,Roch,S&P Capital IQ,produccion,Millones de pesos 2018,deuda_total,1158.488571000261
2018,Roch,S&P Capital IQ,produccion,Millones de pesos 2018,ebit,550.8291730002524
2018,Roch,S&P Capital IQ,produccion,Millones de pesos 2018,ebitda,785.7772949994632
2018,Roch,S&P Capital IQ,produccion,Millones de pesos 2018,ebt,-146.42248045259885
2018,Roch,S&P Capital IQ,produccion,Millones de pesos 2018,ganancia_bruta,853.651248000636
2018,Roch,S&P Capital IQ,produccion,Millones de pesos 2018,impuesto_ganancias,11.496657000458791
2018,Roch,S&P Capital IQ,produccion,Millones de pesos 2018,inventarios,39.12408300062892
2018,Roch,S&P Capital IQ,produccion,Millones de pesos 2018,pasivo,1793.0547470000822
2018,Roch,S&P Capital IQ,produccion,Millones de pesos 2018,patrimonio_neto,755.2549129999456
2018,Roch,S&P Capital IQ,produccion,Millones de pesos 2018,patrimonio_neto_total,755.2549129999456
2018,Roch,S&P Capital IQ,produccion,Millones de pesos 2018,ppye,4015.359471000679
2018,Roch,S&P Capital IQ,produccion,Millones de pesos 2018,ppye_neta,1733.6197029994298
2018,Roch,S&P Capital IQ,produccion,Millones de pesos 2018,utilidad_neta,-157.57847896327306
2018,Roch,S&P Capital IQ,produccion,Millones de pesos 2018,utilidad_neta_empresa,-157.57847896327306
2018,Roch,S&P Capital IQ,produccion,Millones de pesos 2018,utilidad_operativa,550.8291730002524
2018,Roch,S&P Capital IQ,produccion,Millones de pesos 2018,ventas,2162.813562000159
2018,Roch,S&P Capital IQ,produccion,Millones de pesos 2018,ventas_raw,2162.813562000159
2019,Roch,S&P Capital IQ,produccion,Millones de pesos 2018,KTA,1684.410572877017
2019,Roch,S&P Capital IQ,produccion,Millones de pesos 2018,activo,2683.9770967782424
2019,Roch,S&P Capital IQ,produccion,Millones de pesos 2018,activo_corr,1050.9497679570597
2019,Roch,S&P Capital IQ,produccion,Millones de pesos 2018,cash_st_inv,63.2132012167305
2019,Roch,S&P Capital IQ,produccion,Millones de pesos 2018,costo_ventas,1346.0438759265858
2019,Roch,S&P Capital IQ,produccion,Millones de pesos 2018,deuda_lp,421.16662526215504
2019,Roch,S&P Capital IQ,produccion,Millones de pesos 2018,deuda_neta,1433.3472526818182
2019,Roch,S&P Capital IQ,produccion,Millones de pesos 2018,deuda_total,1496.5604538985485
2019,Roch,S&P Capital IQ,produccion,Millones de pesos 2018,ebit,446.93788649389916
2019,Roch,S&P Capital IQ,produccion,Millones de pesos 2018,ebitda,809.7009302236136
2019,Roch,S&P Capital IQ,produccion,Millones de pesos 2018,ebt,-176.02867580651596
2019,Roch,S&P Capital IQ,produccion,Millones de pesos 2018,ganancia_bruta,707.1007282747171
2019,Roch,S&P Capital IQ,produccion,Millones de pesos 2018,impuesto_ganancias,99.70598595545562
2019,Roch,S&P Capital IQ,produccion,Millones de pesos 2018,inventarios,63.47858367800271
2019,Roch,S&P Capital IQ,produccion,Millones de pesos 2018,pasivo,2290.514696169255
2019,Roch,S&P Capital IQ,produccion,Millones de pesos 2018,patrimonio_neto,393.46240060898776
2019,Roch,S&P Capital IQ,produccion,Millones de pesos 2018,patrimonio_neto_total,393.46240060898776
2019,Roch,S&P Capital IQ,produccion,Millones de pesos 2018,ppye,4130.94886264435
2019,Roch,S&P Capital IQ,produccion,Millones de pesos 2018,ppye_neta,1557.7187879822839
2019,Roch,S&P Capital IQ,produccion,Millones de pesos 2018,utilidad_neta,-275.83874971742705
2019,Roch,S&P Capital IQ,produccion,Millones de pesos 2018,utilidad_neta_empresa,-275.83874971742705
2019,Roch,S&P Capital IQ,produccion,Millones de pesos 2018,utilidad_operativa,446.93788649389916
2019,Roch,S&P Capital IQ,produccion,Millones de pesos 2018,ventas,2053.144604201302
2019,Roch,S&P Capital IQ,produccion,Millones de pesos 2018,ventas_raw,2053.144604201302
2020,Roch,S&P Capital IQ,produccion,Millones de pesos 2018,KTA,1620.2858573138794
2020,Roch,S&P Capital IQ,produccion,Millones de pesos 2018,activo,1951.8772810648532
2020,Roch,S&P Capital IQ,produccion,Millones de pesos 2018,activo_corr,358.3261591286823
2020,Roch,S&P Capital IQ,produccion,Millones de pesos 2018,cash_st_inv,96.11517038991445
2020,Roch,S&P Capital IQ,produccion,Millones de pesos 2018,costo_ventas,665.083579582931
2020,Roch,S&P Capital IQ,produccion,Millones de pesos 2018,deuda_lp,29.689807611074194
2020,Roch,S&P Capital IQ,produccion,Millones de pesos 2018,deuda_neta,1457.179926975642
2020,Roch,S&P Capital IQ,produccion,Millones de pesos 2018,deuda_total,1553.2950973655568
2020,Roch,S&P Capital IQ,produccion,Millones de pesos 2018,ebit,-177.67946799800453
2020,Roch,S&P Capital IQ,produccion,Millones de pesos 2018,ebitda,35.20905270396101
2020,Roch,S&P Capital IQ,produccion,Millones de pesos 2018,ebt,-367.50249675846254
2020,Roch,S&P Capital IQ,produccion,Millones de pesos 2018,ganancia_bruta,-5.113078215769915
2020,Roch,S&P Capital IQ,produccion,Millones de pesos 2018,impuesto_ganancias,-120.79647284756425
2020,Roch,S&P Capital IQ,produccion,Millones de pesos 2018,inventarios,21.491901789921567
2020,Roch,S&P Capital IQ,produccion,Millones de pesos 2018,pasivo,1780.1658510270165
2020,Roch,S&P Capital IQ,produccion,Millones de pesos 2018,patrimonio_neto,171.7114300378365
2020,Roch,S&P Capital IQ,produccion,Millones de pesos 2018,patrimonio_neto_total,171.7114300378365
2020,Roch,S&P Capital IQ,produccion,Millones de pesos 2018,ppye,4042.803005258421
2020,Roch,S&P Capital IQ,produccion,Millones de pesos 2018,ppye_neta,1502.6787851340434
2020,Roch,S&P Capital IQ,produccion,Millones de pesos 2018,utilidad_neta,-246.70602391089835
2020,Roch,S&P Capital IQ,produccion,Millones de pesos 2018,utilidad_neta_empresa,-246.70602391089835
2020,Roch,S&P Capital IQ,produccion,Millones de pesos 2018,utilidad_operativa,-177.67946799800453
2020,Roch,S&P Capital IQ,produccion,Millones de pesos 2018,ventas,660.2787369350382
2020,Roch,S&P Capital IQ,produccion,Millones de pesos 2018,ventas_raw,660.2787369350382
2021,Roch,S&P Capital IQ,produccion,Millones de pesos 2018,KTA,2225.901331474428
2021,Roch,S&P Capital IQ,produccion,Millones de pesos 2018,activo,2516.0346245147402
2021,Roch,S&P Capital IQ,produccion,Millones de pesos 2018,activo_corr,729.8563683521128
2021,Roch,S&P Capital IQ,produccion,Millones de pesos 2018,cash_st_inv,504.45124514712506
2021,Roch,S&P Capital IQ,produccion,Millones de pesos 2018,costo_ventas,832.721611562201
2021,Roch,S&P Capital IQ,produccion,Millones de pesos 2018,deuda_neta,1318.7110365515705
2021,Roch,S&P Capital IQ,produccion,Millones de pesos 2018,deuda_total,1823.1622816986958
2021,Roch,S&P Capital IQ,produccion,Millones de pesos 2018,ebit,159.0027351178663
2021,Roch,S&P Capital IQ,produccion,Millones de pesos 2018,ebitda,458.63203080708746
2021,Roch,S&P Capital IQ,produccion,Millones de pesos 2018,ebt,188.38908156573777
2021,Roch,S&P Capital IQ,produccion,Millones de pesos 2018,ganancia_bruta,397.3563664971009
2021,Roch,S&P Capital IQ,produccion,Millones de pesos 2018,impuesto_ganancias,198.19618355618752
2021,Roch,S&P Capital IQ,produccion,Millones de pesos 2018,inventarios,40.80169280224275
2021,Roch,S&P Capital IQ,produccion,Millones de pesos 2018,pasivo,2300.3448041929423
2021,Roch,S&P Capital IQ,produccion,Millones de pesos 2018,patrimonio_neto,215.6898203217972
2021,Roch,S&P Capital IQ,produccion,Millones de pesos 2018,patrimonio_neto_total,215.6898203217972
2021,Roch,S&P Capital IQ,produccion,Millones de pesos 2018,ppye,5310.935280080985
2021,Roch,S&P Capital IQ,produccion,Millones de pesos 2018,ppye_neta,1680.64839352506
2021,Roch,S&P Capital IQ,produccion,Millones de pesos 2018,utilidad_neta,-9.910326151287254
2021,Roch,S&P Capital IQ,produccion,Millones de pesos 2018,utilidad_neta_empresa,-9.910326151287254
2021,Roch,S&P Capital IQ,produccion,Millones de pesos 2018,utilidad_operativa,159.0027351178663
2021,Roch,S&P Capital IQ,produccion,Millones de pesos 2018,ventas,1230.077978058871
2021,Roch,S&P Capital IQ,produccion,Millones de pesos 2018,ventas_raw,1230.077978058871
2022,Roch,S&P Capital IQ,produccion,Millones de pesos 2018,KTA,3197.241444148582
2022,Roch,S&P Capital IQ,produccion,Millones de pesos 2018,activo,3620.3128633965657
2022,Roch,S&P Capital IQ,produccion,Millones de pesos 2018,activo_corr,487.34776883337173
2022,Roch,S&P Capital IQ,produccion,Millones de pesos 2018,cash_st_inv,115.85734760440675
2022,Roch,S&P Capital IQ,produccion,Millones de pesos 2018,costo_ventas,1526.6452664197402
2022,Roch,S&P Capital IQ,produccion,Millones de pesos 2018,deuda_lp,1829.745842269669
2022,Roch,S&P Capital IQ,produccion,Millones de pesos 2018,deuda_neta,2367.981765862854
2022,Roch,S&P Capital IQ,produccion,Millones de pesos 2018,deuda_total,2483.83911346726
2022,Roch,S&P Capital IQ,produccion,Millones de pesos 2018,ebit,-218.2874019752576
2022,Roch,S&P Capital IQ,produccion,Millones de pesos 2018,ebitda,414.1810397929505
2022,Roch,S&P Capital IQ,produccion,Millones de pesos 2018,ebt,-225.78868726650356
2022,Roch,S&P Capital IQ,produccion,Millones de pesos 2018,ganancia_bruta,235.21381082133965
2022,Roch,S&P Capital IQ,produccion,Millones de pesos 2018,impuesto_ganancias,-39.75681204360362
2022,Roch,S&P Capital IQ,produccion,Millones de pesos 2018,inventarios,105.55505339694257
2022,Roch,S&P Capital IQ,produccion,Millones de pesos 2018,pasivo,3416.485157566923
2022,Roch,S&P Capital IQ,produccion,Millones de pesos 2018,patrimonio_neto,203.82770582964324
2022,Roch,S&P Capital IQ,produccion,Millones de pesos 2018,patrimonio_neto_total,203.82770582964324
2022,Roch,S&P Capital IQ,produccion,Millones de pesos 2018,ppye,10163.755809511033
2022,Roch,S&P Capital IQ,produccion,Millones de pesos 2018,ppye_neta,2975.829043147233
2022,Roch,S&P Capital IQ,produccion,Millones de pesos 2018,utilidad_neta,-186.03187522289997
2022,Roch,S&P Capital IQ,produccion,Millones de pesos 2018,utilidad_neta_empresa,-186.03187522289997
2022,Roch,S&P Capital IQ,produccion,Millones de pesos 2018,utilidad_operativa,-218.2874019752576
2022,Roch,S&P Capital IQ,produccion,Millones de pesos 2018,ventas,1761.8590772410803
2022,Roch,S&P Capital IQ,produccion,Millones de pesos 2018,ventas_raw,1761.8590772410803
2023,Roch,S&P Capital IQ,produccion,Millones de pesos 2018,KTA,2350.889188611777
2023,Roch,S&P Capital IQ,produccion,Millones de pesos 2018,activo,3351.8061979852755
2023,Roch,S&P Capital IQ,produccion,Millones de pesos 2018,activo_corr,943.7776663567427
2023,Roch,S&P Capital IQ,produccion,Millones de pesos 2018,cash_st_inv,14.77666365714734
2023,Roch,S&P Capital IQ,produccion,Millones de pesos 2018,costo_ventas,1189.236334064237
2023,Roch,S&P Capital IQ,produccion,Millones de pesos 2018,deuda_lp,1945.7326673948016
2023,Roch,S&P Capital IQ,produccion,Millones de pesos 2018,deuda_neta,2965.339137080721
2023,Roch,S&P Capital IQ,produccion,Millones de pesos 2018,deuda_total,2980.1158007378676
2023,Roch,S&P Capital IQ,produccion,Millones de pesos 2018,ebit,-366.6389963730144
2023,Roch,S&P Capital IQ,produccion,Millones de pesos 2018,ebitda,79.5137275362465
2023,Roch,S&P Capital IQ,produccion,Millones de pesos 2018,ebt,-732.5277814117374
2023,Roch,S&P Capital IQ,produccion,Millones de pesos 2018,ganancia_bruta,-7.394940295158724
2023,Roch,S&P Capital IQ,produccion,Millones de pesos 2018,impuesto_ganancias,-330.9503714702919
2023,Roch,S&P Capital IQ,produccion,Millones de pesos 2018,inventarios,69.9174922917589
2023,Roch,S&P Capital IQ,produccion,Millones de pesos 2018,pasivo,3563.0712406794637
2023,Roch,S&P Capital IQ,produccion,Millones de pesos 2018,patrimonio_neto,-211.2380771269253
2023,Roch,S&P Capital IQ,produccion,Millones de pesos 2018,patrimonio_neto_total,-211.2380771269253
2023,Roch,S&P Capital IQ,produccion,Millones de pesos 2018,ppye,9138.31822025684
2023,Roch,S&P Capital IQ,produccion,Millones de pesos 2018,ppye_neta,2266.195032662871
2023,Roch,S&P Capital IQ,produccion,Millones de pesos 2018,utilidad_neta,-401.47023689368956
2023,Roch,S&P Capital IQ,produccion,Millones de pesos 2018,utilidad_neta_empresa,-401.47023689368956
2023,Roch,S&P Capital IQ,produccion,Millones de pesos 2018,utilidad_operativa,-366.6389963730144
2023,Roch,S&P Capital IQ,produccion,Millones de pesos 2018,ventas,1181.8402783971999
2023,Roch,S&P Capital IQ,produccion,Millones de pesos 2018,ventas_raw,1181.8402783971999
2024,Roch,S&P Capital IQ,produccion,Millones de pesos 2018,KTA,496.7061448475083
2024,Roch,S&P Capital IQ,produccion,Millones de pesos 2018,activo,971.9216726007865
2024,Roch,S&P Capital IQ,produccion,Millones de pesos 2018,activo_corr,463.09761965126876
2024,Roch,S&P Capital IQ,produccion,Millones de pesos 2018,cash_st_inv,16.73532670608516
2024,Roch,S&P Capital IQ,produccion,Millones de pesos 2018,costo_ventas,332.2002727036081
2024,Roch,S&P Capital IQ,produccion,Millones de pesos 2018,deuda_lp,464.1146734780916
2024,Roch,S&P Capital IQ,produccion,Millones de pesos 2018,deuda_neta,569.6645994399423
2024,Roch,S&P Capital IQ,produccion,Millones de pesos 2018,deuda_total,586.3999261460276
2024,Roch,S&P Capital IQ,produccion,Millones de pesos 2018,ebit,-290.3209162515677
2024,Roch,S&P Capital IQ,produccion,Millones de pesos 2018,ebitda,-192.06103108605444
2024,Roch,S&P Capital IQ,produccion,Millones de pesos 2018,ebt,280.56340704258105
2024,Roch,S&P Capital IQ,produccion,Millones de pesos 2018,ganancia_bruta,-39.156446903213755
2024,Roch,S&P Capital IQ,produccion,Millones de pesos 2018,impuesto_ganancias,193.6529289127433
2024,Roch,S&P Capital IQ,produccion,Millones de pesos 2018,inventarios,9.178149907918733
2024,Roch,S&P Capital IQ,produccion,Millones de pesos 2018,pasivo,951.09613360704
2024,Roch,S&P Capital IQ,produccion,Millones de pesos 2018,patrimonio_neto,20.825538993746605
2024,Roch,S&P Capital IQ,produccion,Millones de pesos 2018,patrimonio_neto_total,20.825538993746605
2024,Roch,S&P Capital IQ,produccion,Millones de pesos 2018,ppye,2716.0038760268317
2024,Roch,S&P Capital IQ,produccion,Millones de pesos 2018,ppye_neta,470.7926682335044
2024,Roch,S&P Capital IQ,produccion,Millones de pesos 2018,utilidad_neta,86.91047812983777
2024,Roch,S&P Capital IQ,produccion,Millones de pesos 2018,utilidad_neta_empresa,86.91047812983777
2024,Roch,S&P Capital IQ,produccion,Millones de pesos 2018,utilidad_operativa,-290.3209162515677
2024,Roch,S&P Capital IQ,produccion,Millones de pesos 2018,ventas,293.04461390672697
2024,Roch,S&P Capital IQ,produccion,Millones de pesos 2018,ventas_raw,293.04461390672697
1996,Soc. Com. del Plata,S&P Capital IQ,holding,Millones de pesos 2018,KTA,10505.864583345949
1996,Soc. Com. del Plata,S&P Capital IQ,holding,Millones de pesos 2018,activo,33167.245384093454
1996,Soc. Com. del Plata,S&P Capital IQ,holding,Millones de pesos 2018,activo_corr,8173.935257515183
1996,Soc. Com. del Plata,S&P Capital IQ,holding,Millones de pesos 2018,cash_st_inv,675.3490679847347
1996,Soc. Com. del Plata,S&P Capital IQ,holding,Millones de pesos 2018,costo_ventas,7867.490664334601
1996,Soc. Com. del Plata,S&P Capital IQ,holding,Millones de pesos 2018,deuda_lp,14590.786861907107
1996,Soc. Com. del Plata,S&P Capital IQ,holding,Millones de pesos 2018,deuda_neta,18282.848501488388
1996,Soc. Com. del Plata,S&P Capital IQ,holding,Millones de pesos 2018,deuda_total,18958.197569473123
1996,Soc. Com. del Plata,S&P Capital IQ,holding,Millones de pesos 2018,ebit,1275.6849175152875
1996,Soc. Com. del Plata,S&P Capital IQ,holding,Millones de pesos 2018,ebitda,1776.4122124795513
1996,Soc. Com. del Plata,S&P Capital IQ,holding,Millones de pesos 2018,ebt,1422.7967303937342
1996,Soc. Com. del Plata,S&P Capital IQ,holding,Millones de pesos 2018,ganancia_bruta,3036.9871054186897
1996,Soc. Com. del Plata,S&P Capital IQ,holding,Millones de pesos 2018,impuesto_ganancias,189.16932629260086
1996,Soc. Com. del Plata,S&P Capital IQ,holding,Millones de pesos 2018,inventarios,1950.4715141960032
1996,Soc. Com. del Plata,S&P Capital IQ,holding,Millones de pesos 2018,pasivo,22103.025763998747
1996,Soc. Com. del Plata,S&P Capital IQ,holding,Millones de pesos 2018,patrimonio_neto,9366.578957055292
1996,Soc. Com. del Plata,S&P Capital IQ,holding,Millones de pesos 2018,patrimonio_neto_total,11064.219620094711
1996,Soc. Com. del Plata,S&P Capital IQ,holding,Millones de pesos 2018,ppye_neta,7880.044001165211
1996,Soc. Com. del Plata,S&P Capital IQ,holding,Millones de pesos 2018,utilidad_neta,929.228161116986
1996,Soc. Com. del Plata,S&P Capital IQ,holding,Millones de pesos 2018,utilidad_neta_empresa,1233.6274041011332
1996,Soc. Com. del Plata,S&P Capital IQ,holding,Millones de pesos 2018,utilidad_operativa,1275.6849175152875
1996,Soc. Com. del Plata,S&P Capital IQ,holding,Millones de pesos 2018,ventas,10904.477769753292
1996,Soc. Com. del Plata,S&P Capital IQ,holding,Millones de pesos 2018,ventas_raw,10904.477769753292
1997,Soc. Com. del Plata,S&P Capital IQ,holding,Millones de pesos 2018,KTA,13782.11990019992
1997,Soc. Com. del Plata,S&P Capital IQ,holding,Millones de pesos 2018,activo,35986.141995984355
1997,Soc. Com. del Plata,S&P Capital IQ,holding,Millones de pesos 2018,activo_corr,9250.338550685472
1997,Soc. Com. del Plata,S&P Capital IQ,holding,Millones de pesos 2018,cash_st_inv,1829.304664754138
1997,Soc. Com. del Plata,S&P Capital IQ,holding,Millones de pesos 2018,costo_ventas,5868.739375894442
1997,Soc. Com. del Plata,S&P Capital IQ,holding,Millones de pesos 2018,deuda_lp,6241.095754448904
1997,Soc. Com. del Plata,S&P Capital IQ,holding,Millones de pesos 2018,deuda_neta,18536.96919564027
1997,Soc. Com. del Plata,S&P Capital IQ,holding,Millones de pesos 2018,deuda_total,20366.27386039441
1997,Soc. Com. del Plata,S&P Capital IQ,holding,Millones de pesos 2018,ebit,959.5914568156822
1997,Soc. Com. del Plata,S&P Capital IQ,holding,Millones de pesos 2018,ebitda,1382.5075294187932
1997,Soc. Com. del Plata,S&P Capital IQ,holding,Millones de pesos 2018,ebt,2878.265721613559
1997,Soc. Com. del Plata,S&P Capital IQ,holding,Millones de pesos 2018,ganancia_bruta,2149.804294734558
1997,Soc. Com. del Plata,S&P Capital IQ,holding,Millones de pesos 2018,impuesto_ganancias,162.20811299913655
1997,Soc. Com. del Plata,S&P Capital IQ,holding,Millones de pesos 2018,inventarios,1855.4746472370655
1997,Soc. Com. del Plata,S&P Capital IQ,holding,Millones de pesos 2018,pasivo,23862.344455161783
1997,Soc. Com. del Plata,S&P Capital IQ,holding,Millones de pesos 2018,patrimonio_neto,10846.504022610654
1997,Soc. Com. del Plata,S&P Capital IQ,holding,Millones de pesos 2018,patrimonio_neto_total,12123.797540822576
1997,Soc. Com. del Plata,S&P Capital IQ,holding,Millones de pesos 2018,ppye_neta,10097.340588208715
1997,Soc. Com. del Plata,S&P Capital IQ,holding,Millones de pesos 2018,utilidad_neta,2507.8676410680237
1997,Soc. Com. del Plata,S&P Capital IQ,holding,Millones de pesos 2018,utilidad_neta_empresa,2716.0576086144224
1997,Soc. Com. del Plata,S&P Capital IQ,holding,Millones de pesos 2018,utilidad_operativa,959.5914568156822
1997,Soc. Com. del Plata,S&P Capital IQ,holding,Millones de pesos 2018,ventas,8018.543670629
1997,Soc. Com. del Plata,S&P Capital IQ,holding,Millones de pesos 2018,ventas_raw,8018.543670629
1998,Soc. Com. del Plata,S&P Capital IQ,holding,Millones de pesos 2018,KTA,21122.036424645583
1998,Soc. Com. del Plata,S&P Capital IQ,holding,Millones de pesos 2018,activo,36255.60465028967
1998,Soc. Com. del Plata,S&P Capital IQ,holding,Millones de pesos 2018,activo_corr,11040.979160266897
1998,Soc. Com. del Plata,S&P Capital IQ,holding,Millones de pesos 2018,cash_st_inv,2878.404918432037
1998,Soc. Com. del Plata,S&P Capital IQ,holding,Millones de pesos 2018,costo_ventas,4474.284835125413
1998,Soc. Com. del Plata,S&P Capital IQ,holding,Millones de pesos 2018,deuda_lp,6563.846789525089
1998,Soc. Com. del Plata,S&P Capital IQ,holding,Millones de pesos 2018,deuda_neta,16816.31057835266
1998,Soc. Com. del Plata,S&P Capital IQ,holding,Millones de pesos 2018,deuda_total,19694.7154967847
1998,Soc. Com. del Plata,S&P Capital IQ,holding,Millones de pesos 2018,ebit,-423.1387527632744
1998,Soc. Com. del Plata,S&P Capital IQ,holding,Millones de pesos 2018,ebitda,632.7576931654932
1998,Soc. Com. del Plata,S&P Capital IQ,holding,Millones de pesos 2018,ebt,1858.281583715769
1998,Soc. Com. del Plata,S&P Capital IQ,holding,Millones de pesos 2018,ganancia_bruta,1293.1087624367694
1998,Soc. Com. del Plata,S&P Capital IQ,holding,Millones de pesos 2018,impuesto_ganancias,135.6737323776589
1998,Soc. Com. del Plata,S&P Capital IQ,holding,Millones de pesos 2018,inventarios,1977.852880174163
1998,Soc. Com. del Plata,S&P Capital IQ,holding,Millones de pesos 2018,pasivo,23894.654134956996
1998,Soc. Com. del Plata,S&P Capital IQ,holding,Millones de pesos 2018,patrimonio_neto,10951.445584646946
1998,Soc. Com. del Plata,S&P Capital IQ,holding,Millones de pesos 2018,patrimonio_neto_total,12360.950515332675
1998,Soc. Com. del Plata,S&P Capital IQ,holding,Millones de pesos 2018,ppye_neta,16265.77862603938
1998,Soc. Com. del Plata,S&P Capital IQ,holding,Millones de pesos 2018,utilidad_neta,1565.3130078200293
1998,Soc. Com. del Plata,S&P Capital IQ,holding,Millones de pesos 2018,utilidad_neta_empresa,1722.6078513381103
1998,Soc. Com. del Plata,S&P Capital IQ,holding,Millones de pesos 2018,utilidad_operativa,-423.1387527632744
1998,Soc. Com. del Plata,S&P Capital IQ,holding,Millones de pesos 2018,ventas,5767.393597562183
1998,Soc. Com. del Plata,S&P Capital IQ,holding,Millones de pesos 2018,ventas_raw,5767.393597562183
1999,Soc. Com. del Plata,S&P Capital IQ,holding,Millones de pesos 2018,KTA,17385.444263232057
1999,Soc. Com. del Plata,S&P Capital IQ,holding,Millones de pesos 2018,activo,29073.249086341966
1999,Soc. Com. del Plata,S&P Capital IQ,holding,Millones de pesos 2018,activo_corr,3772.342963897505
1999,Soc. Com. del Plata,S&P Capital IQ,holding,Millones de pesos 2018,cash_st_inv,1064.1896455438825
1999,Soc. Com. del Plata,S&P Capital IQ,holding,Millones de pesos 2018,costo_ventas,1987.9678583883026
1999,Soc. Com. del Plata,S&P Capital IQ,holding,Millones de pesos 2018,deuda_lp,1141.6492301708968
1999,Soc. Com. del Plata,S&P Capital IQ,holding,Millones de pesos 2018,deuda_neta,18709.370837214185
1999,Soc. Com. del Plata,S&P Capital IQ,holding,Millones de pesos 2018,deuda_total,19773.560482758072
1999,Soc. Com. del Plata,S&P Capital IQ,holding,Millones de pesos 2018,ebit,-1351.2006087680484
1999,Soc. Com. del Plata,S&P Capital IQ,holding,Millones de pesos 2018,ebitda,-147.86723643122036
1999,Soc. Com. del Plata,S&P Capital IQ,holding,Millones de pesos 2018,ebt,-5960.579289244711
1999,Soc. Com. del Plata,S&P Capital IQ,holding,Millones de pesos 2018,ganancia_bruta,774.6723369725379
1999,Soc. Com. del Plata,S&P Capital IQ,holding,Millones de pesos 2018,impuesto_ganancias,0.8159008255643357
1999,Soc. Com. del Plata,S&P Capital IQ,holding,Millones de pesos 2018,inventarios,555.8579343165026
1999,Soc. Com. del Plata,S&P Capital IQ,holding,Millones de pesos 2018,pasivo,24739.413373051408
1999,Soc. Com. del Plata,S&P Capital IQ,holding,Millones de pesos 2018,patrimonio_neto,3848.502206583776
1999,Soc. Com. del Plata,S&P Capital IQ,holding,Millones de pesos 2018,patrimonio_neto_total,4333.835713290562
1999,Soc. Com. del Plata,S&P Capital IQ,holding,Millones de pesos 2018,ppye_neta,15765.396683371671
1999,Soc. Com. del Plata,S&P Capital IQ,holding,Millones de pesos 2018,utilidad_neta,-5996.271380797074
1999,Soc. Com. del Plata,S&P Capital IQ,holding,Millones de pesos 2018,utilidad_neta_empresa,-5960.579289244711
1999,Soc. Com. del Plata,S&P Capital IQ,holding,Millones de pesos 2018,utilidad_operativa,-1351.2006087680484
1999,Soc. Com. del Plata,S&P Capital IQ,holding,Millones de pesos 2018,ventas,2762.6401953608406
1999,Soc. Com. del Plata,S&P Capital IQ,holding,Millones de pesos 2018,ventas_raw,2762.6401953608406
2000,Soc. Com. del Plata,S&P Capital IQ,holding,Millones de pesos 2018,KTA,16714.475144890283
2000,Soc. Com. del Plata,S&P Capital IQ,holding,Millones de pesos 2018,activo,28617.67931743211
2000,Soc. Com. del Plata,S&P Capital IQ,holding,Millones de pesos 2018,activo_corr,3039.9220666784236
2000,Soc. Com. del Plata,S&P Capital IQ,holding,Millones de pesos 2018,cash_st_inv,683.04815766512
2000,Soc. Com. del Plata,S&P Capital IQ,holding,Millones de pesos 2018,costo_ventas,1833.069814633815
2000,Soc. Com. del Plata,S&P Capital IQ,holding,Millones de pesos 2018,depreciacion,1090.8231204312854
2000,Soc. Com. del Plata,S&P Capital IQ,holding,Millones de pesos 2018,deuda_lp,21172.02199218064
2000,Soc. Com. del Plata,S&P Capital IQ,holding,Millones de pesos 2018,deuda_neta,20510.027922727517
2000,Soc. Com. del Plata,S&P Capital IQ,holding,Millones de pesos 2018,deuda_total,21193.07608039264
2000,Soc. Com. del Plata,S&P Capital IQ,holding,Millones de pesos 2018,ebit,-1130.6817525826466
2000,Soc. Com. del Plata,S&P Capital IQ,holding,Millones de pesos 2018,ebitda,-38.54596883804477
2000,Soc. Com. del Plata,S&P Capital IQ,holding,Millones de pesos 2018,ebt,-2531.1852870316065
2000,Soc. Com. del Plata,S&P Capital IQ,holding,Millones de pesos 2018,ganancia_bruta,1166.2883852694092
2000,Soc. Com. del Plata,S&P Capital IQ,holding,Millones de pesos 2018,impuesto_ganancias,0.4632928946405968
2000,Soc. Com. del Plata,S&P Capital IQ,holding,Millones de pesos 2018,inventarios,491.0132528365926
2000,Soc. Com. del Plata,S&P Capital IQ,holding,Millones de pesos 2018,pasivo,24201.00519884671
2000,Soc. Com. del Plata,S&P Capital IQ,holding,Millones de pesos 2018,patrimonio_neto,3895.9843819976595
2000,Soc. Com. del Plata,S&P Capital IQ,holding,Millones de pesos 2018,patrimonio_neto_total,4416.674118585397
2000,Soc. Com. del Plata,S&P Capital IQ,holding,Millones de pesos 2018,ppye_neta,15540.413734388569
2000,Soc. Com. del Plata,S&P Capital IQ,holding,Millones de pesos 2018,utilidad_neta,-2562.0220621020426
2000,Soc. Com. del Plata,S&P Capital IQ,holding,Millones de pesos 2018,utilidad_neta_empresa,-2531.1852870316065
2000,Soc. Com. del Plata,S&P Capital IQ,holding,Millones de pesos 2018,utilidad_operativa,-1130.6817525826466
2000,Soc. Com. del Plata,S&P Capital IQ,holding,Millones de pesos 2018,ventas,2999.358199903224
2000,Soc. Com. del Plata,S&P Capital IQ,holding,Millones de pesos 2018,ventas_raw,2999.358199903224
2001,Soc. Com. del Plata,S&P Capital IQ,holding,Millones de pesos 2018,KTA,36900.553798584464
2001,Soc. Com. del Plata,S&P Capital IQ,holding,Millones de pesos 2018,activo,62432.99456085963
2001,Soc. Com. del Plata,S&P Capital IQ,holding,Millones de pesos 2018,activo_corr,6754.834884872555
2001,Soc. Com. del Plata,S&P Capital IQ,holding,Millones de pesos 2018,cash_st_inv,1942.6670467680424
2001,Soc. Com. del Plata,S&P Capital IQ,holding,Millones de pesos 2018,costo_ventas,3306.485757583479
2001,Soc. Com. del Plata,S&P Capital IQ,holding,Millones de pesos 2018,depreciacion,2085.597058351126
2001,Soc. Com. del Plata,S&P Capital IQ,holding,Millones de pesos 2018,deuda_lp,46030.74811330658
2001,Soc. Com. del Plata,S&P Capital IQ,holding,Millones de pesos 2018,deuda_neta,44304.99960250137
2001,Soc. Com. del Plata,S&P Capital IQ,holding,Millones de pesos 2018,deuda_total,46247.6666492694
2001,Soc. Com. del Plata,S&P Capital IQ,holding,Millones de pesos 2018,ebit,-1039.5543772426192
2001,Soc. Com. del Plata,S&P Capital IQ,holding,Millones de pesos 2018,ebitda,1045.9334156691493
2001,Soc. Com. del Plata,S&P Capital IQ,holding,Millones de pesos 2018,ebt,698.8325393419732
2001,Soc. Com. del Plata,S&P Capital IQ,holding,Millones de pesos 2018,ganancia_bruta,2378.299198926532
2001,Soc. Com. del Plata,S&P Capital IQ,holding,Millones de pesos 2018,impuesto_ganancias,2.4454716215525822
2001,Soc. Com. del Plata,S&P Capital IQ,holding,Millones de pesos 2018,inventarios,1039.585595715332
2001,Soc. Com. del Plata,S&P Capital IQ,holding,Millones de pesos 2018,pasivo,52007.14255285896
2001,Soc. Com. del Plata,S&P Capital IQ,holding,Millones de pesos 2018,patrimonio_neto,9230.302557272482
2001,Soc. Com. del Plata,S&P Capital IQ,holding,Millones de pesos 2018,patrimonio_neto_total,10425.85200800066
2001,Soc. Com. del Plata,S&P Capital IQ,holding,Millones de pesos 2018,ppye_neta,33918.30115610109
2001,Soc. Com. del Plata,S&P Capital IQ,holding,Millones de pesos 2018,utilidad_neta,647.9199014336922
2001,Soc. Com. del Plata,S&P Capital IQ,holding,Millones de pesos 2018,utilidad_neta_empresa,696.3870677204204
2001,Soc. Com. del Plata,S&P Capital IQ,holding,Millones de pesos 2018,utilidad_operativa,-1039.5543772426192
2001,Soc. Com. del Plata,S&P Capital IQ,holding,Millones de pesos 2018,ventas,5684.784956510011
2001,Soc. Com. del Plata,S&P Capital IQ,holding,Millones de pesos 2018,ventas_raw,5684.784956510011
2002,Soc. Com. del Plata,S&P Capital IQ,holding,Millones de pesos 2018,KTA,30050.683334461348
2002,Soc. Com. del Plata,S&P Capital IQ,holding,Millones de pesos 2018,activo,45794.98295047937
2002,Soc. Com. del Plata,S&P Capital IQ,holding,Millones de pesos 2018,activo_corr,5149.12331738849
2002,Soc. Com. del Plata,S&P Capital IQ,holding,Millones de pesos 2018,cash_st_inv,3062.472117061455
2002,Soc. Com. del Plata,S&P Capital IQ,holding,Millones de pesos 2018,costo_ventas,3352.3536801640603
2002,Soc. Com. del Plata,S&P Capital IQ,holding,Millones de pesos 2018,deuda_lp,17130.191849112918
2002,Soc. Com. del Plata,S&P Capital IQ,holding,Millones de pesos 2018,deuda_neta,14115.650950934527
2002,Soc. Com. del Plata,S&P Capital IQ,holding,Millones de pesos 2018,deuda_total,17178.12306799598
2002,Soc. Com. del Plata,S&P Capital IQ,holding,Millones de pesos 2018,ebit,-210.2028872819748
2002,Soc. Com. del Plata,S&P Capital IQ,holding,Millones de pesos 2018,ebitda,1566.1251906888165
2002,Soc. Com. del Plata,S&P Capital IQ,holding,Millones de pesos 2018,ebt,-4316.165952189883
2002,Soc. Com. del Plata,S&P Capital IQ,holding,Millones de pesos 2018,ganancia_bruta,2409.5823619609114
2002,Soc. Com. del Plata,S&P Capital IQ,holding,Millones de pesos 2018,impuesto_ganancias,0.5580607631921823
2002,Soc. Com. del Plata,S&P Capital IQ,holding,Millones de pesos 2018,inventarios,662.4594637434311
2002,Soc. Com. del Plata,S&P Capital IQ,holding,Millones de pesos 2018,pasivo,43838.40124581042
2002,Soc. Com. del Plata,S&P Capital IQ,holding,Millones de pesos 2018,patrimonio_neto,1127.324079482519
2002,Soc. Com. del Plata,S&P Capital IQ,holding,Millones de pesos 2018,patrimonio_neto_total,1956.5817046689467
2002,Soc. Com. del Plata,S&P Capital IQ,holding,Millones de pesos 2018,ppye_neta,26325.751753656463
2002,Soc. Com. del Plata,S&P Capital IQ,holding,Millones de pesos 2018,utilidad_neta,-4183.037456911299
2002,Soc. Com. del Plata,S&P Capital IQ,holding,Millones de pesos 2018,utilidad_neta_empresa,-4316.165952189883
2002,Soc. Com. del Plata,S&P Capital IQ,holding,Millones de pesos 2018,utilidad_operativa,-210.2028872819748
2002,Soc. Com. del Plata,S&P Capital IQ,holding,Millones de pesos 2018,ventas,5761.936042124973
2002,Soc. Com. del Plata,S&P Capital IQ,holding,Millones de pesos 2018,ventas_raw,5761.936042124973
2003,Soc. Com. del Plata,S&P Capital IQ,holding,Millones de pesos 2018,KTA,2906.6756688123464
2003,Soc. Com. del Plata,S&P Capital IQ,holding,Millones de pesos 2018,activo,6712.419363783304
2003,Soc. Com. del Plata,S&P Capital IQ,holding,Millones de pesos 2018,activo_corr,310.2446064408226
2003,Soc. Com. del Plata,S&P Capital IQ,holding,Millones de pesos 2018,cash_st_inv,91.00727091683748
2003,Soc. Com. del Plata,S&P Capital IQ,holding,Millones de pesos 2018,costo_ventas,1516.532773179957
2003,Soc. Com. del Plata,S&P Capital IQ,holding,Millones de pesos 2018,deuda_lp,6111.643838015177
2003,Soc. Com. del Plata,S&P Capital IQ,holding,Millones de pesos 2018,deuda_neta,6171.313269897587
2003,Soc. Com. del Plata,S&P Capital IQ,holding,Millones de pesos 2018,deuda_total,6262.320540814425
2003,Soc. Com. del Plata,S&P Capital IQ,holding,Millones de pesos 2018,ebit,-964.185141719922
2003,Soc. Com. del Plata,S&P Capital IQ,holding,Millones de pesos 2018,ebitda,-91.06193005132596
2003,Soc. Com. del Plata,S&P Capital IQ,holding,Millones de pesos 2018,ebt,-12084.453776223021
2003,Soc. Com. del Plata,S&P Capital IQ,holding,Millones de pesos 2018,ganancia_bruta,243.48772142795113
2003,Soc. Com. del Plata,S&P Capital IQ,holding,Millones de pesos 2018,impuesto_ganancias,0.2550754340011462
2003,Soc. Com. del Plata,S&P Capital IQ,holding,Millones de pesos 2018,inventarios,44.76573866720115
2003,Soc. Com. del Plata,S&P Capital IQ,holding,Millones de pesos 2018,pasivo,17772.326205008285
2003,Soc. Com. del Plata,S&P Capital IQ,holding,Millones de pesos 2018,patrimonio_neto,-11093.485713899769
2003,Soc. Com. del Plata,S&P Capital IQ,holding,Millones de pesos 2018,patrimonio_neto_total,-11061.346209175772
2003,Soc. Com. del Plata,S&P Capital IQ,holding,Millones de pesos 2018,ppye_neta,2770.902659228308
2003,Soc. Com. del Plata,S&P Capital IQ,holding,Millones de pesos 2018,utilidad_neta,-12084.453776223021
2003,Soc. Com. del Plata,S&P Capital IQ,holding,Millones de pesos 2018,utilidad_neta_empresa,-12084.453776223021
2003,Soc. Com. del Plata,S&P Capital IQ,holding,Millones de pesos 2018,utilidad_operativa,-964.185141719922
2003,Soc. Com. del Plata,S&P Capital IQ,holding,Millones de pesos 2018,ventas,1760.0204946079084
2003,Soc. Com. del Plata,S&P Capital IQ,holding,Millones de pesos 2018,ventas_raw,1760.0204946079084
2004,Soc. Com. del Plata,S&P Capital IQ,holding,Millones de pesos 2018,KTA,3929.779433606549
2004,Soc. Com. del Plata,S&P Capital IQ,holding,Millones de pesos 2018,activo,6681.181665584784
2004,Soc. Com. del Plata,S&P Capital IQ,holding,Millones de pesos 2018,activo_corr,736.791111454652
2004,Soc. Com. del Plata,S&P Capital IQ,holding,Millones de pesos 2018,cash_st_inv,377.7395850981718
2004,Soc. Com. del Plata,S&P Capital IQ,holding,Millones de pesos 2018,costo_ventas,1594.8015917968225
2004,Soc. Com. del Plata,S&P Capital IQ,holding,Millones de pesos 2018,deuda_lp,6013.995284588216
2004,Soc. Com. del Plata,S&P Capital IQ,holding,Millones de pesos 2018,deuda_neta,5901.552847117197
2004,Soc. Com. del Plata,S&P Capital IQ,holding,Millones de pesos 2018,deuda_total,6279.292432215369
2004,Soc. Com. del Plata,S&P Capital IQ,holding,Millones de pesos 2018,ebit,35.247319008606205
2004,Soc. Com. del Plata,S&P Capital IQ,holding,Millones de pesos 2018,ebitda,369.32908620601927
2004,Soc. Com. del Plata,S&P Capital IQ,holding,Millones de pesos 2018,ebt,-498.5157456812464
2004,Soc. Com. del Plata,S&P Capital IQ,holding,Millones de pesos 2018,ganancia_bruta,680.1162143556653
2004,Soc. Com. del Plata,S&P Capital IQ,holding,Millones de pesos 2018,impuesto_ganancias,78.3816618745837
2004,Soc. Com. del Plata,S&P Capital IQ,holding,Millones de pesos 2018,inventarios,51.84147761117279
2004,Soc. Com. del Plata,S&P Capital IQ,holding,Millones de pesos 2018,pasivo,17850.289296027746
2004,Soc. Com. del Plata,S&P Capital IQ,holding,Millones de pesos 2018,patrimonio_neto,-11195.83278842466
2004,Soc. Com. del Plata,S&P Capital IQ,holding,Millones de pesos 2018,patrimonio_neto_total,-11169.868426670428
2004,Soc. Com. del Plata,S&P Capital IQ,holding,Millones de pesos 2018,ppye_neta,3500.1983708972043
2004,Soc. Com. del Plata,S&P Capital IQ,holding,Millones de pesos 2018,utilidad_neta,-576.4088309439412
2004,Soc. Com. del Plata,S&P Capital IQ,holding,Millones de pesos 2018,utilidad_neta_empresa,-576.4088309439412
2004,Soc. Com. del Plata,S&P Capital IQ,holding,Millones de pesos 2018,utilidad_operativa,35.247319008606205
2004,Soc. Com. del Plata,S&P Capital IQ,holding,Millones de pesos 2018,ventas,2274.917806152488
2004,Soc. Com. del Plata,S&P Capital IQ,holding,Millones de pesos 2018,ventas_raw,2274.917806152488
2005,Soc. Com. del Plata,S&P Capital IQ,holding,Millones de pesos 2018,KTA,3267.8975582963644
2005,Soc. Com. del Plata,S&P Capital IQ,holding,Millones de pesos 2018,activo,7590.241057541232
2005,Soc. Com. del Plata,S&P Capital IQ,holding,Millones de pesos 2018,activo_corr,801.2426850850243
2005,Soc. Com. del Plata,S&P Capital IQ,holding,Millones de pesos 2018,cash_st_inv,438.05277295048853
2005,Soc. Com. del Plata,S&P Capital IQ,holding,Millones de pesos 2018,costo_ventas,1918.2494053420976
2005,Soc. Com. del Plata,S&P Capital IQ,holding,Millones de pesos 2018,deuda_lp,5174.322323845466
2005,Soc. Com. del Plata,S&P Capital IQ,holding,Millones de pesos 2018,deuda_neta,4952.343756102926
2005,Soc. Com. del Plata,S&P Capital IQ,holding,Millones de pesos 2018,deuda_total,5390.396529053413
2005,Soc. Com. del Plata,S&P Capital IQ,holding,Millones de pesos 2018,ebit,41.25096412307598
2005,Soc. Com. del Plata,S&P Capital IQ,holding,Millones de pesos 2018,ebitda,388.23968741606427
2005,Soc. Com. del Plata,S&P Capital IQ,holding,Millones de pesos 2018,ebt,1822.4427679883486
2005,Soc. Com. del Plata,S&P Capital IQ,holding,Millones de pesos 2018,ganancia_bruta,782.7975201858559
2005,Soc. Com. del Plata,S&P Capital IQ,holding,Millones de pesos 2018,impuesto_ganancias,-9.66819471622508
2005,Soc. Com. del Plata,S&P Capital IQ,holding,Millones de pesos 2018,inventarios,42.36499478998004
2005,Soc. Com. del Plata,S&P Capital IQ,holding,Millones de pesos 2018,pasivo,5977.777155540486
2005,Soc. Com. del Plata,S&P Capital IQ,holding,Millones de pesos 2018,patrimonio_neto,1591.6792727010795
2005,Soc. Com. del Plata,S&P Capital IQ,holding,Millones de pesos 2018,patrimonio_neto_total,1612.4639020007467
2005,Soc. Com. del Plata,S&P Capital IQ,holding,Millones de pesos 2018,ppye_neta,2787.4797905558953
2005,Soc. Com. del Plata,S&P Capital IQ,holding,Millones de pesos 2018,utilidad_neta,1836.9251666581015
2005,Soc. Com. del Plata,S&P Capital IQ,holding,Millones de pesos 2018,utilidad_neta_empresa,1832.262152580917
2005,Soc. Com. del Plata,S&P Capital IQ,holding,Millones de pesos 2018,utilidad_operativa,41.25096412307598
2005,Soc. Com. del Plata,S&P Capital IQ,holding,Millones de pesos 2018,ventas,2701.0469255279536
2005,Soc. Com. del Plata,S&P Capital IQ,holding,Millones de pesos 2018,ventas_raw,2701.0469255279536
2006,Soc. Com. del Plata,S&P Capital IQ,holding,Millones de pesos 2018,KTA,2581.0060366195144
2006,Soc. Com. del Plata,S&P Capital IQ,holding,Millones de pesos 2018,activo,6556.364668053765
2006,Soc. Com. del Plata,S&P Capital IQ,holding,Millones de pesos 2018,activo_corr,700.0751593508503
2006,Soc. Com. del Plata,S&P Capital IQ,holding,Millones de pesos 2018,cash_st_inv,317.00920956194335
2006,Soc. Com. del Plata,S&P Capital IQ,holding,Millones de pesos 2018,costo_ventas,1664.9226100741703
2006,Soc. Com. del Plata,S&P Capital IQ,holding,Millones de pesos 2018,deuda_lp,4508.031688949878
2006,Soc. Com. del Plata,S&P Capital IQ,holding,Millones de pesos 2018,deuda_neta,4629.195507706398
2006,Soc. Com. del Plata,S&P Capital IQ,holding,Millones de pesos 2018,deuda_total,4946.204717268341
2006,Soc. Com. del Plata,S&P Capital IQ,holding,Millones de pesos 2018,ebit,-70.5600218011151
2006,Soc. Com. del Plata,S&P Capital IQ,holding,Millones de pesos 2018,ebitda,250.59369929246964
2006,Soc. Com. del Plata,S&P Capital IQ,holding,Millones de pesos 2018,ebt,-2998.800926547391
2006,Soc. Com. del Plata,S&P Capital IQ,holding,Millones de pesos 2018,ganancia_bruta,766.2180043880163
2006,Soc. Com. del Plata,S&P Capital IQ,holding,Millones de pesos 2018,impuesto_ganancias,69.4004770231579
2006,Soc. Com. del Plata,S&P Capital IQ,holding,Millones de pesos 2018,inventarios,21.641008964210528
2006,Soc. Com. del Plata,S&P Capital IQ,holding,Millones de pesos 2018,pasivo,17157.14402532413
2006,Soc. Com. del Plata,S&P Capital IQ,holding,Millones de pesos 2018,patrimonio_neto,-10614.87327970525
2006,Soc. Com. del Plata,S&P Capital IQ,holding,Millones de pesos 2018,patrimonio_neto_total,-10601.643275617542
2006,Soc. Com. del Plata,S&P Capital IQ,holding,Millones de pesos 2018,ppye_neta,2242.35581809336
2006,Soc. Com. del Plata,S&P Capital IQ,holding,Millones de pesos 2018,utilidad_neta,-3060.540945623367
2006,Soc. Com. del Plata,S&P Capital IQ,holding,Millones de pesos 2018,utilidad_neta_empresa,-3069.3609483485066
2006,Soc. Com. del Plata,S&P Capital IQ,holding,Millones de pesos 2018,utilidad_operativa,-70.5600218011151
2006,Soc. Com. del Plata,S&P Capital IQ,holding,Millones de pesos 2018,ventas,2431.140614462186
2006,Soc. Com. del Plata,S&P Capital IQ,holding,Millones de pesos 2018,ventas_raw,2431.140614462186
2007,Soc. Com. del Plata,S&P Capital IQ,holding,Millones de pesos 2018,KTA,2484.4943748720143
2007,Soc. Com. del Plata,S&P Capital IQ,holding,Millones de pesos 2018,activo,5743.861649937159
2007,Soc. Com. del Plata,S&P Capital IQ,holding,Millones de pesos 2018,activo_corr,1262.1142590430159
2007,Soc. Com. del Plata,S&P Capital IQ,holding,Millones de pesos 2018,cash_st_inv,969.1019202795377
2007,Soc. Com. del Plata,S&P Capital IQ,holding,Millones de pesos 2018,costo_ventas,1276.7972369090708
2007,Soc. Com. del Plata,S&P Capital IQ,holding,Millones de pesos 2018,deuda_lp,4068.6442832918774
2007,Soc. Com. del Plata,S&P Capital IQ,holding,Millones de pesos 2018,deuda_neta,3130.672306577969
2007,Soc. Com. del Plata,S&P Capital IQ,holding,Millones de pesos 2018,deuda_total,4099.774226857507
2007,Soc. Com. del Plata,S&P Capital IQ,holding,Millones de pesos 2018,ebit,41.739251686650775
2007,Soc. Com. del Plata,S&P Capital IQ,holding,Millones de pesos 2018,ebitda,218.0745822387981
2007,Soc. Com. del Plata,S&P Capital IQ,holding,Millones de pesos 2018,ebt,9.682897244425217
2007,Soc. Com. del Plata,S&P Capital IQ,holding,Millones de pesos 2018,ganancia_bruta,642.104261960921
2007,Soc. Com. del Plata,S&P Capital IQ,holding,Millones de pesos 2018,impuesto_ganancias,172.2108985673004
2007,Soc. Com. del Plata,S&P Capital IQ,holding,Millones de pesos 2018,inventarios,34.81020595210796
2007,Soc. Com. del Plata,S&P Capital IQ,holding,Millones de pesos 2018,pasivo,15249.890560292188
2007,Soc. Com. del Plata,S&P Capital IQ,holding,Millones de pesos 2018,patrimonio_neto,-9518.110337231901
2007,Soc. Com. del Plata,S&P Capital IQ,holding,Millones de pesos 2018,patrimonio_neto_total,-9506.117758058574
2007,Soc. Com. del Plata,S&P Capital IQ,holding,Millones de pesos 2018,ppye_neta,1480.5822486403686
2007,Soc. Com. del Plata,S&P Capital IQ,holding,Millones de pesos 2018,utilidad_neta,-159.90105564438304
2007,Soc. Com. del Plata,S&P Capital IQ,holding,Millones de pesos 2018,utilidad_neta_empresa,-163.89858203549258
2007,Soc. Com. del Plata,S&P Capital IQ,holding,Millones de pesos 2018,utilidad_operativa,41.739251686650775
2007,Soc. Com. del Plata,S&P Capital IQ,holding,Millones de pesos 2018,ventas,1918.9014988699917
2007,Soc. Com. del Plata,S&P Capital IQ,holding,Millones de pesos 2018,ventas_raw,1918.9014988699917
2008,Soc. Com. del Plata,S&P Capital IQ,holding,Millones de pesos 2018,KTA,3336.7959439612337
2008,Soc. Com. del Plata,S&P Capital IQ,holding,Millones de pesos 2018,activo,5499.716290510038
2008,Soc. Com. del Plata,S&P Capital IQ,holding,Millones de pesos 2018,activo_corr,1307.3921372907184
2008,Soc. Com. del Plata,S&P Capital IQ,holding,Millones de pesos 2018,cash_st_inv,1024.7340110165724
2008,Soc. Com. del Plata,S&P Capital IQ,holding,Millones de pesos 2018,costo_ventas,1192.4497421137812
2008,Soc. Com. del Plata,S&P Capital IQ,holding,Millones de pesos 2018,depreciacion,198.56226332825412
2008,Soc. Com. del Plata,S&P Capital IQ,holding,Millones de pesos 2018,deuda_lp,4231.697200901012
2008,Soc. Com. del Plata,S&P Capital IQ,holding,Millones de pesos 2018,deuda_neta,3214.982667401736
2008,Soc. Com. del Plata,S&P Capital IQ,holding,Millones de pesos 2018,deuda_total,4239.716678418308
2008,Soc. Com. del Plata,S&P Capital IQ,holding,Millones de pesos 2018,ebit,-25.00421350388171
2008,Soc. Com. del Plata,S&P Capital IQ,holding,Millones de pesos 2018,ebitda,172.66193787561875
2008,Soc. Com. del Plata,S&P Capital IQ,holding,Millones de pesos 2018,ebt,-1378.803773214049
2008,Soc. Com. del Plata,S&P Capital IQ,holding,Millones de pesos 2018,ganancia_bruta,566.3510238408466
2008,Soc. Com. del Plata,S&P Capital IQ,holding,Millones de pesos 2018,impuesto_ganancias,7.429657880540229
2008,Soc. Com. del Plata,S&P Capital IQ,holding,Millones de pesos 2018,inventarios,44.05021392403865
2008,Soc. Com. del Plata,S&P Capital IQ,holding,Millones de pesos 2018,pasivo,14628.644544544244
2008,Soc. Com. del Plata,S&P Capital IQ,holding,Millones de pesos 2018,patrimonio_neto,-9137.25402041849
2008,Soc. Com. del Plata,S&P Capital IQ,holding,Millones de pesos 2018,patrimonio_neto_total,-9130.109959417381
2008,Soc. Com. del Plata,S&P Capital IQ,holding,Millones de pesos 2018,ppye_neta,2268.0117190206233
2008,Soc. Com. del Plata,S&P Capital IQ,holding,Millones de pesos 2018,utilidad_neta,-1378.803773214049
2008,Soc. Com. del Plata,S&P Capital IQ,holding,Millones de pesos 2018,utilidad_neta_empresa,-1385.9478342151576
2008,Soc. Com. del Plata,S&P Capital IQ,holding,Millones de pesos 2018,utilidad_operativa,-25.00421350388171
2008,Soc. Com. del Plata,S&P Capital IQ,holding,Millones de pesos 2018,ventas,1758.8007659546276
2008,Soc. Com. del Plata,S&P Capital IQ,holding,Millones de pesos 2018,ventas_raw,1758.8007659546276
2009,Soc. Com. del Plata,S&P Capital IQ,holding,Millones de pesos 2018,KTA,3279.3337821545565
2009,Soc. Com. del Plata,S&P Capital IQ,holding,Millones de pesos 2018,activo,4037.4989581326354
2009,Soc. Com. del Plata,S&P Capital IQ,holding,Millones de pesos 2018,activo_corr,1783.3658071736131
2009,Soc. Com. del Plata,S&P Capital IQ,holding,Millones de pesos 2018,cash_st_inv,1471.5421325120008
2009,Soc. Com. del Plata,S&P Capital IQ,holding,Millones de pesos 2018,costo_ventas,1238.1045993036528
2009,Soc. Com. del Plata,S&P Capital IQ,holding,Millones de pesos 2018,depreciacion,222.53555261542266
2009,Soc. Com. del Plata,S&P Capital IQ,holding,Millones de pesos 2018,deuda_lp,4069.754404845588
2009,Soc. Com. del Plata,S&P Capital IQ,holding,Millones de pesos 2018,deuda_neta,2606.411282531573
2009,Soc. Com. del Plata,S&P Capital IQ,holding,Millones de pesos 2018,deuda_total,4077.9534150435734
2009,Soc. Com. del Plata,S&P Capital IQ,holding,Millones de pesos 2018,ebit,-51.342922660359754
2009,Soc. Com. del Plata,S&P Capital IQ,holding,Millones de pesos 2018,ebitda,171.7467388944972
2009,Soc. Com. del Plata,S&P Capital IQ,holding,Millones de pesos 2018,ebt,-489.469196028763
2009,Soc. Com. del Plata,S&P Capital IQ,holding,Millones de pesos 2018,ganancia_bruta,655.5784395887842
2009,Soc. Com. del Plata,S&P Capital IQ,holding,Millones de pesos 2018,impuesto_ganancias,127.8414897793527
2009,Soc. Com. del Plata,S&P Capital IQ,holding,Millones de pesos 2018,inventarios,20.67772352129216
2009,Soc. Com. del Plata,S&P Capital IQ,holding,Millones de pesos 2018,pasivo,12604.878971441523
2009,Soc. Com. del Plata,S&P Capital IQ,holding,Millones de pesos 2018,patrimonio_neto,-8574.26808428008
2009,Soc. Com. del Plata,S&P Capital IQ,holding,Millones de pesos 2018,patrimonio_neto_total,-8567.422361258697
2009,Soc. Com. del Plata,S&P Capital IQ,holding,Millones de pesos 2018,ppye_neta,1787.1139261212631
2009,Soc. Com. del Plata,S&P Capital IQ,holding,Millones de pesos 2018,utilidad_neta,-616.1150719243171
2009,Soc. Com. del Plata,S&P Capital IQ,holding,Millones de pesos 2018,utilidad_neta_empresa,-619.5379334350077
2009,Soc. Com. del Plata,S&P Capital IQ,holding,Millones de pesos 2018,utilidad_operativa,-51.342922660359754
2009,Soc. Com. del Plata,S&P Capital IQ,holding,Millones de pesos 2018,ventas,1893.683038892437
2009,Soc. Com. del Plata,S&P Capital IQ,holding,Millones de pesos 2018,ventas_raw,1893.683038892437
2010,Soc. Com. del Plata,S&P Capital IQ,holding,Millones de pesos 2018,KTA,3251.8442503454103
2010,Soc. Com. del Plata,S&P Capital IQ,holding,Millones de pesos 2018,activo,4076.0022756536605
2010,Soc. Com. del Plata,S&P Capital IQ,holding,Millones de pesos 2018,activo_corr,2040.8540723822493
2010,Soc. Com. del Plata,S&P Capital IQ,holding,Millones de pesos 2018,cash_st_inv,1574.6981684750224
2010,Soc. Com. del Plata,S&P Capital IQ,holding,Millones de pesos 2018,costo_ventas,3500.769054591172
2010,Soc. Com. del Plata,S&P Capital IQ,holding,Millones de pesos 2018,depreciacion,136.5471035772049
2010,Soc. Com. del Plata,S&P Capital IQ,holding,Millones de pesos 2018,deuda_lp,3688.962506682294
2010,Soc. Com. del Plata,S&P Capital IQ,holding,Millones de pesos 2018,deuda_neta,2146.0582713581334
2010,Soc. Com. del Plata,S&P Capital IQ,holding,Millones de pesos 2018,deuda_total,3720.756439833156
2010,Soc. Com. del Plata,S&P Capital IQ,holding,Millones de pesos 2018,ebit,69.12191501273597
2010,Soc. Com. del Plata,S&P Capital IQ,holding,Millones de pesos 2018,ebitda,205.6690185899409
2010,Soc. Com. del Plata,S&P Capital IQ,holding,Millones de pesos 2018,ebt,-250.1762290841136
2010,Soc. Com. del Plata,S&P Capital IQ,holding,Millones de pesos 2018,ganancia_bruta,819.2897806465553
2010,Soc. Com. del Plata,S&P Capital IQ,holding,Millones de pesos 2018,impuesto_ganancias,113.10793736781105
2010,Soc. Com. del Plata,S&P Capital IQ,holding,Millones de pesos 2018,inventarios,42.75464282299941
2010,Soc. Com. del Plata,S&P Capital IQ,holding,Millones de pesos 2018,pasivo,11249.647151993557
2010,Soc. Com. del Plata,S&P Capital IQ,holding,Millones de pesos 2018,patrimonio_neto,-7175.509116003441
2010,Soc. Com. del Plata,S&P Capital IQ,holding,Millones de pesos 2018,patrimonio_neto_total,-7172.666204309303
2010,Soc. Com. del Plata,S&P Capital IQ,holding,Millones de pesos 2018,ppye_neta,1634.3914390473883
2010,Soc. Com. del Plata,S&P Capital IQ,holding,Millones de pesos 2018,utilidad_neta,-363.89269684961977
2010,Soc. Com. del Plata,S&P Capital IQ,holding,Millones de pesos 2018,utilidad_neta_empresa,-363.89269684961977
2010,Soc. Com. del Plata,S&P Capital IQ,holding,Millones de pesos 2018,utilidad_operativa,69.12191501273597
2010,Soc. Com. del Plata,S&P Capital IQ,holding,Millones de pesos 2018,ventas,4320.058835237727
2010,Soc. Com. del Plata,S&P Capital IQ,holding,Millones de pesos 2018,ventas_raw,4320.058835237727
2011,Soc. Com. del Plata,S&P Capital IQ,holding,Millones de pesos 2018,KTA,3668.7946020064246
2011,Soc. Com. del Plata,S&P Capital IQ,holding,Millones de pesos 2018,activo,5716.8720638090335
2011,Soc. Com. del Plata,S&P Capital IQ,holding,Millones de pesos 2018,activo_corr,2012.5912715968122
2011,Soc. Com. del Plata,S&P Capital IQ,holding,Millones de pesos 2018,cash_st_inv,1408.3318004837624
2011,Soc. Com. del Plata,S&P Capital IQ,holding,Millones de pesos 2018,costo_ventas,3301.371779388556
2011,Soc. Com. del Plata,S&P Capital IQ,holding,Millones de pesos 2018,deuda_lp,667.185463388715
2011,Soc. Com. del Plata,S&P Capital IQ,holding,Millones de pesos 2018,deuda_neta,-619.6325816476847
2011,Soc. Com. del Plata,S&P Capital IQ,holding,Millones de pesos 2018,deuda_total,788.3957455886435
2011,Soc. Com. del Plata,S&P Capital IQ,holding,Millones de pesos 2018,ebit,112.05404742456086
2011,Soc. Com. del Plata,S&P Capital IQ,holding,Millones de pesos 2018,ebitda,257.8659301320434
2011,Soc. Com. del Plata,S&P Capital IQ,holding,Millones de pesos 2018,ebt,-2242.124321544433
2011,Soc. Com. del Plata,S&P Capital IQ,holding,Millones de pesos 2018,ganancia_bruta,851.7263694516039
2011,Soc. Com. del Plata,S&P Capital IQ,holding,Millones de pesos 2018,impuesto_ganancias,-7.4654527909359585
2011,Soc. Com. del Plata,S&P Capital IQ,holding,Millones de pesos 2018,inventarios,120.16402052420796
2011,Soc. Com. del Plata,S&P Capital IQ,holding,Millones de pesos 2018,pasivo,13351.270098005474
2011,Soc. Com. del Plata,S&P Capital IQ,holding,Millones de pesos 2018,patrimonio_neto,-7634.669720863843
2011,Soc. Com. del Plata,S&P Capital IQ,holding,Millones de pesos 2018,patrimonio_neto_total,-7634.669720863843
2011,Soc. Com. del Plata,S&P Capital IQ,holding,Millones de pesos 2018,ppye_neta,2140.298780998454
2011,Soc. Com. del Plata,S&P Capital IQ,holding,Millones de pesos 2018,utilidad_neta,-2234.6588687534972
2011,Soc. Com. del Plata,S&P Capital IQ,holding,Millones de pesos 2018,utilidad_neta_empresa,-2234.6588687534972
2011,Soc. Com. del Plata,S&P Capital IQ,holding,Millones de pesos 2018,utilidad_operativa,112.05404742456086
2011,Soc. Com. del Plata,S&P Capital IQ,holding,Millones de pesos 2018,ventas,4153.09814884016
2011,Soc. Com. del Plata,S&P Capital IQ,holding,Millones de pesos 2018,ventas_raw,4153.09814884016
2012,Soc. Com. del Plata,S&P Capital IQ,holding,Millones de pesos 2018,KTA,3119.3176590160288
2012,Soc. Com. del Plata,S&P Capital IQ,holding,Millones de pesos 2018,activo,4974.580679419391
2012,Soc. Com. del Plata,S&P Capital IQ,holding,Millones de pesos 2018,activo_corr,2135.058113004231
2012,Soc. Com. del Plata,S&P Capital IQ,holding,Millones de pesos 2018,cash_st_inv,1396.245161835041
2012,Soc. Com. del Plata,S&P Capital IQ,holding,Millones de pesos 2018,costo_ventas,3344.787238625065
2012,Soc. Com. del Plata,S&P Capital IQ,holding,Millones de pesos 2018,depreciacion,146.95004512557804
2012,Soc. Com. del Plata,S&P Capital IQ,holding,Millones de pesos 2018,deuda_lp,244.69856712499222
2012,Soc. Com. del Plata,S&P Capital IQ,holding,Millones de pesos 2018,deuda_neta,-1082.726643746378
2012,Soc. Com. del Plata,S&P Capital IQ,holding,Millones de pesos 2018,deuda_total,314.28384555618027
2012,Soc. Com. del Plata,S&P Capital IQ,holding,Millones de pesos 2018,ebit,145.21088068212183
2012,Soc. Com. del Plata,S&P Capital IQ,holding,Millones de pesos 2018,ebitda,292.1609258076999
2012,Soc. Com. del Plata,S&P Capital IQ,holding,Millones de pesos 2018,ebt,4412.779137277455
2012,Soc. Com. del Plata,S&P Capital IQ,holding,Millones de pesos 2018,ganancia_bruta,909.0266583126121
2012,Soc. Com. del Plata,S&P Capital IQ,holding,Millones de pesos 2018,impuesto_ganancias,148.15156464699805
2012,Soc. Com. del Plata,S&P Capital IQ,holding,Millones de pesos 2018,inventarios,66.72874758454364
2012,Soc. Com. del Plata,S&P Capital IQ,holding,Millones de pesos 2018,pasivo,1740.5716705999564
2012,Soc. Com. del Plata,S&P Capital IQ,holding,Millones de pesos 2018,patrimonio_neto,3233.1020252118265
2012,Soc. Com. del Plata,S&P Capital IQ,holding,Millones de pesos 2018,patrimonio_neto_total,3234.009008819435
2012,Soc. Com. del Plata,S&P Capital IQ,holding,Millones de pesos 2018,ppye_neta,1656.3437495964438
2012,Soc. Com. del Plata,S&P Capital IQ,holding,Millones de pesos 2018,utilidad_neta,4264.6275726304575
2012,Soc. Com. del Plata,S&P Capital IQ,holding,Millones de pesos 2018,utilidad_neta_empresa,4264.6275726304575
2012,Soc. Com. del Plata,S&P Capital IQ,holding,Millones de pesos 2018,utilidad_operativa,145.21088068212183
2012,Soc. Com. del Plata,S&P Capital IQ,holding,Millones de pesos 2018,ventas,4253.813896937678
2012,Soc. Com. del Plata,S&P Capital IQ,holding,Millones de pesos 2018,ventas_raw,4253.813896937678
2013,Soc. Com. del Plata,S&P Capital IQ,holding,Millones de pesos 2018,KTA,2141.3676572386316
2013,Soc. Com. del Plata,S&P Capital IQ,holding,Millones de pesos 2018,activo,4150.633221005227
2013,Soc. Com. del Plata,S&P Capital IQ,holding,Millones de pesos 2018,activo_corr,1435.1843837814706
2013,Soc. Com. del Plata,S&P Capital IQ,holding,Millones de pesos 2018,cash_st_inv,1000.1082034906824
2013,Soc. Com. del Plata,S&P Capital IQ,holding,Millones de pesos 2018,costo_ventas,2705.556775805679
2013,Soc. Com. del Plata,S&P Capital IQ,holding,Millones de pesos 2018,depreciacion,79.09193250939917
2013,Soc. Com. del Plata,S&P Capital IQ,holding,Millones de pesos 2018,deuda_lp,176.70548752381632
2013,Soc. Com. del Plata,S&P Capital IQ,holding,Millones de pesos 2018,deuda_neta,-798.9399161040824
2013,Soc. Com. del Plata,S&P Capital IQ,holding,Millones de pesos 2018,deuda_total,201.60644993733888
2013,Soc. Com. del Plata,S&P Capital IQ,holding,Millones de pesos 2018,ebit,-60.52575122000625
2013,Soc. Com. del Plata,S&P Capital IQ,holding,Millones de pesos 2018,ebitda,56.65284574159169
2013,Soc. Com. del Plata,S&P Capital IQ,holding,Millones de pesos 2018,ebt,455.7217739411291
2013,Soc. Com. del Plata,S&P Capital IQ,holding,Millones de pesos 2018,ganancia_bruta,459.50927493453696
2013,Soc. Com. del Plata,S&P Capital IQ,holding,Millones de pesos 2018,impuesto_ganancias,68.13417228239274
2013,Soc. Com. del Plata,S&P Capital IQ,holding,Millones de pesos 2018,inventarios,58.60972125485242
2013,Soc. Com. del Plata,S&P Capital IQ,holding,Millones de pesos 2018,pasivo,1154.8090528900525
2013,Soc. Com. del Plata,S&P Capital IQ,holding,Millones de pesos 2018,patrimonio_neto,2994.9775502460593
2013,Soc. Com. del Plata,S&P Capital IQ,holding,Millones de pesos 2018,patrimonio_neto_total,2995.824168115174
2013,Soc. Com. del Plata,S&P Capital IQ,holding,Millones de pesos 2018,ppye_neta,1082.649732493097
2013,Soc. Com. del Plata,S&P Capital IQ,holding,Millones de pesos 2018,utilidad_neta,420.88790451058105
2013,Soc. Com. del Plata,S&P Capital IQ,holding,Millones de pesos 2018,utilidad_neta_empresa,421.01415454369464
2013,Soc. Com. del Plata,S&P Capital IQ,holding,Millones de pesos 2018,utilidad_operativa,-60.52575122000625
2013,Soc. Com. del Plata,S&P Capital IQ,holding,Millones de pesos 2018,ventas,3165.0660507402163
2013,Soc. Com. del Plata,S&P Capital IQ,holding,Millones de pesos 2018,ventas_raw,3165.0660507402163
2014,Soc. Com. del Plata,S&P Capital IQ,holding,Millones de pesos 2018,KTA,1458.9083755116033
2014,Soc. Com. del Plata,S&P Capital IQ,holding,Millones de pesos 2018,activo,3981.7062518437947
2014,Soc. Com. del Plata,S&P Capital IQ,holding,Millones de pesos 2018,activo_corr,788.2551145145916
2014,Soc. Com. del Plata,S&P Capital IQ,holding,Millones de pesos 2018,cash_st_inv,254.28961085675593
2014,Soc. Com. del Plata,S&P Capital IQ,holding,Millones de pesos 2018,costo_ventas,2835.240419667457
2014,Soc. Com. del Plata,S&P Capital IQ,holding,Millones de pesos 2018,depreciacion,81.63166499534069
2014,Soc. Com. del Plata,S&P Capital IQ,holding,Millones de pesos 2018,deuda_lp,185.04790878677923
2014,Soc. Com. del Plata,S&P Capital IQ,holding,Millones de pesos 2018,deuda_neta,-42.29060518639636
2014,Soc. Com. del Plata,S&P Capital IQ,holding,Millones de pesos 2018,deuda_total,211.03534205136324
2014,Soc. Com. del Plata,S&P Capital IQ,holding,Millones de pesos 2018,ebit,176.03844614287874
2014,Soc. Com. del Plata,S&P Capital IQ,holding,Millones de pesos 2018,ebitda,257.67011113821945
2014,Soc. Com. del Plata,S&P Capital IQ,holding,Millones de pesos 2018,ebt,603.0718816210871
2014,Soc. Com. del Plata,S&P Capital IQ,holding,Millones de pesos 2018,ganancia_bruta,774.5093081353073
2014,Soc. Com. del Plata,S&P Capital IQ,holding,Millones de pesos 2018,impuesto_ganancias,-71.22628241919388
2014,Soc. Com. del Plata,S&P Capital IQ,holding,Millones de pesos 2018,inventarios,116.0716501569174
2014,Soc. Com. del Plata,S&P Capital IQ,holding,Millones de pesos 2018,pasivo,1198.8883092123665
2014,Soc. Com. del Plata,S&P Capital IQ,holding,Millones de pesos 2018,patrimonio_neto,2781.550580324213
2014,Soc. Com. del Plata,S&P Capital IQ,holding,Millones de pesos 2018,patrimonio_neto_total,2782.8179426314287
2014,Soc. Com. del Plata,S&P Capital IQ,holding,Millones de pesos 2018,ppye_neta,1088.54711449793
2014,Soc. Com. del Plata,S&P Capital IQ,holding,Millones de pesos 2018,utilidad_neta,674.1716877718683
2014,Soc. Com. del Plata,S&P Capital IQ,holding,Millones de pesos 2018,utilidad_neta_empresa,674.8457059188266
2014,Soc. Com. del Plata,S&P Capital IQ,holding,Millones de pesos 2018,utilidad_operativa,176.03844614287874
2014,Soc. Com. del Plata,S&P Capital IQ,holding,Millones de pesos 2018,ventas,3609.7497278027645
2014,Soc. Com. del Plata,S&P Capital IQ,holding,Millones de pesos 2018,ventas_raw,3609.7497278027645
2015,Soc. Com. del Plata,S&P Capital IQ,holding,Millones de pesos 2018,KTA,4910.77218788329
2015,Soc. Com. del Plata,S&P Capital IQ,holding,Millones de pesos 2018,activo,7312.549189088754
2015,Soc. Com. del Plata,S&P Capital IQ,holding,Millones de pesos 2018,activo_corr,1953.441072423812
2015,Soc. Com. del Plata,S&P Capital IQ,holding,Millones de pesos 2018,cash_st_inv,393.77691080311047
2015,Soc. Com. del Plata,S&P Capital IQ,holding,Millones de pesos 2018,costo_ventas,3368.0853698257624
2015,Soc. Com. del Plata,S&P Capital IQ,holding,Millones de pesos 2018,deuda_lp,878.2367282926967
2015,Soc. Com. del Plata,S&P Capital IQ,holding,Millones de pesos 2018,deuda_neta,747.4945283227863
2015,Soc. Com. del Plata,S&P Capital IQ,holding,Millones de pesos 2018,deuda_total,1141.271439125897
2015,Soc. Com. del Plata,S&P Capital IQ,holding,Millones de pesos 2018,ebit,70.13614706109131
2015,Soc. Com. del Plata,S&P Capital IQ,holding,Millones de pesos 2018,ebitda,214.39936087034198
2015,Soc. Com. del Plata,S&P Capital IQ,holding,Millones de pesos 2018,ebt,737.9747147467301
2015,Soc. Com. del Plata,S&P Capital IQ,holding,Millones de pesos 2018,ganancia_bruta,885.0034035580965
2015,Soc. Com. del Plata,S&P Capital IQ,holding,Millones de pesos 2018,impuesto_ganancias,43.392256092676
2015,Soc. Com. del Plata,S&P Capital IQ,holding,Millones de pesos 2018,inventarios,736.2701952101102
2015,Soc. Com. del Plata,S&P Capital IQ,holding,Millones de pesos 2018,pasivo,3674.082608665807
2015,Soc. Com. del Plata,S&P Capital IQ,holding,Millones de pesos 2018,patrimonio_neto,2876.1700784643012
2015,Soc. Com. del Plata,S&P Capital IQ,holding,Millones de pesos 2018,patrimonio_neto_total,3638.466580422947
2015,Soc. Com. del Plata,S&P Capital IQ,holding,Millones de pesos 2018,ppye_neta,3780.725081870069
2015,Soc. Com. del Plata,S&P Capital IQ,holding,Millones de pesos 2018,utilidad_neta,739.8766213466981
2015,Soc. Com. del Plata,S&P Capital IQ,holding,Millones de pesos 2018,utilidad_neta_empresa,694.5824586540541
2015,Soc. Com. del Plata,S&P Capital IQ,holding,Millones de pesos 2018,utilidad_operativa,70.13614706109131
2015,Soc. Com. del Plata,S&P Capital IQ,holding,Millones de pesos 2018,ventas,4253.088773383859
2015,Soc. Com. del Plata,S&P Capital IQ,holding,Millones de pesos 2018,ventas_raw,4253.088773383859
2016,Soc. Com. del Plata,S&P Capital IQ,holding,Millones de pesos 2018,KTA,3538.2694518627904
2016,Soc. Com. del Plata,S&P Capital IQ,holding,Millones de pesos 2018,activo,5719.051292094556
2016,Soc. Com. del Plata,S&P Capital IQ,holding,Millones de pesos 2018,activo_corr,1774.5085043746953
2016,Soc. Com. del Plata,S&P Capital IQ,holding,Millones de pesos 2018,cash_st_inv,83.51220163185701
2016,Soc. Com. del Plata,S&P Capital IQ,holding,Millones de pesos 2018,costo_ventas,2338.0249752839372
2016,Soc. Com. del Plata,S&P Capital IQ,holding,Millones de pesos 2018,deuda_lp,638.2566062842128
2016,Soc. Com. del Plata,S&P Capital IQ,holding,Millones de pesos 2018,deuda_neta,880.1676419808311
2016,Soc. Com. del Plata,S&P Capital IQ,holding,Millones de pesos 2018,deuda_total,963.6798436126883
2016,Soc. Com. del Plata,S&P Capital IQ,holding,Millones de pesos 2018,ebit,-358.217268936994
2016,Soc. Com. del Plata,S&P Capital IQ,holding,Millones de pesos 2018,ebitda,-182.62056847768318
2016,Soc. Com. del Plata,S&P Capital IQ,holding,Millones de pesos 2018,ebt,-161.5489644225659
2016,Soc. Com. del Plata,S&P Capital IQ,holding,Millones de pesos 2018,ganancia_bruta,430.68951217937575
2016,Soc. Com. del Plata,S&P Capital IQ,holding,Millones de pesos 2018,impuesto_ganancias,-100.6754415966715
2016,Soc. Com. del Plata,S&P Capital IQ,holding,Millones de pesos 2018,inventarios,747.3332844096549
2016,Soc. Com. del Plata,S&P Capital IQ,holding,Millones de pesos 2018,pasivo,2917.607290213257
2016,Soc. Com. del Plata,S&P Capital IQ,holding,Millones de pesos 2018,patrimonio_neto,2491.4828631220216
2016,Soc. Com. del Plata,S&P Capital IQ,holding,Millones de pesos 2018,patrimonio_neto_total,2801.4440018812984
2016,Soc. Com. del Plata,S&P Capital IQ,holding,Millones de pesos 2018,ppye,3759.491847488975
2016,Soc. Com. del Plata,S&P Capital IQ,holding,Millones de pesos 2018,ppye_neta,2707.423965821278
2016,Soc. Com. del Plata,S&P Capital IQ,holding,Millones de pesos 2018,utilidad_neta,224.70429034657172
2016,Soc. Com. del Plata,S&P Capital IQ,holding,Millones de pesos 2018,utilidad_neta_empresa,102.1528424277409
2016,Soc. Com. del Plata,S&P Capital IQ,holding,Millones de pesos 2018,utilidad_operativa,-358.217268936994
2016,Soc. Com. del Plata,S&P Capital IQ,holding,Millones de pesos 2018,ventas,2768.714487463314
2016,Soc. Com. del Plata,S&P Capital IQ,holding,Millones de pesos 2018,ventas_raw,2768.714487463314
2017,Soc. Com. del Plata,S&P Capital IQ,holding,Millones de pesos 2018,KTA,5714.645005531586
2017,Soc. Com. del Plata,S&P Capital IQ,holding,Millones de pesos 2018,activo,12843.055267219313
2017,Soc. Com. del Plata,S&P Capital IQ,holding,Millones de pesos 2018,activo_corr,4516.627380326237
2017,Soc. Com. del Plata,S&P Capital IQ,holding,Millones de pesos 2018,cash_st_inv,46.54826149580963
2017,Soc. Com. del Plata,S&P Capital IQ,holding,Millones de pesos 2018,costo_ventas,4309.693727796336
2017,Soc. Com. del Plata,S&P Capital IQ,holding,Millones de pesos 2018,deuda_lp,759.6651816156973
2017,Soc. Com. del Plata,S&P Capital IQ,holding,Millones de pesos 2018,deuda_neta,871.2949197415376
2017,Soc. Com. del Plata,S&P Capital IQ,holding,Millones de pesos 2018,deuda_total,917.8431812373472
2017,Soc. Com. del Plata,S&P Capital IQ,holding,Millones de pesos 2018,ebit,-893.5261379991882
2017,Soc. Com. del Plata,S&P Capital IQ,holding,Millones de pesos 2018,ebitda,-799.2344349942489
2017,Soc. Com. del Plata,S&P Capital IQ,holding,Millones de pesos 2018,ebt,-972.1025571699712
2017,Soc. Com. del Plata,S&P Capital IQ,holding,Millones de pesos 2018,ganancia_bruta,280.7907390174304
2017,Soc. Com. del Plata,S&P Capital IQ,holding,Millones de pesos 2018,impuesto_ganancias,-379.4118525674945
2017,Soc. Com. del Plata,S&P Capital IQ,holding,Millones de pesos 2018,inventarios,808.5455323549603
2017,Soc. Com. del Plata,S&P Capital IQ,holding,Millones de pesos 2018,pasivo,6124.8732921575165
2017,Soc. Com. del Plata,S&P Capital IQ,holding,Millones de pesos 2018,patrimonio_neto,6716.376254547328
2017,Soc. Com. del Plata,S&P Capital IQ,holding,Millones de pesos 2018,patrimonio_neto_total,6718.181975061797
2017,Soc. Com. del Plata,S&P Capital IQ,holding,Millones de pesos 2018,ppye,10010.29344109254
2017,Soc. Com. del Plata,S&P Capital IQ,holding,Millones de pesos 2018,ppye_neta,4859.551211680817
2017,Soc. Com. del Plata,S&P Capital IQ,holding,Millones de pesos 2018,utilidad_neta,-356.96144709012805
2017,Soc. Com. del Plata,S&P Capital IQ,holding,Millones de pesos 2018,utilidad_neta_empresa,-356.96144709012805
2017,Soc. Com. del Plata,S&P Capital IQ,holding,Millones de pesos 2018,utilidad_operativa,-893.5261379991882
2017,Soc. Com. del Plata,S&P Capital IQ,holding,Millones de pesos 2018,ventas,4590.484466813766
2017,Soc. Com. del Plata,S&P Capital IQ,holding,Millones de pesos 2018,ventas_raw,4590.484466813766
2018,Soc. Com. del Plata,S&P Capital IQ,holding,Millones de pesos 2018,KTA,17164.907
2018,Soc. Com. del Plata,S&P Capital IQ,holding,Millones de pesos 2018,activo,27550.709000000003
2018,Soc. Com. del Plata,S&P Capital IQ,holding,Millones de pesos 2018,activo_corr,6483.01
2018,Soc. Com. del Plata,S&P Capital IQ,holding,Millones de pesos 2018,cash_st_inv,3228.161
2018,Soc. Com. del Plata,S&P Capital IQ,holding,Millones de pesos 2018,costo_ventas,6749.458
2018,Soc. Com. del Plata,S&P Capital IQ,holding,Millones de pesos 2018,deuda_lp,1148.684
2018,Soc. Com. del Plata,S&P Capital IQ,holding,Millones de pesos 2018,deuda_neta,-1814.729997731588
2018,Soc. Com. del Plata,S&P Capital IQ,holding,Millones de pesos 2018,deuda_total,1414.723
2018,Soc. Com. del Plata,S&P Capital IQ,holding,Millones de pesos 2018,ebit,-1114.4399986069502
2018,Soc. Com. del Plata,S&P Capital IQ,holding,Millones de pesos 2018,ebitda,-576.0449992799438
2018,Soc. Com. del Plata,S&P Capital IQ,holding,Millones de pesos 2018,ebt,3181.0270000000005
2018,Soc. Com. del Plata,S&P Capital IQ,holding,Millones de pesos 2018,ganancia_bruta,281.76
2018,Soc. Com. del Plata,S&P Capital IQ,holding,Millones de pesos 2018,impuesto_ganancias,836.9530000000001
2018,Soc. Com. del Plata,S&P Capital IQ,holding,Millones de pesos 2018,inventarios,1327.455
2018,Soc. Com. del Plata,S&P Capital IQ,holding,Millones de pesos 2018,pasivo,10424.894
2018,Soc. Com. del Plata,S&P Capital IQ,holding,Millones de pesos 2018,patrimonio_neto,17124.028000000002
2018,Soc. Com. del Plata,S&P Capital IQ,holding,Millones de pesos 2018,patrimonio_neto_total,17125.815
2018,Soc. Com. del Plata,S&P Capital IQ,holding,Millones de pesos 2018,ppye,21106.052
2018,Soc. Com. del Plata,S&P Capital IQ,holding,Millones de pesos 2018,ppye_neta,12609.291
2018,Soc. Com. del Plata,S&P Capital IQ,holding,Millones de pesos 2018,utilidad_neta,6933.5830000000005
2018,Soc. Com. del Plata,S&P Capital IQ,holding,Millones de pesos 2018,utilidad_neta_empresa,6933.054
2018,Soc. Com. del Plata,S&P Capital IQ,holding,Millones de pesos 2018,utilidad_operativa,-1114.4399986069502
2018,Soc. Com. del Plata,S&P Capital IQ,holding,Millones de pesos 2018,ventas,7031.218000000001
2018,Soc. Com. del Plata,S&P Capital IQ,holding,Millones de pesos 2018,ventas_raw,7031.218000000001
2019,Soc. Com. del Plata,S&P Capital IQ,holding,Millones de pesos 2018,KTA,15455.587616378585
2019,Soc. Com. del Plata,S&P Capital IQ,holding,Millones de pesos 2018,activo,26621.67740009481
2019,Soc. Com. del Plata,S&P Capital IQ,holding,Millones de pesos 2018,activo_corr,5660.239514430242
2019,Soc. Com. del Plata,S&P Capital IQ,holding,Millones de pesos 2018,cash_st_inv,938.5408075216743
2019,Soc. Com. del Plata,S&P Capital IQ,holding,Millones de pesos 2018,costo_ventas,19576.860279029665
2019,Soc. Com. del Plata,S&P Capital IQ,holding,Millones de pesos 2018,deuda_lp,866.7142427069244
2019,Soc. Com. del Plata,S&P Capital IQ,holding,Millones de pesos 2018,deuda_neta,1294.5887877375158
2019,Soc. Com. del Plata,S&P Capital IQ,holding,Millones de pesos 2018,deuda_total,2233.12959525919
2019,Soc. Com. del Plata,S&P Capital IQ,holding,Millones de pesos 2018,ebit,22.783989143324284
2019,Soc. Com. del Plata,S&P Capital IQ,holding,Millones de pesos 2018,ebitda,536.5292394293072
2019,Soc. Com. del Plata,S&P Capital IQ,holding,Millones de pesos 2018,ebt,1542.783052839409
2019,Soc. Com. del Plata,S&P Capital IQ,holding,Millones de pesos 2018,ganancia_bruta,1672.5429983191414
2019,Soc. Com. del Plata,S&P Capital IQ,holding,Millones de pesos 2018,impuesto_ganancias,390.1810194687688
2019,Soc. Com. del Plata,S&P Capital IQ,holding,Millones de pesos 2018,inventarios,1167.6065681446025
2019,Soc. Com. del Plata,S&P Capital IQ,holding,Millones de pesos 2018,pasivo,9745.59303861094
2019,Soc. Com. del Plata,S&P Capital IQ,holding,Millones de pesos 2018,patrimonio_neto,15821.563575414077
2019,Soc. Com. del Plata,S&P Capital IQ,holding,Millones de pesos 2018,patrimonio_neto_total,16876.08436148387
2019,Soc. Com. del Plata,S&P Capital IQ,holding,Millones de pesos 2018,ppye,20212.856049998056
2019,Soc. Com. del Plata,S&P Capital IQ,holding,Millones de pesos 2018,ppye_neta,13349.440240712309
2019,Soc. Com. del Plata,S&P Capital IQ,holding,Millones de pesos 2018,utilidad_neta,937.9116060851425
2019,Soc. Com. del Plata,S&P Capital IQ,holding,Millones de pesos 2018,utilidad_neta_empresa,912.7799863492575
2019,Soc. Com. del Plata,S&P Capital IQ,holding,Millones de pesos 2018,utilidad_operativa,22.783989143324284
2019,Soc. Com. del Plata,S&P Capital IQ,holding,Millones de pesos 2018,ventas,21249.403277348807
2019,Soc. Com. del Plata,S&P Capital IQ,holding,Millones de pesos 2018,ventas_raw,21249.403277348807
2020,Soc. Com. del Plata,S&P Capital IQ,holding,Millones de pesos 2018,KTA,15473.837717943756
2020,Soc. Com. del Plata,S&P Capital IQ,holding,Millones de pesos 2018,activo,25821.223517075574
2020,Soc. Com. del Plata,S&P Capital IQ,holding,Millones de pesos 2018,activo_corr,5054.721233434776
2020,Soc. Com. del Plata,S&P Capital IQ,holding,Millones de pesos 2018,cash_st_inv,1368.6102571888907
2020,Soc. Com. del Plata,S&P Capital IQ,holding,Millones de pesos 2018,costo_ventas,15174.21798605132
2020,Soc. Com. del Plata,S&P Capital IQ,holding,Millones de pesos 2018,deuda_lp,241.50039620366064
2020,Soc. Com. del Plata,S&P Capital IQ,holding,Millones de pesos 2018,deuda_neta,-589.6710255572408
2020,Soc. Com. del Plata,S&P Capital IQ,holding,Millones de pesos 2018,deuda_total,780.7445981675404
2020,Soc. Com. del Plata,S&P Capital IQ,holding,Millones de pesos 2018,ebit,856.7945427360099
2020,Soc. Com. del Plata,S&P Capital IQ,holding,Millones de pesos 2018,ebitda,1458.914582074506
2020,Soc. Com. del Plata,S&P Capital IQ,holding,Millones de pesos 2018,ebt,1397.7629651028703
2020,Soc. Com. del Plata,S&P Capital IQ,holding,Millones de pesos 2018,ganancia_bruta,2425.061456061861
2020,Soc. Com. del Plata,S&P Capital IQ,holding,Millones de pesos 2018,impuesto_ganancias,477.3390979261888
2020,Soc. Com. del Plata,S&P Capital IQ,holding,Millones de pesos 2018,inventarios,893.4303305328884
2020,Soc. Com. del Plata,S&P Capital IQ,holding,Millones de pesos 2018,pasivo,7893.212426122445
2020,Soc. Com. del Plata,S&P Capital IQ,holding,Millones de pesos 2018,patrimonio_neto,16852.918878728204
2020,Soc. Com. del Plata,S&P Capital IQ,holding,Millones de pesos 2018,patrimonio_neto_total,17928.011090953125
2020,Soc. Com. del Plata,S&P Capital IQ,holding,Millones de pesos 2018,ppye,15564.706241477981
2020,Soc. Com. del Plata,S&P Capital IQ,holding,Millones de pesos 2018,ppye_neta,13211.797130221976
2020,Soc. Com. del Plata,S&P Capital IQ,holding,Millones de pesos 2018,utilidad_neta,617.1274483962309
2020,Soc. Com. del Plata,S&P Capital IQ,holding,Millones de pesos 2018,utilidad_neta_empresa,617.1274483962309
2020,Soc. Com. del Plata,S&P Capital IQ,holding,Millones de pesos 2018,utilidad_operativa,856.7945427360099
2020,Soc. Com. del Plata,S&P Capital IQ,holding,Millones de pesos 2018,ventas,17599.27944211318
2020,Soc. Com. del Plata,S&P Capital IQ,holding,Millones de pesos 2018,ventas_raw,17599.27944211318
2021,Soc. Com. del Plata,S&P Capital IQ,holding,Millones de pesos 2018,KTA,17492.989435786378
2021,Soc. Com. del Plata,S&P Capital IQ,holding,Millones de pesos 2018,activo,30229.95451875377
2021,Soc. Com. del Plata,S&P Capital IQ,holding,Millones de pesos 2018,activo_corr,6094.388378146206
2021,Soc. Com. del Plata,S&P Capital IQ,holding,Millones de pesos 2018,cash_st_inv,2549.881667958115
2021,Soc. Com. del Plata,S&P Capital IQ,holding,Millones de pesos 2018,costo_ventas,23760.400603290862
2021,Soc. Com. del Plata,S&P Capital IQ,holding,Millones de pesos 2018,deuda_lp,45.92272749201791
2021,Soc. Com. del Plata,S&P Capital IQ,holding,Millones de pesos 2018,deuda_neta,-2490.8276499859326
2021,Soc. Com. del Plata,S&P Capital IQ,holding,Millones de pesos 2018,deuda_total,59.251235011686354
2021,Soc. Com. del Plata,S&P Capital IQ,holding,Millones de pesos 2018,ebit,3370.103362326525
2021,Soc. Com. del Plata,S&P Capital IQ,holding,Millones de pesos 2018,ebitda,4194.006649033047
2021,Soc. Com. del Plata,S&P Capital IQ,holding,Millones de pesos 2018,ebt,2969.0365946837865
2021,Soc. Com. del Plata,S&P Capital IQ,holding,Millones de pesos 2018,ganancia_bruta,5449.648708840567
2021,Soc. Com. del Plata,S&P Capital IQ,holding,Millones de pesos 2018,impuesto_ganancias,2343.6800532809743
2021,Soc. Com. del Plata,S&P Capital IQ,holding,Millones de pesos 2018,inventarios,1146.6363367847266
2021,Soc. Com. del Plata,S&P Capital IQ,holding,Millones de pesos 2018,pasivo,8503.358219444637
2021,Soc. Com. del Plata,S&P Capital IQ,holding,Millones de pesos 2018,patrimonio_neto,21726.596299309134
2021,Soc. Com. del Plata,S&P Capital IQ,holding,Millones de pesos 2018,patrimonio_neto_total,21726.596299309134
2021,Soc. Com. del Plata,S&P Capital IQ,holding,Millones de pesos 2018,ppye,17215.12052022072
2021,Soc. Com. del Plata,S&P Capital IQ,holding,Millones de pesos 2018,ppye_neta,13796.471431043536
2021,Soc. Com. del Plata,S&P Capital IQ,holding,Millones de pesos 2018,utilidad_neta,625.3565414028121
2021,Soc. Com. del Plata,S&P Capital IQ,holding,Millones de pesos 2018,utilidad_neta_empresa,625.3565414028121
2021,Soc. Com. del Plata,S&P Capital IQ,holding,Millones de pesos 2018,utilidad_operativa,3370.103362326525
2021,Soc. Com. del Plata,S&P Capital IQ,holding,Millones de pesos 2018,ventas,29210.049312131425
2021,Soc. Com. del Plata,S&P Capital IQ,holding,Millones de pesos 2018,ventas_raw,29210.049312131425
2022,Soc. Com. del Plata,S&P Capital IQ,holding,Millones de pesos 2018,KTA,34107.99446316896
2022,Soc. Com. del Plata,S&P Capital IQ,holding,Millones de pesos 2018,activo,53084.36176229734
2022,Soc. Com. del Plata,S&P Capital IQ,holding,Millones de pesos 2018,activo_corr,12922.94724460482
2022,Soc. Com. del Plata,S&P Capital IQ,holding,Millones de pesos 2018,cash_st_inv,7005.8768526355925
2022,Soc. Com. del Plata,S&P Capital IQ,holding,Millones de pesos 2018,costo_ventas,41995.156354251805
2022,Soc. Com. del Plata,S&P Capital IQ,holding,Millones de pesos 2018,deuda_lp,157.2851277141121
2022,Soc. Com. del Plata,S&P Capital IQ,holding,Millones de pesos 2018,deuda_neta,-6831.464435644632
2022,Soc. Com. del Plata,S&P Capital IQ,holding,Millones de pesos 2018,deuda_total,174.62083612447864
2022,Soc. Com. del Plata,S&P Capital IQ,holding,Millones de pesos 2018,ebit,4820.761569171361
2022,Soc. Com. del Plata,S&P Capital IQ,holding,Millones de pesos 2018,ebitda,6357.329822913561
2022,Soc. Com. del Plata,S&P Capital IQ,holding,Millones de pesos 2018,ebt,6209.264813341081
2022,Soc. Com. del Plata,S&P Capital IQ,holding,Millones de pesos 2018,ganancia_bruta,8972.40445629437
2022,Soc. Com. del Plata,S&P Capital IQ,holding,Millones de pesos 2018,impuesto_ganancias,2595.7805396737185
2022,Soc. Com. del Plata,S&P Capital IQ,holding,Millones de pesos 2018,inventarios,2149.000808149812
2022,Soc. Com. del Plata,S&P Capital IQ,holding,Millones de pesos 2018,pasivo,13057.582020052592
2022,Soc. Com. del Plata,S&P Capital IQ,holding,Millones de pesos 2018,patrimonio_neto,40026.779742244755
2022,Soc. Com. del Plata,S&P Capital IQ,holding,Millones de pesos 2018,patrimonio_neto_total,40026.779742244755
2022,Soc. Com. del Plata,S&P Capital IQ,holding,Millones de pesos 2018,ppye,32181.11582401788
2022,Soc. Com. del Plata,S&P Capital IQ,holding,Millones de pesos 2018,ppye_neta,24953.116802383556
2022,Soc. Com. del Plata,S&P Capital IQ,holding,Millones de pesos 2018,utilidad_neta,3613.4842736673627
2022,Soc. Com. del Plata,S&P Capital IQ,holding,Millones de pesos 2018,utilidad_neta_empresa,3613.4842736673627
2022,Soc. Com. del Plata,S&P Capital IQ,holding,Millones de pesos 2018,utilidad_operativa,4820.761569171361
2022,Soc. Com. del Plata,S&P Capital IQ,holding,Millones de pesos 2018,ventas,50967.56081054618
2022,Soc. Com. del Plata,S&P Capital IQ,holding,Millones de pesos 2018,ventas_raw,50967.56081054618
2023,Soc. Com. del Plata,S&P Capital IQ,holding,Millones de pesos 2018,KTA,39324.14159754405
2023,Soc. Com. del Plata,S&P Capital IQ,holding,Millones de pesos 2018,activo,53164.29768010873
2023,Soc. Com. del Plata,S&P Capital IQ,holding,Millones de pesos 2018,activo_corr,18718.895361253097
2023,Soc. Com. del Plata,S&P Capital IQ,holding,Millones de pesos 2018,cash_st_inv,8712.21334260685
2023,Soc. Com. del Plata,S&P Capital IQ,holding,Millones de pesos 2018,costo_ventas,36543.207835687084
2023,Soc. Com. del Plata,S&P Capital IQ,holding,Millones de pesos 2018,deuda_lp,634.1678705357798
2023,Soc. Com. del Plata,S&P Capital IQ,holding,Millones de pesos 2018,deuda_neta,-6219.729884482559
2023,Soc. Com. del Plata,S&P Capital IQ,holding,Millones de pesos 2018,deuda_total,2492.9705420952987
2023,Soc. Com. del Plata,S&P Capital IQ,holding,Millones de pesos 2018,ebit,2554.3400892584154
2023,Soc. Com. del Plata,S&P Capital IQ,holding,Millones de pesos 2018,ebitda,4206.820283053375
2023,Soc. Com. del Plata,S&P Capital IQ,holding,Millones de pesos 2018,ebt,-4032.5721229062747
2023,Soc. Com. del Plata,S&P Capital IQ,holding,Millones de pesos 2018,ganancia_bruta,7002.592883545765
2023,Soc. Com. del Plata,S&P Capital IQ,holding,Millones de pesos 2018,impuesto_ganancias,935.5526622154011
2023,Soc. Com. del Plata,S&P Capital IQ,holding,Millones de pesos 2018,inventarios,3937.316038116048
2023,Soc. Com. del Plata,S&P Capital IQ,holding,Millones de pesos 2018,pasivo,19449.33376923115
2023,Soc. Com. del Plata,S&P Capital IQ,holding,Millones de pesos 2018,patrimonio_neto,33017.05154734585
2023,Soc. Com. del Plata,S&P Capital IQ,holding,Millones de pesos 2018,patrimonio_neto_total,33714.96391087758
2023,Soc. Com. del Plata,S&P Capital IQ,holding,Millones de pesos 2018,ppye,35658.99302998002
2023,Soc. Com. del Plata,S&P Capital IQ,holding,Millones de pesos 2018,ppye_neta,26674.61221682115
2023,Soc. Com. del Plata,S&P Capital IQ,holding,Millones de pesos 2018,utilidad_neta,-5001.880676332128
2023,Soc. Com. del Plata,S&P Capital IQ,holding,Millones de pesos 2018,utilidad_neta_empresa,-4964.5995781234415
2023,Soc. Com. del Plata,S&P Capital IQ,holding,Millones de pesos 2018,utilidad_operativa,2554.3400892584154
2023,Soc. Com. del Plata,S&P Capital IQ,holding,Millones de pesos 2018,ventas,43545.800719232844
2023,Soc. Com. del Plata,S&P Capital IQ,holding,Millones de pesos 2018,ventas_raw,43545.800719232844
2024,Soc. Com. del Plata,S&P Capital IQ,holding,Millones de pesos 2018,KTA,13033.65157826079
2024,Soc. Com. del Plata,S&P Capital IQ,holding,Millones de pesos 2018,activo,20176.81917008932
2024,Soc. Com. del Plata,S&P Capital IQ,holding,Millones de pesos 2018,activo_corr,5394.197082394239
2024,Soc. Com. del Plata,S&P Capital IQ,holding,Millones de pesos 2018,cash_st_inv,1800.804770948669
2024,Soc. Com. del Plata,S&P Capital IQ,holding,Millones de pesos 2018,costo_ventas,16072.493523660674
2024,Soc. Com. del Plata,S&P Capital IQ,holding,Millones de pesos 2018,deuda_lp,116.41568901185649
2024,Soc. Com. del Plata,S&P Capital IQ,holding,Millones de pesos 2018,deuda_neta,-1073.2195659424988
2024,Soc. Com. del Plata,S&P Capital IQ,holding,Millones de pesos 2018,deuda_total,728.627400813455
2024,Soc. Com. del Plata,S&P Capital IQ,holding,Millones de pesos 2018,ebit,-262.7281154501268
2024,Soc. Com. del Plata,S&P Capital IQ,holding,Millones de pesos 2018,ebitda,547.3769464034232
2024,Soc. Com. del Plata,S&P Capital IQ,holding,Millones de pesos 2018,ebt,1563.8343305125816
2024,Soc. Com. del Plata,S&P Capital IQ,holding,Millones de pesos 2018,ganancia_bruta,1617.6818085593618
2024,Soc. Com. del Plata,S&P Capital IQ,holding,Millones de pesos 2018,impuesto_ganancias,-537.8490665346934
2024,Soc. Com. del Plata,S&P Capital IQ,holding,Millones de pesos 2018,inventarios,1517.589850296302
2024,Soc. Com. del Plata,S&P Capital IQ,holding,Millones de pesos 2018,pasivo,5584.163942447741
2024,Soc. Com. del Plata,S&P Capital IQ,holding,Millones de pesos 2018,patrimonio_neto,14312.313377070135
2024,Soc. Com. del Plata,S&P Capital IQ,holding,Millones de pesos 2018,patrimonio_neto_total,14592.655227641579
2024,Soc. Com. del Plata,S&P Capital IQ,holding,Millones de pesos 2018,ppye,14132.490009817193
2024,Soc. Com. del Plata,S&P Capital IQ,holding,Millones de pesos 2018,ppye_neta,9715.25695701582
2024,Soc. Com. del Plata,S&P Capital IQ,holding,Millones de pesos 2018,utilidad_neta,2076.508792603102
2024,Soc. Com. del Plata,S&P Capital IQ,holding,Millones de pesos 2018,utilidad_neta_empresa,2100.538197797876
2024,Soc. Com. del Plata,S&P Capital IQ,holding,Millones de pesos 2018,utilidad_operativa,-262.7281154501268
2024,Soc. Com. del Plata,S&P Capital IQ,holding,Millones de pesos 2018,ventas,17690.175332220035
2024,Soc. Com. del Plata,S&P Capital IQ,holding,Millones de pesos 2018,ventas_raw,17690.175332220035
1996,TGN,S&P Capital IQ,transporte,Millones de pesos 2018,activo,21216.756962331277
1996,TGN,S&P Capital IQ,transporte,Millones de pesos 2018,activo_corr,1905.395421828198
1996,TGN,S&P Capital IQ,transporte,Millones de pesos 2018,cash_st_inv,1215.8768579882665
1996,TGN,S&P Capital IQ,transporte,Millones de pesos 2018,costo_ventas,1480.5598487943614
1996,TGN,S&P Capital IQ,transporte,Millones de pesos 2018,deuda_lp,7905.975871363177
1996,TGN,S&P Capital IQ,transporte,Millones de pesos 2018,deuda_neta,7029.0216967577735
1996,TGN,S&P Capital IQ,transporte,Millones de pesos 2018,deuda_total,8244.89855474604
1996,TGN,S&P Capital IQ,transporte,Millones de pesos 2018,ebit,2225.0885919380307
1996,TGN,S&P Capital IQ,transporte,Millones de pesos 2018,ebitda,2755.5482223002537
1996,TGN,S&P Capital IQ,transporte,Millones de pesos 2018,ebt,1737.8866609183526
1996,TGN,S&P Capital IQ,transporte,Millones de pesos 2018,ganancia_bruta,2687.5568189048136
1996,TGN,S&P Capital IQ,transporte,Millones de pesos 2018,impuesto_ganancias,592.5381564416715
1996,TGN,S&P Capital IQ,transporte,Millones de pesos 2018,pasivo,9285.341124348302
1996,TGN,S&P Capital IQ,transporte,Millones de pesos 2018,patrimonio_neto,11931.415837982973
1996,TGN,S&P Capital IQ,transporte,Millones de pesos 2018,patrimonio_neto_total,11931.415837982973
1996,TGN,S&P Capital IQ,transporte,Millones de pesos 2018,ppye,20187.12478438973
1996,TGN,S&P Capital IQ,transporte,Millones de pesos 2018,ppye_neta,18892.50536980037
1996,TGN,S&P Capital IQ,transporte,Millones de pesos 2018,utilidad_neta,2246.924980737047
1996,TGN,S&P Capital IQ,transporte,Millones de pesos 2018,utilidad_neta_empresa,1145.348504476681
1996,TGN,S&P Capital IQ,transporte,Millones de pesos 2018,utilidad_operativa,2225.0885919380307
1996,TGN,S&P Capital IQ,transporte,Millones de pesos 2018,ventas,4168.116667699174
1996,TGN,S&P Capital IQ,transporte,Millones de pesos 2018,ventas_raw,4168.116667699174
1997,TGN,S&P Capital IQ,transporte,Millones de pesos 2018,activo,23563.661155136262
1997,TGN,S&P Capital IQ,transporte,Millones de pesos 2018,activo_corr,745.0938622474142
1997,TGN,S&P Capital IQ,transporte,Millones de pesos 2018,cash_st_inv,50.80994927472483
1997,TGN,S&P Capital IQ,transporte,Millones de pesos 2018,costo_ventas,1585.7023873932537
1997,TGN,S&P Capital IQ,transporte,Millones de pesos 2018,deuda_lp,9480.945053810286
1997,TGN,S&P Capital IQ,transporte,Millones de pesos 2018,deuda_neta,9693.684605415372
1997,TGN,S&P Capital IQ,transporte,Millones de pesos 2018,deuda_total,9744.494554690096
1997,TGN,S&P Capital IQ,transporte,Millones de pesos 2018,ebit,2601.330796058786
1997,TGN,S&P Capital IQ,transporte,Millones de pesos 2018,ebitda,3059.3894165675424
1997,TGN,S&P Capital IQ,transporte,Millones de pesos 2018,ebt,1872.747827541023
1997,TGN,S&P Capital IQ,transporte,Millones de pesos 2018,ganancia_bruta,3045.60589788305
1997,TGN,S&P Capital IQ,transporte,Millones de pesos 2018,impuesto_ganancias,542.4739809143277
1997,TGN,S&P Capital IQ,transporte,Millones de pesos 2018,pasivo,10723.611743168834
1997,TGN,S&P Capital IQ,transporte,Millones de pesos 2018,patrimonio_neto,12840.049411967428
1997,TGN,S&P Capital IQ,transporte,Millones de pesos 2018,patrimonio_neto_total,12840.049411967428
1997,TGN,S&P Capital IQ,transporte,Millones de pesos 2018,ppye,24035.219671739957
1997,TGN,S&P Capital IQ,transporte,Millones de pesos 2018,ppye_neta,22281.961313809607
1997,TGN,S&P Capital IQ,transporte,Millones de pesos 2018,utilidad_neta,2476.229022381623
1997,TGN,S&P Capital IQ,transporte,Millones de pesos 2018,utilidad_neta_empresa,1330.2738466266953
1997,TGN,S&P Capital IQ,transporte,Millones de pesos 2018,utilidad_operativa,2601.330796058786
1997,TGN,S&P Capital IQ,transporte,Millones de pesos 2018,ventas,4631.308285276304
1997,TGN,S&P Capital IQ,transporte,Millones de pesos 2018,ventas_raw,4631.308285276304
1998,TGN,S&P Capital IQ,transporte,Millones de pesos 2018,activo,27748.949324227677
1998,TGN,S&P Capital IQ,transporte,Millones de pesos 2018,activo_corr,1070.2010032457072
1998,TGN,S&P Capital IQ,transporte,Millones de pesos 2018,cash_st_inv,357.9804347588147
1998,TGN,S&P Capital IQ,transporte,Millones de pesos 2018,costo_ventas,1630.2601041473915
1998,TGN,S&P Capital IQ,transporte,Millones de pesos 2018,deuda_lp,11458.021792812315
1998,TGN,S&P Capital IQ,transporte,Millones de pesos 2018,deuda_neta,12239.284944626432
1998,TGN,S&P Capital IQ,transporte,Millones de pesos 2018,deuda_total,12597.265379385244
1998,TGN,S&P Capital IQ,transporte,Millones de pesos 2018,ebit,3021.5169682271994
1998,TGN,S&P Capital IQ,transporte,Millones de pesos 2018,ebitda,3560.5467414080676
1998,TGN,S&P Capital IQ,transporte,Millones de pesos 2018,ebt,2094.4062424689337
1998,TGN,S&P Capital IQ,transporte,Millones de pesos 2018,ganancia_bruta,3477.9521816949587
1998,TGN,S&P Capital IQ,transporte,Millones de pesos 2018,impuesto_ganancias,587.1467244426917
1998,TGN,S&P Capital IQ,transporte,Millones de pesos 2018,pasivo,13522.575832648174
1998,TGN,S&P Capital IQ,transporte,Millones de pesos 2018,patrimonio_neto,14226.373491579501
1998,TGN,S&P Capital IQ,transporte,Millones de pesos 2018,patrimonio_neto_total,14226.373491579501
1998,TGN,S&P Capital IQ,transporte,Millones de pesos 2018,ppye,28447.532792653343
1998,TGN,S&P Capital IQ,transporte,Millones de pesos 2018,ppye_neta,26184.34439519779
1998,TGN,S&P Capital IQ,transporte,Millones de pesos 2018,utilidad_neta,2606.7348505708815
1998,TGN,S&P Capital IQ,transporte,Millones de pesos 2018,utilidad_neta_empresa,1507.2595180262417
1998,TGN,S&P Capital IQ,transporte,Millones de pesos 2018,utilidad_operativa,3021.5169682271994
1998,TGN,S&P Capital IQ,transporte,Millones de pesos 2018,ventas,5108.21228584235
1998,TGN,S&P Capital IQ,transporte,Millones de pesos 2018,ventas_raw,5108.21228584235
1999,TGN,S&P Capital IQ,transporte,Millones de pesos 2018,activo,30941.993105134963
1999,TGN,S&P Capital IQ,transporte,Millones de pesos 2018,activo_corr,1510.5800018712678
1999,TGN,S&P Capital IQ,transporte,Millones de pesos 2018,cash_st_inv,541.387499727815
1999,TGN,S&P Capital IQ,transporte,Millones de pesos 2018,costo_ventas,2018.854294078062
1999,TGN,S&P Capital IQ,transporte,Millones de pesos 2018,deuda_lp,10353.596853352747
1999,TGN,S&P Capital IQ,transporte,Millones de pesos 2018,deuda_neta,12974.243252853636
1999,TGN,S&P Capital IQ,transporte,Millones de pesos 2018,deuda_total,13515.630752581452
1999,TGN,S&P Capital IQ,transporte,Millones de pesos 2018,ebit,3196.159129736236
1999,TGN,S&P Capital IQ,transporte,Millones de pesos 2018,ebitda,4169.815246818055
1999,TGN,S&P Capital IQ,transporte,Millones de pesos 2018,ebt,1799.1813087845185
1999,TGN,S&P Capital IQ,transporte,Millones de pesos 2018,ganancia_bruta,3662.1741446457163
1999,TGN,S&P Capital IQ,transporte,Millones de pesos 2018,impuesto_ganancias,583.3690902785002
1999,TGN,S&P Capital IQ,transporte,Millones de pesos 2018,pasivo,15335.682600508684
1999,TGN,S&P Capital IQ,transporte,Millones de pesos 2018,patrimonio_neto,15606.310504626286
1999,TGN,S&P Capital IQ,transporte,Millones de pesos 2018,patrimonio_neto_total,15606.310504626286
1999,TGN,S&P Capital IQ,transporte,Millones de pesos 2018,ppye,31983.34290740912
1999,TGN,S&P Capital IQ,transporte,Millones de pesos 2018,ppye_neta,28777.084404272642
1999,TGN,S&P Capital IQ,transporte,Millones de pesos 2018,utilidad_neta,1215.8122185060186
1999,TGN,S&P Capital IQ,transporte,Millones de pesos 2018,utilidad_neta_empresa,1215.8122185060186
1999,TGN,S&P Capital IQ,transporte,Millones de pesos 2018,utilidad_operativa,3196.159129736236
1999,TGN,S&P Capital IQ,transporte,Millones de pesos 2018,ventas,5681.028438723779
1999,TGN,S&P Capital IQ,transporte,Millones de pesos 2018,ventas_raw,5681.028438723779
2000,TGN,S&P Capital IQ,transporte,Millones de pesos 2018,activo,33534.22219793473
2000,TGN,S&P Capital IQ,transporte,Millones de pesos 2018,activo_corr,1272.5113822592848
2000,TGN,S&P Capital IQ,transporte,Millones de pesos 2018,cash_st_inv,66.18115835295876
2000,TGN,S&P Capital IQ,transporte,Millones de pesos 2018,costo_ventas,2562.5095489188325
2000,TGN,S&P Capital IQ,transporte,Millones de pesos 2018,deuda_lp,13185.4573689277
2000,TGN,S&P Capital IQ,transporte,Millones de pesos 2018,deuda_neta,16114.235367227868
2000,TGN,S&P Capital IQ,transporte,Millones de pesos 2018,deuda_total,16180.416525580828
2000,TGN,S&P Capital IQ,transporte,Millones de pesos 2018,ebit,3339.183280737151
2000,TGN,S&P Capital IQ,transporte,Millones de pesos 2018,ebitda,4426.129591964587
2000,TGN,S&P Capital IQ,transporte,Millones de pesos 2018,ebt,1447.0525790326421
2000,TGN,S&P Capital IQ,transporte,Millones de pesos 2018,ganancia_bruta,3943.5858994888977
2000,TGN,S&P Capital IQ,transporte,Millones de pesos 2018,impuesto_ganancias,432.4067016645571
2000,TGN,S&P Capital IQ,transporte,Millones de pesos 2018,pasivo,17514.87444044359
2000,TGN,S&P Capital IQ,transporte,Millones de pesos 2018,patrimonio_neto,16019.34775749114
2000,TGN,S&P Capital IQ,transporte,Millones de pesos 2018,patrimonio_neto_total,16019.34775749114
2000,TGN,S&P Capital IQ,transporte,Millones de pesos 2018,ppye,35659.85995696293
2000,TGN,S&P Capital IQ,transporte,Millones de pesos 2018,ppye_neta,31504.246828794043
2000,TGN,S&P Capital IQ,transporte,Millones de pesos 2018,utilidad_neta,1014.6458773680848
2000,TGN,S&P Capital IQ,transporte,Millones de pesos 2018,utilidad_neta_empresa,1014.6458773680848
2000,TGN,S&P Capital IQ,transporte,Millones de pesos 2018,utilidad_operativa,3339.183280737151
2000,TGN,S&P Capital IQ,transporte,Millones de pesos 2018,ventas,6506.095448407731
2000,TGN,S&P Capital IQ,transporte,Millones de pesos 2018,ventas_raw,6506.095448407731
2001,TGN,S&P Capital IQ,transporte,Millones de pesos 2018,activo,73187.81273818997
2001,TGN,S&P Capital IQ,transporte,Millones de pesos 2018,activo_corr,3634.068050131924
2001,TGN,S&P Capital IQ,transporte,Millones de pesos 2018,cash_st_inv,1361.393479373905
2001,TGN,S&P Capital IQ,transporte,Millones de pesos 2018,costo_ventas,5911.198270184408
2001,TGN,S&P Capital IQ,transporte,Millones de pesos 2018,deuda_lp,26779.21904518914
2001,TGN,S&P Capital IQ,transporte,Millones de pesos 2018,deuda_neta,32885.71361563436
2001,TGN,S&P Capital IQ,transporte,Millones de pesos 2018,deuda_total,34247.107095008265
2001,TGN,S&P Capital IQ,transporte,Millones de pesos 2018,ebit,7397.918137736275
2001,TGN,S&P Capital IQ,transporte,Millones de pesos 2018,ebitda,10292.896893052302
2001,TGN,S&P Capital IQ,transporte,Millones de pesos 2018,ebt,2628.088229502585
2001,TGN,S&P Capital IQ,transporte,Millones de pesos 2018,ganancia_bruta,8450.219665570563
2001,TGN,S&P Capital IQ,transporte,Millones de pesos 2018,impuesto_ganancias,1085.1348981070666
2001,TGN,S&P Capital IQ,transporte,Millones de pesos 2018,pasivo,36829.137338006185
2001,TGN,S&P Capital IQ,transporte,Millones de pesos 2018,patrimonio_neto,36358.67540018379
2001,TGN,S&P Capital IQ,transporte,Millones de pesos 2018,patrimonio_neto_total,36358.67540018379
2001,TGN,S&P Capital IQ,transporte,Millones de pesos 2018,ppye,79599.99956032338
2001,TGN,S&P Capital IQ,transporte,Millones de pesos 2018,ppye_neta,67933.98447827024
2001,TGN,S&P Capital IQ,transporte,Millones de pesos 2018,utilidad_neta,1542.9533313955185
2001,TGN,S&P Capital IQ,transporte,Millones de pesos 2018,utilidad_neta_empresa,1542.9533313955185
2001,TGN,S&P Capital IQ,transporte,Millones de pesos 2018,utilidad_operativa,7397.918137736275
2001,TGN,S&P Capital IQ,transporte,Millones de pesos 2018,ventas,14361.417935754971
2001,TGN,S&P Capital IQ,transporte,Millones de pesos 2018,ventas_raw,14361.417935754971
2002,TGN,S&P Capital IQ,transporte,Millones de pesos 2018,activo,68120.61271650855
2002,TGN,S&P Capital IQ,transporte,Millones de pesos 2018,activo_corr,5205.092202768132
2002,TGN,S&P Capital IQ,transporte,Millones de pesos 2018,cash_st_inv,3562.398636437125
2002,TGN,S&P Capital IQ,transporte,Millones de pesos 2018,costo_ventas,5218.401641936531
2002,TGN,S&P Capital IQ,transporte,Millones de pesos 2018,deuda_lp,29518.557205103487
2002,TGN,S&P Capital IQ,transporte,Millones de pesos 2018,deuda_neta,38015.71661054473
2002,TGN,S&P Capital IQ,transporte,Millones de pesos 2018,deuda_total,41578.115246981855
2002,TGN,S&P Capital IQ,transporte,Millones de pesos 2018,ebit,3548.6735660136765
2002,TGN,S&P Capital IQ,transporte,Millones de pesos 2018,ebitda,6239.712716431213
2002,TGN,S&P Capital IQ,transporte,Millones de pesos 2018,ebt,-3804.6722598037436
2002,TGN,S&P Capital IQ,transporte,Millones de pesos 2018,ganancia_bruta,5054.63623070771
2002,TGN,S&P Capital IQ,transporte,Millones de pesos 2018,impuesto_ganancias,238.63705479280705
2002,TGN,S&P Capital IQ,transporte,Millones de pesos 2018,pasivo,43993.40187870605
2002,TGN,S&P Capital IQ,transporte,Millones de pesos 2018,patrimonio_neto,24127.210837802486
2002,TGN,S&P Capital IQ,transporte,Millones de pesos 2018,patrimonio_neto_total,24127.210837802486
2002,TGN,S&P Capital IQ,transporte,Millones de pesos 2018,ppye,73818.31172766208
2002,TGN,S&P Capital IQ,transporte,Millones de pesos 2018,ppye_neta,61994.33494451971
2002,TGN,S&P Capital IQ,transporte,Millones de pesos 2018,utilidad_neta,-4042.902198723315
2002,TGN,S&P Capital IQ,transporte,Millones de pesos 2018,utilidad_neta_empresa,-4042.902198723315
2002,TGN,S&P Capital IQ,transporte,Millones de pesos 2018,utilidad_operativa,3548.6735660136765
2002,TGN,S&P Capital IQ,transporte,Millones de pesos 2018,ventas,10273.037872644238
2002,TGN,S&P Capital IQ,transporte,Millones de pesos 2018,ventas_raw,10273.037872644238
2003,TGN,S&P Capital IQ,transporte,Millones de pesos 2018,KTA,48610.48374220471
2003,TGN,S&P Capital IQ,transporte,Millones de pesos 2018,activo,52247.86214579241
2003,TGN,S&P Capital IQ,transporte,Millones de pesos 2018,activo_corr,6160.245747232702
2003,TGN,S&P Capital IQ,transporte,Millones de pesos 2018,cash_st_inv,4690.881049596712
2003,TGN,S&P Capital IQ,transporte,Millones de pesos 2018,costo_ventas,4103.341151243135
2003,TGN,S&P Capital IQ,transporte,Millones de pesos 2018,deuda_lp,17874.662177614744
2003,TGN,S&P Capital IQ,transporte,Millones de pesos 2018,deuda_neta,28781.25201200348
2003,TGN,S&P Capital IQ,transporte,Millones de pesos 2018,deuda_total,33472.133061600194
2003,TGN,S&P Capital IQ,transporte,Millones de pesos 2018,ebit,2824.3350776969155
2003,TGN,S&P Capital IQ,transporte,Millones de pesos 2018,ebitda,4897.722538913573
2003,TGN,S&P Capital IQ,transporte,Millones de pesos 2018,ebt,-5935.095205698187
2003,TGN,S&P Capital IQ,transporte,Millones de pesos 2018,ganancia_bruta,3515.351901073208
2003,TGN,S&P Capital IQ,transporte,Millones de pesos 2018,impuesto_ganancias,-1606.9752361998699
2003,TGN,S&P Capital IQ,transporte,Millones de pesos 2018,inventarios,142.84224304064185
2003,TGN,S&P Capital IQ,transporte,Millones de pesos 2018,pasivo,35307.43925275028
2003,TGN,S&P Capital IQ,transporte,Millones de pesos 2018,patrimonio_neto,16940.42289304218
2003,TGN,S&P Capital IQ,transporte,Millones de pesos 2018,patrimonio_neto_total,16940.42289304218
2003,TGN,S&P Capital IQ,transporte,Millones de pesos 2018,ppye,55776.67969766268
2003,TGN,S&P Capital IQ,transporte,Millones de pesos 2018,ppye_neta,43776.76044956736
2003,TGN,S&P Capital IQ,transporte,Millones de pesos 2018,utilidad_neta,-4328.119969498317
2003,TGN,S&P Capital IQ,transporte,Millones de pesos 2018,utilidad_neta_empresa,-4328.119969498317
2003,TGN,S&P Capital IQ,transporte,Millones de pesos 2018,utilidad_operativa,2824.3350776969155
2003,TGN,S&P Capital IQ,transporte,Millones de pesos 2018,ventas,7618.693052316343
2003,TGN,S&P Capital IQ,transporte,Millones de pesos 2018,ventas_raw,7618.693052316343
2004,TGN,S&P Capital IQ,transporte,Millones de pesos 2018,KTA,47557.27068068366
2004,TGN,S&P Capital IQ,transporte,Millones de pesos 2018,activo,51871.71701901533
2004,TGN,S&P Capital IQ,transporte,Millones de pesos 2018,activo_corr,7868.283451126119
2004,TGN,S&P Capital IQ,transporte,Millones de pesos 2018,cash_st_inv,6572.2465108467995
2004,TGN,S&P Capital IQ,transporte,Millones de pesos 2018,costo_ventas,4029.850411088904
2004,TGN,S&P Capital IQ,transporte,Millones de pesos 2018,deuda_lp,14068.443907250386
2004,TGN,S&P Capital IQ,transporte,Millones de pesos 2018,deuda_neta,27673.001687845423
2004,TGN,S&P Capital IQ,transporte,Millones de pesos 2018,deuda_total,34245.24819869222
2004,TGN,S&P Capital IQ,transporte,Millones de pesos 2018,ebit,2636.8484452002654
2004,TGN,S&P Capital IQ,transporte,Millones de pesos 2018,ebitda,4608.90104539613
2004,TGN,S&P Capital IQ,transporte,Millones de pesos 2018,ebt,-1022.9958531167244
2004,TGN,S&P Capital IQ,transporte,Millones de pesos 2018,ganancia_bruta,3334.20443736806
2004,TGN,S&P Capital IQ,transporte,Millones de pesos 2018,impuesto_ganancias,-456.97276687447595
2004,TGN,S&P Capital IQ,transporte,Millones de pesos 2018,inventarios,100.80384253104853
2004,TGN,S&P Capital IQ,transporte,Millones de pesos 2018,pasivo,36384.21953831202
2004,TGN,S&P Capital IQ,transporte,Millones de pesos 2018,patrimonio_neto,15487.497480703307
2004,TGN,S&P Capital IQ,transporte,Millones de pesos 2018,patrimonio_neto_total,15487.497480703307
2004,TGN,S&P Capital IQ,transporte,Millones de pesos 2018,ppye,54122.76436358179
2004,TGN,S&P Capital IQ,transporte,Millones de pesos 2018,ppye_neta,40884.22032730581
2004,TGN,S&P Capital IQ,transporte,Millones de pesos 2018,utilidad_neta,-566.0230862422486
2004,TGN,S&P Capital IQ,transporte,Millones de pesos 2018,utilidad_neta_empresa,-566.0230862422486
2004,TGN,S&P Capital IQ,transporte,Millones de pesos 2018,utilidad_operativa,2636.8484452002654
2004,TGN,S&P Capital IQ,transporte,Millones de pesos 2018,ventas,7364.0548484569645
2004,TGN,S&P Capital IQ,transporte,Millones de pesos 2018,ventas_raw,7364.0548484569645
2005,TGN,S&P Capital IQ,transporte,Millones de pesos 2018,KTA,44551.216314884
2005,TGN,S&P Capital IQ,transporte,Millones de pesos 2018,activo,49543.85615168123
2005,TGN,S&P Capital IQ,transporte,Millones de pesos 2018,activo_corr,9191.08721115855
2005,TGN,S&P Capital IQ,transporte,Millones de pesos 2018,cash_st_inv,7560.305462049138
2005,TGN,S&P Capital IQ,transporte,Millones de pesos 2018,costo_ventas,4035.3532847265697
2005,TGN,S&P Capital IQ,transporte,Millones de pesos 2018,deuda_lp,11514.398166986964
2005,TGN,S&P Capital IQ,transporte,Millones de pesos 2018,deuda_neta,25767.37017825273
2005,TGN,S&P Capital IQ,transporte,Millones de pesos 2018,deuda_total,33327.67564030187
2005,TGN,S&P Capital IQ,transporte,Millones de pesos 2018,ebit,2193.765103991284
2005,TGN,S&P Capital IQ,transporte,Millones de pesos 2018,ebitda,4004.749270834334
2005,TGN,S&P Capital IQ,transporte,Millones de pesos 2018,ebt,-1131.1787817983343
2005,TGN,S&P Capital IQ,transporte,Millones de pesos 2018,ganancia_bruta,3131.8584991435655
2005,TGN,S&P Capital IQ,transporte,Millones de pesos 2018,impuesto_ganancias,-401.2300807233409
2005,TGN,S&P Capital IQ,transporte,Millones de pesos 2018,inventarios,137.16900454351537
2005,TGN,S&P Capital IQ,transporte,Millones de pesos 2018,pasivo,35992.85077835551
2005,TGN,S&P Capital IQ,transporte,Millones de pesos 2018,patrimonio_neto,13551.00537332571
2005,TGN,S&P Capital IQ,transporte,Millones de pesos 2018,patrimonio_neto_total,13551.00537332571
2005,TGN,S&P Capital IQ,transporte,Millones de pesos 2018,ppye,50653.66941677487
2005,TGN,S&P Capital IQ,transporte,Millones de pesos 2018,ppye_neta,36853.74184829134
2005,TGN,S&P Capital IQ,transporte,Millones de pesos 2018,utilidad_neta,-725.114603716881
2005,TGN,S&P Capital IQ,transporte,Millones de pesos 2018,utilidad_neta_empresa,-725.114603716881
2005,TGN,S&P Capital IQ,transporte,Millones de pesos 2018,utilidad_operativa,2193.765103991284
2005,TGN,S&P Capital IQ,transporte,Millones de pesos 2018,ventas,7167.211783870135
2005,TGN,S&P Capital IQ,transporte,Millones de pesos 2018,ventas_raw,7167.211783870135
2006,TGN,S&P Capital IQ,transporte,Millones de pesos 2018,KTA,33129.72982589174
2006,TGN,S&P Capital IQ,transporte,Millones de pesos 2018,activo,38006.63452174883
2006,TGN,S&P Capital IQ,transporte,Millones de pesos 2018,activo_corr,2423.7356007847775
2006,TGN,S&P Capital IQ,transporte,Millones de pesos 2018,cash_st_inv,596.5915282892308
2006,TGN,S&P Capital IQ,transporte,Millones de pesos 2018,costo_ventas,3502.786731439919
2006,TGN,S&P Capital IQ,transporte,Millones de pesos 2018,deuda_lp,16339.908920891176
2006,TGN,S&P Capital IQ,transporte,Millones de pesos 2018,deuda_neta,17080.15197420146
2006,TGN,S&P Capital IQ,transporte,Millones de pesos 2018,deuda_total,17676.743502490688
2006,TGN,S&P Capital IQ,transporte,Millones de pesos 2018,ebit,2676.166202694899
2006,TGN,S&P Capital IQ,transporte,Millones de pesos 2018,ebitda,4305.714086577571
2006,TGN,S&P Capital IQ,transporte,Millones de pesos 2018,ebt,3323.4017101848585
2006,TGN,S&P Capital IQ,transporte,Millones de pesos 2018,ganancia_bruta,3770.4865863592718
2006,TGN,S&P Capital IQ,transporte,Millones de pesos 2018,impuesto_ganancias,234.44904737951418
2006,TGN,S&P Capital IQ,transporte,Millones de pesos 2018,inventarios,145.5888832506073
2006,TGN,S&P Capital IQ,transporte,Millones de pesos 2018,pasivo,19669.266213781702
2006,TGN,S&P Capital IQ,transporte,Millones de pesos 2018,patrimonio_neto,18337.36830796713
2006,TGN,S&P Capital IQ,transporte,Millones de pesos 2018,patrimonio_neto_total,18337.36830796713
2006,TGN,S&P Capital IQ,transporte,Millones de pesos 2018,ppye,46370.827083209384
2006,TGN,S&P Capital IQ,transporte,Millones de pesos 2018,ppye_neta,32387.549414351906
2006,TGN,S&P Capital IQ,transporte,Millones de pesos 2018,utilidad_neta,3088.9526628053445
2006,TGN,S&P Capital IQ,transporte,Millones de pesos 2018,utilidad_neta_empresa,3088.9526628053445
2006,TGN,S&P Capital IQ,transporte,Millones de pesos 2018,utilidad_operativa,2676.166202694899
2006,TGN,S&P Capital IQ,transporte,Millones de pesos 2018,ventas,7273.27331779919
2006,TGN,S&P Capital IQ,transporte,Millones de pesos 2018,ventas_raw,7273.27331779919
2007,TGN,S&P Capital IQ,transporte,Millones de pesos 2018,KTA,28853.38401559321
2007,TGN,S&P Capital IQ,transporte,Millones de pesos 2018,activo,33167.47641894332
2007,TGN,S&P Capital IQ,transporte,Millones de pesos 2018,activo_corr,2269.9858399801146
2007,TGN,S&P Capital IQ,transporte,Millones de pesos 2018,cash_st_inv,850.6228525548277
2007,TGN,S&P Capital IQ,transporte,Millones de pesos 2018,costo_ventas,3369.8639805791827
2007,TGN,S&P Capital IQ,transporte,Millones de pesos 2018,deuda_lp,13317.524377311665
2007,TGN,S&P Capital IQ,transporte,Millones de pesos 2018,deuda_neta,13798.534671224443
2007,TGN,S&P Capital IQ,transporte,Millones de pesos 2018,deuda_total,14649.15752377927
2007,TGN,S&P Capital IQ,transporte,Millones de pesos 2018,ebit,2584.2675572254498
2007,TGN,S&P Capital IQ,transporte,Millones de pesos 2018,ebitda,4086.550663386089
2007,TGN,S&P Capital IQ,transporte,Millones de pesos 2018,ebt,931.1571460189462
2007,TGN,S&P Capital IQ,transporte,Millones de pesos 2018,ganancia_bruta,3210.7497398837654
2007,TGN,S&P Capital IQ,transporte,Millones de pesos 2018,impuesto_ganancias,174.15255424016678
2007,TGN,S&P Capital IQ,transporte,Millones de pesos 2018,inventarios,144.152070510388
2007,TGN,S&P Capital IQ,transporte,Millones de pesos 2018,pasivo,16520.482113384056
2007,TGN,S&P Capital IQ,transporte,Millones de pesos 2018,patrimonio_neto,16646.994305559252
2007,TGN,S&P Capital IQ,transporte,Millones de pesos 2018,patrimonio_neto_total,16646.994305559252
2007,TGN,S&P Capital IQ,transporte,Millones de pesos 2018,ppye,41687.24577196184
2007,TGN,S&P Capital IQ,transporte,Millones de pesos 2018,ppye_neta,27858.60909252799
2007,TGN,S&P Capital IQ,transporte,Millones de pesos 2018,utilidad_neta,757.0045917787793
2007,TGN,S&P Capital IQ,transporte,Millones de pesos 2018,utilidad_neta_empresa,757.0045917787793
2007,TGN,S&P Capital IQ,transporte,Millones de pesos 2018,utilidad_operativa,2584.2675572254498
2007,TGN,S&P Capital IQ,transporte,Millones de pesos 2018,ventas,6580.6137204629495
2007,TGN,S&P Capital IQ,transporte,Millones de pesos 2018,ventas_raw,6580.6137204629495
2008,TGN,S&P Capital IQ,transporte,Millones de pesos 2018,KTA,23609.879891992165
2008,TGN,S&P Capital IQ,transporte,Millones de pesos 2018,activo,27310.211686453596
2008,TGN,S&P Capital IQ,transporte,Millones de pesos 2018,activo_corr,2536.1002654956037
2008,TGN,S&P Capital IQ,transporte,Millones de pesos 2018,cash_st_inv,1593.3408362751873
2008,TGN,S&P Capital IQ,transporte,Millones de pesos 2018,costo_ventas,3003.8272374430953
2008,TGN,S&P Capital IQ,transporte,Millones de pesos 2018,deuda_neta,10958.072772456677
2008,TGN,S&P Capital IQ,transporte,Millones de pesos 2018,deuda_total,12551.413608731864
2008,TGN,S&P Capital IQ,transporte,Millones de pesos 2018,ebit,1664.1502358246812
2008,TGN,S&P Capital IQ,transporte,Millones de pesos 2018,ebitda,2944.2347587048903
2008,TGN,S&P Capital IQ,transporte,Millones de pesos 2018,ebt,-271.4743180421443
2008,TGN,S&P Capital IQ,transporte,Millones de pesos 2018,ganancia_bruta,2216.438717799714
2008,TGN,S&P Capital IQ,transporte,Millones de pesos 2018,impuesto_ganancias,76.94559331434142
2008,TGN,S&P Capital IQ,transporte,Millones de pesos 2018,inventarios,125.99375258141757
2008,TGN,S&P Capital IQ,transporte,Millones de pesos 2018,pasivo,14083.475289061982
2008,TGN,S&P Capital IQ,transporte,Millones de pesos 2018,patrimonio_neto,13226.73639739161
2008,TGN,S&P Capital IQ,transporte,Millones de pesos 2018,patrimonio_neto_total,13226.73639739161
2008,TGN,S&P Capital IQ,transporte,Millones de pesos 2018,ppye,34410.470821434996
2008,TGN,S&P Capital IQ,transporte,Millones de pesos 2018,ppye_neta,21890.54530313556
2008,TGN,S&P Capital IQ,transporte,Millones de pesos 2018,utilidad_neta,-346.4869585537894
2008,TGN,S&P Capital IQ,transporte,Millones de pesos 2018,utilidad_neta_empresa,-346.4869585537894
2008,TGN,S&P Capital IQ,transporte,Millones de pesos 2018,utilidad_operativa,1664.1502358246812
2008,TGN,S&P Capital IQ,transporte,Millones de pesos 2018,ventas,5220.26595524281
2008,TGN,S&P Capital IQ,transporte,Millones de pesos 2018,ventas_raw,5220.26595524281
2009,TGN,S&P Capital IQ,transporte,Millones de pesos 2018,KTA,21384.379091443992
2009,TGN,S&P Capital IQ,transporte,Millones de pesos 2018,activo,25931.396978924164
2009,TGN,S&P Capital IQ,transporte,Millones de pesos 2018,activo_corr,4162.6645072209985
2009,TGN,S&P Capital IQ,transporte,Millones de pesos 2018,cash_st_inv,2638.2432638826513
2009,TGN,S&P Capital IQ,transporte,Millones de pesos 2018,costo_ventas,2893.953273145306
2009,TGN,S&P Capital IQ,transporte,Millones de pesos 2018,deuda_neta,10329.860869230928
2009,TGN,S&P Capital IQ,transporte,Millones de pesos 2018,deuda_total,12968.104133113578
2009,TGN,S&P Capital IQ,transporte,Millones de pesos 2018,ebit,1335.2043057912194
2009,TGN,S&P Capital IQ,transporte,Millones de pesos 2018,ebitda,2471.109594462185
2009,TGN,S&P Capital IQ,transporte,Millones de pesos 2018,ebt,-482.62347300738173
2009,TGN,S&P Capital IQ,transporte,Millones de pesos 2018,ganancia_bruta,1889.997989254002
2009,TGN,S&P Capital IQ,transporte,Millones de pesos 2018,impuesto_ganancias,-17.114307553453255
2009,TGN,S&P Capital IQ,transporte,Millones de pesos 2018,inventarios,135.27465836543809
2009,TGN,S&P Capital IQ,transporte,Millones de pesos 2018,pasivo,14879.11321223758
2009,TGN,S&P Capital IQ,transporte,Millones de pesos 2018,patrimonio_neto,11052.283766686582
2009,TGN,S&P Capital IQ,transporte,Millones de pesos 2018,patrimonio_neto_total,11052.283766686582
2009,TGN,S&P Capital IQ,transporte,Millones de pesos 2018,ppye,30627.492693586602
2009,TGN,S&P Capital IQ,transporte,Millones de pesos 2018,ppye_neta,18610.861169195905
2009,TGN,S&P Capital IQ,transporte,Millones de pesos 2018,utilidad_neta,-465.50916545392846
2009,TGN,S&P Capital IQ,transporte,Millones de pesos 2018,utilidad_neta_empresa,-465.50916545392846
2009,TGN,S&P Capital IQ,transporte,Millones de pesos 2018,utilidad_operativa,1335.2043057912194
2009,TGN,S&P Capital IQ,transporte,Millones de pesos 2018,ventas,4783.951262399308
2009,TGN,S&P Capital IQ,transporte,Millones de pesos 2018,ventas_raw,4783.951262399308
2010,TGN,S&P Capital IQ,transporte,Millones de pesos 2018,KTA,18033.653475814743
2010,TGN,S&P Capital IQ,transporte,Millones de pesos 2018,activo,22811.377423535036
2010,TGN,S&P Capital IQ,transporte,Millones de pesos 2018,activo_corr,5174.493046831722
2010,TGN,S&P Capital IQ,transporte,Millones de pesos 2018,cash_st_inv,3511.242939797141
2010,TGN,S&P Capital IQ,transporte,Millones de pesos 2018,costo_ventas,2490.5724913729314
2010,TGN,S&P Capital IQ,transporte,Millones de pesos 2018,deuda_neta,8208.247095516545
2010,TGN,S&P Capital IQ,transporte,Millones de pesos 2018,deuda_total,11719.490035313685
2010,TGN,S&P Capital IQ,transporte,Millones de pesos 2018,ebit,415.6478655421466
2010,TGN,S&P Capital IQ,transporte,Millones de pesos 2018,ebitda,1356.815583130889
2010,TGN,S&P Capital IQ,transporte,Millones de pesos 2018,ebt,1009.5951918188546
2010,TGN,S&P Capital IQ,transporte,Millones de pesos 2018,ganancia_bruta,1054.9414590058736
2010,TGN,S&P Capital IQ,transporte,Millones de pesos 2018,impuesto_ganancias,486.5166212864318
2010,TGN,S&P Capital IQ,transporte,Millones de pesos 2018,inventarios,126.46697345416685
2010,TGN,S&P Capital IQ,transporte,Millones de pesos 2018,pasivo,13506.257532272111
2010,TGN,S&P Capital IQ,transporte,Millones de pesos 2018,patrimonio_neto,9305.119891262924
2010,TGN,S&P Capital IQ,transporte,Millones de pesos 2018,patrimonio_neto_total,9305.119891262924
2010,TGN,S&P Capital IQ,transporte,Millones de pesos 2018,ppye,24865.35427895388
2010,TGN,S&P Capital IQ,transporte,Millones de pesos 2018,ppye_neta,14395.943562563434
2010,TGN,S&P Capital IQ,transporte,Millones de pesos 2018,utilidad_neta,523.0785705324226
2010,TGN,S&P Capital IQ,transporte,Millones de pesos 2018,utilidad_neta_empresa,523.0785705324226
2010,TGN,S&P Capital IQ,transporte,Millones de pesos 2018,utilidad_operativa,415.6478655421466
2010,TGN,S&P Capital IQ,transporte,Millones de pesos 2018,ventas,3545.5139503788055
2010,TGN,S&P Capital IQ,transporte,Millones de pesos 2018,ventas_raw,3545.5139503788055
2011,TGN,S&P Capital IQ,transporte,Millones de pesos 2018,KTA,15103.376895055317
2011,TGN,S&P Capital IQ,transporte,Millones de pesos 2018,activo,18774.223557254452
2011,TGN,S&P Capital IQ,transporte,Millones de pesos 2018,activo_corr,5633.610444046156
2011,TGN,S&P Capital IQ,transporte,Millones de pesos 2018,cash_st_inv,3799.1090949204972
2011,TGN,S&P Capital IQ,transporte,Millones de pesos 2018,costo_ventas,2048.9329685871767
2011,TGN,S&P Capital IQ,transporte,Millones de pesos 2018,deuda_neta,7428.434775811888
2011,TGN,S&P Capital IQ,transporte,Millones de pesos 2018,deuda_total,11227.543870732385
2011,TGN,S&P Capital IQ,transporte,Millones de pesos 2018,ebit,-330.96840706482755
2011,TGN,S&P Capital IQ,transporte,Millones de pesos 2018,ebitda,437.938547380943
2011,TGN,S&P Capital IQ,transporte,Millones de pesos 2018,ebt,-1201.9378993406895
2011,TGN,S&P Capital IQ,transporte,Millones de pesos 2018,ganancia_bruta,303.27137467782234
2011,TGN,S&P Capital IQ,transporte,Millones de pesos 2018,impuesto_ganancias,-415.5768720287684
2011,TGN,S&P Capital IQ,transporte,Millones de pesos 2018,inventarios,104.46431493715058
2011,TGN,S&P Capital IQ,transporte,Millones de pesos 2018,pasivo,13884.453140584483
2011,TGN,S&P Capital IQ,transporte,Millones de pesos 2018,patrimonio_neto,4889.770416669971
2011,TGN,S&P Capital IQ,transporte,Millones de pesos 2018,patrimonio_neto_total,4889.770416669971
2011,TGN,S&P Capital IQ,transporte,Millones de pesos 2018,ppye,20408.345563900235
2011,TGN,S&P Capital IQ,transporte,Millones de pesos 2018,ppye_neta,11199.80348519767
2011,TGN,S&P Capital IQ,transporte,Millones de pesos 2018,utilidad_neta,-786.3610273119211
2011,TGN,S&P Capital IQ,transporte,Millones de pesos 2018,utilidad_neta_empresa,-786.3610273119211
2011,TGN,S&P Capital IQ,transporte,Millones de pesos 2018,utilidad_operativa,-330.96840706482755
2011,TGN,S&P Capital IQ,transporte,Millones de pesos 2018,ventas,2352.204343264999
2011,TGN,S&P Capital IQ,transporte,Millones de pesos 2018,ventas_raw,2352.204343264999
2012,TGN,S&P Capital IQ,transporte,Millones de pesos 2018,KTA,10798.186843852156
2012,TGN,S&P Capital IQ,transporte,Millones de pesos 2018,activo,13256.715517819533
2012,TGN,S&P Capital IQ,transporte,Millones de pesos 2018,activo_corr,2984.195802175246
2012,TGN,S&P Capital IQ,transporte,Millones de pesos 2018,cash_st_inv,2071.966650196593
2012,TGN,S&P Capital IQ,transporte,Millones de pesos 2018,costo_ventas,1843.5610617959146
2012,TGN,S&P Capital IQ,transporte,Millones de pesos 2018,deuda_lp,4942.766125554555
2012,TGN,S&P Capital IQ,transporte,Millones de pesos 2018,deuda_neta,3278.437180072565
2012,TGN,S&P Capital IQ,transporte,Millones de pesos 2018,deuda_total,5350.403830269158
2012,TGN,S&P Capital IQ,transporte,Millones de pesos 2018,ebit,-268.95757392425946
2012,TGN,S&P Capital IQ,transporte,Millones de pesos 2018,ebitda,365.6733497563697
2012,TGN,S&P Capital IQ,transporte,Millones de pesos 2018,ebt,1536.9959272508802
2012,TGN,S&P Capital IQ,transporte,Millones de pesos 2018,ganancia_bruta,455.1327896099563
2012,TGN,S&P Capital IQ,transporte,Millones de pesos 2018,impuesto_ganancias,533.6429737469452
2012,TGN,S&P Capital IQ,transporte,Millones de pesos 2018,inventarios,90.73108697353312
2012,TGN,S&P Capital IQ,transporte,Millones de pesos 2018,pasivo,8313.617454965286
2012,TGN,S&P Capital IQ,transporte,Millones de pesos 2018,patrimonio_neto,4943.098062854247
2012,TGN,S&P Capital IQ,transporte,Millones de pesos 2018,patrimonio_neto_total,4943.098062854247
2012,TGN,S&P Capital IQ,transporte,Millones de pesos 2018,ppye,16629.259259941373
2012,TGN,S&P Capital IQ,transporte,Millones de pesos 2018,ppye_neta,8635.489106682031
2012,TGN,S&P Capital IQ,transporte,Millones de pesos 2018,utilidad_neta,1003.3529535039349
2012,TGN,S&P Capital IQ,transporte,Millones de pesos 2018,utilidad_neta_empresa,1003.3529535039349
2012,TGN,S&P Capital IQ,transporte,Millones de pesos 2018,utilidad_operativa,-268.95757392425946
2012,TGN,S&P Capital IQ,transporte,Millones de pesos 2018,ventas,2298.693851405871
2012,TGN,S&P Capital IQ,transporte,Millones de pesos 2018,ventas_raw,2298.693851405871
2013,TGN,S&P Capital IQ,transporte,Millones de pesos 2018,KTA,9133.837138323128
2013,TGN,S&P Capital IQ,transporte,Millones de pesos 2018,activo,11651.704673724107
2013,TGN,S&P Capital IQ,transporte,Millones de pesos 2018,activo_corr,3003.7556407837224
2013,TGN,S&P Capital IQ,transporte,Millones de pesos 2018,cash_st_inv,2427.836408845915
2013,TGN,S&P Capital IQ,transporte,Millones de pesos 2018,costo_ventas,1729.9447919753025
2013,TGN,S&P Capital IQ,transporte,Millones de pesos 2018,deuda_lp,4727.11315161951
2013,TGN,S&P Capital IQ,transporte,Millones de pesos 2018,deuda_neta,2515.387093573925
2013,TGN,S&P Capital IQ,transporte,Millones de pesos 2018,deuda_total,4943.223502419839
2013,TGN,S&P Capital IQ,transporte,Millones de pesos 2018,ebit,-542.310730931256
2013,TGN,S&P Capital IQ,transporte,Millones de pesos 2018,ebitda,-43.578540878404496
2013,TGN,S&P Capital IQ,transporte,Millones de pesos 2018,ebt,183.18879804782623
2013,TGN,S&P Capital IQ,transporte,Millones de pesos 2018,ganancia_bruta,66.91623078647335
2013,TGN,S&P Capital IQ,transporte,Millones de pesos 2018,impuesto_ganancias,75.96538757170366
2013,TGN,S&P Capital IQ,transporte,Millones de pesos 2018,inventarios,43.04012158293172
2013,TGN,S&P Capital IQ,transporte,Millones de pesos 2018,pasivo,7618.446851151844
2013,TGN,S&P Capital IQ,transporte,Millones de pesos 2018,patrimonio_neto,4033.2578225722636
2013,TGN,S&P Capital IQ,transporte,Millones de pesos 2018,patrimonio_neto_total,4033.2578225722636
2013,TGN,S&P Capital IQ,transporte,Millones de pesos 2018,ppye,13506.362218998034
2013,TGN,S&P Capital IQ,transporte,Millones de pesos 2018,ppye_neta,6662.960607894282
2013,TGN,S&P Capital IQ,transporte,Millones de pesos 2018,utilidad_neta,107.22341047612255
2013,TGN,S&P Capital IQ,transporte,Millones de pesos 2018,utilidad_neta_empresa,107.22341047612255
2013,TGN,S&P Capital IQ,transporte,Millones de pesos 2018,utilidad_operativa,-542.310730931256
2013,TGN,S&P Capital IQ,transporte,Millones de pesos 2018,ventas,1796.8610227617755
2013,TGN,S&P Capital IQ,transporte,Millones de pesos 2018,ventas_raw,1796.8610227617755
2014,TGN,S&P Capital IQ,transporte,Millones de pesos 2018,KTA,6321.840005576905
2014,TGN,S&P Capital IQ,transporte,Millones de pesos 2018,activo,8481.589327431922
2014,TGN,S&P Capital IQ,transporte,Millones de pesos 2018,activo_corr,1885.3094310295376
2014,TGN,S&P Capital IQ,transporte,Millones de pesos 2018,cash_st_inv,1520.4079772448947
2014,TGN,S&P Capital IQ,transporte,Millones de pesos 2018,costo_ventas,1610.8773473640615
2014,TGN,S&P Capital IQ,transporte,Millones de pesos 2018,deuda_lp,4387.441754832782
2014,TGN,S&P Capital IQ,transporte,Millones de pesos 2018,deuda_neta,3084.4579789086833
2014,TGN,S&P Capital IQ,transporte,Millones de pesos 2018,deuda_total,4604.865956153579
2014,TGN,S&P Capital IQ,transporte,Millones de pesos 2018,ebit,-645.4881844239445
2014,TGN,S&P Capital IQ,transporte,Millones de pesos 2018,ebitda,-287.1309510023753
2014,TGN,S&P Capital IQ,transporte,Millones de pesos 2018,ebt,-1010.5228818223129
2014,TGN,S&P Capital IQ,transporte,Millones de pesos 2018,ganancia_bruta,-122.42017290798947
2014,TGN,S&P Capital IQ,transporte,Millones de pesos 2018,impuesto_ganancias,-342.7764841423706
2014,TGN,S&P Capital IQ,transporte,Millones de pesos 2018,inventarios,37.76063054968099
2014,TGN,S&P Capital IQ,transporte,Millones de pesos 2018,pasivo,6322.756045683969
2014,TGN,S&P Capital IQ,transporte,Millones de pesos 2018,patrimonio_neto,2158.833281747954
2014,TGN,S&P Capital IQ,transporte,Millones de pesos 2018,patrimonio_neto_total,2158.833281747954
2014,TGN,S&P Capital IQ,transporte,Millones de pesos 2018,ppye,9912.358095904678
2014,TGN,S&P Capital IQ,transporte,Millones de pesos 2018,ppye_neta,4763.67139778233
2014,TGN,S&P Capital IQ,transporte,Millones de pesos 2018,utilidad_neta,-667.7463976799426
2014,TGN,S&P Capital IQ,transporte,Millones de pesos 2018,utilidad_neta_empresa,-667.7463976799426
2014,TGN,S&P Capital IQ,transporte,Millones de pesos 2018,utilidad_operativa,-645.4881844239445
2014,TGN,S&P Capital IQ,transporte,Millones de pesos 2018,ventas,1488.4194403243794
2014,TGN,S&P Capital IQ,transporte,Millones de pesos 2018,ventas_raw,1488.4194403243794
2015,TGN,S&P Capital IQ,transporte,Millones de pesos 2018,KTA,4520.537963644228
2015,TGN,S&P Capital IQ,transporte,Millones de pesos 2018,activo,7968.330696988218
2015,TGN,S&P Capital IQ,transporte,Millones de pesos 2018,activo_corr,1532.0052993690583
2015,TGN,S&P Capital IQ,transporte,Millones de pesos 2018,cash_st_inv,692.7052254370045
2015,TGN,S&P Capital IQ,transporte,Millones de pesos 2018,costo_ventas,1735.4044436882339
2015,TGN,S&P Capital IQ,transporte,Millones de pesos 2018,deuda_lp,5621.332718092319
2015,TGN,S&P Capital IQ,transporte,Millones de pesos 2018,deuda_neta,5190.551901257181
2015,TGN,S&P Capital IQ,transporte,Millones de pesos 2018,deuda_total,5883.257126694185
2015,TGN,S&P Capital IQ,transporte,Millones de pesos 2018,ebit,-673.5512777789418
2015,TGN,S&P Capital IQ,transporte,Millones de pesos 2018,ebitda,-375.3783801060506
2015,TGN,S&P Capital IQ,transporte,Millones de pesos 2018,ebt,-1634.6264211710288
2015,TGN,S&P Capital IQ,transporte,Millones de pesos 2018,ganancia_bruta,-186.35806104555704
2015,TGN,S&P Capital IQ,transporte,Millones de pesos 2018,impuesto_ganancias,-569.7232151964172
2015,TGN,S&P Capital IQ,transporte,Millones de pesos 2018,inventarios,35.94706279701737
2015,TGN,S&P Capital IQ,transporte,Millones de pesos 2018,pasivo,7326.985174211323
2015,TGN,S&P Capital IQ,transporte,Millones de pesos 2018,patrimonio_neto,641.3455227768949
2015,TGN,S&P Capital IQ,transporte,Millones de pesos 2018,patrimonio_neto_total,641.3455227768949
2015,TGN,S&P Capital IQ,transporte,Millones de pesos 2018,ppye,8150.685501793153
2015,TGN,S&P Capital IQ,transporte,Millones de pesos 2018,ppye_neta,3791.885675410206
2015,TGN,S&P Capital IQ,transporte,Millones de pesos 2018,utilidad_neta,-1064.9032059746114
2015,TGN,S&P Capital IQ,transporte,Millones de pesos 2018,utilidad_neta_empresa,-1064.9032059746114
2015,TGN,S&P Capital IQ,transporte,Millones de pesos 2018,utilidad_operativa,-673.5512777789418
2015,TGN,S&P Capital IQ,transporte,Millones de pesos 2018,ventas,1548.238329214191
2015,TGN,S&P Capital IQ,transporte,Millones de pesos 2018,ventas_raw,1548.238329214191
2016,TGN,S&P Capital IQ,transporte,Millones de pesos 2018,KTA,3540.117682421976
2016,TGN,S&P Capital IQ,transporte,Millones de pesos 2018,activo,6784.241758709296
2016,TGN,S&P Capital IQ,transporte,Millones de pesos 2018,activo_corr,1303.1016886992854
2016,TGN,S&P Capital IQ,transporte,Millones de pesos 2018,cash_st_inv,534.0365275945168
2016,TGN,S&P Capital IQ,transporte,Millones de pesos 2018,costo_ventas,1654.675390753081
2016,TGN,S&P Capital IQ,transporte,Millones de pesos 2018,deuda_lp,4358.232722105864
2016,TGN,S&P Capital IQ,transporte,Millones de pesos 2018,deuda_neta,4538.354554256167
2016,TGN,S&P Capital IQ,transporte,Millones de pesos 2018,deuda_total,5072.391081850684
2016,TGN,S&P Capital IQ,transporte,Millones de pesos 2018,ebit,396.2789810158063
2016,TGN,S&P Capital IQ,transporte,Millones de pesos 2018,ebitda,631.9335565008665
2016,TGN,S&P Capital IQ,transporte,Millones de pesos 2018,ebt,-592.3462028827416
2016,TGN,S&P Capital IQ,transporte,Millones de pesos 2018,ganancia_bruta,1061.0915085291158
2016,TGN,S&P Capital IQ,transporte,Millones de pesos 2018,impuesto_ganancias,-210.71604055117294
2016,TGN,S&P Capital IQ,transporte,Millones de pesos 2018,inventarios,31.877167899097454
2016,TGN,S&P Capital IQ,transporte,Millones de pesos 2018,pasivo,6701.573024986754
2016,TGN,S&P Capital IQ,transporte,Millones de pesos 2018,patrimonio_neto,82.668733722541
2016,TGN,S&P Capital IQ,transporte,Millones de pesos 2018,patrimonio_neto_total,82.668733722541
2016,TGN,S&P Capital IQ,transporte,Millones de pesos 2018,ppye,6341.2198578347625
2016,TGN,S&P Capital IQ,transporte,Millones de pesos 2018,ppye_neta,2974.203986928362
2016,TGN,S&P Capital IQ,transporte,Millones de pesos 2018,utilidad_neta,-383.97145167102616
2016,TGN,S&P Capital IQ,transporte,Millones de pesos 2018,utilidad_neta_empresa,-383.97145167102616
2016,TGN,S&P Capital IQ,transporte,Millones de pesos 2018,utilidad_operativa,396.2789810158063
2016,TGN,S&P Capital IQ,transporte,Millones de pesos 2018,ventas,2715.7668992821973
2016,TGN,S&P Capital IQ,transporte,Millones de pesos 2018,ventas_raw,2715.7668992821973
2017,TGN,S&P Capital IQ,transporte,Millones de pesos 2018,KTA,39844.3873978389
2017,TGN,S&P Capital IQ,transporte,Millones de pesos 2018,activo,44868.77235587166
2017,TGN,S&P Capital IQ,transporte,Millones de pesos 2018,activo_corr,2974.130797931467
2017,TGN,S&P Capital IQ,transporte,Millones de pesos 2018,cash_st_inv,1065.9530300223498
2017,TGN,S&P Capital IQ,transporte,Millones de pesos 2018,costo_ventas,4563.024565603704
2017,TGN,S&P Capital IQ,transporte,Millones de pesos 2018,deuda_lp,7165.119384709613
2017,TGN,S&P Capital IQ,transporte,Millones de pesos 2018,deuda_neta,6154.487828005361
2017,TGN,S&P Capital IQ,transporte,Millones de pesos 2018,deuda_total,7220.44085802771
2017,TGN,S&P Capital IQ,transporte,Millones de pesos 2018,ebit,1887.9347536688986
2017,TGN,S&P Capital IQ,transporte,Millones de pesos 2018,ebitda,3456.5063719389286
2017,TGN,S&P Capital IQ,transporte,Millones de pesos 2018,ebt,1989.2889109122732
2017,TGN,S&P Capital IQ,transporte,Millones de pesos 2018,ganancia_bruta,2943.9287434567377
2017,TGN,S&P Capital IQ,transporte,Millones de pesos 2018,impuesto_ganancias,-601.6708667934233
2017,TGN,S&P Capital IQ,transporte,Millones de pesos 2018,inventarios,140.44452923055664
2017,TGN,S&P Capital IQ,transporte,Millones de pesos 2018,pasivo,17876.344129993395
2017,TGN,S&P Capital IQ,transporte,Millones de pesos 2018,patrimonio_neto,26992.428225878262
2017,TGN,S&P Capital IQ,transporte,Millones de pesos 2018,patrimonio_neto_total,26992.428225878262
2017,TGN,S&P Capital IQ,transporte,Millones de pesos 2018,ppye,39483.40756035725
2017,TGN,S&P Capital IQ,transporte,Millones de pesos 2018,ppye_neta,38637.989838586
2017,TGN,S&P Capital IQ,transporte,Millones de pesos 2018,utilidad_neta,2590.0195127970046
2017,TGN,S&P Capital IQ,transporte,Millones de pesos 2018,utilidad_neta_empresa,2590.0195127970046
2017,TGN,S&P Capital IQ,transporte,Millones de pesos 2018,utilidad_operativa,1887.9347536688986
2017,TGN,S&P Capital IQ,transporte,Millones de pesos 2018,ventas,7506.953309060441
2017,TGN,S&P Capital IQ,transporte,Millones de pesos 2018,ventas_raw,7506.953309060441
2018,TGN,S&P Capital IQ,transporte,Millones de pesos 2018,KTA,62718.186
2018,TGN,S&P Capital IQ,transporte,Millones de pesos 2018,activo,71177.66
2018,TGN,S&P Capital IQ,transporte,Millones de pesos 2018,activo_corr,10678.489
2018,TGN,S&P Capital IQ,transporte,Millones de pesos 2018,cash_st_inv,7931.388
2018,TGN,S&P Capital IQ,transporte,Millones de pesos 2018,costo_ventas,9243.178
2018,TGN,S&P Capital IQ,transporte,Millones de pesos 2018,deuda_lp,6363.462
2018,TGN,S&P Capital IQ,transporte,Millones de pesos 2018,deuda_neta,4959.699
2018,TGN,S&P Capital IQ,transporte,Millones de pesos 2018,deuda_total,12891.087
2018,TGN,S&P Capital IQ,transporte,Millones de pesos 2018,ebit,6695.278
2018,TGN,S&P Capital IQ,transporte,Millones de pesos 2018,ebitda,11904.529
2018,TGN,S&P Capital IQ,transporte,Millones de pesos 2018,ebt,3945.098
2018,TGN,S&P Capital IQ,transporte,Millones de pesos 2018,ganancia_bruta,9004.5
2018,TGN,S&P Capital IQ,transporte,Millones de pesos 2018,impuesto_ganancias,-1780.8449977739438
2018,TGN,S&P Capital IQ,transporte,Millones de pesos 2018,inventarios,85.77400000000002
2018,TGN,S&P Capital IQ,transporte,Millones de pesos 2018,pasivo,26447.421
2018,TGN,S&P Capital IQ,transporte,Millones de pesos 2018,patrimonio_neto,44730.239
2018,TGN,S&P Capital IQ,transporte,Millones de pesos 2018,patrimonio_neto_total,44730.239
2018,TGN,S&P Capital IQ,transporte,Millones de pesos 2018,ppye,55821.6
2018,TGN,S&P Capital IQ,transporte,Millones de pesos 2018,ppye_neta,54701.024
2018,TGN,S&P Capital IQ,transporte,Millones de pesos 2018,utilidad_neta,5725.5560000000005
2018,TGN,S&P Capital IQ,transporte,Millones de pesos 2018,utilidad_neta_empresa,5725.5560000000005
2018,TGN,S&P Capital IQ,transporte,Millones de pesos 2018,utilidad_operativa,6695.278
2018,TGN,S&P Capital IQ,transporte,Millones de pesos 2018,ventas,18247.678
2018,TGN,S&P Capital IQ,transporte,Millones de pesos 2018,ventas_raw,18247.678
2019,TGN,S&P Capital IQ,transporte,Millones de pesos 2018,KTA,47082.12779407327
2019,TGN,S&P Capital IQ,transporte,Millones de pesos 2018,activo,55487.09688296673
2019,TGN,S&P Capital IQ,transporte,Millones de pesos 2018,activo_corr,6701.7162454864365
2019,TGN,S&P Capital IQ,transporte,Millones de pesos 2018,cash_st_inv,3479.120868113892
2019,TGN,S&P Capital IQ,transporte,Millones de pesos 2018,costo_ventas,8805.536812117514
2019,TGN,S&P Capital IQ,transporte,Millones de pesos 2018,deuda_neta,2948.521868490738
2019,TGN,S&P Capital IQ,transporte,Millones de pesos 2018,deuda_total,6427.642736604629
2019,TGN,S&P Capital IQ,transporte,Millones de pesos 2018,ebit,5086.96478097275
2019,TGN,S&P Capital IQ,transporte,Millones de pesos 2018,ebitda,10070.45422994057
2019,TGN,S&P Capital IQ,transporte,Millones de pesos 2018,ebt,4912.632387917738
2019,TGN,S&P Capital IQ,transporte,Millones de pesos 2018,ganancia_bruta,6954.758029411661
2019,TGN,S&P Capital IQ,transporte,Millones de pesos 2018,impuesto_ganancias,1143.369624701614
2019,TGN,S&P Capital IQ,transporte,Millones de pesos 2018,inventarios,150.7318084588984
2019,TGN,S&P Capital IQ,transporte,Millones de pesos 2018,pasivo,17454.693968341697
2019,TGN,S&P Capital IQ,transporte,Millones de pesos 2018,patrimonio_neto,38032.40291462503
2019,TGN,S&P Capital IQ,transporte,Millones de pesos 2018,patrimonio_neto_total,38032.40291462503
2019,TGN,S&P Capital IQ,transporte,Millones de pesos 2018,ppye,44479.387576671594
2019,TGN,S&P Capital IQ,transporte,Millones de pesos 2018,ppye_neta,43452.275117500474
2019,TGN,S&P Capital IQ,transporte,Millones de pesos 2018,utilidad_neta,3769.2627632161234
2019,TGN,S&P Capital IQ,transporte,Millones de pesos 2018,utilidad_neta_empresa,3769.2627632161234
2019,TGN,S&P Capital IQ,transporte,Millones de pesos 2018,utilidad_operativa,5086.96478097275
2019,TGN,S&P Capital IQ,transporte,Millones de pesos 2018,ventas,15760.294841529176
2019,TGN,S&P Capital IQ,transporte,Millones de pesos 2018,ventas_raw,15760.294841529176
2020,TGN,S&P Capital IQ,transporte,Millones de pesos 2018,KTA,39725.103559049516
2020,TGN,S&P Capital IQ,transporte,Millones de pesos 2018,activo,51046.46259782559
2020,TGN,S&P Capital IQ,transporte,Millones de pesos 2018,activo_corr,5086.969471545919
2020,TGN,S&P Capital IQ,transporte,Millones de pesos 2018,cash_st_inv,3006.2506880204205
2020,TGN,S&P Capital IQ,transporte,Millones de pesos 2018,costo_ventas,8261.877514486925
2020,TGN,S&P Capital IQ,transporte,Millones de pesos 2018,deuda_lp,3684.6805424665913
2020,TGN,S&P Capital IQ,transporte,Millones de pesos 2018,deuda_neta,1809.2782762573213
2020,TGN,S&P Capital IQ,transporte,Millones de pesos 2018,deuda_total,4815.5289642777425
2020,TGN,S&P Capital IQ,transporte,Millones de pesos 2018,ebit,2783.298265099116
2020,TGN,S&P Capital IQ,transporte,Millones de pesos 2018,ebitda,7992.937630961082
2020,TGN,S&P Capital IQ,transporte,Millones de pesos 2018,ebt,2531.243550065089
2020,TGN,S&P Capital IQ,transporte,Millones de pesos 2018,ganancia_bruta,4817.664760949164
2020,TGN,S&P Capital IQ,transporte,Millones de pesos 2018,impuesto_ganancias,390.58221214718463
2020,TGN,S&P Capital IQ,transporte,Millones de pesos 2018,inventarios,103.55405578135365
2020,TGN,S&P Capital IQ,transporte,Millones de pesos 2018,pasivo,13003.551913178198
2020,TGN,S&P Capital IQ,transporte,Millones de pesos 2018,patrimonio_neto,38042.9106846474
2020,TGN,S&P Capital IQ,transporte,Millones de pesos 2018,patrimonio_neto_total,38042.9106846474
2020,TGN,S&P Capital IQ,transporte,Millones de pesos 2018,ppye,37797.24685991086
2020,TGN,S&P Capital IQ,transporte,Millones de pesos 2018,ppye_neta,36615.298815247734
2020,TGN,S&P Capital IQ,transporte,Millones de pesos 2018,utilidad_neta,2140.661337917905
2020,TGN,S&P Capital IQ,transporte,Millones de pesos 2018,utilidad_neta_empresa,2140.661337917905
2020,TGN,S&P Capital IQ,transporte,Millones de pesos 2018,utilidad_operativa,2783.298265099116
2020,TGN,S&P Capital IQ,transporte,Millones de pesos 2018,ventas,13079.542275436092
2020,TGN,S&P Capital IQ,transporte,Millones de pesos 2018,ventas_raw,13079.542275436092
2021,TGN,S&P Capital IQ,transporte,Millones de pesos 2018,KTA,42893.59056322507
2021,TGN,S&P Capital IQ,transporte,Millones de pesos 2018,activo,55144.93893986408
2021,TGN,S&P Capital IQ,transporte,Millones de pesos 2018,activo_corr,10118.45006755492
2021,TGN,S&P Capital IQ,transporte,Millones de pesos 2018,cash_st_inv,4376.253966940385
2021,TGN,S&P Capital IQ,transporte,Millones de pesos 2018,costo_ventas,12389.058469366037
2021,TGN,S&P Capital IQ,transporte,Millones de pesos 2018,deuda_neta,-555.2800493599213
2021,TGN,S&P Capital IQ,transporte,Millones de pesos 2018,deuda_total,3819.607711010581
2021,TGN,S&P Capital IQ,transporte,Millones de pesos 2018,ebit,-2513.0388519603293
2021,TGN,S&P Capital IQ,transporte,Millones de pesos 2018,ebitda,4900.419092515609
2021,TGN,S&P Capital IQ,transporte,Millones de pesos 2018,ebt,-3985.3242399774917
2021,TGN,S&P Capital IQ,transporte,Millones de pesos 2018,ganancia_bruta,-326.82197190898216
2021,TGN,S&P Capital IQ,transporte,Millones de pesos 2018,impuesto_ganancias,1596.4938587832992
2021,TGN,S&P Capital IQ,transporte,Millones de pesos 2018,inventarios,108.24468551303441
2021,TGN,S&P Capital IQ,transporte,Millones de pesos 2018,pasivo,13513.247443987168
2021,TGN,S&P Capital IQ,transporte,Millones de pesos 2018,patrimonio_neto,41631.691495876905
2021,TGN,S&P Capital IQ,transporte,Millones de pesos 2018,patrimonio_neto_total,41631.691495876905
2021,TGN,S&P Capital IQ,transporte,Millones de pesos 2018,ppye,40121.97692439189
2021,TGN,S&P Capital IQ,transporte,Millones de pesos 2018,ppye_neta,38409.091910771655
2021,TGN,S&P Capital IQ,transporte,Millones de pesos 2018,utilidad_neta,-5581.35775328058
2021,TGN,S&P Capital IQ,transporte,Millones de pesos 2018,utilidad_neta_empresa,-5581.35775328058
2021,TGN,S&P Capital IQ,transporte,Millones de pesos 2018,utilidad_operativa,-2513.0388519603293
2021,TGN,S&P Capital IQ,transporte,Millones de pesos 2018,ventas,12062.312900773126
2021,TGN,S&P Capital IQ,transporte,Millones de pesos 2018,ventas_raw,12062.312900773126
2022,TGN,S&P Capital IQ,transporte,Millones de pesos 2018,KTA,71402.43044917646
2022,TGN,S&P Capital IQ,transporte,Millones de pesos 2018,activo,91293.37964015179
2022,TGN,S&P Capital IQ,transporte,Millones de pesos 2018,activo_corr,13898.5216676515
2022,TGN,S&P Capital IQ,transporte,Millones de pesos 2018,cash_st_inv,10256.114184070786
2022,TGN,S&P Capital IQ,transporte,Millones de pesos 2018,costo_ventas,22348.22444567782
2022,TGN,S&P Capital IQ,transporte,Millones de pesos 2018,deuda_lp,5408.810953558781
2022,TGN,S&P Capital IQ,transporte,Millones de pesos 2018,deuda_neta,-4360.576787605803
2022,TGN,S&P Capital IQ,transporte,Millones de pesos 2018,deuda_total,5894.647579616964
2022,TGN,S&P Capital IQ,transporte,Millones de pesos 2018,ebit,-3572.941650441753
2022,TGN,S&P Capital IQ,transporte,Millones de pesos 2018,ebitda,9275.149091223637
2022,TGN,S&P Capital IQ,transporte,Millones de pesos 2018,ebt,-7009.317531133289
2022,TGN,S&P Capital IQ,transporte,Millones de pesos 2018,ganancia_bruta,512.9357512229908
2022,TGN,S&P Capital IQ,transporte,Millones de pesos 2018,impuesto_ganancias,-3004.4469345047987
2022,TGN,S&P Capital IQ,transporte,Millones de pesos 2018,inventarios,141.63382430992027
2022,TGN,S&P Capital IQ,transporte,Millones de pesos 2018,pasivo,20306.124542896996
2022,TGN,S&P Capital IQ,transporte,Millones de pesos 2018,patrimonio_neto,70987.25509725479
2022,TGN,S&P Capital IQ,transporte,Millones de pesos 2018,patrimonio_neto_total,70987.25509725479
2022,TGN,S&P Capital IQ,transporte,Millones de pesos 2018,ppye,64426.08214510665
2022,TGN,S&P Capital IQ,transporte,Millones de pesos 2018,ppye_neta,61004.68244079576
2022,TGN,S&P Capital IQ,transporte,Millones de pesos 2018,utilidad_neta,-4004.8705966284892
2022,TGN,S&P Capital IQ,transporte,Millones de pesos 2018,utilidad_neta_empresa,-4004.8705966284892
2022,TGN,S&P Capital IQ,transporte,Millones de pesos 2018,utilidad_operativa,-3572.941650441753
2022,TGN,S&P Capital IQ,transporte,Millones de pesos 2018,ventas,22861.160196900808
2022,TGN,S&P Capital IQ,transporte,Millones de pesos 2018,ventas_raw,22861.160196900808
2023,TGN,S&P Capital IQ,transporte,Millones de pesos 2018,KTA,53631.79011211907
2023,TGN,S&P Capital IQ,transporte,Millones de pesos 2018,activo,93622.998751369
2023,TGN,S&P Capital IQ,transporte,Millones de pesos 2018,activo_corr,28530.155735965516
2023,TGN,S&P Capital IQ,transporte,Millones de pesos 2018,cash_st_inv,12175.80753849702
2023,TGN,S&P Capital IQ,transporte,Millones de pesos 2018,costo_ventas,15878.089554645567
2023,TGN,S&P Capital IQ,transporte,Millones de pesos 2018,deuda_neta,-2609.6768746080666
2023,TGN,S&P Capital IQ,transporte,Millones de pesos 2018,deuda_total,9565.46915925337
2023,TGN,S&P Capital IQ,transporte,Millones de pesos 2018,ebit,-975.5220697939677
2023,TGN,S&P Capital IQ,transporte,Millones de pesos 2018,ebitda,5535.286606115211
2023,TGN,S&P Capital IQ,transporte,Millones de pesos 2018,ebt,16125.70144406682
2023,TGN,S&P Capital IQ,transporte,Millones de pesos 2018,ganancia_bruta,763.7150865564539
2023,TGN,S&P Capital IQ,transporte,Millones de pesos 2018,impuesto_ganancias,5874.159681823987
2023,TGN,S&P Capital IQ,transporte,Millones de pesos 2018,inventarios,255.82828590181737
2023,TGN,S&P Capital IQ,transporte,Millones de pesos 2018,pasivo,25538.02994282273
2023,TGN,S&P Capital IQ,transporte,Millones de pesos 2018,patrimonio_neto,68084.9688085463
2023,TGN,S&P Capital IQ,transporte,Millones de pesos 2018,patrimonio_neto_total,68084.9688085463
2023,TGN,S&P Capital IQ,transporte,Millones de pesos 2018,ppye,88060.86869400144
2023,TGN,S&P Capital IQ,transporte,Millones de pesos 2018,ppye_neta,41200.15428772024
2023,TGN,S&P Capital IQ,transporte,Millones de pesos 2018,utilidad_neta,10251.541762242832
2023,TGN,S&P Capital IQ,transporte,Millones de pesos 2018,utilidad_neta_empresa,10251.541762242832
2023,TGN,S&P Capital IQ,transporte,Millones de pesos 2018,utilidad_operativa,-975.5220697939677
2023,TGN,S&P Capital IQ,transporte,Millones de pesos 2018,ventas,16641.80464120202
2023,TGN,S&P Capital IQ,transporte,Millones de pesos 2018,ventas_raw,16641.80464120202
2024,TGN,S&P Capital IQ,transporte,Millones de pesos 2018,KTA,21539.126253727005
2024,TGN,S&P Capital IQ,transporte,Millones de pesos 2018,activo,32246.902158590234
2024,TGN,S&P Capital IQ,transporte,Millones de pesos 2018,activo_corr,10577.85012727588
2024,TGN,S&P Capital IQ,transporte,Millones de pesos 2018,cash_st_inv,4862.221556191084
2024,TGN,S&P Capital IQ,transporte,Millones de pesos 2018,costo_ventas,5942.224057597914
2024,TGN,S&P Capital IQ,transporte,Millones de pesos 2018,deuda_neta,-2049.7750139363666
2024,TGN,S&P Capital IQ,transporte,Millones de pesos 2018,deuda_total,2811.3256628844247
2024,TGN,S&P Capital IQ,transporte,Millones de pesos 2018,ebit,3857.5050303040157
2024,TGN,S&P Capital IQ,transporte,Millones de pesos 2018,ebitda,5753.441548624128
2024,TGN,S&P Capital IQ,transporte,Millones de pesos 2018,ebt,1097.1092044547288
2024,TGN,S&P Capital IQ,transporte,Millones de pesos 2018,ganancia_bruta,6097.196967338504
2024,TGN,S&P Capital IQ,transporte,Millones de pesos 2018,impuesto_ganancias,-69.39987955286367
2024,TGN,S&P Capital IQ,transporte,Millones de pesos 2018,inventarios,106.08600319166024
2024,TGN,S&P Capital IQ,transporte,Millones de pesos 2018,pasivo,6166.207961631733
2024,TGN,S&P Capital IQ,transporte,Millones de pesos 2018,patrimonio_neto,26080.69419695851
2024,TGN,S&P Capital IQ,transporte,Millones de pesos 2018,patrimonio_neto_total,26080.69419695851
2024,TGN,S&P Capital IQ,transporte,Millones de pesos 2018,ppye,37753.91456521908
2024,TGN,S&P Capital IQ,transporte,Millones de pesos 2018,ppye_neta,16570.818694344263
2024,TGN,S&P Capital IQ,transporte,Millones de pesos 2018,utilidad_neta,1166.6434383957815
2024,TGN,S&P Capital IQ,transporte,Millones de pesos 2018,utilidad_neta_empresa,1166.6434383957815
2024,TGN,S&P Capital IQ,transporte,Millones de pesos 2018,utilidad_operativa,3857.5050303040157
2024,TGN,S&P Capital IQ,transporte,Millones de pesos 2018,ventas,12039.421024936417
2024,TGN,S&P Capital IQ,transporte,Millones de pesos 2018,ventas_raw,12039.421024936417
1996,TGS,S&P Capital IQ,transporte,Millones de pesos 2018,activo,43900.91084556714
1996,TGS,S&P Capital IQ,transporte,Millones de pesos 2018,activo_corr,2743.6583203727364
1996,TGS,S&P Capital IQ,transporte,Millones de pesos 2018,deuda_lp,10009.049020632363
1996,TGS,S&P Capital IQ,transporte,Millones de pesos 2018,deuda_neta,13780.01004404105
1996,TGS,S&P Capital IQ,transporte,Millones de pesos 2018,deuda_total,15133.750638427711
1996,TGS,S&P Capital IQ,transporte,Millones de pesos 2018,ebit,7147.501828312716
1996,TGS,S&P Capital IQ,transporte,Millones de pesos 2018,ebitda,8318.925019564831
1996,TGS,S&P Capital IQ,transporte,Millones de pesos 2018,ebt,6048.8419702987085
1996,TGS,S&P Capital IQ,transporte,Millones de pesos 2018,impuesto_ganancias,1861.268678754067
1996,TGS,S&P Capital IQ,transporte,Millones de pesos 2018,inventarios,48.01459586126563
1996,TGS,S&P Capital IQ,transporte,Millones de pesos 2018,pasivo,16698.520239331356
1996,TGS,S&P Capital IQ,transporte,Millones de pesos 2018,patrimonio_neto,27202.390606235782
1996,TGS,S&P Capital IQ,transporte,Millones de pesos 2018,patrimonio_neto_total,27202.390606235782
1996,TGS,S&P Capital IQ,transporte,Millones de pesos 2018,ppye,43879.17899973004
1996,TGS,S&P Capital IQ,transporte,Millones de pesos 2018,ppye_neta,40352.61175791764
1996,TGS,S&P Capital IQ,transporte,Millones de pesos 2018,utilidad_neta,4187.5732915446415
1996,TGS,S&P Capital IQ,transporte,Millones de pesos 2018,utilidad_neta_empresa,4187.5732915446415
1996,TGS,S&P Capital IQ,transporte,Millones de pesos 2018,utilidad_operativa,7147.501828312716
1996,TGS,S&P Capital IQ,transporte,Millones de pesos 2018,ventas,10282.768010670014
1996,TGS,S&P Capital IQ,transporte,Millones de pesos 2018,ventas_raw,10282.768010670014
1997,TGS,S&P Capital IQ,transporte,Millones de pesos 2018,activo,47730.38577725862
1997,TGS,S&P Capital IQ,transporte,Millones de pesos 2018,activo_corr,3675.928822288523
1997,TGS,S&P Capital IQ,transporte,Millones de pesos 2018,depreciacion,1178.5902120736887
1997,TGS,S&P Capital IQ,transporte,Millones de pesos 2018,deuda_lp,10788.390893384716
1997,TGS,S&P Capital IQ,transporte,Millones de pesos 2018,deuda_neta,16788.794019827375
1997,TGS,S&P Capital IQ,transporte,Millones de pesos 2018,deuda_total,18840.886873649004
1997,TGS,S&P Capital IQ,transporte,Millones de pesos 2018,ebit,7400.459040616768
1997,TGS,S&P Capital IQ,transporte,Millones de pesos 2018,ebitda,8616.409509510107
1997,TGS,S&P Capital IQ,transporte,Millones de pesos 2018,ebt,6234.915671122032
1997,TGS,S&P Capital IQ,transporte,Millones de pesos 2018,impuesto_ganancias,1962.6469564528636
1997,TGS,S&P Capital IQ,transporte,Millones de pesos 2018,inventarios,42.3195829461529
1997,TGS,S&P Capital IQ,transporte,Millones de pesos 2018,pasivo,20439.951643925062
1997,TGS,S&P Capital IQ,transporte,Millones de pesos 2018,patrimonio_neto,27290.43413333356
1997,TGS,S&P Capital IQ,transporte,Millones de pesos 2018,patrimonio_neto_total,27290.43413333356
1997,TGS,S&P Capital IQ,transporte,Millones de pesos 2018,ppye,47994.043900096825
1997,TGS,S&P Capital IQ,transporte,Millones de pesos 2018,ppye_neta,43341.1786957707
1997,TGS,S&P Capital IQ,transporte,Millones de pesos 2018,utilidad_neta,4169.2927583296405
1997,TGS,S&P Capital IQ,transporte,Millones de pesos 2018,utilidad_neta_empresa,4272.268714669168
1997,TGS,S&P Capital IQ,transporte,Millones de pesos 2018,utilidad_operativa,7400.459040616768
1997,TGS,S&P Capital IQ,transporte,Millones de pesos 2018,ventas,10486.838432451703
1997,TGS,S&P Capital IQ,transporte,Millones de pesos 2018,ventas_raw,10486.838432451703
1998,TGS,S&P Capital IQ,transporte,Millones de pesos 2018,activo,50234.58538149105
1998,TGS,S&P Capital IQ,transporte,Millones de pesos 2018,activo_corr,2779.7995479279916
1998,TGS,S&P Capital IQ,transporte,Millones de pesos 2018,deuda_lp,15536.885106532733
1998,TGS,S&P Capital IQ,transporte,Millones de pesos 2018,deuda_neta,20118.39351730208
1998,TGS,S&P Capital IQ,transporte,Millones de pesos 2018,deuda_total,21458.14642510123
1998,TGS,S&P Capital IQ,transporte,Millones de pesos 2018,ebit,7126.424069490028
1998,TGS,S&P Capital IQ,transporte,Millones de pesos 2018,ebitda,8098.970879925276
1998,TGS,S&P Capital IQ,transporte,Millones de pesos 2018,ebt,5804.260363993927
1998,TGS,S&P Capital IQ,transporte,Millones de pesos 2018,impuesto_ganancias,1861.0031221809968
1998,TGS,S&P Capital IQ,transporte,Millones de pesos 2018,inventarios,32.456866140866396
1998,TGS,S&P Capital IQ,transporte,Millones de pesos 2018,pasivo,23255.092595628434
1998,TGS,S&P Capital IQ,transporte,Millones de pesos 2018,patrimonio_neto,26979.492785862614
1998,TGS,S&P Capital IQ,transporte,Millones de pesos 2018,patrimonio_neto_total,26979.492785862614
1998,TGS,S&P Capital IQ,transporte,Millones de pesos 2018,ppye_neta,46569.10145914301
1998,TGS,S&P Capital IQ,transporte,Millones de pesos 2018,utilidad_neta,3567.7605319021773
1998,TGS,S&P Capital IQ,transporte,Millones de pesos 2018,utilidad_neta_empresa,3943.2572418129307
1998,TGS,S&P Capital IQ,transporte,Millones de pesos 2018,utilidad_operativa,7126.424069490028
1998,TGS,S&P Capital IQ,transporte,Millones de pesos 2018,ventas,9955.312107513057
1998,TGS,S&P Capital IQ,transporte,Millones de pesos 2018,ventas_raw,9955.312107513057
1999,TGS,S&P Capital IQ,transporte,Millones de pesos 2018,activo,54444.19519528096
1999,TGS,S&P Capital IQ,transporte,Millones de pesos 2018,activo_corr,3290.1200790881844
1999,TGS,S&P Capital IQ,transporte,Millones de pesos 2018,deuda_lp,15290.542402893227
1999,TGS,S&P Capital IQ,transporte,Millones de pesos 2018,deuda_neta,23859.41333887867
1999,TGS,S&P Capital IQ,transporte,Millones de pesos 2018,deuda_total,25443.459294811026
1999,TGS,S&P Capital IQ,transporte,Millones de pesos 2018,ebit,7554.221768693794
1999,TGS,S&P Capital IQ,transporte,Millones de pesos 2018,ebitda,8954.86851717977
1999,TGS,S&P Capital IQ,transporte,Millones de pesos 2018,ebt,5417.632475548788
1999,TGS,S&P Capital IQ,transporte,Millones de pesos 2018,impuesto_ganancias,1702.122103531998
1999,TGS,S&P Capital IQ,transporte,Millones de pesos 2018,inventarios,52.1921559353186
1999,TGS,S&P Capital IQ,transporte,Millones de pesos 2018,pasivo,27482.140488888315
1999,TGS,S&P Capital IQ,transporte,Millones de pesos 2018,patrimonio_neto,26962.05470639265
1999,TGS,S&P Capital IQ,transporte,Millones de pesos 2018,patrimonio_neto_total,26962.05470639265
1999,TGS,S&P Capital IQ,transporte,Millones de pesos 2018,ppye,56396.90083986441
1999,TGS,S&P Capital IQ,transporte,Millones de pesos 2018,ppye_neta,49713.16876134536
1999,TGS,S&P Capital IQ,transporte,Millones de pesos 2018,utilidad_neta,3706.1275125228
1999,TGS,S&P Capital IQ,transporte,Millones de pesos 2018,utilidad_neta_empresa,3715.51037201679
1999,TGS,S&P Capital IQ,transporte,Millones de pesos 2018,utilidad_operativa,7554.221768693794
1999,TGS,S&P Capital IQ,transporte,Millones de pesos 2018,ventas,10970.57700363726
1999,TGS,S&P Capital IQ,transporte,Millones de pesos 2018,ventas_raw,10970.57700363726
2000,TGS,S&P Capital IQ,transporte,Millones de pesos 2018,activo,54617.05884080288
2000,TGS,S&P Capital IQ,transporte,Millones de pesos 2018,activo_corr,2483.79042365068
2000,TGS,S&P Capital IQ,transporte,Millones de pesos 2018,deuda_lp,19438.122595494056
2000,TGS,S&P Capital IQ,transporte,Millones de pesos 2018,deuda_neta,24071.051541900022
2000,TGS,S&P Capital IQ,transporte,Millones de pesos 2018,deuda_total,24584.019730243752
2000,TGS,S&P Capital IQ,transporte,Millones de pesos 2018,ebit,16590.775942021242
2000,TGS,S&P Capital IQ,transporte,Millones de pesos 2018,ebitda,21032.828215835285
2000,TGS,S&P Capital IQ,transporte,Millones de pesos 2018,ebt,11021.506317052479
2000,TGS,S&P Capital IQ,transporte,Millones de pesos 2018,impuesto_ganancias,3930.06214824789
2000,TGS,S&P Capital IQ,transporte,Millones de pesos 2018,inventarios,29.007282903330704
2000,TGS,S&P Capital IQ,transporte,Millones de pesos 2018,pasivo,26598.108374211304
2000,TGS,S&P Capital IQ,transporte,Millones de pesos 2018,patrimonio_neto,28018.95046659158
2000,TGS,S&P Capital IQ,transporte,Millones de pesos 2018,patrimonio_neto_total,28018.95046659158
2000,TGS,S&P Capital IQ,transporte,Millones de pesos 2018,ppye,58281.39677548025
2000,TGS,S&P Capital IQ,transporte,Millones de pesos 2018,ppye_neta,49690.968446066
2000,TGS,S&P Capital IQ,transporte,Millones de pesos 2018,utilidad_neta,7217.974606029766
2000,TGS,S&P Capital IQ,transporte,Millones de pesos 2018,utilidad_neta_empresa,7091.444168804589
2000,TGS,S&P Capital IQ,transporte,Millones de pesos 2018,utilidad_operativa,16590.775942021242
2000,TGS,S&P Capital IQ,transporte,Millones de pesos 2018,ventas,26938.9889906902
2000,TGS,S&P Capital IQ,transporte,Millones de pesos 2018,ventas_raw,26938.9889906902
2001,TGS,S&P Capital IQ,transporte,Millones de pesos 2018,activo,128424.43650328928
2001,TGS,S&P Capital IQ,transporte,Millones de pesos 2018,activo_corr,8135.980022283247
2001,TGS,S&P Capital IQ,transporte,Millones de pesos 2018,deuda_lp,47844.4295398655
2001,TGS,S&P Capital IQ,transporte,Millones de pesos 2018,deuda_neta,59012.79437287395
2001,TGS,S&P Capital IQ,transporte,Millones de pesos 2018,deuda_total,62169.924251953875
2001,TGS,S&P Capital IQ,transporte,Millones de pesos 2018,ebit,17807.32598806829
2001,TGS,S&P Capital IQ,transporte,Millones de pesos 2018,ebitda,22837.21884745763
2001,TGS,S&P Capital IQ,transporte,Millones de pesos 2018,ebt,9733.003069434826
2001,TGS,S&P Capital IQ,transporte,Millones de pesos 2018,impuesto_ganancias,3491.196911977344
2001,TGS,S&P Capital IQ,transporte,Millones de pesos 2018,inventarios,164.39292741054007
2001,TGS,S&P Capital IQ,transporte,Millones de pesos 2018,pasivo,65819.19228704351
2001,TGS,S&P Capital IQ,transporte,Millones de pesos 2018,patrimonio_neto,62605.24421624579
2001,TGS,S&P Capital IQ,transporte,Millones de pesos 2018,patrimonio_neto_total,62605.24421624579
2001,TGS,S&P Capital IQ,transporte,Millones de pesos 2018,ppye,139489.85738729258
2001,TGS,S&P Capital IQ,transporte,Millones de pesos 2018,ppye_neta,116353.3024070947
2001,TGS,S&P Capital IQ,transporte,Millones de pesos 2018,utilidad_neta,6241.806157457482
2001,TGS,S&P Capital IQ,transporte,Millones de pesos 2018,utilidad_neta_empresa,6241.806157457482
2001,TGS,S&P Capital IQ,transporte,Millones de pesos 2018,utilidad_operativa,17807.32598806829
2001,TGS,S&P Capital IQ,transporte,Millones de pesos 2018,ventas,31745.759776907107
2001,TGS,S&P Capital IQ,transporte,Millones de pesos 2018,ventas_raw,31745.759776907107
2002,TGS,S&P Capital IQ,transporte,Millones de pesos 2018,activo,112556.55680109489
2002,TGS,S&P Capital IQ,transporte,Millones de pesos 2018,activo_corr,7327.399827464821
2002,TGS,S&P Capital IQ,transporte,Millones de pesos 2018,deuda_lp,50.5355024446254
2002,TGS,S&P Capital IQ,transporte,Millones de pesos 2018,deuda_neta,68840.39153134072
2002,TGS,S&P Capital IQ,transporte,Millones de pesos 2018,deuda_total,73153.06444037275
2002,TGS,S&P Capital IQ,transporte,Millones de pesos 2018,ebit,8663.438632381218
2002,TGS,S&P Capital IQ,transporte,Millones de pesos 2018,ebitda,13399.803674179044
2002,TGS,S&P Capital IQ,transporte,Millones de pesos 2018,ebt,-14411.400562587252
2002,TGS,S&P Capital IQ,transporte,Millones de pesos 2018,impuesto_ganancias,0.0
2002,TGS,S&P Capital IQ,transporte,Millones de pesos 2018,inventarios,139.94923805830618
2002,TGS,S&P Capital IQ,transporte,Millones de pesos 2018,pasivo,75920.94248122019
2002,TGS,S&P Capital IQ,transporte,Millones de pesos 2018,patrimonio_neto,36635.6143198747
2002,TGS,S&P Capital IQ,transporte,Millones de pesos 2018,patrimonio_neto_total,36635.6143198747
2002,TGS,S&P Capital IQ,transporte,Millones de pesos 2018,ppye,124439.22061824311
2002,TGS,S&P Capital IQ,transporte,Millones de pesos 2018,ppye_neta,102432.67315143974
2002,TGS,S&P Capital IQ,transporte,Millones de pesos 2018,utilidad_neta,-11529.120450069804
2002,TGS,S&P Capital IQ,transporte,Millones de pesos 2018,utilidad_neta_empresa,-11529.120450069804
2002,TGS,S&P Capital IQ,transporte,Millones de pesos 2018,utilidad_operativa,8663.438632381218
2002,TGS,S&P Capital IQ,transporte,Millones de pesos 2018,ventas,19417.558903934743
2002,TGS,S&P Capital IQ,transporte,Millones de pesos 2018,ventas_raw,19417.558903934743
2003,TGS,S&P Capital IQ,transporte,Millones de pesos 2018,activo,99356.05384875974
2003,TGS,S&P Capital IQ,transporte,Millones de pesos 2018,activo_corr,14767.501153127072
2003,TGS,S&P Capital IQ,transporte,Millones de pesos 2018,depreciacion,3370.639663586574
2003,TGS,S&P Capital IQ,transporte,Millones de pesos 2018,deuda_lp,137.52209827433222
2003,TGS,S&P Capital IQ,transporte,Millones de pesos 2018,deuda_neta,46759.171403593966
2003,TGS,S&P Capital IQ,transporte,Millones de pesos 2018,deuda_total,59264.77292604202
2003,TGS,S&P Capital IQ,transporte,Millones de pesos 2018,ebit,7413.530633483171
2003,TGS,S&P Capital IQ,transporte,Millones de pesos 2018,ebitda,11065.737136859294
2003,TGS,S&P Capital IQ,transporte,Millones de pesos 2018,ebt,2999.723543201193
2003,TGS,S&P Capital IQ,transporte,Millones de pesos 2018,impuesto_ganancias,-2540.733180202109
2003,TGS,S&P Capital IQ,transporte,Millones de pesos 2018,inventarios,99.37010121730366
2003,TGS,S&P Capital IQ,transporte,Millones de pesos 2018,pasivo,61847.721429759185
2003,TGS,S&P Capital IQ,transporte,Millones de pesos 2018,patrimonio_neto,37508.33241900054
2003,TGS,S&P Capital IQ,transporte,Millones de pesos 2018,patrimonio_neto_total,37508.33241900054
2003,TGS,S&P Capital IQ,transporte,Millones de pesos 2018,ppye,102638.63782859434
2003,TGS,S&P Capital IQ,transporte,Millones de pesos 2018,ppye_neta,80235.23492255667
2003,TGS,S&P Capital IQ,transporte,Millones de pesos 2018,utilidad_neta,10890.15413989722
2003,TGS,S&P Capital IQ,transporte,Millones de pesos 2018,utilidad_neta_empresa,5213.996946417429
2003,TGS,S&P Capital IQ,transporte,Millones de pesos 2018,utilidad_operativa,7413.530633483171
2003,TGS,S&P Capital IQ,transporte,Millones de pesos 2018,ventas,16266.43372136095
2003,TGS,S&P Capital IQ,transporte,Millones de pesos 2018,ventas_raw,16266.43372136095
2004,TGS,S&P Capital IQ,transporte,Millones de pesos 2018,activo,89784.18702303564
2004,TGS,S&P Capital IQ,transporte,Millones de pesos 2018,activo_corr,10655.491375483394
2004,TGS,S&P Capital IQ,transporte,Millones de pesos 2018,deuda_lp,44893.2189828426
2004,TGS,S&P Capital IQ,transporte,Millones de pesos 2018,deuda_neta,41621.41276962047
2004,TGS,S&P Capital IQ,transporte,Millones de pesos 2018,deuda_total,47482.466098213416
2004,TGS,S&P Capital IQ,transporte,Millones de pesos 2018,ebit,7917.559901066865
2004,TGS,S&P Capital IQ,transporte,Millones de pesos 2018,ebitda,11370.732764672883
2004,TGS,S&P Capital IQ,transporte,Millones de pesos 2018,ebt,2765.5884054208077
2004,TGS,S&P Capital IQ,transporte,Millones de pesos 2018,impuesto_ganancias,184.36790724996692
2004,TGS,S&P Capital IQ,transporte,Millones de pesos 2018,inventarios,95.98787221106076
2004,TGS,S&P Capital IQ,transporte,Millones de pesos 2018,pasivo,51280.85329808987
2004,TGS,S&P Capital IQ,transporte,Millones de pesos 2018,patrimonio_neto,38503.33372494577
2004,TGS,S&P Capital IQ,transporte,Millones de pesos 2018,patrimonio_neto_total,38503.33372494577
2004,TGS,S&P Capital IQ,transporte,Millones de pesos 2018,ppye,99863.87330942745
2004,TGS,S&P Capital IQ,transporte,Millones de pesos 2018,ppye_neta,75250.67044571774
2004,TGS,S&P Capital IQ,transporte,Millones de pesos 2018,utilidad_neta,2645.8871141341547
2004,TGS,S&P Capital IQ,transporte,Millones de pesos 2018,utilidad_neta_empresa,2581.220498170842
2004,TGS,S&P Capital IQ,transporte,Millones de pesos 2018,utilidad_operativa,7917.559901066865
2004,TGS,S&P Capital IQ,transporte,Millones de pesos 2018,ventas,17345.938549183807
2004,TGS,S&P Capital IQ,transporte,Millones de pesos 2018,ventas_raw,17345.938549183807
2005,TGS,S&P Capital IQ,transporte,Millones de pesos 2018,activo,82712.48004219681
2005,TGS,S&P Capital IQ,transporte,Millones de pesos 2018,activo_corr,11462.770802937868
2005,TGS,S&P Capital IQ,transporte,Millones de pesos 2018,deuda_lp,38407.209869117614
2005,TGS,S&P Capital IQ,transporte,Millones de pesos 2018,deuda_neta,32192.191925698004
2005,TGS,S&P Capital IQ,transporte,Millones de pesos 2018,deuda_total,40355.554017189934
2005,TGS,S&P Capital IQ,transporte,Millones de pesos 2018,ebit,7048.583432568667
2005,TGS,S&P Capital IQ,transporte,Millones de pesos 2018,ebitda,10024.525382517102
2005,TGS,S&P Capital IQ,transporte,Millones de pesos 2018,ebt,3665.5110180382353
2005,TGS,S&P Capital IQ,transporte,Millones de pesos 2018,impuesto_ganancias,203.9471856625072
2005,TGS,S&P Capital IQ,transporte,Millones de pesos 2018,inventarios,94.31065331533499
2005,TGS,S&P Capital IQ,transporte,Millones de pesos 2018,pasivo,44133.48664424261
2005,TGS,S&P Capital IQ,transporte,Millones de pesos 2018,patrimonio_neto,38578.993397954226
2005,TGS,S&P Capital IQ,transporte,Millones de pesos 2018,patrimonio_neto_total,38578.993397954226
2005,TGS,S&P Capital IQ,transporte,Millones de pesos 2018,ppye,93208.67009435728
2005,TGS,S&P Capital IQ,transporte,Millones de pesos 2018,ppye_neta,67816.99880115605
2005,TGS,S&P Capital IQ,transporte,Millones de pesos 2018,utilidad_neta,4306.842558251088
2005,TGS,S&P Capital IQ,transporte,Millones de pesos 2018,utilidad_neta_empresa,3461.5638323757285
2005,TGS,S&P Capital IQ,transporte,Millones de pesos 2018,utilidad_operativa,7048.583432568667
2005,TGS,S&P Capital IQ,transporte,Millones de pesos 2018,ventas,16945.011203115613
2005,TGS,S&P Capital IQ,transporte,Millones de pesos 2018,ventas_raw,16945.011203115613
2006,TGS,S&P Capital IQ,transporte,Millones de pesos 2018,activo,73752.24283239208
2006,TGS,S&P Capital IQ,transporte,Millones de pesos 2018,activo_corr,10215.489033217897
2006,TGS,S&P Capital IQ,transporte,Millones de pesos 2018,deuda_lp,27523.00075875887
2006,TGS,S&P Capital IQ,transporte,Millones de pesos 2018,deuda_neta,22090.63393228591
2006,TGS,S&P Capital IQ,transporte,Millones de pesos 2018,deuda_total,28953.99095031474
2006,TGS,S&P Capital IQ,transporte,Millones de pesos 2018,ebit,8181.822573451824
2006,TGS,S&P Capital IQ,transporte,Millones de pesos 2018,ebitda,10946.547573439922
2006,TGS,S&P Capital IQ,transporte,Millones de pesos 2018,ebt,5452.0704772076115
2006,TGS,S&P Capital IQ,transporte,Millones de pesos 2018,impuesto_ganancias,314.15340002356277
2006,TGS,S&P Capital IQ,transporte,Millones de pesos 2018,inventarios,138.2843251851012
2006,TGS,S&P Capital IQ,transporte,Millones de pesos 2018,pasivo,33826.432546842996
2006,TGS,S&P Capital IQ,transporte,Millones de pesos 2018,patrimonio_neto,39925.78158394567
2006,TGS,S&P Capital IQ,transporte,Millones de pesos 2018,patrimonio_neto_total,39925.81028554907
2006,TGS,S&P Capital IQ,transporte,Millones de pesos 2018,ppye,85912.19374200633
2006,TGS,S&P Capital IQ,transporte,Millones de pesos 2018,ppye_neta,60251.7261327362
2006,TGS,S&P Capital IQ,transporte,Millones de pesos 2018,utilidad_neta,5820.426855253605
2006,TGS,S&P Capital IQ,transporte,Millones de pesos 2018,utilidad_neta_empresa,5137.917077184049
2006,TGS,S&P Capital IQ,transporte,Millones de pesos 2018,utilidad_operativa,8181.822573451824
2006,TGS,S&P Capital IQ,transporte,Millones de pesos 2018,ventas,18792.403528283565
2006,TGS,S&P Capital IQ,transporte,Millones de pesos 2018,ventas_raw,18792.403528283565
2007,TGS,S&P Capital IQ,transporte,Millones de pesos 2018,activo,63474.17066983708
2007,TGS,S&P Capital IQ,transporte,Millones de pesos 2018,activo_corr,8669.847915027141
2007,TGS,S&P Capital IQ,transporte,Millones de pesos 2018,deuda_lp,19981.286646589127
2007,TGS,S&P Capital IQ,transporte,Millones de pesos 2018,deuda_neta,14810.403778546854
2007,TGS,S&P Capital IQ,transporte,Millones de pesos 2018,deuda_total,20190.16057286173
2007,TGS,S&P Capital IQ,transporte,Millones de pesos 2018,ebit,6218.615497792924
2007,TGS,S&P Capital IQ,transporte,Millones de pesos 2018,ebitda,8728.884399930243
2007,TGS,S&P Capital IQ,transporte,Millones de pesos 2018,ebt,3737.623717468041
2007,TGS,S&P Capital IQ,transporte,Millones de pesos 2018,impuesto_ganancias,1865.664599865583
2007,TGS,S&P Capital IQ,transporte,Millones de pesos 2018,inventarios,209.71150322952383
2007,TGS,S&P Capital IQ,transporte,Millones de pesos 2018,pasivo,26296.566139546907
2007,TGS,S&P Capital IQ,transporte,Millones de pesos 2018,patrimonio_neto,37177.59183973023
2007,TGS,S&P Capital IQ,transporte,Millones de pesos 2018,patrimonio_neto_total,37177.60453029018
2007,TGS,S&P Capital IQ,transporte,Millones de pesos 2018,ppye,77964.3027868406
2007,TGS,S&P Capital IQ,transporte,Millones de pesos 2018,ppye_neta,52765.4827738206
2007,TGS,S&P Capital IQ,transporte,Millones de pesos 2018,utilidad_neta,2786.288581123228
2007,TGS,S&P Capital IQ,transporte,Millones de pesos 2018,utilidad_neta_empresa,1871.9591176024574
2007,TGS,S&P Capital IQ,transporte,Millones de pesos 2018,utilidad_operativa,6218.615497792924
2007,TGS,S&P Capital IQ,transporte,Millones de pesos 2018,ventas,15955.498384259796
2007,TGS,S&P Capital IQ,transporte,Millones de pesos 2018,ventas_raw,15955.498384259796
2008,TGS,S&P Capital IQ,transporte,Millones de pesos 2018,activo,52083.39181324828
2008,TGS,S&P Capital IQ,transporte,Millones de pesos 2018,activo_corr,8582.227537038965
2008,TGS,S&P Capital IQ,transporte,Millones de pesos 2018,deuda_lp,14470.914356420182
2008,TGS,S&P Capital IQ,transporte,Millones de pesos 2018,deuda_neta,8357.92016395196
2008,TGS,S&P Capital IQ,transporte,Millones de pesos 2018,deuda_total,14615.078692898856
2008,TGS,S&P Capital IQ,transporte,Millones de pesos 2018,ebit,4464.334482893081
2008,TGS,S&P Capital IQ,transporte,Millones de pesos 2018,ebitda,6567.341571602988
2008,TGS,S&P Capital IQ,transporte,Millones de pesos 2018,ebt,3295.5396125270922
2008,TGS,S&P Capital IQ,transporte,Millones de pesos 2018,impuesto_ganancias,1483.7482086807563
2008,TGS,S&P Capital IQ,transporte,Millones de pesos 2018,inventarios,127.27686898418499
2008,TGS,S&P Capital IQ,transporte,Millones de pesos 2018,pasivo,20287.67422325595
2008,TGS,S&P Capital IQ,transporte,Millones de pesos 2018,patrimonio_neto,31795.70724227941
2008,TGS,S&P Capital IQ,transporte,Millones de pesos 2018,patrimonio_neto_total,31795.71758999234
2008,TGS,S&P Capital IQ,transporte,Millones de pesos 2018,ppye,65956.4670553952
2008,TGS,S&P Capital IQ,transporte,Millones de pesos 2018,ppye_neta,42989.84238970651
2008,TGS,S&P Capital IQ,transporte,Millones de pesos 2018,utilidad_neta,2157.1773658751267
2008,TGS,S&P Capital IQ,transporte,Millones de pesos 2018,utilidad_neta_empresa,1811.7914038463364
2008,TGS,S&P Capital IQ,transporte,Millones de pesos 2018,utilidad_operativa,4464.334482893081
2008,TGS,S&P Capital IQ,transporte,Millones de pesos 2018,ventas,14685.494879357178
2008,TGS,S&P Capital IQ,transporte,Millones de pesos 2018,ventas_raw,14685.494879357178
2009,TGS,S&P Capital IQ,transporte,Millones de pesos 2018,activo,50628.347378479164
2009,TGS,S&P Capital IQ,transporte,Millones de pesos 2018,activo_corr,13226.895528626465
2009,TGS,S&P Capital IQ,transporte,Millones de pesos 2018,deuda_lp,13535.845044768124
2009,TGS,S&P Capital IQ,transporte,Millones de pesos 2018,deuda_neta,4434.412140826964
2009,TGS,S&P Capital IQ,transporte,Millones de pesos 2018,deuda_total,13670.840396192752
2009,TGS,S&P Capital IQ,transporte,Millones de pesos 2018,ebit,5059.212757518697
2009,TGS,S&P Capital IQ,transporte,Millones de pesos 2018,ebitda,6936.668964140176
2009,TGS,S&P Capital IQ,transporte,Millones de pesos 2018,ebt,2898.5933723232865
2009,TGS,S&P Capital IQ,transporte,Millones de pesos 2018,impuesto_ganancias,1006.7483532994087
2009,TGS,S&P Capital IQ,transporte,Millones de pesos 2018,inventarios,112.25436050186448
2009,TGS,S&P Capital IQ,transporte,Millones de pesos 2018,pasivo,21606.47315889491
2009,TGS,S&P Capital IQ,transporte,Millones de pesos 2018,patrimonio_neto,29021.865209682936
2009,TGS,S&P Capital IQ,transporte,Millones de pesos 2018,patrimonio_neto_total,29021.874219584253
2009,TGS,S&P Capital IQ,transporte,Millones de pesos 2018,ppye,58844.097973110285
2009,TGS,S&P Capital IQ,transporte,Millones de pesos 2018,ppye_neta,36970.31906195843
2009,TGS,S&P Capital IQ,transporte,Millones de pesos 2018,utilidad_neta,1195.9652908465357
2009,TGS,S&P Capital IQ,transporte,Millones de pesos 2018,utilidad_neta_empresa,1891.8450190238775
2009,TGS,S&P Capital IQ,transporte,Millones de pesos 2018,utilidad_operativa,5059.212757518697
2009,TGS,S&P Capital IQ,transporte,Millones de pesos 2018,ventas,14421.680522400544
2009,TGS,S&P Capital IQ,transporte,Millones de pesos 2018,ventas_raw,14421.680522400544
2010,TGS,S&P Capital IQ,transporte,Millones de pesos 2018,activo,40172.64756055318
2010,TGS,S&P Capital IQ,transporte,Millones de pesos 2018,activo_corr,10536.563855988528
2010,TGS,S&P Capital IQ,transporte,Millones de pesos 2018,deuda_lp,10646.557548609519
2010,TGS,S&P Capital IQ,transporte,Millones de pesos 2018,deuda_neta,2951.731285318596
2010,TGS,S&P Capital IQ,transporte,Millones de pesos 2018,deuda_total,10751.518335352319
2010,TGS,S&P Capital IQ,transporte,Millones de pesos 2018,ebit,2601.59710639287
2010,TGS,S&P Capital IQ,transporte,Millones de pesos 2018,ebitda,4135.065538093336
2010,TGS,S&P Capital IQ,transporte,Millones de pesos 2018,ebt,1442.0385014438473
2010,TGS,S&P Capital IQ,transporte,Millones de pesos 2018,impuesto_ganancias,489.1082456504515
2010,TGS,S&P Capital IQ,transporte,Millones de pesos 2018,inventarios,92.43221592226143
2010,TGS,S&P Capital IQ,transporte,Millones de pesos 2018,pasivo,20851.350530903568
2010,TGS,S&P Capital IQ,transporte,Millones de pesos 2018,patrimonio_neto,19321.289870466288
2010,TGS,S&P Capital IQ,transporte,Millones de pesos 2018,patrimonio_neto_total,19321.297029649613
2010,TGS,S&P Capital IQ,transporte,Millones de pesos 2018,ppye_neta,29060.71445901897
2010,TGS,S&P Capital IQ,transporte,Millones de pesos 2018,utilidad_neta,1618.9848765297902
2010,TGS,S&P Capital IQ,transporte,Millones de pesos 2018,utilidad_neta_empresa,952.9302557933958
2010,TGS,S&P Capital IQ,transporte,Millones de pesos 2018,utilidad_operativa,2601.59710639287
2010,TGS,S&P Capital IQ,transporte,Millones de pesos 2018,ventas,11834.13719709659
2010,TGS,S&P Capital IQ,transporte,Millones de pesos 2018,ventas_raw,11834.13719709659
2011,TGS,S&P Capital IQ,transporte,Millones de pesos 2018,activo,29041.946620214923
2011,TGS,S&P Capital IQ,transporte,Millones de pesos 2018,activo_corr,5080.236285261113
2011,TGS,S&P Capital IQ,transporte,Millones de pesos 2018,deuda_lp,9305.364637091083
2011,TGS,S&P Capital IQ,transporte,Millones de pesos 2018,deuda_neta,6742.046653380389
2011,TGS,S&P Capital IQ,transporte,Millones de pesos 2018,deuda_total,9396.961667552243
2011,TGS,S&P Capital IQ,transporte,Millones de pesos 2018,ebit,3193.6588508505497
2011,TGS,S&P Capital IQ,transporte,Millones de pesos 2018,ebitda,4467.600940291051
2011,TGS,S&P Capital IQ,transporte,Millones de pesos 2018,ebt,2077.916151140014
2011,TGS,S&P Capital IQ,transporte,Millones de pesos 2018,impuesto_ganancias,744.4874379158573
2011,TGS,S&P Capital IQ,transporte,Millones de pesos 2018,inventarios,43.8620640628098
2011,TGS,S&P Capital IQ,transporte,Millones de pesos 2018,pasivo,17749.881352662676
2011,TGS,S&P Capital IQ,transporte,Millones de pesos 2018,patrimonio_neto,11292.059487100996
2011,TGS,S&P Capital IQ,transporte,Millones de pesos 2018,patrimonio_neto_total,11292.065267552243
2011,TGS,S&P Capital IQ,transporte,Millones de pesos 2018,ppye,39529.71990124906
2011,TGS,S&P Capital IQ,transporte,Millones de pesos 2018,ppye_neta,23026.155861517112
2011,TGS,S&P Capital IQ,transporte,Millones de pesos 2018,utilidad_neta,1300.757602775685
2011,TGS,S&P Capital IQ,transporte,Millones de pesos 2018,utilidad_neta_empresa,1333.4287132241568
2011,TGS,S&P Capital IQ,transporte,Millones de pesos 2018,utilidad_operativa,3193.6588508505497
2011,TGS,S&P Capital IQ,transporte,Millones de pesos 2018,ventas,10716.234055672312
2011,TGS,S&P Capital IQ,transporte,Millones de pesos 2018,ventas_raw,10716.234055672312
2012,TGS,S&P Capital IQ,transporte,Millones de pesos 2018,activo,25959.951301855606
2012,TGS,S&P Capital IQ,transporte,Millones de pesos 2018,activo_corr,7024.653493356024
2012,TGS,S&P Capital IQ,transporte,Millones de pesos 2018,deuda_lp,8658.191747911664
2012,TGS,S&P Capital IQ,transporte,Millones de pesos 2018,deuda_neta,5519.257062001167
2012,TGS,S&P Capital IQ,transporte,Millones de pesos 2018,deuda_total,8759.357821545933
2012,TGS,S&P Capital IQ,transporte,Millones de pesos 2018,ebit,3280.8822956745207
2012,TGS,S&P Capital IQ,transporte,Millones de pesos 2018,ebitda,4373.330025519705
2012,TGS,S&P Capital IQ,transporte,Millones de pesos 2018,ebt,1680.9304856398205
2012,TGS,S&P Capital IQ,transporte,Millones de pesos 2018,impuesto_ganancias,592.7979406906312
2012,TGS,S&P Capital IQ,transporte,Millones de pesos 2018,inventarios,253.77775354755113
2012,TGS,S&P Capital IQ,transporte,Millones de pesos 2018,pasivo,16451.270739707983
2012,TGS,S&P Capital IQ,transporte,Millones de pesos 2018,patrimonio_neto,9508.675886974386
2012,TGS,S&P Capital IQ,transporte,Millones de pesos 2018,patrimonio_neto_total,9508.680562147621
2012,TGS,S&P Capital IQ,transporte,Millones de pesos 2018,ppye,32826.26602808536
2012,TGS,S&P Capital IQ,transporte,Millones de pesos 2018,ppye_neta,18457.728862534394
2012,TGS,S&P Capital IQ,transporte,Millones de pesos 2018,utilidad_neta,1088.1325449491892
2012,TGS,S&P Capital IQ,transporte,Millones de pesos 2018,utilidad_neta_empresa,1088.1325449491892
2012,TGS,S&P Capital IQ,transporte,Millones de pesos 2018,utilidad_operativa,3280.8822956745207
2012,TGS,S&P Capital IQ,transporte,Millones de pesos 2018,ventas,12038.421474832003
2012,TGS,S&P Capital IQ,transporte,Millones de pesos 2018,ventas_raw,12038.421474832003
2013,TGS,S&P Capital IQ,transporte,Millones de pesos 2018,activo,22550.14966458476
2013,TGS,S&P Capital IQ,transporte,Millones de pesos 2018,activo_corr,6695.198925173465
2013,TGS,S&P Capital IQ,transporte,Millones de pesos 2018,deuda_lp,6914.903688681264
2013,TGS,S&P Capital IQ,transporte,Millones de pesos 2018,deuda_neta,5056.243274710383
2013,TGS,S&P Capital IQ,transporte,Millones de pesos 2018,deuda_total,9309.92622862645
2013,TGS,S&P Capital IQ,transporte,Millones de pesos 2018,ebit,2628.9898439585522
2013,TGS,S&P Capital IQ,transporte,Millones de pesos 2018,ebitda,3530.998058483703
2013,TGS,S&P Capital IQ,transporte,Millones de pesos 2018,ebt,643.8268968078494
2013,TGS,S&P Capital IQ,transporte,Millones de pesos 2018,impuesto_ganancias,244.63171857519842
2013,TGS,S&P Capital IQ,transporte,Millones de pesos 2018,inventarios,27.314565987753063
2013,TGS,S&P Capital IQ,transporte,Millones de pesos 2018,pasivo,15037.968208951877
2013,TGS,S&P Capital IQ,transporte,Millones de pesos 2018,patrimonio_neto,7512.170315924072
2013,TGS,S&P Capital IQ,transporte,Millones de pesos 2018,patrimonio_neto_total,7512.181455632877
2013,TGS,S&P Capital IQ,transporte,Millones de pesos 2018,ppye,27043.31407837224
2013,TGS,S&P Capital IQ,transporte,Millones de pesos 2018,ppye_neta,14730.066657605428
2013,TGS,S&P Capital IQ,transporte,Millones de pesos 2018,utilidad_neta,399.1877517601149
2013,TGS,S&P Capital IQ,transporte,Millones de pesos 2018,utilidad_neta_empresa,399.195178232651
2013,TGS,S&P Capital IQ,transporte,Millones de pesos 2018,utilidad_operativa,2628.9898439585522
2013,TGS,S&P Capital IQ,transporte,Millones de pesos 2018,ventas,10638.369922646641
2013,TGS,S&P Capital IQ,transporte,Millones de pesos 2018,ventas_raw,10638.369922646641
2014,TGS,S&P Capital IQ,transporte,Millones de pesos 2018,activo,16068.228289356397
2014,TGS,S&P Capital IQ,transporte,Millones de pesos 2018,activo_corr,5097.979193900394
2014,TGS,S&P Capital IQ,transporte,Millones de pesos 2018,deuda_lp,5622.209169034016
2014,TGS,S&P Capital IQ,transporte,Millones de pesos 2018,deuda_neta,3984.0926404181614
2014,TGS,S&P Capital IQ,transporte,Millones de pesos 2018,deuda_total,6416.676180524631
2014,TGS,S&P Capital IQ,transporte,Millones de pesos 2018,ebit,2431.0325176524634
2014,TGS,S&P Capital IQ,transporte,Millones de pesos 2018,ebitda,3092.848073525649
2014,TGS,S&P Capital IQ,transporte,Millones de pesos 2018,ebt,441.76554640458636
2014,TGS,S&P Capital IQ,transporte,Millones de pesos 2018,impuesto_ganancias,168.5461749263018
2014,TGS,S&P Capital IQ,transporte,Millones de pesos 2018,inventarios,75.81012601948706
2014,TGS,S&P Capital IQ,transporte,Millones de pesos 2018,pasivo,11208.159284625668
2014,TGS,S&P Capital IQ,transporte,Millones de pesos 2018,patrimonio_neto,4860.053390410723
2014,TGS,S&P Capital IQ,transporte,Millones de pesos 2018,patrimonio_neto_total,4860.06900473073
2014,TGS,S&P Capital IQ,transporte,Millones de pesos 2018,ppye,19912.32814136729
2014,TGS,S&P Capital IQ,transporte,Millones de pesos 2018,ppye_neta,10623.127147385723
2014,TGS,S&P Capital IQ,transporte,Millones de pesos 2018,utilidad_neta,273.20635954494554
2014,TGS,S&P Capital IQ,transporte,Millones de pesos 2018,utilidad_neta_empresa,273.2193714782845
2014,TGS,S&P Capital IQ,transporte,Millones de pesos 2018,utilidad_operativa,2431.0325176524634
2014,TGS,S&P Capital IQ,transporte,Millones de pesos 2018,ventas,11200.596748969061
2014,TGS,S&P Capital IQ,transporte,Millones de pesos 2018,ventas_raw,11200.596748969061
2015,TGS,S&P Capital IQ,transporte,Millones de pesos 2018,activo,13666.128284860224
2015,TGS,S&P Capital IQ,transporte,Millones de pesos 2018,activo_corr,4585.587281593621
2015,TGS,S&P Capital IQ,transporte,Millones de pesos 2018,deuda_lp,5938.266433910992
2015,TGS,S&P Capital IQ,transporte,Millones de pesos 2018,deuda_neta,4990.528898167355
2015,TGS,S&P Capital IQ,transporte,Millones de pesos 2018,deuda_total,6857.539110227648
2015,TGS,S&P Capital IQ,transporte,Millones de pesos 2018,ebit,2114.7864916736407
2015,TGS,S&P Capital IQ,transporte,Millones de pesos 2018,ebitda,2652.2406234416876
2015,TGS,S&P Capital IQ,transporte,Millones de pesos 2018,ebt,-573.4504647752642
2015,TGS,S&P Capital IQ,transporte,Millones de pesos 2018,impuesto_ganancias,-286.7252323876321
2015,TGS,S&P Capital IQ,transporte,Millones de pesos 2018,inventarios,17.37828603559977
2015,TGS,S&P Capital IQ,transporte,Millones de pesos 2018,pasivo,10180.120593605958
2015,TGS,S&P Capital IQ,transporte,Millones de pesos 2018,patrimonio_neto,3485.9953545628077
2015,TGS,S&P Capital IQ,transporte,Millones de pesos 2018,patrimonio_neto_total,3486.007691254267
2015,TGS,S&P Capital IQ,transporte,Millones de pesos 2018,ppye,16549.704490430562
2015,TGS,S&P Capital IQ,transporte,Millones de pesos 2018,ppye_neta,8675.819391023893
2015,TGS,S&P Capital IQ,transporte,Millones de pesos 2018,utilidad_neta,-286.7252323876321
2015,TGS,S&P Capital IQ,transporte,Millones de pesos 2018,utilidad_neta_empresa,-286.7252323876321
2015,TGS,S&P Capital IQ,transporte,Millones de pesos 2018,utilidad_operativa,2114.7864916736407
2015,TGS,S&P Capital IQ,transporte,Millones de pesos 2018,ventas,8690.312947373272
2015,TGS,S&P Capital IQ,transporte,Millones de pesos 2018,ventas_raw,8690.312947373272
2016,TGS,S&P Capital IQ,transporte,Millones de pesos 2018,activo,13216.301630609129
2016,TGS,S&P Capital IQ,transporte,Millones de pesos 2018,activo_corr,4952.889436319748
2016,TGS,S&P Capital IQ,transporte,Millones de pesos 2018,deuda_lp,4492.700743838242
2016,TGS,S&P Capital IQ,transporte,Millones de pesos 2018,deuda_neta,3390.8934115813536
2016,TGS,S&P Capital IQ,transporte,Millones de pesos 2018,deuda_total,5796.252282089163
2016,TGS,S&P Capital IQ,transporte,Millones de pesos 2018,ebit,3364.7991780499874
2016,TGS,S&P Capital IQ,transporte,Millones de pesos 2018,ebitda,3789.1937560429938
2016,TGS,S&P Capital IQ,transporte,Millones de pesos 2018,ebt,2101.244296151527
2016,TGS,S&P Capital IQ,transporte,Millones de pesos 2018,impuesto_ganancias,724.0565296490566
2016,TGS,S&P Capital IQ,transporte,Millones de pesos 2018,inventarios,172.93015839718808
2016,TGS,S&P Capital IQ,transporte,Millones de pesos 2018,pasivo,9477.847648500408
2016,TGS,S&P Capital IQ,transporte,Millones de pesos 2018,patrimonio_neto,3738.4406641943615
2016,TGS,S&P Capital IQ,transporte,Millones de pesos 2018,patrimonio_neto_total,3738.453982108719
2016,TGS,S&P Capital IQ,transporte,Millones de pesos 2018,ppye,13982.698769537586
2016,TGS,S&P Capital IQ,transporte,Millones de pesos 2018,ppye_neta,7892.113181303686
2016,TGS,S&P Capital IQ,transporte,Millones de pesos 2018,utilidad_neta,1377.1833271976845
2016,TGS,S&P Capital IQ,transporte,Millones de pesos 2018,utilidad_neta_empresa,1377.1877665024704
2016,TGS,S&P Capital IQ,transporte,Millones de pesos 2018,utilidad_operativa,3364.7991780499874
2016,TGS,S&P Capital IQ,transporte,Millones de pesos 2018,ventas,10953.49919515356
2016,TGS,S&P Capital IQ,transporte,Millones de pesos 2018,ventas_raw,10953.49919515356
2017,TGS,S&P Capital IQ,transporte,Millones de pesos 2018,activo,53780.04865744187
2017,TGS,S&P Capital IQ,transporte,Millones de pesos 2018,activo_corr,12696.15282916344
2017,TGS,S&P Capital IQ,transporte,Millones de pesos 2018,deuda_lp,4211.569723983225
2017,TGS,S&P Capital IQ,transporte,Millones de pesos 2018,deuda_neta,319.6628898003408
2017,TGS,S&P Capital IQ,transporte,Millones de pesos 2018,deuda_total,7964.618329228145
2017,TGS,S&P Capital IQ,transporte,Millones de pesos 2018,ebit,11085.54725068377
2017,TGS,S&P Capital IQ,transporte,Millones de pesos 2018,ebitda,14811.789419313838
2017,TGS,S&P Capital IQ,transporte,Millones de pesos 2018,ebt,10510.047576279756
2017,TGS,S&P Capital IQ,transporte,Millones de pesos 2018,impuesto_ganancias,-167.20298281957574
2017,TGS,S&P Capital IQ,transporte,Millones de pesos 2018,inventarios,220.3134899940122
2017,TGS,S&P Capital IQ,transporte,Millones de pesos 2018,pasivo,23469.376376812514
2017,TGS,S&P Capital IQ,transporte,Millones de pesos 2018,patrimonio_neto,30310.657892418087
2017,TGS,S&P Capital IQ,transporte,Millones de pesos 2018,patrimonio_neto_total,30310.672280629355
2017,TGS,S&P Capital IQ,transporte,Millones de pesos 2018,ppye,91925.0516162083
2017,TGS,S&P Capital IQ,transporte,Millones de pesos 2018,ppye_neta,40959.29032162166
2017,TGS,S&P Capital IQ,transporte,Millones de pesos 2018,utilidad_neta,10607.943766747747
2017,TGS,S&P Capital IQ,transporte,Millones de pesos 2018,utilidad_neta_empresa,10607.947363800564
2017,TGS,S&P Capital IQ,transporte,Millones de pesos 2018,utilidad_operativa,11085.54725068377
2017,TGS,S&P Capital IQ,transporte,Millones de pesos 2018,ventas,36803.35141749885
2017,TGS,S&P Capital IQ,transporte,Millones de pesos 2018,ventas_raw,36803.35141749885
2018,TGS,S&P Capital IQ,transporte,Millones de pesos 2018,activo,95288.446
2018,TGS,S&P Capital IQ,transporte,Millones de pesos 2018,activo_corr,35632.685
2018,TGS,S&P Capital IQ,transporte,Millones de pesos 2018,deuda_lp,28789.009
2018,TGS,S&P Capital IQ,transporte,Millones de pesos 2018,deuda_neta,6071.013
2018,TGS,S&P Capital IQ,transporte,Millones de pesos 2018,deuda_total,31684.94
2018,TGS,S&P Capital IQ,transporte,Millones de pesos 2018,ebit,22080.166
2018,TGS,S&P Capital IQ,transporte,Millones de pesos 2018,ebitda,25499.986
2018,TGS,S&P Capital IQ,transporte,Millones de pesos 2018,ebt,17581.516
2018,TGS,S&P Capital IQ,transporte,Millones de pesos 2018,impuesto_ganancias,20.261000000000003
2018,TGS,S&P Capital IQ,transporte,Millones de pesos 2018,inventarios,554.2180000000001
2018,TGS,S&P Capital IQ,transporte,Millones de pesos 2018,pasivo,47684.54
2018,TGS,S&P Capital IQ,transporte,Millones de pesos 2018,patrimonio_neto,47603.891
2018,TGS,S&P Capital IQ,transporte,Millones de pesos 2018,patrimonio_neto_total,47603.906
2018,TGS,S&P Capital IQ,transporte,Millones de pesos 2018,ppye,124700.42
2018,TGS,S&P Capital IQ,transporte,Millones de pesos 2018,ppye_neta,59510.863000000005
2018,TGS,S&P Capital IQ,transporte,Millones de pesos 2018,utilidad_neta,17561.249
2018,TGS,S&P Capital IQ,transporte,Millones de pesos 2018,utilidad_neta_empresa,17561.255
2018,TGS,S&P Capital IQ,transporte,Millones de pesos 2018,utilidad_operativa,22080.166
2018,TGS,S&P Capital IQ,transporte,Millones de pesos 2018,ventas,52399.423
2018,TGS,S&P Capital IQ,transporte,Millones de pesos 2018,ventas_raw,52399.423
2019,TGS,S&P Capital IQ,transporte,Millones de pesos 2018,activo,84686.612568532
2019,TGS,S&P Capital IQ,transporte,Millones de pesos 2018,activo_corr,18549.23834237685
2019,TGS,S&P Capital IQ,transporte,Millones de pesos 2018,deuda_lp,26439.5382243764
2019,TGS,S&P Capital IQ,transporte,Millones de pesos 2018,deuda_neta,20173.597654265748
2019,TGS,S&P Capital IQ,transporte,Millones de pesos 2018,deuda_total,29748.686863681607
2019,TGS,S&P Capital IQ,transporte,Millones de pesos 2018,ebit,26418.991251302148
2019,TGS,S&P Capital IQ,transporte,Millones de pesos 2018,ebitda,31021.826844641633
2019,TGS,S&P Capital IQ,transporte,Millones de pesos 2018,ebt,22502.289739058655
2019,TGS,S&P Capital IQ,transporte,Millones de pesos 2018,impuesto_ganancias,5380.723770992953
2019,TGS,S&P Capital IQ,transporte,Millones de pesos 2018,inventarios,272.517097469
2019,TGS,S&P Capital IQ,transporte,Millones de pesos 2018,pasivo,42092.786836813066
2019,TGS,S&P Capital IQ,transporte,Millones de pesos 2018,patrimonio_neto,42593.80100611955
2019,TGS,S&P Capital IQ,transporte,Millones de pesos 2018,patrimonio_neto_total,42593.82573171892
2019,TGS,S&P Capital IQ,transporte,Millones de pesos 2018,ppye,126931.4241023814
2019,TGS,S&P Capital IQ,transporte,Millones de pesos 2018,ppye_neta,66041.11356377612
2019,TGS,S&P Capital IQ,transporte,Millones de pesos 2018,utilidad_neta,17121.54839987668
2019,TGS,S&P Capital IQ,transporte,Millones de pesos 2018,utilidad_neta_empresa,17121.5659680657
2019,TGS,S&P Capital IQ,transporte,Millones de pesos 2018,utilidad_operativa,26418.991251302148
2019,TGS,S&P Capital IQ,transporte,Millones de pesos 2018,ventas,64930.97644597153
2019,TGS,S&P Capital IQ,transporte,Millones de pesos 2018,ventas_raw,64930.97644597153
2020,TGS,S&P Capital IQ,transporte,Millones de pesos 2018,activo,88962.08896736556
2020,TGS,S&P Capital IQ,transporte,Millones de pesos 2018,activo_corr,10930.021506260979
2020,TGS,S&P Capital IQ,transporte,Millones de pesos 2018,deuda_lp,28031.927069354006
2020,TGS,S&P Capital IQ,transporte,Millones de pesos 2018,deuda_neta,25649.95324867349
2020,TGS,S&P Capital IQ,transporte,Millones de pesos 2018,deuda_total,30349.040503392258
2020,TGS,S&P Capital IQ,transporte,Millones de pesos 2018,ebit,16337.88021959862
2020,TGS,S&P Capital IQ,transporte,Millones de pesos 2018,ebitda,20361.790814028678
2020,TGS,S&P Capital IQ,transporte,Millones de pesos 2018,ebt,5320.402881223036
2020,TGS,S&P Capital IQ,transporte,Millones de pesos 2018,impuesto_ganancias,3046.9971969215876
2020,TGS,S&P Capital IQ,transporte,Millones de pesos 2018,inventarios,395.36713001191566
2020,TGS,S&P Capital IQ,transporte,Millones de pesos 2018,pasivo,43284.59662541548
2020,TGS,S&P Capital IQ,transporte,Millones de pesos 2018,patrimonio_neto,45677.470800653165
2020,TGS,S&P Capital IQ,transporte,Millones de pesos 2018,patrimonio_neto_total,45677.49234195008
2020,TGS,S&P Capital IQ,transporte,Millones de pesos 2018,ppye,137388.20037803208
2020,TGS,S&P Capital IQ,transporte,Millones de pesos 2018,ppye_neta,68401.02511561493
2020,TGS,S&P Capital IQ,transporte,Millones de pesos 2018,utilidad_neta,2273.3992677449237
2020,TGS,S&P Capital IQ,transporte,Millones de pesos 2018,utilidad_neta_empresa,2273.4056843014473
2020,TGS,S&P Capital IQ,transporte,Millones de pesos 2018,utilidad_operativa,16337.88021959862
2020,TGS,S&P Capital IQ,transporte,Millones de pesos 2018,ventas,38652.081144628915
2020,TGS,S&P Capital IQ,transporte,Millones de pesos 2018,ventas_raw,38652.081144628915
2021,TGS,S&P Capital IQ,transporte,Millones de pesos 2018,activo,125300.79863179989
2021,TGS,S&P Capital IQ,transporte,Millones de pesos 2018,activo_corr,21362.49809513272
2021,TGS,S&P Capital IQ,transporte,Millones de pesos 2018,deuda_lp,30936.274883804377
2021,TGS,S&P Capital IQ,transporte,Millones de pesos 2018,deuda_neta,20994.282625500542
2021,TGS,S&P Capital IQ,transporte,Millones de pesos 2018,deuda_total,31646.866390348037
2021,TGS,S&P Capital IQ,transporte,Millones de pesos 2018,ebit,20460.74929194384
2021,TGS,S&P Capital IQ,transporte,Millones de pesos 2018,ebitda,25932.213482433406
2021,TGS,S&P Capital IQ,transporte,Millones de pesos 2018,ebt,20264.411502043
2021,TGS,S&P Capital IQ,transporte,Millones de pesos 2018,impuesto_ganancias,7666.255273225577
2021,TGS,S&P Capital IQ,transporte,Millones de pesos 2018,inventarios,703.9702021195362
2021,TGS,S&P Capital IQ,transporte,Millones de pesos 2018,pasivo,52717.50675498237
2021,TGS,S&P Capital IQ,transporte,Millones de pesos 2018,patrimonio_neto,72583.26159599089
2021,TGS,S&P Capital IQ,transporte,Millones de pesos 2018,patrimonio_neto_total,72583.2918768175
2021,TGS,S&P Capital IQ,transporte,Millones de pesos 2018,ppye,189598.82747097354
2021,TGS,S&P Capital IQ,transporte,Millones de pesos 2018,ppye_neta,90389.70208153343
2021,TGS,S&P Capital IQ,transporte,Millones de pesos 2018,utilidad_neta,12598.15437488926
2021,TGS,S&P Capital IQ,transporte,Millones de pesos 2018,utilidad_neta_empresa,12598.156228817421
2021,TGS,S&P Capital IQ,transporte,Millones de pesos 2018,utilidad_operativa,20460.74929194384
2021,TGS,S&P Capital IQ,transporte,Millones de pesos 2018,ventas,53553.74947853512
2021,TGS,S&P Capital IQ,transporte,Millones de pesos 2018,ventas_raw,53553.74947853512
2022,TGS,S&P Capital IQ,transporte,Millones de pesos 2018,activo,230101.60953163277
2022,TGS,S&P Capital IQ,transporte,Millones de pesos 2018,activo_corr,43136.36997289025
2022,TGS,S&P Capital IQ,transporte,Millones de pesos 2018,deuda_lp,48911.37172235284
2022,TGS,S&P Capital IQ,transporte,Millones de pesos 2018,deuda_neta,29221.97681348587
2022,TGS,S&P Capital IQ,transporte,Millones de pesos 2018,deuda_total,52830.03991620644
2022,TGS,S&P Capital IQ,transporte,Millones de pesos 2018,ebit,63738.976513538466
2022,TGS,S&P Capital IQ,transporte,Millones de pesos 2018,ebitda,86305.78254260166
2022,TGS,S&P Capital IQ,transporte,Millones de pesos 2018,ebt,60041.63006458869
2022,TGS,S&P Capital IQ,transporte,Millones de pesos 2018,impuesto_ganancias,20745.263666998813
2022,TGS,S&P Capital IQ,transporte,Millones de pesos 2018,inventarios,1023.8039195072763
2022,TGS,S&P Capital IQ,transporte,Millones de pesos 2018,pasivo,80890.49772883976
2022,TGS,S&P Capital IQ,transporte,Millones de pesos 2018,patrimonio_neto,149211.05047997925
2022,TGS,S&P Capital IQ,transporte,Millones de pesos 2018,patrimonio_neto_total,149211.111802793
2022,TGS,S&P Capital IQ,transporte,Millones de pesos 2018,ppye,353599.7049551491
2022,TGS,S&P Capital IQ,transporte,Millones de pesos 2018,ppye_neta,164429.7682323463
2022,TGS,S&P Capital IQ,transporte,Millones de pesos 2018,utilidad_neta,39296.35205307204
2022,TGS,S&P Capital IQ,transporte,Millones de pesos 2018,utilidad_neta_empresa,39296.366397589874
2022,TGS,S&P Capital IQ,transporte,Millones de pesos 2018,utilidad_operativa,63738.976513538466
2022,TGS,S&P Capital IQ,transporte,Millones de pesos 2018,ventas,200051.55024118535
2022,TGS,S&P Capital IQ,transporte,Millones de pesos 2018,ventas_raw,200051.55024118535
2023,TGS,S&P Capital IQ,transporte,Millones de pesos 2018,activo,255356.8295651659
2023,TGS,S&P Capital IQ,transporte,Millones de pesos 2018,activo_corr,71162.32473822946
2023,TGS,S&P Capital IQ,transporte,Millones de pesos 2018,deuda_lp,66970.8775836125
2023,TGS,S&P Capital IQ,transporte,Millones de pesos 2018,deuda_neta,23796.023236948804
2023,TGS,S&P Capital IQ,transporte,Millones de pesos 2018,deuda_total,78935.23186368999
2023,TGS,S&P Capital IQ,transporte,Millones de pesos 2018,ebit,25784.257228524988
2023,TGS,S&P Capital IQ,transporte,Millones de pesos 2018,ebitda,38357.38754839235
2023,TGS,S&P Capital IQ,transporte,Millones de pesos 2018,ebt,9604.706335502187
2023,TGS,S&P Capital IQ,transporte,Millones de pesos 2018,impuesto_ganancias,4426.966971439476
2023,TGS,S&P Capital IQ,transporte,Millones de pesos 2018,inventarios,1283.5325661703
2023,TGS,S&P Capital IQ,transporte,Millones de pesos 2018,pasivo,112150.81726231871
2023,TGS,S&P Capital IQ,transporte,Millones de pesos 2018,patrimonio_neto,143205.85897888962
2023,TGS,S&P Capital IQ,transporte,Millones de pesos 2018,patrimonio_neto_total,143206.01230284717
2023,TGS,S&P Capital IQ,transporte,Millones de pesos 2018,ppye,352758.5874773189
2023,TGS,S&P Capital IQ,transporte,Millones de pesos 2018,ppye_neta,166173.52275146445
2023,TGS,S&P Capital IQ,transporte,Millones de pesos 2018,utilidad_neta,5177.61301589919
2023,TGS,S&P Capital IQ,transporte,Millones de pesos 2018,utilidad_neta_empresa,5177.739364062712
2023,TGS,S&P Capital IQ,transporte,Millones de pesos 2018,utilidad_operativa,25784.257228524988
2023,TGS,S&P Capital IQ,transporte,Millones de pesos 2018,ventas,99690.5604278633
2023,TGS,S&P Capital IQ,transporte,Millones de pesos 2018,ventas_raw,99690.5604278633
2024,TGS,S&P Capital IQ,transporte,Millones de pesos 2018,activo,107353.7248704138
2024,TGS,S&P Capital IQ,transporte,Millones de pesos 2018,activo_corr,31879.560062976718
2024,TGS,S&P Capital IQ,transporte,Millones de pesos 2018,deuda_lp,15671.52215597216
2024,TGS,S&P Capital IQ,transporte,Millones de pesos 2018,deuda_neta,-6845.673337017336
2024,TGS,S&P Capital IQ,transporte,Millones de pesos 2018,deuda_total,18345.891013009186
2024,TGS,S&P Capital IQ,transporte,Millones de pesos 2018,ebit,16451.511832818454
2024,TGS,S&P Capital IQ,transporte,Millones de pesos 2018,ebitda,20309.85628231765
2024,TGS,S&P Capital IQ,transporte,Millones de pesos 2018,ebt,18408.930223798758
2024,TGS,S&P Capital IQ,transporte,Millones de pesos 2018,impuesto_ganancias,6702.558242482836
2024,TGS,S&P Capital IQ,transporte,Millones de pesos 2018,inventarios,115.89579098181653
2024,TGS,S&P Capital IQ,transporte,Millones de pesos 2018,pasivo,36719.19509568324
2024,TGS,S&P Capital IQ,transporte,Millones de pesos 2018,patrimonio_neto,70634.47337591532
2024,TGS,S&P Capital IQ,transporte,Millones de pesos 2018,patrimonio_neto_total,70634.52977473056
2024,TGS,S&P Capital IQ,transporte,Millones de pesos 2018,ppye,156028.70070661156
2024,TGS,S&P Capital IQ,transporte,Millones de pesos 2018,ppye_neta,75421.42583295847
2024,TGS,S&P Capital IQ,transporte,Millones de pesos 2018,utilidad_neta,11706.378664551488
2024,TGS,S&P Capital IQ,transporte,Millones de pesos 2018,utilidad_neta_empresa,11706.371981315922
2024,TGS,S&P Capital IQ,transporte,Millones de pesos 2018,utilidad_operativa,16451.511832818454
2024,TGS,S&P Capital IQ,transporte,Millones de pesos 2018,ventas,38574.94890056672
2024,TGS,S&P Capital IQ,transporte,Millones de pesos 2018,ventas_raw,38574.94890056672
1999,Tecpetrol,S&P Capital IQ,produccion,Millones de pesos 2018,KTA,5789.684424837322
1999,Tecpetrol,S&P Capital IQ,produccion,Millones de pesos 2018,activo,12221.62305789474
1999,Tecpetrol,S&P Capital IQ,produccion,Millones de pesos 2018,activo_corr,1048.7872482431226
1999,Tecpetrol,S&P Capital IQ,produccion,Millones de pesos 2018,cash_st_inv,95.91350200043988
1999,Tecpetrol,S&P Capital IQ,produccion,Millones de pesos 2018,costo_ventas,2364.9859920649556
1999,Tecpetrol,S&P Capital IQ,produccion,Millones de pesos 2018,deuda_lp,3954.1925971916144
1999,Tecpetrol,S&P Capital IQ,produccion,Millones de pesos 2018,deuda_neta,6146.8062814520445
1999,Tecpetrol,S&P Capital IQ,produccion,Millones de pesos 2018,deuda_total,6242.71978348804
1999,Tecpetrol,S&P Capital IQ,produccion,Millones de pesos 2018,ebit,773.379491110603
1999,Tecpetrol,S&P Capital IQ,produccion,Millones de pesos 2018,ebitda,1762.7975373089553
1999,Tecpetrol,S&P Capital IQ,produccion,Millones de pesos 2018,ebt,441.94897467881736
1999,Tecpetrol,S&P Capital IQ,produccion,Millones de pesos 2018,ganancia_bruta,1238.0974021842892
1999,Tecpetrol,S&P Capital IQ,produccion,Millones de pesos 2018,impuesto_ganancias,93.52477388235239
1999,Tecpetrol,S&P Capital IQ,produccion,Millones de pesos 2018,inventarios,71.34884438585516
1999,Tecpetrol,S&P Capital IQ,produccion,Millones de pesos 2018,pasivo,7074.118517749289
1999,Tecpetrol,S&P Capital IQ,produccion,Millones de pesos 2018,patrimonio_neto,5107.278258246832
1999,Tecpetrol,S&P Capital IQ,produccion,Millones de pesos 2018,patrimonio_neto_total,5147.504540145452
1999,Tecpetrol,S&P Capital IQ,produccion,Millones de pesos 2018,ppye_neta,5622.422078451026
1999,Tecpetrol,S&P Capital IQ,produccion,Millones de pesos 2018,utilidad_neta,333.95603543705903
1999,Tecpetrol,S&P Capital IQ,produccion,Millones de pesos 2018,utilidad_neta_empresa,348.42420083202046
1999,Tecpetrol,S&P Capital IQ,produccion,Millones de pesos 2018,utilidad_operativa,773.379491110603
1999,Tecpetrol,S&P Capital IQ,produccion,Millones de pesos 2018,ventas,3603.083394249245
1999,Tecpetrol,S&P Capital IQ,produccion,Millones de pesos 2018,ventas_raw,3603.083394249245
2000,Tecpetrol,S&P Capital IQ,produccion,Millones de pesos 2018,KTA,6553.57107892908
2000,Tecpetrol,S&P Capital IQ,produccion,Millones de pesos 2018,activo,12980.561556298811
2000,Tecpetrol,S&P Capital IQ,produccion,Millones de pesos 2018,activo_corr,1566.0339416624656
2000,Tecpetrol,S&P Capital IQ,produccion,Millones de pesos 2018,cash_st_inv,514.0486903301596
2000,Tecpetrol,S&P Capital IQ,produccion,Millones de pesos 2018,costo_ventas,3234.060964720484
2000,Tecpetrol,S&P Capital IQ,produccion,Millones de pesos 2018,deuda_lp,3895.9949605068014
2000,Tecpetrol,S&P Capital IQ,produccion,Millones de pesos 2018,deuda_neta,4946.908718359724
2000,Tecpetrol,S&P Capital IQ,produccion,Millones de pesos 2018,deuda_total,5460.9574086539915
2000,Tecpetrol,S&P Capital IQ,produccion,Millones de pesos 2018,ebit,1584.0264102555352
2000,Tecpetrol,S&P Capital IQ,produccion,Millones de pesos 2018,ebitda,2747.169448586672
2000,Tecpetrol,S&P Capital IQ,produccion,Millones de pesos 2018,ebt,1272.7452422248202
2000,Tecpetrol,S&P Capital IQ,produccion,Millones de pesos 2018,ganancia_bruta,2042.5275951939436
2000,Tecpetrol,S&P Capital IQ,produccion,Millones de pesos 2018,impuesto_ganancias,431.4853922624483
2000,Tecpetrol,S&P Capital IQ,produccion,Millones de pesos 2018,inventarios,151.80108277206273
2000,Tecpetrol,S&P Capital IQ,produccion,Millones de pesos 2018,pasivo,6945.5869022281595
2000,Tecpetrol,S&P Capital IQ,produccion,Millones de pesos 2018,patrimonio_neto,5996.651889442864
2000,Tecpetrol,S&P Capital IQ,produccion,Millones de pesos 2018,patrimonio_neto_total,6034.974654070652
2000,Tecpetrol,S&P Capital IQ,produccion,Millones de pesos 2018,ppye_neta,5887.721305826858
2000,Tecpetrol,S&P Capital IQ,produccion,Millones de pesos 2018,utilidad_neta,843.553973401264
2000,Tecpetrol,S&P Capital IQ,produccion,Millones de pesos 2018,utilidad_neta_empresa,841.2598499623722
2000,Tecpetrol,S&P Capital IQ,produccion,Millones de pesos 2018,utilidad_operativa,1584.0264102555352
2000,Tecpetrol,S&P Capital IQ,produccion,Millones de pesos 2018,ventas,5276.5885598785335
2000,Tecpetrol,S&P Capital IQ,produccion,Millones de pesos 2018,ventas_raw,5276.5885598785335
2001,Tecpetrol,S&P Capital IQ,produccion,Millones de pesos 2018,KTA,8997.260402565606
2001,Tecpetrol,S&P Capital IQ,produccion,Millones de pesos 2018,activo,15401.332811613012
2001,Tecpetrol,S&P Capital IQ,produccion,Millones de pesos 2018,activo_corr,3164.081626460127
2001,Tecpetrol,S&P Capital IQ,produccion,Millones de pesos 2018,cash_st_inv,1641.7739030750856
2001,Tecpetrol,S&P Capital IQ,produccion,Millones de pesos 2018,costo_ventas,3731.478937495868
2001,Tecpetrol,S&P Capital IQ,produccion,Millones de pesos 2018,deuda_lp,2569.195029095114
2001,Tecpetrol,S&P Capital IQ,produccion,Millones de pesos 2018,deuda_neta,3886.842897510218
2001,Tecpetrol,S&P Capital IQ,produccion,Millones de pesos 2018,deuda_total,5528.616800549025
2001,Tecpetrol,S&P Capital IQ,produccion,Millones de pesos 2018,ebit,2419.214540714857
2001,Tecpetrol,S&P Capital IQ,produccion,Millones de pesos 2018,ebitda,3578.4317496384206
2001,Tecpetrol,S&P Capital IQ,produccion,Millones de pesos 2018,ebt,2288.4126895354607
2001,Tecpetrol,S&P Capital IQ,produccion,Millones de pesos 2018,ganancia_bruta,3098.0861521012457
2001,Tecpetrol,S&P Capital IQ,produccion,Millones de pesos 2018,impuesto_ganancias,801.4027474285524
2001,Tecpetrol,S&P Capital IQ,produccion,Millones de pesos 2018,inventarios,243.92973262023045
2001,Tecpetrol,S&P Capital IQ,produccion,Millones de pesos 2018,pasivo,9117.740594402789
2001,Tecpetrol,S&P Capital IQ,produccion,Millones de pesos 2018,patrimonio_neto,6228.050301523283
2001,Tecpetrol,S&P Capital IQ,produccion,Millones de pesos 2018,patrimonio_neto_total,6283.592217210221
2001,Tecpetrol,S&P Capital IQ,produccion,Millones de pesos 2018,ppye_neta,7111.55676687029
2001,Tecpetrol,S&P Capital IQ,produccion,Millones de pesos 2018,utilidad_neta,1470.2086415169024
2001,Tecpetrol,S&P Capital IQ,produccion,Millones de pesos 2018,utilidad_neta_empresa,1487.0099421069083
2001,Tecpetrol,S&P Capital IQ,produccion,Millones de pesos 2018,utilidad_operativa,2419.214540714857
2001,Tecpetrol,S&P Capital IQ,produccion,Millones de pesos 2018,ventas,6829.565089560835
2001,Tecpetrol,S&P Capital IQ,produccion,Millones de pesos 2018,ventas_raw,6829.565089560835
2002,Tecpetrol,S&P Capital IQ,produccion,Millones de pesos 2018,KTA,18615.65105133651
2002,Tecpetrol,S&P Capital IQ,produccion,Millones de pesos 2018,activo,38390.2002680279
2002,Tecpetrol,S&P Capital IQ,produccion,Millones de pesos 2018,activo_corr,7582.733254196091
2002,Tecpetrol,S&P Capital IQ,produccion,Millones de pesos 2018,cash_st_inv,2217.9343334639734
2002,Tecpetrol,S&P Capital IQ,produccion,Millones de pesos 2018,costo_ventas,8417.554517849683
2002,Tecpetrol,S&P Capital IQ,produccion,Millones de pesos 2018,deuda_lp,19534.1017301004
2002,Tecpetrol,S&P Capital IQ,produccion,Millones de pesos 2018,deuda_neta,24864.32609960333
2002,Tecpetrol,S&P Capital IQ,produccion,Millones de pesos 2018,deuda_total,27082.260433067306
2002,Tecpetrol,S&P Capital IQ,produccion,Millones de pesos 2018,ebit,3814.5158143263543
2002,Tecpetrol,S&P Capital IQ,produccion,Millones de pesos 2018,ebitda,5966.798494783486
2002,Tecpetrol,S&P Capital IQ,produccion,Millones de pesos 2018,ebt,-2882.280112517451
2002,Tecpetrol,S&P Capital IQ,produccion,Millones de pesos 2018,ganancia_bruta,5943.9580598363555
2002,Tecpetrol,S&P Capital IQ,produccion,Millones de pesos 2018,impuesto_ganancias,237.24932301835716
2002,Tecpetrol,S&P Capital IQ,produccion,Millones de pesos 2018,inventarios,678.729849317227
2002,Tecpetrol,S&P Capital IQ,produccion,Millones de pesos 2018,pasivo,32064.713839640433
2002,Tecpetrol,S&P Capital IQ,produccion,Millones de pesos 2018,patrimonio_neto,6084.576536790989
2002,Tecpetrol,S&P Capital IQ,produccion,Millones de pesos 2018,patrimonio_neto_total,6325.48642838746
2002,Tecpetrol,S&P Capital IQ,produccion,Millones de pesos 2018,ppye_neta,15718.98686855531
2002,Tecpetrol,S&P Capital IQ,produccion,Millones de pesos 2018,utilidad_neta,-2882.280112517451
2002,Tecpetrol,S&P Capital IQ,produccion,Millones de pesos 2018,utilidad_neta_empresa,-2882.280112517451
2002,Tecpetrol,S&P Capital IQ,produccion,Millones de pesos 2018,utilidad_operativa,3814.5158143263543
2002,Tecpetrol,S&P Capital IQ,produccion,Millones de pesos 2018,ventas,14361.51257768604
2002,Tecpetrol,S&P Capital IQ,produccion,Millones de pesos 2018,ventas_raw,14361.51257768604
2003,Tecpetrol,S&P Capital IQ,produccion,Millones de pesos 2018,KTA,16362.680660743423
2003,Tecpetrol,S&P Capital IQ,produccion,Millones de pesos 2018,activo,30509.074188819446
2003,Tecpetrol,S&P Capital IQ,produccion,Millones de pesos 2018,activo_corr,6955.746460567751
2003,Tecpetrol,S&P Capital IQ,produccion,Millones de pesos 2018,cash_st_inv,801.4720839097396
2003,Tecpetrol,S&P Capital IQ,produccion,Millones de pesos 2018,costo_ventas,8303.395064272465
2003,Tecpetrol,S&P Capital IQ,produccion,Millones de pesos 2018,deuda_lp,9545.505806320434
2003,Tecpetrol,S&P Capital IQ,produccion,Millones de pesos 2018,deuda_neta,13164.930361089564
2003,Tecpetrol,S&P Capital IQ,produccion,Millones de pesos 2018,deuda_total,13966.402444999303
2003,Tecpetrol,S&P Capital IQ,produccion,Millones de pesos 2018,ebit,4156.418486484868
2003,Tecpetrol,S&P Capital IQ,produccion,Millones de pesos 2018,ebitda,6168.39845003827
2003,Tecpetrol,S&P Capital IQ,produccion,Millones de pesos 2018,ebt,6486.731006559085
2003,Tecpetrol,S&P Capital IQ,produccion,Millones de pesos 2018,ganancia_bruta,5253.088076559998
2003,Tecpetrol,S&P Capital IQ,produccion,Millones de pesos 2018,impuesto_ganancias,1379.1425489173516
2003,Tecpetrol,S&P Capital IQ,produccion,Millones de pesos 2018,inventarios,516.5792244316028
2003,Tecpetrol,S&P Capital IQ,produccion,Millones de pesos 2018,pasivo,18747.724224756028
2003,Tecpetrol,S&P Capital IQ,produccion,Millones de pesos 2018,patrimonio_neto,11656.746261524273
2003,Tecpetrol,S&P Capital IQ,produccion,Millones de pesos 2018,patrimonio_neto_total,11761.349964063416
2003,Tecpetrol,S&P Capital IQ,produccion,Millones de pesos 2018,ppye_neta,15044.62935240208
2003,Tecpetrol,S&P Capital IQ,produccion,Millones de pesos 2018,utilidad_neta,5129.707779403024
2003,Tecpetrol,S&P Capital IQ,produccion,Millones de pesos 2018,utilidad_neta_empresa,5107.588457641733
2003,Tecpetrol,S&P Capital IQ,produccion,Millones de pesos 2018,utilidad_operativa,4156.418486484868
2003,Tecpetrol,S&P Capital IQ,produccion,Millones de pesos 2018,ventas,13556.483140832463
2003,Tecpetrol,S&P Capital IQ,produccion,Millones de pesos 2018,ventas_raw,13556.483140832463
2004,Tecpetrol,S&P Capital IQ,produccion,Millones de pesos 2018,KTA,20830.56954031166
2004,Tecpetrol,S&P Capital IQ,produccion,Millones de pesos 2018,activo,30935.85143515763
2004,Tecpetrol,S&P Capital IQ,produccion,Millones de pesos 2018,activo_corr,9256.300050171667
2004,Tecpetrol,S&P Capital IQ,produccion,Millones de pesos 2018,cash_st_inv,4337.432162004662
2004,Tecpetrol,S&P Capital IQ,produccion,Millones de pesos 2018,costo_ventas,5514.32901114059
2004,Tecpetrol,S&P Capital IQ,produccion,Millones de pesos 2018,deuda_lp,156.1453963577263
2004,Tecpetrol,S&P Capital IQ,produccion,Millones de pesos 2018,deuda_neta,0.0
2004,Tecpetrol,S&P Capital IQ,produccion,Millones de pesos 2018,deuda_total,3206.0182613889783
2004,Tecpetrol,S&P Capital IQ,produccion,Millones de pesos 2018,ebit,2945.6194092567357
2004,Tecpetrol,S&P Capital IQ,produccion,Millones de pesos 2018,ebitda,5198.457021000355
2004,Tecpetrol,S&P Capital IQ,produccion,Millones de pesos 2018,ebt,2989.960030531699
2004,Tecpetrol,S&P Capital IQ,produccion,Millones de pesos 2018,ganancia_bruta,3485.6101337375167
2004,Tecpetrol,S&P Capital IQ,produccion,Millones de pesos 2018,impuesto_ganancias,1296.068069600756
2004,Tecpetrol,S&P Capital IQ,produccion,Millones de pesos 2018,inventarios,387.3115703952585
2004,Tecpetrol,S&P Capital IQ,produccion,Millones de pesos 2018,pasivo,18200.049245208993
2004,Tecpetrol,S&P Capital IQ,produccion,Millones de pesos 2018,patrimonio_neto,12610.054831809071
2004,Tecpetrol,S&P Capital IQ,produccion,Millones de pesos 2018,patrimonio_neto_total,12735.802189948636
2004,Tecpetrol,S&P Capital IQ,produccion,Millones de pesos 2018,ppye_neta,16105.825807911735
2004,Tecpetrol,S&P Capital IQ,produccion,Millones de pesos 2018,utilidad_neta,1956.687543520517
2004,Tecpetrol,S&P Capital IQ,produccion,Millones de pesos 2018,utilidad_neta_empresa,1956.8401539462652
2004,Tecpetrol,S&P Capital IQ,produccion,Millones de pesos 2018,utilidad_operativa,2945.6194092567357
2004,Tecpetrol,S&P Capital IQ,produccion,Millones de pesos 2018,ventas,8999.939144853775
2004,Tecpetrol,S&P Capital IQ,produccion,Millones de pesos 2018,ventas_raw,8999.939144853775
2005,Tecpetrol,S&P Capital IQ,produccion,Millones de pesos 2018,KTA,12936.42891880046
2005,Tecpetrol,S&P Capital IQ,produccion,Millones de pesos 2018,activo,25412.689757529486
2005,Tecpetrol,S&P Capital IQ,produccion,Millones de pesos 2018,activo_corr,6874.730862314685
2005,Tecpetrol,S&P Capital IQ,produccion,Millones de pesos 2018,cash_st_inv,672.64457097116
2005,Tecpetrol,S&P Capital IQ,produccion,Millones de pesos 2018,costo_ventas,7312.213522108897
2005,Tecpetrol,S&P Capital IQ,produccion,Millones de pesos 2018,deuda_lp,6549.8662469636265
2005,Tecpetrol,S&P Capital IQ,produccion,Millones de pesos 2018,deuda_neta,7272.718509048704
2005,Tecpetrol,S&P Capital IQ,produccion,Millones de pesos 2018,deuda_total,7945.363080019864
2005,Tecpetrol,S&P Capital IQ,produccion,Millones de pesos 2018,ebit,2388.333090409894
2005,Tecpetrol,S&P Capital IQ,produccion,Millones de pesos 2018,ebitda,4466.023296877972
2005,Tecpetrol,S&P Capital IQ,produccion,Millones de pesos 2018,ebt,2101.617070655141
2005,Tecpetrol,S&P Capital IQ,produccion,Millones de pesos 2018,ganancia_bruta,3530.5286010675486
2005,Tecpetrol,S&P Capital IQ,produccion,Millones de pesos 2018,impuesto_ganancias,895.3211584872624
2005,Tecpetrol,S&P Capital IQ,produccion,Millones de pesos 2018,inventarios,354.9753683019142
2005,Tecpetrol,S&P Capital IQ,produccion,Millones de pesos 2018,pasivo,12678.940305251659
2005,Tecpetrol,S&P Capital IQ,produccion,Millones de pesos 2018,patrimonio_neto,12733.073538054154
2005,Tecpetrol,S&P Capital IQ,produccion,Millones de pesos 2018,patrimonio_neto_total,12733.749452277827
2005,Tecpetrol,S&P Capital IQ,produccion,Millones de pesos 2018,ppye_neta,11908.808979527386
2005,Tecpetrol,S&P Capital IQ,produccion,Millones de pesos 2018,utilidad_neta,1238.2869419899298
2005,Tecpetrol,S&P Capital IQ,produccion,Millones de pesos 2018,utilidad_neta_empresa,1228.5265214576323
2005,Tecpetrol,S&P Capital IQ,produccion,Millones de pesos 2018,utilidad_operativa,2388.333090409894
2005,Tecpetrol,S&P Capital IQ,produccion,Millones de pesos 2018,ventas,10842.742123176444
2005,Tecpetrol,S&P Capital IQ,produccion,Millones de pesos 2018,ventas_raw,10842.742123176444
2006,Tecpetrol,S&P Capital IQ,produccion,Millones de pesos 2018,KTA,15485.951621744765
2006,Tecpetrol,S&P Capital IQ,produccion,Millones de pesos 2018,activo,25774.233833708688
2006,Tecpetrol,S&P Capital IQ,produccion,Millones de pesos 2018,activo_corr,9206.061735461735
2006,Tecpetrol,S&P Capital IQ,produccion,Millones de pesos 2018,cash_st_inv,3395.660063265204
2006,Tecpetrol,S&P Capital IQ,produccion,Millones de pesos 2018,costo_ventas,7900.205468907579
2006,Tecpetrol,S&P Capital IQ,produccion,Millones de pesos 2018,deuda_lp,4575.073855683188
2006,Tecpetrol,S&P Capital IQ,produccion,Millones de pesos 2018,deuda_neta,4712.653814808144
2006,Tecpetrol,S&P Capital IQ,produccion,Millones de pesos 2018,deuda_total,8108.313878073348
2006,Tecpetrol,S&P Capital IQ,produccion,Millones de pesos 2018,ebit,3242.3373464186066
2006,Tecpetrol,S&P Capital IQ,produccion,Millones de pesos 2018,ebitda,6082.145037714879
2006,Tecpetrol,S&P Capital IQ,produccion,Millones de pesos 2018,ebt,3175.0220552332594
2006,Tecpetrol,S&P Capital IQ,produccion,Millones de pesos 2018,ganancia_bruta,4578.192571909521
2006,Tecpetrol,S&P Capital IQ,produccion,Millones de pesos 2018,impuesto_ganancias,1241.4876972458674
2006,Tecpetrol,S&P Capital IQ,produccion,Millones de pesos 2018,inventarios,446.2034499391773
2006,Tecpetrol,S&P Capital IQ,produccion,Millones de pesos 2018,pasivo,12239.169961200221
2006,Tecpetrol,S&P Capital IQ,produccion,Millones de pesos 2018,patrimonio_neto,13514.35361350473
2006,Tecpetrol,S&P Capital IQ,produccion,Millones de pesos 2018,patrimonio_neto_total,13535.063872508468
2006,Tecpetrol,S&P Capital IQ,produccion,Millones de pesos 2018,ppye_neta,11644.088108540383
2006,Tecpetrol,S&P Capital IQ,produccion,Millones de pesos 2018,utilidad_neta,1933.3574269509663
2006,Tecpetrol,S&P Capital IQ,produccion,Millones de pesos 2018,utilidad_neta_empresa,1933.5343579873922
2006,Tecpetrol,S&P Capital IQ,produccion,Millones de pesos 2018,utilidad_operativa,3242.3373464186066
2006,Tecpetrol,S&P Capital IQ,produccion,Millones de pesos 2018,ventas,12478.398040797087
2006,Tecpetrol,S&P Capital IQ,produccion,Millones de pesos 2018,ventas_raw,12478.398040797087
2007,Tecpetrol,S&P Capital IQ,produccion,Millones de pesos 2018,KTA,14847.208001422585
2007,Tecpetrol,S&P Capital IQ,produccion,Millones de pesos 2018,activo,20106.294905891104
2007,Tecpetrol,S&P Capital IQ,produccion,Millones de pesos 2018,activo_corr,7032.511781003826
2007,Tecpetrol,S&P Capital IQ,produccion,Millones de pesos 2018,cash_st_inv,3139.018507142328
2007,Tecpetrol,S&P Capital IQ,produccion,Millones de pesos 2018,costo_ventas,9147.81521570767
2007,Tecpetrol,S&P Capital IQ,produccion,Millones de pesos 2018,deuda_neta,1049.601746178363
2007,Tecpetrol,S&P Capital IQ,produccion,Millones de pesos 2018,deuda_total,4188.6202533206915
2007,Tecpetrol,S&P Capital IQ,produccion,Millones de pesos 2018,ebit,3439.2440586521707
2007,Tecpetrol,S&P Capital IQ,produccion,Millones de pesos 2018,ebitda,5974.064244983899
2007,Tecpetrol,S&P Capital IQ,produccion,Millones de pesos 2018,ebt,3453.8227962595115
2007,Tecpetrol,S&P Capital IQ,produccion,Millones de pesos 2018,ganancia_bruta,4969.639508972532
2007,Tecpetrol,S&P Capital IQ,produccion,Millones de pesos 2018,impuesto_ganancias,1474.8031833850666
2007,Tecpetrol,S&P Capital IQ,produccion,Millones de pesos 2018,inventarios,195.42070173754874
2007,Tecpetrol,S&P Capital IQ,produccion,Millones de pesos 2018,pasivo,8001.899886105243
2007,Tecpetrol,S&P Capital IQ,produccion,Millones de pesos 2018,patrimonio_neto,12085.575959993026
2007,Tecpetrol,S&P Capital IQ,produccion,Millones de pesos 2018,patrimonio_neto_total,12104.39501978586
2007,Tecpetrol,S&P Capital IQ,produccion,Millones de pesos 2018,ppye_neta,11512.768792542709
2007,Tecpetrol,S&P Capital IQ,produccion,Millones de pesos 2018,utilidad_neta,1975.2430799064957
2007,Tecpetrol,S&P Capital IQ,produccion,Millones de pesos 2018,utilidad_neta_empresa,1979.0196128921425
2007,Tecpetrol,S&P Capital IQ,produccion,Millones de pesos 2018,utilidad_operativa,3439.2440586521707
2007,Tecpetrol,S&P Capital IQ,produccion,Millones de pesos 2018,ventas,14117.454724680203
2007,Tecpetrol,S&P Capital IQ,produccion,Millones de pesos 2018,ventas_raw,14117.454724680203
2013,Tecpetrol,S&P Capital IQ,produccion,Millones de pesos 2018,KTA,7592.021408448553
2013,Tecpetrol,S&P Capital IQ,produccion,Millones de pesos 2018,activo,10344.528481018138
2013,Tecpetrol,S&P Capital IQ,produccion,Millones de pesos 2018,activo_corr,2303.0200822479583
2013,Tecpetrol,S&P Capital IQ,produccion,Millones de pesos 2018,cash_st_inv,664.7291419217677
2013,Tecpetrol,S&P Capital IQ,produccion,Millones de pesos 2018,costo_ventas,6107.2815101983715
2013,Tecpetrol,S&P Capital IQ,produccion,Millones de pesos 2018,deuda_lp,3366.9897001742156
2013,Tecpetrol,S&P Capital IQ,produccion,Millones de pesos 2018,deuda_neta,3167.2340163070617
2013,Tecpetrol,S&P Capital IQ,produccion,Millones de pesos 2018,deuda_total,3831.9631582288293
2013,Tecpetrol,S&P Capital IQ,produccion,Millones de pesos 2018,ebit,1379.2012870395713
2013,Tecpetrol,S&P Capital IQ,produccion,Millones de pesos 2018,ebitda,2915.704742286014
2013,Tecpetrol,S&P Capital IQ,produccion,Millones de pesos 2018,ebt,381.0639950934823
2013,Tecpetrol,S&P Capital IQ,produccion,Millones de pesos 2018,ganancia_bruta,2957.7059077886233
2013,Tecpetrol,S&P Capital IQ,produccion,Millones de pesos 2018,impuesto_ganancias,178.14669848910808
2013,Tecpetrol,S&P Capital IQ,produccion,Millones de pesos 2018,inventarios,365.80612903244656
2013,Tecpetrol,S&P Capital IQ,produccion,Millones de pesos 2018,pasivo,8415.927056277194
2013,Tecpetrol,S&P Capital IQ,produccion,Millones de pesos 2018,patrimonio_neto,1924.5175703632108
2013,Tecpetrol,S&P Capital IQ,produccion,Millones de pesos 2018,patrimonio_neto_total,1928.6014247409448
2013,Tecpetrol,S&P Capital IQ,produccion,Millones de pesos 2018,ppye,6561.486137494339
2013,Tecpetrol,S&P Capital IQ,produccion,Millones de pesos 2018,ppye_neta,6561.486137494339
2013,Tecpetrol,S&P Capital IQ,produccion,Millones de pesos 2018,utilidad_neta,202.91729660437412
2013,Tecpetrol,S&P Capital IQ,produccion,Millones de pesos 2018,utilidad_neta_empresa,202.91729660437412
2013,Tecpetrol,S&P Capital IQ,produccion,Millones de pesos 2018,utilidad_operativa,1379.2012870395713
2013,Tecpetrol,S&P Capital IQ,produccion,Millones de pesos 2018,ventas,9064.987417986995
2013,Tecpetrol,S&P Capital IQ,produccion,Millones de pesos 2018,ventas_raw,9064.987417986995
2014,Tecpetrol,S&P Capital IQ,produccion,Millones de pesos 2018,KTA,9512.98882443517
2014,Tecpetrol,S&P Capital IQ,produccion,Millones de pesos 2018,activo,12955.57019791793
2014,Tecpetrol,S&P Capital IQ,produccion,Millones de pesos 2018,activo_corr,2210.1586966591462
2014,Tecpetrol,S&P Capital IQ,produccion,Millones de pesos 2018,cash_st_inv,401.50818088252447
2014,Tecpetrol,S&P Capital IQ,produccion,Millones de pesos 2018,costo_ventas,6056.594721593031
2014,Tecpetrol,S&P Capital IQ,produccion,Millones de pesos 2018,deuda_lp,5144.440487891904
2014,Tecpetrol,S&P Capital IQ,produccion,Millones de pesos 2018,deuda_neta,6212.754077275524
2014,Tecpetrol,S&P Capital IQ,produccion,Millones de pesos 2018,deuda_total,6614.262258158048
2014,Tecpetrol,S&P Capital IQ,produccion,Millones de pesos 2018,ebit,1268.7212813407561
2014,Tecpetrol,S&P Capital IQ,produccion,Millones de pesos 2018,ebitda,2301.1171853530695
2014,Tecpetrol,S&P Capital IQ,produccion,Millones de pesos 2018,ebt,584.5439138882626
2014,Tecpetrol,S&P Capital IQ,produccion,Millones de pesos 2018,ganancia_bruta,2904.452090193908
2014,Tecpetrol,S&P Capital IQ,produccion,Millones de pesos 2018,impuesto_ganancias,303.467309884081
2014,Tecpetrol,S&P Capital IQ,produccion,Millones de pesos 2018,inventarios,391.08215069202726
2014,Tecpetrol,S&P Capital IQ,produccion,Millones de pesos 2018,pasivo,11804.975606427706
2014,Tecpetrol,S&P Capital IQ,produccion,Millones de pesos 2018,patrimonio_neto,1147.2000799609455
2014,Tecpetrol,S&P Capital IQ,produccion,Millones de pesos 2018,patrimonio_neto_total,1150.5945914902252
2014,Tecpetrol,S&P Capital IQ,produccion,Millones de pesos 2018,ppye,8720.398492860617
2014,Tecpetrol,S&P Capital IQ,produccion,Millones de pesos 2018,ppye_neta,8720.398492860617
2014,Tecpetrol,S&P Capital IQ,produccion,Millones de pesos 2018,utilidad_neta,281.07660400418183
2014,Tecpetrol,S&P Capital IQ,produccion,Millones de pesos 2018,utilidad_neta_empresa,281.07660400418183
2014,Tecpetrol,S&P Capital IQ,produccion,Millones de pesos 2018,utilidad_operativa,1268.7212813407561
2014,Tecpetrol,S&P Capital IQ,produccion,Millones de pesos 2018,ventas,8961.046811786937
2014,Tecpetrol,S&P Capital IQ,produccion,Millones de pesos 2018,ventas_raw,8961.046811786937
2015,Tecpetrol,S&P Capital IQ,produccion,Millones de pesos 2018,KTA,14382.064674357342
2015,Tecpetrol,S&P Capital IQ,produccion,Millones de pesos 2018,activo,18874.195098954096
2015,Tecpetrol,S&P Capital IQ,produccion,Millones de pesos 2018,activo_corr,3048.631187754666
2015,Tecpetrol,S&P Capital IQ,produccion,Millones de pesos 2018,cash_st_inv,403.28748830856523
2015,Tecpetrol,S&P Capital IQ,produccion,Millones de pesos 2018,costo_ventas,4636.674386549861
2015,Tecpetrol,S&P Capital IQ,produccion,Millones de pesos 2018,deuda_lp,1400.267943733075
2015,Tecpetrol,S&P Capital IQ,produccion,Millones de pesos 2018,deuda_neta,2786.3291057347137
2015,Tecpetrol,S&P Capital IQ,produccion,Millones de pesos 2018,deuda_total,3189.616594046146
2015,Tecpetrol,S&P Capital IQ,produccion,Millones de pesos 2018,ebit,55.508663589254624
2015,Tecpetrol,S&P Capital IQ,produccion,Millones de pesos 2018,ebitda,1255.5882329401427
2015,Tecpetrol,S&P Capital IQ,produccion,Millones de pesos 2018,ebt,-860.1756971628961
2015,Tecpetrol,S&P Capital IQ,produccion,Millones de pesos 2018,ganancia_bruta,1294.1040560265271
2015,Tecpetrol,S&P Capital IQ,produccion,Millones de pesos 2018,impuesto_ganancias,-573.4504647752642
2015,Tecpetrol,S&P Capital IQ,produccion,Millones de pesos 2018,inventarios,352.1683387969915
2015,Tecpetrol,S&P Capital IQ,produccion,Millones de pesos 2018,pasivo,16173.77799906888
2015,Tecpetrol,S&P Capital IQ,produccion,Millones de pesos 2018,patrimonio_neto,2697.789259182175
2015,Tecpetrol,S&P Capital IQ,produccion,Millones de pesos 2018,patrimonio_neto_total,2700.4170998852137
2015,Tecpetrol,S&P Capital IQ,produccion,Millones de pesos 2018,ppye,13626.608847251786
2015,Tecpetrol,S&P Capital IQ,produccion,Millones de pesos 2018,ppye_neta,13626.608847251786
2015,Tecpetrol,S&P Capital IQ,produccion,Millones de pesos 2018,utilidad_neta,-286.7252323876321
2015,Tecpetrol,S&P Capital IQ,produccion,Millones de pesos 2018,utilidad_neta_empresa,-286.7252323876321
2015,Tecpetrol,S&P Capital IQ,produccion,Millones de pesos 2018,utilidad_operativa,55.508663589254624
2015,Tecpetrol,S&P Capital IQ,produccion,Millones de pesos 2018,ventas,5930.778442576389
2015,Tecpetrol,S&P Capital IQ,produccion,Millones de pesos 2018,ventas_raw,5930.778442576389
2016,Tecpetrol,S&P Capital IQ,produccion,Millones de pesos 2018,KTA,14793.753834843676
2016,Tecpetrol,S&P Capital IQ,produccion,Millones de pesos 2018,activo,18303.312822887958
2016,Tecpetrol,S&P Capital IQ,produccion,Millones de pesos 2018,activo_corr,2860.3047440371984
2016,Tecpetrol,S&P Capital IQ,produccion,Millones de pesos 2018,cash_st_inv,323.53801256274096
2016,Tecpetrol,S&P Capital IQ,produccion,Millones de pesos 2018,costo_ventas,4237.951238700876
2016,Tecpetrol,S&P Capital IQ,produccion,Millones de pesos 2018,deuda_lp,7550.792793536997
2016,Tecpetrol,S&P Capital IQ,produccion,Millones de pesos 2018,deuda_neta,12121.746642604096
2016,Tecpetrol,S&P Capital IQ,produccion,Millones de pesos 2018,deuda_total,12445.284655166837
2016,Tecpetrol,S&P Capital IQ,produccion,Millones de pesos 2018,ebit,-206.35365658181843
2016,Tecpetrol,S&P Capital IQ,produccion,Millones de pesos 2018,ebitda,1518.4982366781417
2016,Tecpetrol,S&P Capital IQ,produccion,Millones de pesos 2018,ebt,-412.70731316363685
2016,Tecpetrol,S&P Capital IQ,produccion,Millones de pesos 2018,ganancia_bruta,1193.9820972942466
2016,Tecpetrol,S&P Capital IQ,produccion,Millones de pesos 2018,impuesto_ganancias,0.0
2016,Tecpetrol,S&P Capital IQ,produccion,Millones de pesos 2018,inventarios,401.20808909638816
2016,Tecpetrol,S&P Capital IQ,produccion,Millones de pesos 2018,pasivo,16746.019501686063
2016,Tecpetrol,S&P Capital IQ,produccion,Millones de pesos 2018,patrimonio_neto,1580.5685961942283
2016,Tecpetrol,S&P Capital IQ,produccion,Millones de pesos 2018,patrimonio_neto_total,1557.2933212018927
2016,Tecpetrol,S&P Capital IQ,produccion,Millones de pesos 2018,ppye,34962.09554622682
2016,Tecpetrol,S&P Capital IQ,produccion,Millones de pesos 2018,ppye_neta,14069.007733184546
2016,Tecpetrol,S&P Capital IQ,produccion,Millones de pesos 2018,utilidad_neta,-825.4146263272737
2016,Tecpetrol,S&P Capital IQ,produccion,Millones de pesos 2018,utilidad_neta_empresa,-825.4146263272737
2016,Tecpetrol,S&P Capital IQ,produccion,Millones de pesos 2018,utilidad_operativa,-206.35365658181843
2016,Tecpetrol,S&P Capital IQ,produccion,Millones de pesos 2018,ventas,5431.933335995122
2016,Tecpetrol,S&P Capital IQ,produccion,Millones de pesos 2018,ventas_raw,5431.933335995122
2017,Tecpetrol,S&P Capital IQ,produccion,Millones de pesos 2018,KTA,28894.98739728619
2017,Tecpetrol,S&P Capital IQ,produccion,Millones de pesos 2018,activo,32618.699638767826
2017,Tecpetrol,S&P Capital IQ,produccion,Millones de pesos 2018,activo_corr,13202.32890264779
2017,Tecpetrol,S&P Capital IQ,produccion,Millones de pesos 2018,cash_st_inv,10151.82547929164
2017,Tecpetrol,S&P Capital IQ,produccion,Millones de pesos 2018,costo_ventas,5486.431188532374
2017,Tecpetrol,S&P Capital IQ,produccion,Millones de pesos 2018,deuda_lp,18639.651927095783
2017,Tecpetrol,S&P Capital IQ,produccion,Millones de pesos 2018,deuda_neta,8663.068865992802
2017,Tecpetrol,S&P Capital IQ,produccion,Millones de pesos 2018,deuda_total,18814.89434528444
2017,Tecpetrol,S&P Capital IQ,produccion,Millones de pesos 2018,ebit,-668.811931278303
2017,Tecpetrol,S&P Capital IQ,produccion,Millones de pesos 2018,ebitda,1473.556667108989
2017,Tecpetrol,S&P Capital IQ,produccion,Millones de pesos 2018,ebt,-1003.2178969174541
2017,Tecpetrol,S&P Capital IQ,produccion,Millones de pesos 2018,ganancia_bruta,456.20101967091216
2017,Tecpetrol,S&P Capital IQ,produccion,Millones de pesos 2018,impuesto_ganancias,-167.20298281957574
2017,Tecpetrol,S&P Capital IQ,produccion,Millones de pesos 2018,inventarios,306.9017454208678
2017,Tecpetrol,S&P Capital IQ,produccion,Millones de pesos 2018,pasivo,26942.720552990937
2017,Tecpetrol,S&P Capital IQ,produccion,Millones de pesos 2018,patrimonio_neto,5673.440765505223
2017,Tecpetrol,S&P Capital IQ,produccion,Millones de pesos 2018,patrimonio_neto_total,5675.979085776889
2017,Tecpetrol,S&P Capital IQ,produccion,Millones de pesos 2018,ppye,40350.43277840422
2017,Tecpetrol,S&P Capital IQ,produccion,Millones de pesos 2018,ppye_neta,18436.26017257368
2017,Tecpetrol,S&P Capital IQ,produccion,Millones de pesos 2018,utilidad_neta,-1003.2178969174541
2017,Tecpetrol,S&P Capital IQ,produccion,Millones de pesos 2018,utilidad_neta_empresa,-1003.2178969174541
2017,Tecpetrol,S&P Capital IQ,produccion,Millones de pesos 2018,utilidad_operativa,-668.811931278303
2017,Tecpetrol,S&P Capital IQ,produccion,Millones de pesos 2018,ventas,5942.632208203287
2017,Tecpetrol,S&P Capital IQ,produccion,Millones de pesos 2018,ventas_raw,5942.632208203287
2018,Tecpetrol,S&P Capital IQ,produccion,Millones de pesos 2018,KTA,63802.759999999995
2018,Tecpetrol,S&P Capital IQ,produccion,Millones de pesos 2018,activo,83726.18000000001
2018,Tecpetrol,S&P Capital IQ,produccion,Millones de pesos 2018,activo_corr,16142.735
2018,Tecpetrol,S&P Capital IQ,produccion,Millones de pesos 2018,cash_st_inv,467.295
2018,Tecpetrol,S&P Capital IQ,produccion,Millones de pesos 2018,costo_ventas,20288.429
2018,Tecpetrol,S&P Capital IQ,produccion,Millones de pesos 2018,deuda_lp,49484.103
2018,Tecpetrol,S&P Capital IQ,produccion,Millones de pesos 2018,deuda_neta,54057.929
2018,Tecpetrol,S&P Capital IQ,produccion,Millones de pesos 2018,deuda_total,54525.224
2018,Tecpetrol,S&P Capital IQ,produccion,Millones de pesos 2018,ebit,5711.224
2018,Tecpetrol,S&P Capital IQ,produccion,Millones de pesos 2018,ebitda,18804.809
2018,Tecpetrol,S&P Capital IQ,produccion,Millones de pesos 2018,ebt,1660.711
2018,Tecpetrol,S&P Capital IQ,produccion,Millones de pesos 2018,ganancia_bruta,8741.147
2018,Tecpetrol,S&P Capital IQ,produccion,Millones de pesos 2018,impuesto_ganancias,-2091.7497207514125
2018,Tecpetrol,S&P Capital IQ,produccion,Millones de pesos 2018,inventarios,847.572
2018,Tecpetrol,S&P Capital IQ,produccion,Millones de pesos 2018,pasivo,67993.561
2018,Tecpetrol,S&P Capital IQ,produccion,Millones de pesos 2018,patrimonio_neto,15732.619
2018,Tecpetrol,S&P Capital IQ,produccion,Millones de pesos 2018,patrimonio_neto_total,15732.619
2018,Tecpetrol,S&P Capital IQ,produccion,Millones de pesos 2018,ppye,115333.634
2018,Tecpetrol,S&P Capital IQ,produccion,Millones de pesos 2018,ppye_neta,62487.893
2018,Tecpetrol,S&P Capital IQ,produccion,Millones de pesos 2018,utilidad_neta,3790.753
2018,Tecpetrol,S&P Capital IQ,produccion,Millones de pesos 2018,utilidad_neta_empresa,3792.088
2018,Tecpetrol,S&P Capital IQ,produccion,Millones de pesos 2018,utilidad_operativa,5711.224
2018,Tecpetrol,S&P Capital IQ,produccion,Millones de pesos 2018,ventas,29029.576
2018,Tecpetrol,S&P Capital IQ,produccion,Millones de pesos 2018,ventas_raw,29029.576
2019,Tecpetrol,S&P Capital IQ,produccion,Millones de pesos 2018,KTA,65813.46887444315
2019,Tecpetrol,S&P Capital IQ,produccion,Millones de pesos 2018,activo,79710.72689204328
2019,Tecpetrol,S&P Capital IQ,produccion,Millones de pesos 2018,activo_corr,15040.79551610798
2019,Tecpetrol,S&P Capital IQ,produccion,Millones de pesos 2018,cash_st_inv,1382.3256250714728
2019,Tecpetrol,S&P Capital IQ,produccion,Millones de pesos 2018,costo_ventas,24560.253428294687
2019,Tecpetrol,S&P Capital IQ,produccion,Millones de pesos 2018,deuda_lp,24166.943319158618
2019,Tecpetrol,S&P Capital IQ,produccion,Millones de pesos 2018,deuda_neta,51591.553977045
2019,Tecpetrol,S&P Capital IQ,produccion,Millones de pesos 2018,deuda_total,52973.87960211647
2019,Tecpetrol,S&P Capital IQ,produccion,Millones de pesos 2018,ebit,13582.640381818921
2019,Tecpetrol,S&P Capital IQ,produccion,Millones de pesos 2018,ebitda,28511.69766101761
2019,Tecpetrol,S&P Capital IQ,produccion,Millones de pesos 2018,ebt,6310.736198753902
2019,Tecpetrol,S&P Capital IQ,produccion,Millones de pesos 2018,ganancia_bruta,17416.698530198126
2019,Tecpetrol,S&P Capital IQ,produccion,Millones de pesos 2018,impuesto_ganancias,3569.46950954944
2019,Tecpetrol,S&P Capital IQ,produccion,Millones de pesos 2018,inventarios,1045.6930964219912
2019,Tecpetrol,S&P Capital IQ,produccion,Millones de pesos 2018,pasivo,60783.657967081635
2019,Tecpetrol,S&P Capital IQ,produccion,Millones de pesos 2018,patrimonio_neto,18927.06892496164
2019,Tecpetrol,S&P Capital IQ,produccion,Millones de pesos 2018,patrimonio_neto_total,18927.06892496164
2019,Tecpetrol,S&P Capital IQ,produccion,Millones de pesos 2018,ppye,137076.8099118783
2019,Tecpetrol,S&P Capital IQ,produccion,Millones de pesos 2018,ppye_neta,63385.450152949685
2019,Tecpetrol,S&P Capital IQ,produccion,Millones de pesos 2018,utilidad_neta,2741.2666892044626
2019,Tecpetrol,S&P Capital IQ,produccion,Millones de pesos 2018,utilidad_neta_empresa,2741.2666892044626
2019,Tecpetrol,S&P Capital IQ,produccion,Millones de pesos 2018,utilidad_operativa,13582.640381818921
2019,Tecpetrol,S&P Capital IQ,produccion,Millones de pesos 2018,ventas,41976.95195849282
2019,Tecpetrol,S&P Capital IQ,produccion,Millones de pesos 2018,ventas_raw,41976.95195849282
2020,Tecpetrol,S&P Capital IQ,produccion,Millones de pesos 2018,KTA,60591.605584483055
2020,Tecpetrol,S&P Capital IQ,produccion,Millones de pesos 2018,activo,74175.50295243696
2020,Tecpetrol,S&P Capital IQ,produccion,Millones de pesos 2018,activo_corr,23554.3718869375
2020,Tecpetrol,S&P Capital IQ,produccion,Millones de pesos 2018,cash_st_inv,10232.115111138395
2020,Tecpetrol,S&P Capital IQ,produccion,Millones de pesos 2018,costo_ventas,18628.8186862753
2020,Tecpetrol,S&P Capital IQ,produccion,Millones de pesos 2018,deuda_lp,22109.709851878277
2020,Tecpetrol,S&P Capital IQ,produccion,Millones de pesos 2018,deuda_neta,34596.38063755369
2020,Tecpetrol,S&P Capital IQ,produccion,Millones de pesos 2018,deuda_total,44828.49574869208
2020,Tecpetrol,S&P Capital IQ,produccion,Millones de pesos 2018,ebit,9698.072903213279
2020,Tecpetrol,S&P Capital IQ,produccion,Millones de pesos 2018,ebitda,21960.90669781806
2020,Tecpetrol,S&P Capital IQ,produccion,Millones de pesos 2018,ebt,2519.581000258006
2020,Tecpetrol,S&P Capital IQ,produccion,Millones de pesos 2018,ganancia_bruta,14159.780565992925
2020,Tecpetrol,S&P Capital IQ,produccion,Millones de pesos 2018,impuesto_ganancias,771.5570058766975
2020,Tecpetrol,S&P Capital IQ,produccion,Millones de pesos 2018,inventarios,1270.4268592177782
2020,Tecpetrol,S&P Capital IQ,produccion,Millones de pesos 2018,pasivo,53267.39551617902
2020,Tecpetrol,S&P Capital IQ,produccion,Millones de pesos 2018,patrimonio_neto,20908.10743625795
2020,Tecpetrol,S&P Capital IQ,produccion,Millones de pesos 2018,patrimonio_neto_total,20908.10743625795
2020,Tecpetrol,S&P Capital IQ,produccion,Millones de pesos 2018,ppye,137619.81102733107
2020,Tecpetrol,S&P Capital IQ,produccion,Millones de pesos 2018,ppye_neta,49089.063614126884
2020,Tecpetrol,S&P Capital IQ,produccion,Millones de pesos 2018,utilidad_neta,1748.0239943813085
2020,Tecpetrol,S&P Capital IQ,produccion,Millones de pesos 2018,utilidad_neta_empresa,1748.0239943813085
2020,Tecpetrol,S&P Capital IQ,produccion,Millones de pesos 2018,utilidad_operativa,9698.072903213279
2020,Tecpetrol,S&P Capital IQ,produccion,Millones de pesos 2018,ventas,32788.59925226823
2020,Tecpetrol,S&P Capital IQ,produccion,Millones de pesos 2018,ventas_raw,32788.59925226823
2021,Tecpetrol,S&P Capital IQ,produccion,Millones de pesos 2018,KTA,58262.588887773
2021,Tecpetrol,S&P Capital IQ,produccion,Millones de pesos 2018,activo,67521.63634322204
2021,Tecpetrol,S&P Capital IQ,produccion,Millones de pesos 2018,activo_corr,25688.871506947104
2021,Tecpetrol,S&P Capital IQ,produccion,Millones de pesos 2018,cash_st_inv,16398.149688881207
2021,Tecpetrol,S&P Capital IQ,produccion,Millones de pesos 2018,costo_ventas,19411.314408597944
2021,Tecpetrol,S&P Capital IQ,produccion,Millones de pesos 2018,deuda_lp,6244.275997993456
2021,Tecpetrol,S&P Capital IQ,produccion,Millones de pesos 2018,deuda_neta,12786.455077227647
2021,Tecpetrol,S&P Capital IQ,produccion,Millones de pesos 2018,deuda_total,29184.604766108852
2021,Tecpetrol,S&P Capital IQ,produccion,Millones de pesos 2018,ebit,14097.306808657639
2021,Tecpetrol,S&P Capital IQ,produccion,Millones de pesos 2018,ebitda,25775.275373792952
2021,Tecpetrol,S&P Capital IQ,produccion,Millones de pesos 2018,ebt,11969.874806753884
2021,Tecpetrol,S&P Capital IQ,produccion,Millones de pesos 2018,ganancia_bruta,16780.502905674974
2021,Tecpetrol,S&P Capital IQ,produccion,Millones de pesos 2018,impuesto_ganancias,-1680.4466082617519
2021,Tecpetrol,S&P Capital IQ,produccion,Millones de pesos 2018,inventarios,1058.895787735381
2021,Tecpetrol,S&P Capital IQ,produccion,Millones de pesos 2018,pasivo,36006.568177686204
2021,Tecpetrol,S&P Capital IQ,produccion,Millones de pesos 2018,patrimonio_neto,31515.068165535828
2021,Tecpetrol,S&P Capital IQ,produccion,Millones de pesos 2018,patrimonio_neto_total,31515.068165535828
2021,Tecpetrol,S&P Capital IQ,produccion,Millones de pesos 2018,ppye,125571.58523280558
2021,Tecpetrol,S&P Capital IQ,produccion,Millones de pesos 2018,ppye_neta,40805.54341115641
2021,Tecpetrol,S&P Capital IQ,produccion,Millones de pesos 2018,utilidad_neta,13647.122995302872
2021,Tecpetrol,S&P Capital IQ,produccion,Millones de pesos 2018,utilidad_neta_empresa,13647.122995302872
2021,Tecpetrol,S&P Capital IQ,produccion,Millones de pesos 2018,utilidad_operativa,14097.306808657639
2021,Tecpetrol,S&P Capital IQ,produccion,Millones de pesos 2018,ventas,36191.817314272914
2021,Tecpetrol,S&P Capital IQ,produccion,Millones de pesos 2018,ventas_raw,36191.817314272914
2022,Tecpetrol,S&P Capital IQ,produccion,Millones de pesos 2018,KTA,56728.62327480757
2022,Tecpetrol,S&P Capital IQ,produccion,Millones de pesos 2018,activo,68554.78169318664
2022,Tecpetrol,S&P Capital IQ,produccion,Millones de pesos 2018,activo_corr,16358.846746151105
2022,Tecpetrol,S&P Capital IQ,produccion,Millones de pesos 2018,cash_st_inv,7233.043809248628
2022,Tecpetrol,S&P Capital IQ,produccion,Millones de pesos 2018,costo_ventas,19735.00832388834
2022,Tecpetrol,S&P Capital IQ,produccion,Millones de pesos 2018,deuda_lp,10265.474878487152
2022,Tecpetrol,S&P Capital IQ,produccion,Millones de pesos 2018,deuda_neta,16460.87212921619
2022,Tecpetrol,S&P Capital IQ,produccion,Millones de pesos 2018,deuda_total,23693.91593846482
2022,Tecpetrol,S&P Capital IQ,produccion,Millones de pesos 2018,ebit,7145.9008634320535
2022,Tecpetrol,S&P Capital IQ,produccion,Millones de pesos 2018,ebitda,17873.627828987377
2022,Tecpetrol,S&P Capital IQ,produccion,Millones de pesos 2018,ebt,3118.856789163605
2022,Tecpetrol,S&P Capital IQ,produccion,Millones de pesos 2018,ganancia_bruta,11141.207692001874
2022,Tecpetrol,S&P Capital IQ,produccion,Millones de pesos 2018,impuesto_ganancias,-1175.2013622952013
2022,Tecpetrol,S&P Capital IQ,produccion,Millones de pesos 2018,inventarios,1141.8236192591605
2022,Tecpetrol,S&P Capital IQ,produccion,Millones de pesos 2018,pasivo,33764.48468093836
2022,Tecpetrol,S&P Capital IQ,produccion,Millones de pesos 2018,patrimonio_neto,34790.29701224829
2022,Tecpetrol,S&P Capital IQ,produccion,Millones de pesos 2018,patrimonio_neto_total,34790.29701224829
2022,Tecpetrol,S&P Capital IQ,produccion,Millones de pesos 2018,ppye,148218.31660678503
2022,Tecpetrol,S&P Capital IQ,produccion,Millones de pesos 2018,ppye_neta,48353.755846299784
2022,Tecpetrol,S&P Capital IQ,produccion,Millones de pesos 2018,utilidad_neta,4282.197185167598
2022,Tecpetrol,S&P Capital IQ,produccion,Millones de pesos 2018,utilidad_neta_empresa,4282.197185167598
2022,Tecpetrol,S&P Capital IQ,produccion,Millones de pesos 2018,utilidad_operativa,7145.9008634320535
2022,Tecpetrol,S&P Capital IQ,produccion,Millones de pesos 2018,ventas,30876.21601589022
2022,Tecpetrol,S&P Capital IQ,produccion,Millones de pesos 2018,ventas_raw,30876.21601589022
2023,Tecpetrol,S&P Capital IQ,produccion,Millones de pesos 2018,KTA,105536.06943394268
2023,Tecpetrol,S&P Capital IQ,produccion,Millones de pesos 2018,activo,119324.38918421521
2023,Tecpetrol,S&P Capital IQ,produccion,Millones de pesos 2018,activo_corr,18251.315008136262
2023,Tecpetrol,S&P Capital IQ,produccion,Millones de pesos 2018,cash_st_inv,5223.774132992344
2023,Tecpetrol,S&P Capital IQ,produccion,Millones de pesos 2018,costo_ventas,20912.772978204302
2023,Tecpetrol,S&P Capital IQ,produccion,Millones de pesos 2018,deuda_lp,10155.886903108329
2023,Tecpetrol,S&P Capital IQ,produccion,Millones de pesos 2018,deuda_neta,24947.921383068657
2023,Tecpetrol,S&P Capital IQ,produccion,Millones de pesos 2018,deuda_total,30171.695516060994
2023,Tecpetrol,S&P Capital IQ,produccion,Millones de pesos 2018,ebit,4233.66258149403
2023,Tecpetrol,S&P Capital IQ,produccion,Millones de pesos 2018,ebitda,16505.88122360795
2023,Tecpetrol,S&P Capital IQ,produccion,Millones de pesos 2018,ebt,1316.049849247622
2023,Tecpetrol,S&P Capital IQ,produccion,Millones de pesos 2018,ganancia_bruta,8496.683434560857
2023,Tecpetrol,S&P Capital IQ,produccion,Millones de pesos 2018,impuesto_ganancias,3846.9326795193724
2023,Tecpetrol,S&P Capital IQ,produccion,Millones de pesos 2018,inventarios,2434.3540630062157
2023,Tecpetrol,S&P Capital IQ,produccion,Millones de pesos 2018,pasivo,52842.12208292993
2023,Tecpetrol,S&P Capital IQ,produccion,Millones de pesos 2018,patrimonio_neto,66482.26710128528
2023,Tecpetrol,S&P Capital IQ,produccion,Millones de pesos 2018,patrimonio_neto_total,66482.26710128528
2023,Tecpetrol,S&P Capital IQ,produccion,Millones de pesos 2018,ppye,331066.00423972006
2023,Tecpetrol,S&P Capital IQ,produccion,Millones de pesos 2018,ppye_neta,97877.94123794413
2023,Tecpetrol,S&P Capital IQ,produccion,Millones de pesos 2018,utilidad_neta,-2529.2839270397953
2023,Tecpetrol,S&P Capital IQ,produccion,Millones de pesos 2018,utilidad_neta_empresa,-2529.2839270397953
2023,Tecpetrol,S&P Capital IQ,produccion,Millones de pesos 2018,utilidad_operativa,4233.66258149403
2023,Tecpetrol,S&P Capital IQ,produccion,Millones de pesos 2018,ventas,29409.456412765157
2023,Tecpetrol,S&P Capital IQ,produccion,Millones de pesos 2018,ventas_raw,29409.456412765157
2024,Tecpetrol,S&P Capital IQ,produccion,Millones de pesos 2018,KTA,46411.128377947716
2024,Tecpetrol,S&P Capital IQ,produccion,Millones de pesos 2018,activo,59196.20609660693
2024,Tecpetrol,S&P Capital IQ,produccion,Millones de pesos 2018,activo_corr,8880.04875317466
2024,Tecpetrol,S&P Capital IQ,produccion,Millones de pesos 2018,cash_st_inv,1580.897736771795
2024,Tecpetrol,S&P Capital IQ,produccion,Millones de pesos 2018,costo_ventas,17591.357828514752
2024,Tecpetrol,S&P Capital IQ,produccion,Millones de pesos 2018,deuda_lp,9260.464291293229
2024,Tecpetrol,S&P Capital IQ,produccion,Millones de pesos 2018,deuda_neta,12980.934985409198
2024,Tecpetrol,S&P Capital IQ,produccion,Millones de pesos 2018,deuda_total,14561.832722180992
2024,Tecpetrol,S&P Capital IQ,produccion,Millones de pesos 2018,ebit,6834.041093754996
2024,Tecpetrol,S&P Capital IQ,produccion,Millones de pesos 2018,ebitda,17139.99902365024
2024,Tecpetrol,S&P Capital IQ,produccion,Millones de pesos 2018,ebt,3971.260310752275
2024,Tecpetrol,S&P Capital IQ,produccion,Millones de pesos 2018,ganancia_bruta,11468.672635475654
2024,Tecpetrol,S&P Capital IQ,produccion,Millones de pesos 2018,impuesto_ganancias,-4277.707726755201
2024,Tecpetrol,S&P Capital IQ,produccion,Millones de pesos 2018,inventarios,1601.2118880426615
2024,Tecpetrol,S&P Capital IQ,produccion,Millones de pesos 2018,pasivo,23995.484168214243
2024,Tecpetrol,S&P Capital IQ,produccion,Millones de pesos 2018,patrimonio_neto,35200.721928392675
2024,Tecpetrol,S&P Capital IQ,produccion,Millones de pesos 2018,patrimonio_neto_total,35200.721928392675
2024,Tecpetrol,S&P Capital IQ,produccion,Millones de pesos 2018,ppye,150055.08210186136
2024,Tecpetrol,S&P Capital IQ,produccion,Millones de pesos 2018,ppye_neta,43229.01875313326
2024,Tecpetrol,S&P Capital IQ,produccion,Millones de pesos 2018,utilidad_neta,7336.702145734337
2024,Tecpetrol,S&P Capital IQ,produccion,Millones de pesos 2018,utilidad_neta_empresa,7336.702145734337
2024,Tecpetrol,S&P Capital IQ,produccion,Millones de pesos 2018,utilidad_operativa,6834.041093754996
2024,Tecpetrol,S&P Capital IQ,produccion,Millones de pesos 2018,ventas,29060.030463990413
2024,Tecpetrol,S&P Capital IQ,produccion,Millones de pesos 2018,ventas_raw,29060.030463990413
1995,YPF,S&P Capital IQ,integrada,Millones de pesos 2018,KTA,250126.05549992106
1995,YPF,S&P Capital IQ,integrada,Millones de pesos 2018,activo,296320.5071913479
1995,YPF,S&P Capital IQ,integrada,Millones de pesos 2018,activo_corr,38435.62748826592
1995,YPF,S&P Capital IQ,integrada,Millones de pesos 2018,cash_st_inv,3969.035483465168
1995,YPF,S&P Capital IQ,integrada,Millones de pesos 2018,costo_ventas,82888.8249030758
1995,YPF,S&P Capital IQ,integrada,Millones de pesos 2018,deuda_lp,68625.90384313968
1995,YPF,S&P Capital IQ,integrada,Millones de pesos 2018,deuda_neta,94821.53803400979
1995,YPF,S&P Capital IQ,integrada,Millones de pesos 2018,deuda_total,98790.57351747496
1995,YPF,S&P Capital IQ,integrada,Millones de pesos 2018,ebit,25043.333566638288
1995,YPF,S&P Capital IQ,integrada,Millones de pesos 2018,ebitda,49600.14020304536
1995,YPF,S&P Capital IQ,integrada,Millones de pesos 2018,ebt,22200.992026866457
1995,YPF,S&P Capital IQ,integrada,Millones de pesos 2018,ganancia_bruta,44376.37737319443
1995,YPF,S&P Capital IQ,integrada,Millones de pesos 2018,impuesto_ganancias,1638.8275544630371
1995,YPF,S&P Capital IQ,integrada,Millones de pesos 2018,inventarios,7221.083911852757
1995,YPF,S&P Capital IQ,integrada,Millones de pesos 2018,pasivo,137379.8410889718
1995,YPF,S&P Capital IQ,integrada,Millones de pesos 2018,patrimonio_neto,149517.40766421365
1995,YPF,S&P Capital IQ,integrada,Millones de pesos 2018,patrimonio_neto_total,158940.66610237613
1995,YPF,S&P Capital IQ,integrada,Millones de pesos 2018,ppye,486808.6037171375
1995,YPF,S&P Capital IQ,integrada,Millones de pesos 2018,ppye_neta,238935.9361046031
1995,YPF,S&P Capital IQ,integrada,Millones de pesos 2018,utilidad_neta,20306.09766701857
1995,YPF,S&P Capital IQ,integrada,Millones de pesos 2018,utilidad_neta_empresa,20562.16447240342
1995,YPF,S&P Capital IQ,integrada,Millones de pesos 2018,utilidad_operativa,25043.333566638288
1995,YPF,S&P Capital IQ,integrada,Millones de pesos 2018,ventas,127265.20227627023
1995,YPF,S&P Capital IQ,integrada,Millones de pesos 2018,ventas_raw,127265.20227627023
1996,YPF,S&P Capital IQ,integrada,Millones de pesos 2018,KTA,261753.6913885184
1996,YPF,S&P Capital IQ,integrada,Millones de pesos 2018,activo,308950.14717121085
1996,YPF,S&P Capital IQ,integrada,Millones de pesos 2018,activo_corr,40012.16321772136
1996,YPF,S&P Capital IQ,integrada,Millones de pesos 2018,cash_st_inv,3323.6940692036915
1996,YPF,S&P Capital IQ,integrada,Millones de pesos 2018,costo_ventas,92398.69512386262
1996,YPF,S&P Capital IQ,integrada,Millones de pesos 2018,deuda_lp,65604.60755058979
1996,YPF,S&P Capital IQ,integrada,Millones de pesos 2018,deuda_neta,85418.93757853488
1996,YPF,S&P Capital IQ,integrada,Millones de pesos 2018,deuda_total,88742.63164773857
1996,YPF,S&P Capital IQ,integrada,Millones de pesos 2018,ebit,39398.55815879145
1996,YPF,S&P Capital IQ,integrada,Millones de pesos 2018,ebitda,66857.38454590504
1996,YPF,S&P Capital IQ,integrada,Millones de pesos 2018,ebt,31319.424882880936
1996,YPF,S&P Capital IQ,integrada,Millones de pesos 2018,ganancia_bruta,59391.856328924434
1996,YPF,S&P Capital IQ,integrada,Millones de pesos 2018,impuesto_ganancias,9434.177781047401
1996,YPF,S&P Capital IQ,integrada,Millones de pesos 2018,inventarios,6187.184344209948
1996,YPF,S&P Capital IQ,integrada,Millones de pesos 2018,pasivo,142151.83865209634
1996,YPF,S&P Capital IQ,integrada,Millones de pesos 2018,patrimonio_neto,162963.27690080254
1996,YPF,S&P Capital IQ,integrada,Millones de pesos 2018,patrimonio_neto_total,166798.30851911448
1996,YPF,S&P Capital IQ,integrada,Millones de pesos 2018,ppye_neta,252242.81297510475
1996,YPF,S&P Capital IQ,integrada,Millones de pesos 2018,utilidad_neta,40344.53262464173
1996,YPF,S&P Capital IQ,integrada,Millones de pesos 2018,utilidad_neta_empresa,21885.247101833535
1996,YPF,S&P Capital IQ,integrada,Millones de pesos 2018,utilidad_operativa,39398.55815879145
1996,YPF,S&P Capital IQ,integrada,Millones de pesos 2018,ventas,151790.55145278704
1996,YPF,S&P Capital IQ,integrada,Millones de pesos 2018,ventas_raw,151790.55145278704
1997,YPF,S&P Capital IQ,integrada,Millones de pesos 2018,KTA,275585.9379834813
1997,YPF,S&P Capital IQ,integrada,Millones de pesos 2018,activo,324543.3882066449
1997,YPF,S&P Capital IQ,integrada,Millones de pesos 2018,activo_corr,40641.041795644436
1997,YPF,S&P Capital IQ,integrada,Millones de pesos 2018,cash_st_inv,4526.974618037991
1997,YPF,S&P Capital IQ,integrada,Millones de pesos 2018,costo_ventas,95015.60209544907
1997,YPF,S&P Capital IQ,integrada,Millones de pesos 2018,deuda_lp,54552.58739152522
1997,YPF,S&P Capital IQ,integrada,Millones de pesos 2018,deuda_neta,87996.24819332274
1997,YPF,S&P Capital IQ,integrada,Millones de pesos 2018,deuda_total,92523.22281136073
1997,YPF,S&P Capital IQ,integrada,Millones de pesos 2018,ebit,41353.150162526814
1997,YPF,S&P Capital IQ,integrada,Millones de pesos 2018,ebitda,69405.13332935773
1997,YPF,S&P Capital IQ,integrada,Millones de pesos 2018,ebt,35096.76951063161
1997,YPF,S&P Capital IQ,integrada,Millones de pesos 2018,ganancia_bruta,61241.31955188473
1997,YPF,S&P Capital IQ,integrada,Millones de pesos 2018,impuesto_ganancias,12182.139562023582
1997,YPF,S&P Capital IQ,integrada,Millones de pesos 2018,inventarios,7324.5432022187715
1997,YPF,S&P Capital IQ,integrada,Millones de pesos 2018,pasivo,144151.07941033333
1997,YPF,S&P Capital IQ,integrada,Millones de pesos 2018,patrimonio_neto,176501.1452201329
1997,YPF,S&P Capital IQ,integrada,Millones de pesos 2018,patrimonio_neto_total,180392.3087963116
1997,YPF,S&P Capital IQ,integrada,Millones de pesos 2018,ppye_neta,263734.4201632245
1997,YPF,S&P Capital IQ,integrada,Millones de pesos 2018,utilidad_neta,41149.690629131845
1997,YPF,S&P Capital IQ,integrada,Millones de pesos 2018,utilidad_neta_empresa,22914.62994860803
1997,YPF,S&P Capital IQ,integrada,Millones de pesos 2018,utilidad_operativa,41353.150162526814
1997,YPF,S&P Capital IQ,integrada,Millones de pesos 2018,ventas,156256.9216473338
1997,YPF,S&P Capital IQ,integrada,Millones de pesos 2018,ventas_raw,156256.9216473338
1998,YPF,S&P Capital IQ,integrada,Millones de pesos 2018,KTA,274446.9946740496
1998,YPF,S&P Capital IQ,integrada,Millones de pesos 2018,activo,331271.70985079935
1998,YPF,S&P Capital IQ,integrada,Millones de pesos 2018,activo_corr,39185.11401323544
1998,YPF,S&P Capital IQ,integrada,Millones de pesos 2018,cash_st_inv,2923.133907096663
1998,YPF,S&P Capital IQ,integrada,Millones de pesos 2018,costo_ventas,90768.34770139809
1998,YPF,S&P Capital IQ,integrada,Millones de pesos 2018,deuda_lp,64964.13114219997
1998,YPF,S&P Capital IQ,integrada,Millones de pesos 2018,deuda_neta,93590.68388756039
1998,YPF,S&P Capital IQ,integrada,Millones de pesos 2018,deuda_total,96513.81779465705
1998,YPF,S&P Capital IQ,integrada,Millones de pesos 2018,ebit,28676.95160582761
1998,YPF,S&P Capital IQ,integrada,Millones de pesos 2018,ebitda,55615.14252553737
1998,YPF,S&P Capital IQ,integrada,Millones de pesos 2018,ebt,21545.51284972109
1998,YPF,S&P Capital IQ,integrada,Millones de pesos 2018,ganancia_bruta,47828.518583357465
1998,YPF,S&P Capital IQ,integrada,Millones de pesos 2018,impuesto_ganancias,6652.649581668266
1998,YPF,S&P Capital IQ,integrada,Millones de pesos 2018,inventarios,6602.250721201082
1998,YPF,S&P Capital IQ,integrada,Millones de pesos 2018,pasivo,145803.90333156288
1998,YPF,S&P Capital IQ,integrada,Millones de pesos 2018,patrimonio_neto,181662.69255396415
1998,YPF,S&P Capital IQ,integrada,Millones de pesos 2018,patrimonio_neto_total,185467.80651923653
1998,YPF,S&P Capital IQ,integrada,Millones de pesos 2018,ppye,579637.2942330813
1998,YPF,S&P Capital IQ,integrada,Millones de pesos 2018,ppye_neta,264921.61004575185
1998,YPF,S&P Capital IQ,integrada,Millones de pesos 2018,utilidad_neta,14615.669535483315
1998,YPF,S&P Capital IQ,integrada,Millones de pesos 2018,utilidad_neta_empresa,14892.863268052824
1998,YPF,S&P Capital IQ,integrada,Millones de pesos 2018,utilidad_operativa,28676.95160582761
1998,YPF,S&P Capital IQ,integrada,Millones de pesos 2018,ventas,138596.86628475555
1998,YPF,S&P Capital IQ,integrada,Millones de pesos 2018,ventas_raw,138596.86628475555
1999,YPF,S&P Capital IQ,integrada,Millones de pesos 2018,KTA,257646.18257273792
1999,YPF,S&P Capital IQ,integrada,Millones de pesos 2018,activo,329368.96452000283
1999,YPF,S&P Capital IQ,integrada,Millones de pesos 2018,activo_corr,62900.854270850505
1999,YPF,S&P Capital IQ,integrada,Millones de pesos 2018,cash_st_inv,13513.35742340931
1999,YPF,S&P Capital IQ,integrada,Millones de pesos 2018,costo_ventas,107290.95856171014
1999,YPF,S&P Capital IQ,integrada,Millones de pesos 2018,deuda_lp,52141.16213372083
1999,YPF,S&P Capital IQ,integrada,Millones de pesos 2018,deuda_neta,73380.08049919244
1999,YPF,S&P Capital IQ,integrada,Millones de pesos 2018,deuda_total,86893.43792260176
1999,YPF,S&P Capital IQ,integrada,Millones de pesos 2018,ebit,39137.74272628923
1999,YPF,S&P Capital IQ,integrada,Millones de pesos 2018,ebitda,64634.64352517472
1999,YPF,S&P Capital IQ,integrada,Millones de pesos 2018,ebt,22233.29749662815
1999,YPF,S&P Capital IQ,integrada,Millones de pesos 2018,ganancia_bruta,60937.59290933634
1999,YPF,S&P Capital IQ,integrada,Millones de pesos 2018,impuesto_ganancias,9739.816105174257
1999,YPF,S&P Capital IQ,integrada,Millones de pesos 2018,inventarios,7088.138422090166
1999,YPF,S&P Capital IQ,integrada,Millones de pesos 2018,pasivo,139799.50708028916
1999,YPF,S&P Capital IQ,integrada,Millones de pesos 2018,patrimonio_neto,188039.6433917805
1999,YPF,S&P Capital IQ,integrada,Millones de pesos 2018,patrimonio_neto_total,189569.45743971365
1999,YPF,S&P Capital IQ,integrada,Millones de pesos 2018,ppye,237044.68672723844
1999,YPF,S&P Capital IQ,integrada,Millones de pesos 2018,ppye_neta,237044.68672723844
1999,YPF,S&P Capital IQ,integrada,Millones de pesos 2018,utilidad_neta,12162.021681068381
1999,YPF,S&P Capital IQ,integrada,Millones de pesos 2018,utilidad_neta_empresa,12493.481391453892
1999,YPF,S&P Capital IQ,integrada,Millones de pesos 2018,utilidad_operativa,39137.74272628923
1999,YPF,S&P Capital IQ,integrada,Millones de pesos 2018,ventas,168228.5514710465
1999,YPF,S&P Capital IQ,integrada,Millones de pesos 2018,ventas_raw,168228.5514710465
2000,YPF,S&P Capital IQ,integrada,Millones de pesos 2018,KTA,571651.9549982031
2000,YPF,S&P Capital IQ,integrada,Millones de pesos 2018,activo,743688.0498747448
2000,YPF,S&P Capital IQ,integrada,Millones de pesos 2018,activo_corr,133994.6005277193
2000,YPF,S&P Capital IQ,integrada,Millones de pesos 2018,cash_st_inv,24863.38534571203
2000,YPF,S&P Capital IQ,integrada,Millones de pesos 2018,costo_ventas,279983.33932780067
2000,YPF,S&P Capital IQ,integrada,Millones de pesos 2018,deuda_lp,74307.03260152241
2000,YPF,S&P Capital IQ,integrada,Millones de pesos 2018,deuda_neta,82646.30470505315
2000,YPF,S&P Capital IQ,integrada,Millones de pesos 2018,deuda_total,107509.69005076517
2000,YPF,S&P Capital IQ,integrada,Millones de pesos 2018,ebit,155692.15109338728
2000,YPF,S&P Capital IQ,integrada,Millones de pesos 2018,ebitda,207709.6477638676
2000,YPF,S&P Capital IQ,integrada,Millones de pesos 2018,ebt,121125.35345436938
2000,YPF,S&P Capital IQ,integrada,Millones de pesos 2018,ganancia_bruta,206396.98456238591
2000,YPF,S&P Capital IQ,integrada,Millones de pesos 2018,impuesto_ganancias,51451.24979925295
2000,YPF,S&P Capital IQ,integrada,Millones de pesos 2018,inventarios,18634.669762210673
2000,YPF,S&P Capital IQ,integrada,Millones de pesos 2018,pasivo,274295.13212138007
2000,YPF,S&P Capital IQ,integrada,Millones de pesos 2018,patrimonio_neto,465738.0515845334
2000,YPF,S&P Capital IQ,integrada,Millones de pesos 2018,patrimonio_neto_total,469392.91775336483
2000,YPF,S&P Capital IQ,integrada,Millones de pesos 2018,ppye,528153.8998902804
2000,YPF,S&P Capital IQ,integrada,Millones de pesos 2018,ppye_neta,528153.8998902804
2000,YPF,S&P Capital IQ,integrada,Millones de pesos 2018,utilidad_neta,69004.90280730223
2000,YPF,S&P Capital IQ,integrada,Millones de pesos 2018,utilidad_neta_empresa,69674.10365511644
2000,YPF,S&P Capital IQ,integrada,Millones de pesos 2018,utilidad_operativa,155692.15109338728
2000,YPF,S&P Capital IQ,integrada,Millones de pesos 2018,ventas,486380.3238901867
2000,YPF,S&P Capital IQ,integrada,Millones de pesos 2018,ventas_raw,486380.3238901867
2001,YPF,S&P Capital IQ,integrada,Millones de pesos 2018,KTA,601377.8936575479
2001,YPF,S&P Capital IQ,integrada,Millones de pesos 2018,activo,802739.0676024094
2001,YPF,S&P Capital IQ,integrada,Millones de pesos 2018,activo_corr,145895.79631560514
2001,YPF,S&P Capital IQ,integrada,Millones de pesos 2018,cash_st_inv,9391.651652983854
2001,YPF,S&P Capital IQ,integrada,Millones de pesos 2018,costo_ventas,279434.1562457052
2001,YPF,S&P Capital IQ,integrada,Millones de pesos 2018,deuda_lp,85539.47544324353
2001,YPF,S&P Capital IQ,integrada,Millones de pesos 2018,deuda_neta,150318.45775883854
2001,YPF,S&P Capital IQ,integrada,Millones de pesos 2018,deuda_total,159710.1094118224
2001,YPF,S&P Capital IQ,integrada,Millones de pesos 2018,ebit,123158.11336627582
2001,YPF,S&P Capital IQ,integrada,Millones de pesos 2018,ebitda,183956.70038296076
2001,YPF,S&P Capital IQ,integrada,Millones de pesos 2018,ebt,87022.36780950414
2001,YPF,S&P Capital IQ,integrada,Millones de pesos 2018,ganancia_bruta,187338.7356042569
2001,YPF,S&P Capital IQ,integrada,Millones de pesos 2018,impuesto_ganancias,37046.293500966785
2001,YPF,S&P Capital IQ,integrada,Millones de pesos 2018,inventarios,20136.11739448616
2001,YPF,S&P Capital IQ,integrada,Millones de pesos 2018,pasivo,312057.78830343863
2001,YPF,S&P Capital IQ,integrada,Millones de pesos 2018,patrimonio_neto,490681.27929897077
2001,YPF,S&P Capital IQ,integrada,Millones de pesos 2018,patrimonio_neto_total,490681.27929897077
2001,YPF,S&P Capital IQ,integrada,Millones de pesos 2018,ppye,1380963.027821853
2001,YPF,S&P Capital IQ,integrada,Millones de pesos 2018,ppye_neta,571850.1246100778
2001,YPF,S&P Capital IQ,integrada,Millones de pesos 2018,utilidad_neta,65143.20149327305
2001,YPF,S&P Capital IQ,integrada,Millones de pesos 2018,utilidad_neta_empresa,49976.07430853735
2001,YPF,S&P Capital IQ,integrada,Millones de pesos 2018,utilidad_operativa,123158.11336627582
2001,YPF,S&P Capital IQ,integrada,Millones de pesos 2018,ventas,466772.8918499621
2001,YPF,S&P Capital IQ,integrada,Millones de pesos 2018,ventas_raw,466772.8918499621
2002,YPF,S&P Capital IQ,integrada,Millones de pesos 2018,KTA,459511.36619587406
2002,YPF,S&P Capital IQ,integrada,Millones de pesos 2018,activo,656362.1331826275
2002,YPF,S&P Capital IQ,integrada,Millones de pesos 2018,activo_corr,182320.5182266015
2002,YPF,S&P Capital IQ,integrada,Millones de pesos 2018,cash_st_inv,16969.180984473398
2002,YPF,S&P Capital IQ,integrada,Millones de pesos 2018,costo_ventas,178290.07938132464
2002,YPF,S&P Capital IQ,integrada,Millones de pesos 2018,deuda_lp,77715.12850380021
2002,YPF,S&P Capital IQ,integrada,Millones de pesos 2018,deuda_neta,97495.28222138979
2002,YPF,S&P Capital IQ,integrada,Millones de pesos 2018,deuda_total,114464.46320586318
2002,YPF,S&P Capital IQ,integrada,Millones de pesos 2018,ebit,138130.37334864278
2002,YPF,S&P Capital IQ,integrada,Millones de pesos 2018,ebitda,182795.90332117263
2002,YPF,S&P Capital IQ,integrada,Millones de pesos 2018,ebt,76206.29755146579
2002,YPF,S&P Capital IQ,integrada,Millones de pesos 2018,ganancia_bruta,174114.9581159609
2002,YPF,S&P Capital IQ,integrada,Millones de pesos 2018,impuesto_ganancias,1198.7971950054289
2002,YPF,S&P Capital IQ,integrada,Millones de pesos 2018,inventarios,15357.00544636265
2002,YPF,S&P Capital IQ,integrada,Millones de pesos 2018,pasivo,224464.44030618892
2002,YPF,S&P Capital IQ,integrada,Millones de pesos 2018,patrimonio_neto,431897.6928764386
2002,YPF,S&P Capital IQ,integrada,Millones de pesos 2018,patrimonio_neto_total,431897.6928764386
2002,YPF,S&P Capital IQ,integrada,Millones de pesos 2018,ppye,1101549.9397899022
2002,YPF,S&P Capital IQ,integrada,Millones de pesos 2018,ppye_neta,427185.17976503796
2002,YPF,S&P Capital IQ,integrada,Millones de pesos 2018,utilidad_neta,144599.74441824103
2002,YPF,S&P Capital IQ,integrada,Millones de pesos 2018,utilidad_neta_empresa,74738.80443344191
2002,YPF,S&P Capital IQ,integrada,Millones de pesos 2018,utilidad_operativa,138130.37334864278
2002,YPF,S&P Capital IQ,integrada,Millones de pesos 2018,ventas,352405.0374972855
2002,YPF,S&P Capital IQ,integrada,Millones de pesos 2018,ventas_raw,352405.0374972855
2003,YPF,S&P Capital IQ,integrada,Millones de pesos 2018,KTA,409960.8814614135
2003,YPF,S&P Capital IQ,integrada,Millones de pesos 2018,activo,600228.9355524114
2003,YPF,S&P Capital IQ,integrada,Millones de pesos 2018,activo_corr,190286.273764855
2003,YPF,S&P Capital IQ,integrada,Millones de pesos 2018,cash_st_inv,23813.113731392717
2003,YPF,S&P Capital IQ,integrada,Millones de pesos 2018,costo_ventas,141311.79043663494
2003,YPF,S&P Capital IQ,integrada,Millones de pesos 2018,deuda_lp,37988.01999231355
2003,YPF,S&P Capital IQ,integrada,Millones de pesos 2018,deuda_neta,30627.27175399476
2003,YPF,S&P Capital IQ,integrada,Millones de pesos 2018,deuda_total,54440.38548538747
2003,YPF,S&P Capital IQ,integrada,Millones de pesos 2018,ebit,144937.5055342227
2003,YPF,S&P Capital IQ,integrada,Millones de pesos 2018,ebitda,186970.29312284014
2003,YPF,S&P Capital IQ,integrada,Millones de pesos 2018,ebt,143990.082493647
2003,YPF,S&P Capital IQ,integrada,Millones de pesos 2018,ganancia_bruta,177787.57749879887
2003,YPF,S&P Capital IQ,integrada,Millones de pesos 2018,impuesto_ganancias,59942.726990269344
2003,YPF,S&P Capital IQ,integrada,Millones de pesos 2018,inventarios,14685.057128923128
2003,YPF,S&P Capital IQ,integrada,Millones de pesos 2018,pasivo,189666.8048537094
2003,YPF,S&P Capital IQ,integrada,Millones de pesos 2018,patrimonio_neto,410562.13069870195
2003,YPF,S&P Capital IQ,integrada,Millones de pesos 2018,patrimonio_neto_total,410562.13069870195
2003,YPF,S&P Capital IQ,integrada,Millones de pesos 2018,ppye,1005325.1640939458
2003,YPF,S&P Capital IQ,integrada,Millones de pesos 2018,ppye_neta,371462.7106010977
2003,YPF,S&P Capital IQ,integrada,Millones de pesos 2018,utilidad_neta,161608.5071135833
2003,YPF,S&P Capital IQ,integrada,Millones de pesos 2018,utilidad_neta_empresa,84320.65061123602
2003,YPF,S&P Capital IQ,integrada,Millones de pesos 2018,utilidad_operativa,144937.5055342227
2003,YPF,S&P Capital IQ,integrada,Millones de pesos 2018,ventas,319099.3679354338
2003,YPF,S&P Capital IQ,integrada,Millones de pesos 2018,ventas_raw,319099.3679354338
2004,YPF,S&P Capital IQ,integrada,Millones de pesos 2018,KTA,394141.80285465193
2004,YPF,S&P Capital IQ,integrada,Millones de pesos 2018,activo,539563.1675168916
2004,YPF,S&P Capital IQ,integrada,Millones de pesos 2018,activo_corr,145421.36466223965
2004,YPF,S&P Capital IQ,integrada,Millones de pesos 2018,cash_st_inv,15704.251043438408
2004,YPF,S&P Capital IQ,integrada,Millones de pesos 2018,costo_ventas,158246.503014381
2004,YPF,S&P Capital IQ,integrada,Millones de pesos 2018,deuda_lp,29384.398619055864
2004,YPF,S&P Capital IQ,integrada,Millones de pesos 2018,deuda_neta,17972.642860823955
2004,YPF,S&P Capital IQ,integrada,Millones de pesos 2018,deuda_total,33676.89390426236
2004,YPF,S&P Capital IQ,integrada,Millones de pesos 2018,ebit,147811.9006544075
2004,YPF,S&P Capital IQ,integrada,Millones de pesos 2018,ebitda,190911.3451847329
2004,YPF,S&P Capital IQ,integrada,Millones de pesos 2018,ebt,135789.4240222641
2004,YPF,S&P Capital IQ,integrada,Millones de pesos 2018,ganancia_bruta,189532.86092647555
2004,YPF,S&P Capital IQ,integrada,Millones de pesos 2018,impuesto_ganancias,52644.13933117075
2004,YPF,S&P Capital IQ,integrada,Millones de pesos 2018,inventarios,19787.356314732395
2004,YPF,S&P Capital IQ,integrada,Millones de pesos 2018,pasivo,159712.2331117686
2004,YPF,S&P Capital IQ,integrada,Millones de pesos 2018,patrimonio_neto,379850.934405123
2004,YPF,S&P Capital IQ,integrada,Millones de pesos 2018,patrimonio_neto_total,379850.934405123
2004,YPF,S&P Capital IQ,integrada,Millones de pesos 2018,ppye_neta,358650.19549648114
2004,YPF,S&P Capital IQ,integrada,Millones de pesos 2018,utilidad_neta,85623.06652239141
2004,YPF,S&P Capital IQ,integrada,Millones de pesos 2018,utilidad_neta_empresa,85623.06652239141
2004,YPF,S&P Capital IQ,integrada,Millones de pesos 2018,utilidad_operativa,147811.9006544075
2004,YPF,S&P Capital IQ,integrada,Millones de pesos 2018,ventas,347779.36394085654
2004,YPF,S&P Capital IQ,integrada,Millones de pesos 2018,ventas_raw,347779.36394085654
2005,YPF,S&P Capital IQ,integrada,Millones de pesos 2018,KTA,378818.17091881856
2005,YPF,S&P Capital IQ,integrada,Millones de pesos 2018,activo,512836.06014737673
2005,YPF,S&P Capital IQ,integrada,Millones de pesos 2018,activo_corr,135116.00517164933
2005,YPF,S&P Capital IQ,integrada,Millones de pesos 2018,cash_st_inv,8434.803620845012
2005,YPF,S&P Capital IQ,integrada,Millones de pesos 2018,costo_ventas,176653.43432335777
2005,YPF,S&P Capital IQ,integrada,Millones de pesos 2018,deuda_lp,17617.599260897034
2005,YPF,S&P Capital IQ,integrada,Millones de pesos 2018,deuda_neta,14689.290079320652
2005,YPF,S&P Capital IQ,integrada,Millones de pesos 2018,deuda_total,23124.093700165664
2005,YPF,S&P Capital IQ,integrada,Millones de pesos 2018,ebit,145794.78485011536
2005,YPF,S&P Capital IQ,integrada,Millones de pesos 2018,ebitda,188875.94221167662
2005,YPF,S&P Capital IQ,integrada,Millones de pesos 2018,ebt,139603.95728689138
2005,YPF,S&P Capital IQ,integrada,Millones de pesos 2018,ganancia_bruta,187809.6557162113
2005,YPF,S&P Capital IQ,integrada,Millones de pesos 2018,impuesto_ganancias,54269.20820204055
2005,YPF,S&P Capital IQ,integrada,Millones de pesos 2018,inventarios,20927.861813983378
2005,YPF,S&P Capital IQ,integrada,Millones de pesos 2018,pasivo,158749.3700338283
2005,YPF,S&P Capital IQ,integrada,Millones de pesos 2018,patrimonio_neto,354086.6901135484
2005,YPF,S&P Capital IQ,integrada,Millones de pesos 2018,patrimonio_neto_total,354086.6901135484
2005,YPF,S&P Capital IQ,integrada,Millones de pesos 2018,ppye,982909.2574094505
2005,YPF,S&P Capital IQ,integrada,Millones de pesos 2018,ppye_neta,349455.5054839901
2005,YPF,S&P Capital IQ,integrada,Millones de pesos 2018,utilidad_neta,163667.01969201904
2005,YPF,S&P Capital IQ,integrada,Millones de pesos 2018,utilidad_neta_empresa,85334.74908485085
2005,YPF,S&P Capital IQ,integrada,Millones de pesos 2018,utilidad_operativa,145794.78485011536
2005,YPF,S&P Capital IQ,integrada,Millones de pesos 2018,ventas,364463.09003956907
2005,YPF,S&P Capital IQ,integrada,Millones de pesos 2018,ventas_raw,364463.09003956907
2006,YPF,S&P Capital IQ,integrada,Millones de pesos 2018,KTA,363060.93221854256
2006,YPF,S&P Capital IQ,integrada,Millones de pesos 2018,activo,507932.2753841296
2006,YPF,S&P Capital IQ,integrada,Millones de pesos 2018,activo_corr,160571.12022582997
2006,YPF,S&P Capital IQ,integrada,Millones de pesos 2018,cash_st_inv,15628.02305174089
2006,YPF,S&P Capital IQ,integrada,Millones de pesos 2018,costo_ventas,224303.0305773279
2006,YPF,S&P Capital IQ,integrada,Millones de pesos 2018,deuda_lp,7318.908867206478
2006,YPF,S&P Capital IQ,integrada,Millones de pesos 2018,deuda_neta,4821.869371336033
2006,YPF,S&P Capital IQ,integrada,Millones de pesos 2018,deuda_total,20449.892423076923
2006,YPF,S&P Capital IQ,integrada,Millones de pesos 2018,ebit,97786.3627865587
2006,YPF,S&P Capital IQ,integrada,Millones de pesos 2018,ebitda,151142.64350866398
2006,YPF,S&P Capital IQ,integrada,Millones de pesos 2018,ebt,104158.11874153846
2006,YPF,S&P Capital IQ,integrada,Millones de pesos 2018,ganancia_bruta,143579.77101255063
2006,YPF,S&P Capital IQ,integrada,Millones de pesos 2018,impuesto_ganancias,40196.59556283401
2006,YPF,S&P Capital IQ,integrada,Millones de pesos 2018,inventarios,24353.310485587044
2006,YPF,S&P Capital IQ,integrada,Millones de pesos 2018,pasivo,158562.00798777328
2006,YPF,S&P Capital IQ,integrada,Millones de pesos 2018,patrimonio_neto,349370.26739635627
2006,YPF,S&P Capital IQ,integrada,Millones de pesos 2018,patrimonio_neto_total,349370.26739635627
2006,YPF,S&P Capital IQ,integrada,Millones de pesos 2018,ppye,888171.1172380567
2006,YPF,S&P Capital IQ,integrada,Millones de pesos 2018,ppye_neta,323079.5986812146
2006,YPF,S&P Capital IQ,integrada,Millones de pesos 2018,utilidad_neta,105248.77967076923
2006,YPF,S&P Capital IQ,integrada,Millones de pesos 2018,utilidad_neta_empresa,63961.523178704454
2006,YPF,S&P Capital IQ,integrada,Millones de pesos 2018,utilidad_operativa,97786.3627865587
2006,YPF,S&P Capital IQ,integrada,Millones de pesos 2018,ventas,367882.80158987857
2006,YPF,S&P Capital IQ,integrada,Millones de pesos 2018,ventas_raw,367882.80158987857
2007,YPF,S&P Capital IQ,integrada,Millones de pesos 2018,KTA,366224.1791344993
2007,YPF,S&P Capital IQ,integrada,Millones de pesos 2018,activo,475489.900333059
2007,YPF,S&P Capital IQ,integrada,Millones de pesos 2018,activo_corr,139849.97068619382
2007,YPF,S&P Capital IQ,integrada,Millones de pesos 2018,cash_st_inv,10799.66652032223
2007,YPF,S&P Capital IQ,integrada,Millones de pesos 2018,costo_ventas,241120.6391141273
2007,YPF,S&P Capital IQ,integrada,Millones de pesos 2018,deuda_lp,6637.162855615188
2007,YPF,S&P Capital IQ,integrada,Millones de pesos 2018,deuda_neta,1814.7500733326422
2007,YPF,S&P Capital IQ,integrada,Millones de pesos 2018,deuda_total,12614.416593654869
2007,YPF,S&P Capital IQ,integrada,Millones de pesos 2018,ebit,85356.70624640105
2007,YPF,S&P Capital IQ,integrada,Millones de pesos 2018,ebitda,137882.93389342068
2007,YPF,S&P Capital IQ,integrada,Millones de pesos 2018,ebt,87031.86016024658
2007,YPF,S&P Capital IQ,integrada,Millones de pesos 2018,ganancia_bruta,128225.41776890222
2007,YPF,S&P Capital IQ,integrada,Millones de pesos 2018,impuesto_ganancias,31497.969804277047
2007,YPF,S&P Capital IQ,integrada,Millones de pesos 2018,inventarios,32652.810760034183
2007,YPF,S&P Capital IQ,integrada,Millones de pesos 2018,pasivo,165637.18851145206
2007,YPF,S&P Capital IQ,integrada,Millones de pesos 2018,patrimonio_neto,309852.7118216069
2007,YPF,S&P Capital IQ,integrada,Millones de pesos 2018,patrimonio_neto_total,309852.7118216069
2007,YPF,S&P Capital IQ,integrada,Millones de pesos 2018,ppye,926575.8538757777
2007,YPF,S&P Capital IQ,integrada,Millones de pesos 2018,ppye_neta,322771.7018541428
2007,YPF,S&P Capital IQ,integrada,Millones de pesos 2018,utilidad_neta,84392.22368994454
2007,YPF,S&P Capital IQ,integrada,Millones de pesos 2018,utilidad_neta_empresa,55533.890355969525
2007,YPF,S&P Capital IQ,integrada,Millones de pesos 2018,utilidad_operativa,85356.70624640105
2007,YPF,S&P Capital IQ,integrada,Millones de pesos 2018,ventas,369346.0568830295
2007,YPF,S&P Capital IQ,integrada,Millones de pesos 2018,ventas_raw,369346.0568830295
2008,YPF,S&P Capital IQ,integrada,Millones de pesos 2018,KTA,338297.7786747935
2008,YPF,S&P Capital IQ,integrada,Millones de pesos 2018,activo,397538.43517352996
2008,YPF,S&P Capital IQ,integrada,Millones de pesos 2018,activo_corr,95488.69487691537
2008,YPF,S&P Capital IQ,integrada,Millones de pesos 2018,cash_st_inv,12582.818917460889
2008,YPF,S&P Capital IQ,integrada,Millones de pesos 2018,costo_ventas,245540.8800102216
2008,YPF,S&P Capital IQ,integrada,Millones de pesos 2018,deuda_lp,13038.118286184803
2008,YPF,S&P Capital IQ,integrada,Millones de pesos 2018,deuda_neta,33764.58727604842
2008,YPF,S&P Capital IQ,integrada,Millones de pesos 2018,deuda_total,46347.40619350931
2008,YPF,S&P Capital IQ,integrada,Millones de pesos 2018,ebit,68967.5066487474
2008,YPF,S&P Capital IQ,integrada,Millones de pesos 2018,ebitda,118377.83586821757
2008,YPF,S&P Capital IQ,integrada,Millones de pesos 2018,ebt,64279.99269347619
2008,YPF,S&P Capital IQ,integrada,Millones de pesos 2018,ganancia_bruta,115335.60826810777
2008,YPF,S&P Capital IQ,integrada,Millones de pesos 2018,impuesto_ganancias,23913.564570931016
2008,YPF,S&P Capital IQ,integrada,Millones de pesos 2018,inventarios,35689.261880199505
2008,YPF,S&P Capital IQ,integrada,Millones de pesos 2018,pasivo,201211.27783719325
2008,YPF,S&P Capital IQ,integrada,Millones de pesos 2018,patrimonio_neto,196327.1573363367
2008,YPF,S&P Capital IQ,integrada,Millones de pesos 2018,patrimonio_neto_total,196327.1573363367
2008,YPF,S&P Capital IQ,integrada,Millones de pesos 2018,ppye,831117.9544667279
2008,YPF,S&P Capital IQ,integrada,Millones de pesos 2018,ppye_neta,290025.6978771331
2008,YPF,S&P Capital IQ,integrada,Millones de pesos 2018,utilidad_neta,62376.013515176186
2008,YPF,S&P Capital IQ,integrada,Millones de pesos 2018,utilidad_neta_empresa,40366.42812254517
2008,YPF,S&P Capital IQ,integrada,Millones de pesos 2018,utilidad_operativa,68967.5066487474
2008,YPF,S&P Capital IQ,integrada,Millones de pesos 2018,ventas,360876.4882783294
2008,YPF,S&P Capital IQ,integrada,Millones de pesos 2018,ventas_raw,360876.4882783294
2009,YPF,S&P Capital IQ,integrada,Millones de pesos 2018,KTA,299164.7633119759
2009,YPF,S&P Capital IQ,integrada,Millones de pesos 2018,activo,358116.5476256206
2009,YPF,S&P Capital IQ,integrada,Millones de pesos 2018,activo_corr,94892.28066503225
2009,YPF,S&P Capital IQ,integrada,Millones de pesos 2018,cash_st_inv,19326.238323822083
2009,YPF,S&P Capital IQ,integrada,Millones de pesos 2018,costo_ventas,206326.74014709823
2009,YPF,S&P Capital IQ,integrada,Millones de pesos 2018,deuda_lp,19281.188817239745
2009,YPF,S&P Capital IQ,integrada,Millones de pesos 2018,deuda_neta,42112.27875316756
2009,YPF,S&P Capital IQ,integrada,Millones de pesos 2018,deuda_total,61438.517076989636
2009,YPF,S&P Capital IQ,integrada,Millones de pesos 2018,ebit,63060.299313953736
2009,YPF,S&P Capital IQ,integrada,Millones de pesos 2018,ebitda,106596.14247512311
2009,YPF,S&P Capital IQ,integrada,Millones de pesos 2018,ebt,53221.48707637158
2009,YPF,S&P Capital IQ,integrada,Millones de pesos 2018,ganancia_bruta,102893.0730340551
2009,YPF,S&P Capital IQ,integrada,Millones de pesos 2018,impuesto_ganancias,19983.961119924184
2009,YPF,S&P Capital IQ,integrada,Millones de pesos 2018,inventarios,27624.35743628835
2009,YPF,S&P Capital IQ,integrada,Millones de pesos 2018,pasivo,198632.28442283528
2009,YPF,S&P Capital IQ,integrada,Millones de pesos 2018,patrimonio_neto,159484.26320278543
2009,YPF,S&P Capital IQ,integrada,Millones de pesos 2018,patrimonio_neto_total,159484.26320278543
2009,YPF,S&P Capital IQ,integrada,Millones de pesos 2018,ppye,766571.4139063435
2009,YPF,S&P Capital IQ,integrada,Millones de pesos 2018,ppye_neta,252214.1675518655
2009,YPF,S&P Capital IQ,integrada,Millones de pesos 2018,utilidad_neta,46941.585858793966
2009,YPF,S&P Capital IQ,integrada,Millones de pesos 2018,utilidad_neta_empresa,33237.52595644739
2009,YPF,S&P Capital IQ,integrada,Millones de pesos 2018,utilidad_operativa,63060.299313953736
2009,YPF,S&P Capital IQ,integrada,Millones de pesos 2018,ventas,309219.8131811533
2009,YPF,S&P Capital IQ,integrada,Millones de pesos 2018,ventas_raw,309219.8131811533
2010,YPF,S&P Capital IQ,integrada,Millones de pesos 2018,KTA,271755.4398724438
2010,YPF,S&P Capital IQ,integrada,Millones de pesos 2018,activo,333539.1919760079
2010,YPF,S&P Capital IQ,integrada,Millones de pesos 2018,activo_corr,91659.02412305113
2010,YPF,S&P Capital IQ,integrada,Millones de pesos 2018,cash_st_inv,18091.25626485591
2010,YPF,S&P Capital IQ,integrada,Millones de pesos 2018,costo_ventas,211539.54891727836
2010,YPF,S&P Capital IQ,integrada,Millones de pesos 2018,deuda_lp,11547.762704872412
2010,YPF,S&P Capital IQ,integrada,Millones de pesos 2018,deuda_neta,37671.622661524256
2010,YPF,S&P Capital IQ,integrada,Millones de pesos 2018,deuda_total,55762.878926380174
2010,YPF,S&P Capital IQ,integrada,Millones de pesos 2018,ebit,67833.26201405215
2010,YPF,S&P Capital IQ,integrada,Millones de pesos 2018,ebitda,105583.63569216264
2010,YPF,S&P Capital IQ,integrada,Millones de pesos 2018,ebt,64575.83360071243
2010,YPF,S&P Capital IQ,integrada,Millones de pesos 2018,ganancia_bruta,104624.30512647577
2010,YPF,S&P Capital IQ,integrada,Millones de pesos 2018,impuesto_ganancias,23124.162143048907
2010,YPF,S&P Capital IQ,integrada,Millones de pesos 2018,inventarios,27670.243555072455
2010,YPF,S&P Capital IQ,integrada,Millones de pesos 2018,pasivo,197228.34144856172
2010,YPF,S&P Capital IQ,integrada,Millones de pesos 2018,patrimonio_neto,136310.8505274462
2010,YPF,S&P Capital IQ,integrada,Millones de pesos 2018,patrimonio_neto_total,136310.8505274462
2010,YPF,S&P Capital IQ,integrada,Millones de pesos 2018,ppye,672147.085746839
2010,YPF,S&P Capital IQ,integrada,Millones de pesos 2018,ppye_neta,225993.94005251542
2010,YPF,S&P Capital IQ,integrada,Millones de pesos 2018,utilidad_neta,67095.86613147194
2010,YPF,S&P Capital IQ,integrada,Millones de pesos 2018,utilidad_neta_empresa,41451.67145766352
2010,YPF,S&P Capital IQ,integrada,Millones de pesos 2018,utilidad_operativa,67833.26201405215
2010,YPF,S&P Capital IQ,integrada,Millones de pesos 2018,ventas,316163.8540437541
2010,YPF,S&P Capital IQ,integrada,Millones de pesos 2018,ventas_raw,316163.8540437541
2011,YPF,S&P Capital IQ,integrada,Millones de pesos 2018,KTA,292722.0511519093
2011,YPF,S&P Capital IQ,integrada,Millones de pesos 2018,activo,352549.72155914194
2011,YPF,S&P Capital IQ,integrada,Millones de pesos 2018,activo_corr,76423.34593758675
2011,YPF,S&P Capital IQ,integrada,Millones de pesos 2018,cash_st_inv,6427.861786748086
2011,YPF,S&P Capital IQ,integrada,Millones de pesos 2018,costo_ventas,237825.10565843215
2011,YPF,S&P Capital IQ,integrada,Millones de pesos 2018,deuda_lp,25636.301280780368
2011,YPF,S&P Capital IQ,integrada,Millones de pesos 2018,deuda_neta,64082.0825250803
2011,YPF,S&P Capital IQ,integrada,Millones de pesos 2018,deuda_total,70509.9443118284
2011,YPF,S&P Capital IQ,integrada,Millones de pesos 2018,ebit,41185.71513541378
2011,YPF,S&P Capital IQ,integrada,Millones de pesos 2018,ebitda,78752.86779015823
2011,YPF,S&P Capital IQ,integrada,Millones de pesos 2018,ebt,43850.50316031564
2011,YPF,S&P Capital IQ,integrada,Millones de pesos 2018,ganancia_bruta,87099.83939093542
2011,YPF,S&P Capital IQ,integrada,Millones de pesos 2018,impuesto_ganancias,18156.397367064514
2011,YPF,S&P Capital IQ,integrada,Millones de pesos 2018,inventarios,34717.39018993616
2011,YPF,S&P Capital IQ,integrada,Millones de pesos 2018,pasivo,217171.553352631
2011,YPF,S&P Capital IQ,integrada,Millones de pesos 2018,patrimonio_neto,135378.16820651098
2011,YPF,S&P Capital IQ,integrada,Millones de pesos 2018,patrimonio_neto_total,135378.16820651098
2011,YPF,S&P Capital IQ,integrada,Millones de pesos 2018,ppye,783222.2417225109
2011,YPF,S&P Capital IQ,integrada,Millones de pesos 2018,ppye_neta,251576.79917522505
2011,YPF,S&P Capital IQ,integrada,Millones de pesos 2018,utilidad_neta,25694.105793251125
2011,YPF,S&P Capital IQ,integrada,Millones de pesos 2018,utilidad_neta_empresa,25694.105793251125
2011,YPF,S&P Capital IQ,integrada,Millones de pesos 2018,utilidad_operativa,41185.71513541378
2011,YPF,S&P Capital IQ,integrada,Millones de pesos 2018,ventas,324924.94504936755
2011,YPF,S&P Capital IQ,integrada,Millones de pesos 2018,ventas_raw,324924.94504936755
2012,YPF,S&P Capital IQ,integrada,Millones de pesos 2018,KTA,320903.8908570781
2012,YPF,S&P Capital IQ,integrada,Millones de pesos 2018,activo,373775.4249727933
2012,YPF,S&P Capital IQ,integrada,Millones de pesos 2018,activo_corr,85780.0785175651
2012,YPF,S&P Capital IQ,integrada,Millones de pesos 2018,cash_st_inv,22193.04734700684
2012,YPF,S&P Capital IQ,integrada,Millones de pesos 2018,costo_ventas,235006.93300863553
2012,YPF,S&P Capital IQ,integrada,Millones de pesos 2018,deuda_lp,56569.59614467721
2012,YPF,S&P Capital IQ,integrada,Millones de pesos 2018,deuda_neta,57771.11566609722
2012,YPF,S&P Capital IQ,integrada,Millones de pesos 2018,deuda_total,79964.16301310407
2012,YPF,S&P Capital IQ,integrada,Millones de pesos 2018,ebit,38990.944780711405
2012,YPF,S&P Capital IQ,integrada,Millones de pesos 2018,ebitda,77706.05434055207
2012,YPF,S&P Capital IQ,integrada,Millones de pesos 2018,ebt,40042.8587586083
2012,YPF,S&P Capital IQ,integrada,Millones de pesos 2018,ganancia_bruta,79043.1538857899
2012,YPF,S&P Capital IQ,integrada,Millones de pesos 2018,impuesto_ganancias,21800.33279525867
2012,YPF,S&P Capital IQ,integrada,Millones de pesos 2018,inventarios,32361.549133343444
2012,YPF,S&P Capital IQ,integrada,Millones de pesos 2018,pasivo,227629.509643652
2012,YPF,S&P Capital IQ,integrada,Millones de pesos 2018,patrimonio_neto,146145.9153291413
2012,YPF,S&P Capital IQ,integrada,Millones de pesos 2018,patrimonio_neto_total,146145.9153291413
2012,YPF,S&P Capital IQ,integrada,Millones de pesos 2018,ppye,798103.4981366936
2012,YPF,S&P Capital IQ,integrada,Millones de pesos 2018,ppye_neta,266349.2943767277
2012,YPF,S&P Capital IQ,integrada,Millones de pesos 2018,utilidad_neta,18242.525963349628
2012,YPF,S&P Capital IQ,integrada,Millones de pesos 2018,utilidad_neta_empresa,18242.525963349628
2012,YPF,S&P Capital IQ,integrada,Millones de pesos 2018,utilidad_operativa,38990.944780711405
2012,YPF,S&P Capital IQ,integrada,Millones de pesos 2018,ventas,314050.08689442545
2012,YPF,S&P Capital IQ,integrada,Millones de pesos 2018,ventas_raw,314050.08689442545
2013,YPF,S&P Capital IQ,integrada,Millones de pesos 2018,KTA,423643.12582147185
2013,YPF,S&P Capital IQ,integrada,Millones de pesos 2018,activo,503496.2717658206
2013,YPF,S&P Capital IQ,integrada,Millones de pesos 2018,activo_corr,128158.63655537102
2013,YPF,S&P Capital IQ,integrada,Millones de pesos 2018,cash_st_inv,39779.900139586534
2013,YPF,S&P Capital IQ,integrada,Millones de pesos 2018,costo_ventas,252849.11043638623
2013,YPF,S&P Capital IQ,integrada,Millones de pesos 2018,deuda_lp,85686.64012145047
2013,YPF,S&P Capital IQ,integrada,Millones de pesos 2018,deuda_neta,78635.20444842939
2013,YPF,S&P Capital IQ,integrada,Millones de pesos 2018,deuda_total,118415.10458801594
2013,YPF,S&P Capital IQ,integrada,Millones de pesos 2018,ebit,39917.28988150427
2013,YPF,S&P Capital IQ,integrada,Millones de pesos 2018,ebitda,82370.72013408458
2013,YPF,S&P Capital IQ,integrada,Millones de pesos 2018,ebt,53277.51397393705
2013,YPF,S&P Capital IQ,integrada,Millones de pesos 2018,ganancia_bruta,81761.7493861249
2013,YPF,S&P Capital IQ,integrada,Millones de pesos 2018,impuesto_ganancias,34417.9869685268
2013,YPF,S&P Capital IQ,integrada,Millones de pesos 2018,inventarios,36690.48756457151
2013,YPF,S&P Capital IQ,integrada,Millones de pesos 2018,pasivo,324369.75419523777
2013,YPF,S&P Capital IQ,integrada,Millones de pesos 2018,patrimonio_neto,178294.75264654038
2013,YPF,S&P Capital IQ,integrada,Millones de pesos 2018,patrimonio_neto_total,179126.5175705829
2013,YPF,S&P Capital IQ,integrada,Millones de pesos 2018,ppye,959637.641405239
2013,YPF,S&P Capital IQ,integrada,Millones de pesos 2018,ppye_neta,347172.7381173138
2013,YPF,S&P Capital IQ,integrada,Millones de pesos 2018,utilidad_neta,19030.33587374041
2013,YPF,S&P Capital IQ,integrada,Millones de pesos 2018,utilidad_neta_empresa,18859.52700541025
2013,YPF,S&P Capital IQ,integrada,Millones de pesos 2018,utilidad_operativa,39917.28988150427
2013,YPF,S&P Capital IQ,integrada,Millones de pesos 2018,ventas,334610.85982251115
2013,YPF,S&P Capital IQ,integrada,Millones de pesos 2018,ventas_raw,334610.85982251115
2014,YPF,S&P Capital IQ,integrada,Millones de pesos 2018,KTA,467620.25794911286
2014,YPF,S&P Capital IQ,integrada,Millones de pesos 2018,activo,542738.1491149669
2014,YPF,S&P Capital IQ,integrada,Millones de pesos 2018,activo_corr,109560.47871409854
2014,YPF,S&P Capital IQ,integrada,Millones de pesos 2018,cash_st_inv,25394.089104327162
2014,YPF,S&P Capital IQ,integrada,Millones de pesos 2018,costo_ventas,278515.2283472439
2014,YPF,S&P Capital IQ,integrada,Millones de pesos 2018,deuda_lp,93763.99164059311
2014,YPF,S&P Capital IQ,integrada,Millones de pesos 2018,deuda_neta,102916.5855512222
2014,YPF,S&P Capital IQ,integrada,Millones de pesos 2018,deuda_total,128310.67465554937
2014,YPF,S&P Capital IQ,integrada,Millones de pesos 2018,ebit,51358.10088890106
2014,YPF,S&P Capital IQ,integrada,Millones de pesos 2018,ebitda,104459.80084522364
2014,YPF,S&P Capital IQ,integrada,Millones de pesos 2018,ebt,57439.878531534036
2014,YPF,S&P Capital IQ,integrada,Millones de pesos 2018,ganancia_bruta,90872.74005267475
2014,YPF,S&P Capital IQ,integrada,Millones de pesos 2018,impuesto_ganancias,34411.358908231
2014,YPF,S&P Capital IQ,integrada,Millones de pesos 2018,inventarios,33833.62906798088
2014,YPF,S&P Capital IQ,integrada,Millones de pesos 2018,pasivo,353333.84504630166
2014,YPF,S&P Capital IQ,integrada,Millones de pesos 2018,patrimonio_neto,189011.34368182844
2014,YPF,S&P Capital IQ,integrada,Millones de pesos 2018,patrimonio_neto_total,189404.30406866522
2014,YPF,S&P Capital IQ,integrada,Millones de pesos 2018,ppye,1020359.3790284095
2014,YPF,S&P Capital IQ,integrada,Millones de pesos 2018,ppye_neta,408392.53977680486
2014,YPF,S&P Capital IQ,integrada,Millones de pesos 2018,utilidad_neta,23426.68478347541
2014,YPF,S&P Capital IQ,integrada,Millones de pesos 2018,utilidad_neta_empresa,23028.519623303033
2014,YPF,S&P Capital IQ,integrada,Millones de pesos 2018,utilidad_operativa,51358.10088890106
2014,YPF,S&P Capital IQ,integrada,Millones de pesos 2018,ventas,369387.96839991864
2014,YPF,S&P Capital IQ,integrada,Millones de pesos 2018,ventas_raw,369387.96839991864
2015,YPF,S&P Capital IQ,integrada,Millones de pesos 2018,KTA,629899.1292179523
2015,YPF,S&P Capital IQ,integrada,Millones de pesos 2018,activo,747301.2534899247
2015,YPF,S&P Capital IQ,integrada,Millones de pesos 2018,activo_corr,158265.35861550175
2015,YPF,S&P Capital IQ,integrada,Millones de pesos 2018,cash_st_inv,33290.56190279175
2015,YPF,S&P Capital IQ,integrada,Millones de pesos 2018,costo_ventas,246283.539946779
2015,YPF,S&P Capital IQ,integrada,Millones de pesos 2018,deuda_lp,160241.2853642253
2015,YPF,S&P Capital IQ,integrada,Millones de pesos 2018,deuda_neta,184145.68118176947
2015,YPF,S&P Capital IQ,integrada,Millones de pesos 2018,deuda_total,217436.24308456123
2015,YPF,S&P Capital IQ,integrada,Millones de pesos 2018,ebit,39366.382446473406
2015,YPF,S&P Capital IQ,integrada,Millones de pesos 2018,ebitda,94897.94293505346
2015,YPF,S&P Capital IQ,integrada,Millones de pesos 2018,ebt,59756.877313373894
2015,YPF,S&P Capital IQ,integrada,Millones de pesos 2018,ganancia_bruta,74750.06966685159
2015,YPF,S&P Capital IQ,integrada,Millones de pesos 2018,impuesto_ganancias,50656.51124693227
2015,YPF,S&P Capital IQ,integrada,Millones de pesos 2018,inventarios,39596.66735371278
2015,YPF,S&P Capital IQ,integrada,Millones de pesos 2018,pasivo,499619.5551777638
2015,YPF,S&P Capital IQ,integrada,Millones de pesos 2018,patrimonio_neto,247583.0047804869
2015,YPF,S&P Capital IQ,integrada,Millones de pesos 2018,patrimonio_neto_total,247681.6983121609
2015,YPF,S&P Capital IQ,integrada,Millones de pesos 2018,ppye,1367277.5705441516
2015,YPF,S&P Capital IQ,integrada,Millones de pesos 2018,ppye_neta,557011.8999614477
2015,YPF,S&P Capital IQ,integrada,Millones de pesos 2018,utilidad_neta,9414.951698652549
2015,YPF,S&P Capital IQ,integrada,Millones de pesos 2018,utilidad_neta_empresa,9100.366066441622
2015,YPF,S&P Capital IQ,integrada,Millones de pesos 2018,utilidad_operativa,39366.382446473406
2015,YPF,S&P Capital IQ,integrada,Millones de pesos 2018,ventas,321033.6096136305
2015,YPF,S&P Capital IQ,integrada,Millones de pesos 2018,ventas_raw,321033.6096136305
2016,YPF,S&P Capital IQ,integrada,Millones de pesos 2018,KTA,515147.28573062393
2016,YPF,S&P Capital IQ,integrada,Millones de pesos 2018,activo,623188.1260726954
2016,YPF,S&P Capital IQ,integrada,Millones de pesos 2018,activo_corr,129074.26641754131
2016,YPF,S&P Capital IQ,integrada,Millones de pesos 2018,cash_st_inv,27087.158035139673
2016,YPF,S&P Capital IQ,integrada,Millones de pesos 2018,costo_ventas,260670.05795345886
2016,YPF,S&P Capital IQ,integrada,Millones de pesos 2018,deuda_lp,188771.07764144757
2016,YPF,S&P Capital IQ,integrada,Millones de pesos 2018,deuda_neta,201307.6743567551
2016,YPF,S&P Capital IQ,integrada,Millones de pesos 2018,deuda_total,228394.83239189477
2016,YPF,S&P Capital IQ,integrada,Millones de pesos 2018,ebit,15422.144826125415
2016,YPF,S&P Capital IQ,integrada,Millones de pesos 2018,ebitda,82705.72792908996
2016,YPF,S&P Capital IQ,integrada,Millones de pesos 2018,ebt,-44102.867287360496
2016,YPF,S&P Capital IQ,integrada,Millones de pesos 2018,ganancia_bruta,50229.25388389955
2016,YPF,S&P Capital IQ,integrada,Millones de pesos 2018,impuesto_ganancias,-2109.5016948511866
2016,YPF,S&P Capital IQ,integrada,Millones de pesos 2018,inventarios,32270.786256778265
2016,YPF,S&P Capital IQ,integrada,Millones de pesos 2018,pasivo,447597.3443405069
2016,YPF,S&P Capital IQ,integrada,Millones de pesos 2018,patrimonio_neto,175729.87994881245
2016,YPF,S&P Capital IQ,integrada,Millones de pesos 2018,patrimonio_neto_total,175590.78173218842
2016,YPF,S&P Capital IQ,integrada,Millones de pesos 2018,ppye,1229311.564548492
2016,YPF,S&P Capital IQ,integrada,Millones de pesos 2018,ppye_neta,455789.341438706
2016,YPF,S&P Capital IQ,integrada,Millones de pesos 2018,utilidad_neta,-41784.99084129759
2016,YPF,S&P Capital IQ,integrada,Millones de pesos 2018,utilidad_neta_empresa,-41993.365592509304
2016,YPF,S&P Capital IQ,integrada,Millones de pesos 2018,utilidad_operativa,15422.144826125415
2016,YPF,S&P Capital IQ,integrada,Millones de pesos 2018,ventas,310899.31183735846
2016,YPF,S&P Capital IQ,integrada,Millones de pesos 2018,ventas_raw,310899.31183735846
2017,YPF,S&P Capital IQ,integrada,Millones de pesos 2018,KTA,507503.38597407035
2017,YPF,S&P Capital IQ,integrada,Millones de pesos 2018,activo,606364.7856148024
2017,YPF,S&P Capital IQ,integrada,Millones de pesos 2018,activo_corr,146637.4551649716
2017,YPF,S&P Capital IQ,integrada,Millones de pesos 2018,cash_st_inv,49967.8597078041
2017,YPF,S&P Capital IQ,integrada,Millones de pesos 2018,costo_ventas,252415.98737407525
2017,YPF,S&P Capital IQ,integrada,Millones de pesos 2018,deuda_lp,181923.344288669
2017,YPF,S&P Capital IQ,integrada,Millones de pesos 2018,deuda_neta,179120.0411261013
2017,YPF,S&P Capital IQ,integrada,Millones de pesos 2018,deuda_total,229087.9008339054
2017,YPF,S&P Capital IQ,integrada,Millones de pesos 2018,ebit,14478.137591105593
2017,YPF,S&P Capital IQ,integrada,Millones de pesos 2018,ebitda,79644.74447115436
2017,YPF,S&P Capital IQ,integrada,Millones de pesos 2018,ebt,10435.050224049024
2017,YPF,S&P Capital IQ,integrada,Millones de pesos 2018,ganancia_bruta,50711.250623455075
2017,YPF,S&P Capital IQ,integrada,Millones de pesos 2018,impuesto_ganancias,-4759.485961201706
2017,YPF,S&P Capital IQ,integrada,Millones de pesos 2018,inventarios,32552.128982271282
2017,YPF,S&P Capital IQ,integrada,Millones de pesos 2018,pasivo,423475.03313578706
2017,YPF,S&P Capital IQ,integrada,Millones de pesos 2018,patrimonio_neto,182604.38628881378
2017,YPF,S&P Capital IQ,integrada,Millones de pesos 2018,patrimonio_neto_total,182889.75247901527
2017,YPF,S&P Capital IQ,integrada,Millones de pesos 2018,ppye,1239625.9341648992
2017,YPF,S&P Capital IQ,integrada,Millones de pesos 2018,ppye_neta,424983.397283995
2017,YPF,S&P Capital IQ,integrada,Millones de pesos 2018,utilidad_neta,14795.87725666609
2017,YPF,S&P Capital IQ,integrada,Millones de pesos 2018,utilidad_neta_empresa,15193.951101821127
2017,YPF,S&P Capital IQ,integrada,Millones de pesos 2018,utilidad_operativa,14478.137591105593
2017,YPF,S&P Capital IQ,integrada,Millones de pesos 2018,ventas,303127.23799753026
2017,YPF,S&P Capital IQ,integrada,Millones de pesos 2018,ventas_raw,303127.23799753026
2018,YPF,S&P Capital IQ,integrada,Millones de pesos 2018,KTA,809380.0
2018,YPF,S&P Capital IQ,integrada,Millones de pesos 2018,activo,994016.0
2018,YPF,S&P Capital IQ,integrada,Millones de pesos 2018,activo_corr,208415.0
2018,YPF,S&P Capital IQ,integrada,Millones de pesos 2018,cash_st_inv,56969.00000000001
2018,YPF,S&P Capital IQ,integrada,Millones de pesos 2018,costo_ventas,357490.0
2018,YPF,S&P Capital IQ,integrada,Millones de pesos 2018,deuda_lp,270252.0
2018,YPF,S&P Capital IQ,integrada,Millones de pesos 2018,deuda_neta,278109.0
2018,YPF,S&P Capital IQ,integrada,Millones de pesos 2018,deuda_total,335078.00000000006
2018,YPF,S&P Capital IQ,integrada,Millones de pesos 2018,ebit,28526.0
2018,YPF,S&P Capital IQ,integrada,Millones de pesos 2018,ebitda,117844.0
2018,YPF,S&P Capital IQ,integrada,Millones de pesos 2018,ebt,90144.0
2018,YPF,S&P Capital IQ,integrada,Millones de pesos 2018,ganancia_bruta,78330.00000000001
2018,YPF,S&P Capital IQ,integrada,Millones de pesos 2018,impuesto_ganancias,51538.0
2018,YPF,S&P Capital IQ,integrada,Millones de pesos 2018,inventarios,53324.00000000001
2018,YPF,S&P Capital IQ,integrada,Millones de pesos 2018,pasivo,631659.0
2018,YPF,S&P Capital IQ,integrada,Millones de pesos 2018,patrimonio_neto,359200.00000000006
2018,YPF,S&P Capital IQ,integrada,Millones de pesos 2018,patrimonio_neto_total,362357.00000000006
2018,YPF,S&P Capital IQ,integrada,Millones de pesos 2018,ppye,2197375.0
2018,YPF,S&P Capital IQ,integrada,Millones de pesos 2018,ppye_neta,699087.0
2018,YPF,S&P Capital IQ,integrada,Millones de pesos 2018,utilidad_neta,38613.0
2018,YPF,S&P Capital IQ,integrada,Millones de pesos 2018,utilidad_neta_empresa,38606.0
2018,YPF,S&P Capital IQ,integrada,Millones de pesos 2018,utilidad_operativa,28526.0
2018,YPF,S&P Capital IQ,integrada,Millones de pesos 2018,ventas,435820.0
2018,YPF,S&P Capital IQ,integrada,Millones de pesos 2018,ventas_raw,435820.0
2019,YPF,S&P Capital IQ,integrada,Millones de pesos 2018,KTA,836344.0492735037
2019,YPF,S&P Capital IQ,integrada,Millones de pesos 2018,activo,1023697.7237637512
2019,YPF,S&P Capital IQ,integrada,Millones de pesos 2018,activo_corr,201332.09689046556
2019,YPF,S&P Capital IQ,integrada,Millones de pesos 2018,cash_st_inv,48455.668023285325
2019,YPF,S&P Capital IQ,integrada,Millones de pesos 2018,costo_ventas,371186.55376532115
2019,YPF,S&P Capital IQ,integrada,Millones de pesos 2018,deuda_lp,273055.8552657407
2019,YPF,S&P Capital IQ,integrada,Millones de pesos 2018,deuda_neta,334491.81228320516
2019,YPF,S&P Capital IQ,integrada,Millones de pesos 2018,deuda_total,382947.4803064905
2019,YPF,S&P Capital IQ,integrada,Millones de pesos 2018,ebit,14232.185130566939
2019,YPF,S&P Capital IQ,integrada,Millones de pesos 2018,ebitda,110706.26847253644
2019,YPF,S&P Capital IQ,integrada,Millones de pesos 2018,ebt,-4562.032846363365
2019,YPF,S&P Capital IQ,integrada,Millones de pesos 2018,ganancia_bruta,70357.34367339656
2019,YPF,S&P Capital IQ,integrada,Millones de pesos 2018,impuesto_ganancias,17157.613939922263
2019,YPF,S&P Capital IQ,integrada,Millones de pesos 2018,inventarios,52365.5660916608
2019,YPF,S&P Capital IQ,integrada,Millones de pesos 2018,pasivo,667064.1372471047
2019,YPF,S&P Capital IQ,integrada,Millones de pesos 2018,patrimonio_neto,353022.34766168165
2019,YPF,S&P Capital IQ,integrada,Millones de pesos 2018,patrimonio_neto_total,356633.5865166465
2019,YPF,S&P Capital IQ,integrada,Millones de pesos 2018,ppye,2423275.96113061
2019,YPF,S&P Capital IQ,integrada,Millones de pesos 2018,ppye_neta,735522.8151585576
2019,YPF,S&P Capital IQ,integrada,Millones de pesos 2018,utilidad_neta,-22167.350039118315
2019,YPF,S&P Capital IQ,integrada,Millones de pesos 2018,utilidad_neta_empresa,-21719.328026025414
2019,YPF,S&P Capital IQ,integrada,Millones de pesos 2018,utilidad_operativa,14232.185130566939
2019,YPF,S&P Capital IQ,integrada,Millones de pesos 2018,ventas,441543.8974387177
2019,YPF,S&P Capital IQ,integrada,Millones de pesos 2018,ventas_raw,441543.8974387177
2020,YPF,S&P Capital IQ,integrada,Millones de pesos 2018,KTA,736665.1464778365
2020,YPF,S&P Capital IQ,integrada,Millones de pesos 2018,activo,881462.9942909351
2020,YPF,S&P Capital IQ,integrada,Millones de pesos 2018,activo_corr,150133.2145624601
2020,YPF,S&P Capital IQ,integrada,Millones de pesos 2018,cash_st_inv,38294.00933275941
2020,YPF,S&P Capital IQ,integrada,Millones de pesos 2018,costo_ventas,285006.48273543554
2020,YPF,S&P Capital IQ,integrada,Millones de pesos 2018,deuda_lp,241801.05770933724
2020,YPF,S&P Capital IQ,integrada,Millones de pesos 2018,deuda_neta,293797.6234982139
2020,YPF,S&P Capital IQ,integrada,Millones de pesos 2018,deuda_total,332091.6328309733
2020,YPF,S&P Capital IQ,integrada,Millones de pesos 2018,ebit,-31082.985758948682
2020,YPF,S&P Capital IQ,integrada,Millones de pesos 2018,ebitda,49067.86606132575
2020,YPF,S&P Capital IQ,integrada,Millones de pesos 2018,ebt,-25860.735826726053
2020,YPF,S&P Capital IQ,integrada,Millones de pesos 2018,ganancia_bruta,32390.3190055946
2020,YPF,S&P Capital IQ,integrada,Millones de pesos 2018,impuesto_ganancias,6686.510223042261
2020,YPF,S&P Capital IQ,integrada,Millones de pesos 2018,inventarios,45895.3371858786
2020,YPF,S&P Capital IQ,integrada,Millones de pesos 2018,pasivo,568245.6624740892
2020,YPF,S&P Capital IQ,integrada,Millones de pesos 2018,patrimonio_neto,310391.7553191384
2020,YPF,S&P Capital IQ,integrada,Millones de pesos 2018,patrimonio_neto_total,313217.331816846
2020,YPF,S&P Capital IQ,integrada,Millones de pesos 2018,ppye,2442097.871957447
2020,YPF,S&P Capital IQ,integrada,Millones de pesos 2018,ppye_neta,652475.7999591986
2020,YPF,S&P Capital IQ,integrada,Millones de pesos 2018,utilidad_neta,-31923.170618892982
2020,YPF,S&P Capital IQ,integrada,Millones de pesos 2018,utilidad_neta_empresa,-32547.528175365358
2020,YPF,S&P Capital IQ,integrada,Millones de pesos 2018,utilidad_operativa,-31082.985758948682
2020,YPF,S&P Capital IQ,integrada,Millones de pesos 2018,ventas,317396.8017410301
2020,YPF,S&P Capital IQ,integrada,Millones de pesos 2018,ventas_raw,317396.8017410301
2021,YPF,S&P Capital IQ,integrada,Millones de pesos 2018,KTA,606585.5187808756
2021,YPF,S&P Capital IQ,integrada,Millones de pesos 2018,activo,738502.3949953391
2021,YPF,S&P Capital IQ,integrada,Millones de pesos 2018,activo_corr,144063.50453200992
2021,YPF,S&P Capital IQ,integrada,Millones de pesos 2018,cash_st_inv,35128.84875535762
2021,YPF,S&P Capital IQ,integrada,Millones de pesos 2018,costo_ventas,315402.9271208339
2021,YPF,S&P Capital IQ,integrada,Millones de pesos 2018,deuda_lp,207187.2864823091
2021,YPF,S&P Capital IQ,integrada,Millones de pesos 2018,deuda_neta,216028.0519022079
2021,YPF,S&P Capital IQ,integrada,Millones de pesos 2018,deuda_total,251156.90065756557
2021,YPF,S&P Capital IQ,integrada,Millones de pesos 2018,ebit,29333.469326599705
2021,YPF,S&P Capital IQ,integrada,Millones de pesos 2018,ebitda,113538.57737446061
2021,YPF,S&P Capital IQ,integrada,Millones de pesos 2018,ebt,19651.947486054185
2021,YPF,S&P Capital IQ,integrada,Millones de pesos 2018,ganancia_bruta,91111.91740865346
2021,YPF,S&P Capital IQ,integrada,Millones de pesos 2018,impuesto_ganancias,19901.60981162661
2021,YPF,S&P Capital IQ,integrada,Millones de pesos 2018,inventarios,47561.59998562699
2021,YPF,S&P Capital IQ,integrada,Millones de pesos 2018,pasivo,476444.0877678221
2021,YPF,S&P Capital IQ,integrada,Millones de pesos 2018,patrimonio_neto,259516.5717198947
2021,YPF,S&P Capital IQ,integrada,Millones de pesos 2018,patrimonio_neto_total,262058.30722751693
2021,YPF,S&P Capital IQ,integrada,Millones de pesos 2018,ppye,2096541.2329225966
2021,YPF,S&P Capital IQ,integrada,Millones de pesos 2018,ppye_neta,523895.070039891
2021,YPF,S&P Capital IQ,integrada,Millones de pesos 2018,utilidad_neta,79.40992286152616
2021,YPF,S&P Capital IQ,integrada,Millones de pesos 2018,utilidad_neta_empresa,-250.6692794253359
2021,YPF,S&P Capital IQ,integrada,Millones de pesos 2018,utilidad_operativa,29333.469326599705
2021,YPF,S&P Capital IQ,integrada,Millones de pesos 2018,ventas,406514.8445294873
2021,YPF,S&P Capital IQ,integrada,Millones de pesos 2018,ventas_raw,406514.8445294873
2022,YPF,S&P Capital IQ,integrada,Millones de pesos 2018,KTA,662928.8432982789
2022,YPF,S&P Capital IQ,integrada,Millones de pesos 2018,activo,822686.6072733181
2022,YPF,S&P Capital IQ,integrada,Millones de pesos 2018,activo_corr,163296.01860425418
2022,YPF,S&P Capital IQ,integrada,Millones de pesos 2018,cash_st_inv,34671.23751426021
2022,YPF,S&P Capital IQ,integrada,Millones de pesos 2018,costo_ventas,336322.1029589949
2022,YPF,S&P Capital IQ,integrada,Millones de pesos 2018,deuda_lp,188844.86000459653
2022,YPF,S&P Capital IQ,integrada,Millones de pesos 2018,deuda_neta,208340.85280014432
2022,YPF,S&P Capital IQ,integrada,Millones de pesos 2018,deuda_total,243012.09031440454
2022,YPF,S&P Capital IQ,integrada,Millones de pesos 2018,ebit,51522.63914139513
2022,YPF,S&P Capital IQ,integrada,Millones de pesos 2018,ebitda,113252.65786406635
2022,YPF,S&P Capital IQ,integrada,Millones de pesos 2018,ebt,71574.84061579689
2022,YPF,S&P Capital IQ,integrada,Millones de pesos 2018,ganancia_bruta,116689.60433610775
2022,YPF,S&P Capital IQ,integrada,Millones de pesos 2018,impuesto_ganancias,19528.626573610814
2022,YPF,S&P Capital IQ,integrada,Millones de pesos 2018,inventarios,55184.435930420026
2022,YPF,S&P Capital IQ,integrada,Millones de pesos 2018,pasivo,487687.6067776575
2022,YPF,S&P Capital IQ,integrada,Millones de pesos 2018,patrimonio_neto,331901.6604832418
2022,YPF,S&P Capital IQ,integrada,Millones de pesos 2018,patrimonio_neto_total,334999.0004956605
2022,YPF,S&P Capital IQ,integrada,Millones de pesos 2018,ppye,2241246.0989584792
2022,YPF,S&P Capital IQ,integrada,Millones de pesos 2018,ppye_neta,573073.1698535986
2022,YPF,S&P Capital IQ,integrada,Millones de pesos 2018,utilidad_neta,51829.79112942762
2022,YPF,S&P Capital IQ,integrada,Millones de pesos 2018,utilidad_neta_empresa,52046.214042186075
2022,YPF,S&P Capital IQ,integrada,Millones de pesos 2018,utilidad_operativa,51522.63914139513
2022,YPF,S&P Capital IQ,integrada,Millones de pesos 2018,ventas,453011.70729510265
2022,YPF,S&P Capital IQ,integrada,Millones de pesos 2018,ventas_raw,453011.70729510265
2023,YPF,S&P Capital IQ,integrada,Millones de pesos 2018,KTA,1327958.8553466653
2023,YPF,S&P Capital IQ,integrada,Millones de pesos 2018,activo,1552616.2653954637
2023,YPF,S&P Capital IQ,integrada,Millones de pesos 2018,activo_corr,274963.26951347204
2023,YPF,S&P Capital IQ,integrada,Millones de pesos 2018,cash_st_inv,85971.31761643702
2023,YPF,S&P Capital IQ,integrada,Millones de pesos 2018,costo_ventas,347000.8593958257
2023,YPF,S&P Capital IQ,integrada,Millones de pesos 2018,deuda_lp,414387.0077326285
2023,YPF,S&P Capital IQ,integrada,Millones de pesos 2018,deuda_neta,463202.74277969747
2023,YPF,S&P Capital IQ,integrada,Millones de pesos 2018,deuda_total,549174.0603961344
2023,YPF,S&P Capital IQ,integrada,Millones de pesos 2018,ebit,12110.210169665079
2023,YPF,S&P Capital IQ,integrada,Millones de pesos 2018,ebitda,83015.04726481596
2023,YPF,S&P Capital IQ,integrada,Millones de pesos 2018,ebt,-111215.72947288046
2023,YPF,S&P Capital IQ,integrada,Millones de pesos 2018,ganancia_bruta,74508.91077422512
2023,YPF,S&P Capital IQ,integrada,Millones de pesos 2018,impuesto_ganancias,6582.1705990897335
2023,YPF,S&P Capital IQ,integrada,Millones de pesos 2018,inventarios,104346.06033176153
2023,YPF,S&P Capital IQ,integrada,Millones de pesos 2018,pasivo,991288.034276419
2023,YPF,S&P Capital IQ,integrada,Millones de pesos 2018,patrimonio_neto,555001.9847197911
2023,YPF,S&P Capital IQ,integrada,Millones de pesos 2018,patrimonio_neto_total,561328.2311190447
2023,YPF,S&P Capital IQ,integrada,Millones de pesos 2018,ppye,4589494.900845284
2023,YPF,S&P Capital IQ,integrada,Millones de pesos 2018,ppye_neta,1137641.4773984666
2023,YPF,S&P Capital IQ,integrada,Millones de pesos 2018,utilidad_neta,-119983.00106828993
2023,YPF,S&P Capital IQ,integrada,Millones de pesos 2018,utilidad_neta_empresa,-117795.84330671362
2023,YPF,S&P Capital IQ,integrada,Millones de pesos 2018,utilidad_operativa,12110.210169665079
2023,YPF,S&P Capital IQ,integrada,Millones de pesos 2018,ventas,421509.77017005085
2023,YPF,S&P Capital IQ,integrada,Millones de pesos 2018,ventas_raw,421509.77017005085
2024,YPF,S&P Capital IQ,integrada,Millones de pesos 2018,KTA,558208.4037802176
2024,YPF,S&P Capital IQ,integrada,Millones de pesos 2018,activo,728119.2104658636
2024,YPF,S&P Capital IQ,integrada,Millones de pesos 2018,activo_corr,168286.22751353774
2024,YPF,S&P Capital IQ,integrada,Millones de pesos 2018,cash_st_inv,37340.77569405096
2024,YPF,S&P Capital IQ,integrada,Millones de pesos 2018,costo_ventas,310871.97649621934
2024,YPF,S&P Capital IQ,integrada,Millones de pesos 2018,deuda_lp,174286.16234398625
2024,YPF,S&P Capital IQ,integrada,Millones de pesos 2018,deuda_neta,203403.50515901778
2024,YPF,S&P Capital IQ,integrada,Millones de pesos 2018,deuda_total,240744.28085306878
2024,YPF,S&P Capital IQ,integrada,Millones de pesos 2018,ebit,44983.80081670053
2024,YPF,S&P Capital IQ,integrada,Millones de pesos 2018,ebitda,100330.67959101178
2024,YPF,S&P Capital IQ,integrada,Millones de pesos 2018,ebt,19974.099590716694
2024,YPF,S&P Capital IQ,integrada,Millones de pesos 2018,ganancia_bruta,119332.0078006346
2024,YPF,S&P Capital IQ,integrada,Millones de pesos 2018,impuesto_ganancias,-31058.924667033385
2024,YPF,S&P Capital IQ,integrada,Millones de pesos 2018,inventarios,38312.39313519099
2024,YPF,S&P Capital IQ,integrada,Millones de pesos 2018,pasivo,434057.8071768865
2024,YPF,S&P Capital IQ,integrada,Millones de pesos 2018,patrimonio_neto,288667.62350011856
2024,YPF,S&P Capital IQ,integrada,Millones de pesos 2018,patrimonio_neto_total,294061.403288977
2024,YPF,S&P Capital IQ,integrada,Millones de pesos 2018,ppye,1330466.5146528236
2024,YPF,S&P Capital IQ,integrada,Millones de pesos 2018,ppye_neta,482555.2349509757
2024,YPF,S&P Capital IQ,integrada,Millones de pesos 2018,utilidad_neta,49943.530900002166
2024,YPF,S&P Capital IQ,integrada,Millones de pesos 2018,utilidad_neta_empresa,51033.35506516451
2024,YPF,S&P Capital IQ,integrada,Millones de pesos 2018,utilidad_operativa,44983.80081670053
2024,YPF,S&P Capital IQ,integrada,Millones de pesos 2018,ventas,430203.98429685395
2024,YPF,S&P Capital IQ,integrada,Millones de pesos 2018,ventas_raw,430203.98429685395
