anio,sector,variable,unidad,fuente,valor
1992,integrada,KTA,Millones de pesos 2018,S&P Capital IQ,36607.96444122203
1992,integrada,activo,Millones de pesos 2018,S&P Capital IQ,59600.16769668327
1992,integrada,activo_corr,Millones de pesos 2018,S&P Capital IQ,24166.763598268564
1992,integrada,cash_st_inv,Millones de pesos 2018,S&P Capital IQ,8162.3494409045015
1992,integrada,costo_ventas,Millones de pesos 2018,S&P Capital IQ,15013.239696781786
1992,integrada,depreciacion,Millones de pesos 2018,S&P Capital IQ,4147.382148491085
1992,integrada,deuda_lp,Millones de pesos 2018,S&P Capital IQ,4375.699402059692
1992,integrada,deuda_neta,Millones de pesos 2018,S&P Capital IQ,1782.003200197471
1992,integrada,deuda_total,Millones de pesos 2018,S&P Capital IQ,9944.352641101972
1992,integrada,ebit,Millones de pesos 2018,S&P Capital IQ,4858.719269829752
1992,integrada,ebitda,Millones de pesos 2018,S&P Capital IQ,9006.101418320835
1992,integrada,ebt,Millones de pesos 2018,S&P Capital IQ,5429.527655404816
1992,integrada,ganancia_bruta,Millones de pesos 2018,S&P Capital IQ,12925.8068826922
1992,integrada,impuesto_ganancias,Millones de pesos 2018,S&P Capital IQ,1571.0728316701598
1992,integrada,inventarios,Millones de pesos 2018,S&P Capital IQ,5367.971981697208
1992,integrada,pasivo,Millones de pesos 2018,S&P Capital IQ,26901.72061526455
1992,integrada,patrimonio_neto,Millones de pesos 2018,S&P Capital IQ,29422.025860268244
1992,integrada,patrimonio_neto_total,Millones de pesos 2018,S&P Capital IQ,32698.447081418723
1992,integrada,ppye_neta,Millones de pesos 2018,S&P Capital IQ,23077.643018620314
1992,integrada,utilidad_neta,Millones de pesos 2018,S&P Capital IQ,3186.466968542081
1992,integrada,utilidad_neta_empresa,Millones de pesos 2018,S&P Capital IQ,3658.200612688844
1992,integrada,utilidad_operativa,Millones de pesos 2018,S&P Capital IQ,4858.719269829752
1992,integrada,ventas,Millones de pesos 2018,S&P Capital IQ,27939.046579473987
1992,integrada,ventas_raw,Millones de pesos 2018,S&P Capital IQ,27939.046579473987
1993,integrada,KTA,Millones de pesos 2018,S&P Capital IQ,30427.629164620637
1993,integrada,activo,Millones de pesos 2018,S&P Capital IQ,63554.21640077063
1993,integrada,activo_corr,Millones de pesos 2018,S&P Capital IQ,20435.141596820573
1993,integrada,cash_st_inv,Millones de pesos 2018,S&P Capital IQ,6086.623396337297
1993,integrada,costo_ventas,Millones de pesos 2018,S&P Capital IQ,17669.25421866404
1993,integrada,depreciacion,Millones de pesos 2018,S&P Capital IQ,3142.7266756680187
1993,integrada,deuda_lp,Millones de pesos 2018,S&P Capital IQ,12177.300607291072
1993,integrada,deuda_neta,Millones de pesos 2018,S&P Capital IQ,13543.353402134013
1993,integrada,deuda_total,Millones de pesos 2018,S&P Capital IQ,19629.976798471303
1993,integrada,ebit,Millones de pesos 2018,S&P Capital IQ,3283.9483399604655
1993,integrada,ebitda,Millones de pesos 2018,S&P Capital IQ,6426.675015628483
1993,integrada,ebt,Millones de pesos 2018,S&P Capital IQ,5070.467199139853
1993,integrada,ganancia_bruta,Millones de pesos 2018,S&P Capital IQ,7632.864114337208
1993,integrada,impuesto_ganancias,Millones de pesos 2018,S&P Capital IQ,1019.2448178576188
1993,integrada,inventarios,Millones de pesos 2018,S&P Capital IQ,5070.936007632915
1993,integrada,pasivo,Millones de pesos 2018,S&P Capital IQ,31328.761819196756
1993,integrada,patrimonio_neto,Millones de pesos 2018,S&P Capital IQ,29359.876456216167
1993,integrada,patrimonio_neto_total,Millones de pesos 2018,S&P Capital IQ,32225.45458157388
1993,integrada,ppye_neta,Millones de pesos 2018,S&P Capital IQ,19270.069760650425
1993,integrada,utilidad_neta,Millones de pesos 2018,S&P Capital IQ,4412.425536701581
1993,integrada,utilidad_neta_empresa,Millones de pesos 2018,S&P Capital IQ,4795.497229473773
1993,integrada,utilidad_operativa,Millones de pesos 2018,S&P Capital IQ,3283.9483399604655
1993,integrada,ventas,Millones de pesos 2018,S&P Capital IQ,25302.118333001243
1993,integrada,ventas_raw,Millones de pesos 2018,S&P Capital IQ,25302.118333001243
1994,integrada,KTA,Millones de pesos 2018,S&P Capital IQ,31019.813068245
1994,integrada,activo,Millones de pesos 2018,S&P Capital IQ,63161.21042341616
1994,integrada,activo_corr,Millones de pesos 2018,S&P Capital IQ,17879.673570382754
1994,integrada,cash_st_inv,Millones de pesos 2018,S&P Capital IQ,4890.711034112091
1994,integrada,costo_ventas,Millones de pesos 2018,S&P Capital IQ,20518.162883931916
1994,integrada,depreciacion,Millones de pesos 2018,S&P Capital IQ,3502.455987060983
1994,integrada,deuda_lp,Millones de pesos 2018,S&P Capital IQ,11647.482080557731
1994,integrada,deuda_neta,Millones de pesos 2018,S&P Capital IQ,12962.332519923066
1994,integrada,deuda_total,Millones de pesos 2018,S&P Capital IQ,17853.043554035157
1994,integrada,ebit,Millones de pesos 2018,S&P Capital IQ,3782.150572278395
1994,integrada,ebitda,Millones de pesos 2018,S&P Capital IQ,7284.60655933938
1994,integrada,ebt,Millones de pesos 2018,S&P Capital IQ,6498.676951625486
1994,integrada,ganancia_bruta,Millones de pesos 2018,S&P Capital IQ,7819.324581428319
1994,integrada,impuesto_ganancias,Millones de pesos 2018,S&P Capital IQ,1011.3053126676173
1994,integrada,inventarios,Millones de pesos 2018,S&P Capital IQ,4116.984644625079
1994,integrada,pasivo,Millones de pesos 2018,S&P Capital IQ,28463.172671740344
1994,integrada,patrimonio_neto,Millones de pesos 2018,S&P Capital IQ,31700.890295488873
1994,integrada,patrimonio_neto_total,Millones de pesos 2018,S&P Capital IQ,34698.037751675816
1994,integrada,ppye_neta,Millones de pesos 2018,S&P Capital IQ,22012.117389507832
1994,integrada,utilidad_neta,Millones de pesos 2018,S&P Capital IQ,4778.7379037439605
1994,integrada,utilidad_neta_empresa,Millones de pesos 2018,S&P Capital IQ,5105.339436245611
1994,integrada,utilidad_operativa,Millones de pesos 2018,S&P Capital IQ,3782.150572278395
1994,integrada,ventas,Millones de pesos 2018,S&P Capital IQ,28337.487465360235
1994,integrada,ventas_raw,Millones de pesos 2018,S&P Capital IQ,28337.487465360235
1995,integrada,KTA,Millones de pesos 2018,S&P Capital IQ,285770.55480949214
1995,integrada,activo,Millones de pesos 2018,S&P Capital IQ,368480.1329487985
1995,integrada,activo_corr,Millones de pesos 2018,S&P Capital IQ,57743.064614283576
1995,integrada,cash_st_inv,Millones de pesos 2018,S&P Capital IQ,11804.679728241565
1995,integrada,costo_ventas,Millones de pesos 2018,S&P Capital IQ,104884.96348563438
1995,integrada,deuda_lp,Millones de pesos 2018,S&P Capital IQ,82248.65788961368
1995,integrada,deuda_neta,Millones de pesos 2018,S&P Capital IQ,109135.67245502288
1995,integrada,deuda_total,Millones de pesos 2018,S&P Capital IQ,120940.35218326445
1995,integrada,ebit,Millones de pesos 2018,S&P Capital IQ,30651.196604566496
1995,integrada,ebitda,Millones de pesos 2018,S&P Capital IQ,58792.938516361464
1995,integrada,ebt,Millones de pesos 2018,S&P Capital IQ,30651.196604566492
1995,integrada,ganancia_bruta,Millones de pesos 2018,S&P Capital IQ,52672.941867663554
1995,integrada,impuesto_ganancias,Millones de pesos 2018,S&P Capital IQ,2765.521498156375
1995,integrada,inventarios,Millones de pesos 2018,S&P Capital IQ,10831.625867779136
1995,integrada,pasivo,Millones de pesos 2018,S&P Capital IQ,169490.61848423193
1995,integrada,patrimonio_neto,Millones de pesos 2018,S&P Capital IQ,189054.12241563443
1995,integrada,patrimonio_neto_total,Millones de pesos 2018,S&P Capital IQ,198989.5144645666
1995,integrada,ppye,Millones de pesos 2018,S&P Capital IQ,486808.6037171375
1995,integrada,ppye_neta,Millones de pesos 2018,S&P Capital IQ,263134.24921347137
1995,integrada,utilidad_neta,Millones de pesos 2018,S&P Capital IQ,27501.574898332845
1995,integrada,utilidad_neta_empresa,Millones de pesos 2018,S&P Capital IQ,27885.67510641012
1995,integrada,utilidad_operativa,Millones de pesos 2018,S&P Capital IQ,30651.196604566496
1995,integrada,ventas,Millones de pesos 2018,S&P Capital IQ,157557.90535329792
1995,integrada,ventas_raw,Millones de pesos 2018,S&P Capital IQ,157557.90535329792
1996,holding,KTA,Millones de pesos 2018,S&P Capital IQ,10505.864583345949
1996,holding,activo,Millones de pesos 2018,S&P Capital IQ,33167.245384093454
1996,holding,activo_corr,Millones de pesos 2018,S&P Capital IQ,8173.935257515183
1996,holding,cash_st_inv,Millones de pesos 2018,S&P Capital IQ,675.3490679847347
1996,holding,costo_ventas,Millones de pesos 2018,S&P Capital IQ,7867.490664334601
1996,holding,deuda_lp,Millones de pesos 2018,S&P Capital IQ,14590.786861907107
1996,holding,deuda_neta,Millones de pesos 2018,S&P Capital IQ,18282.848501488388
1996,holding,deuda_total,Millones de pesos 2018,S&P Capital IQ,18958.197569473123
1996,holding,ebit,Millones de pesos 2018,S&P Capital IQ,1275.6849175152875
1996,holding,ebitda,Millones de pesos 2018,S&P Capital IQ,1776.4122124795513
1996,holding,ebt,Millones de pesos 2018,S&P Capital IQ,1422.7967303937342
1996,holding,ganancia_bruta,Millones de pesos 2018,S&P Capital IQ,3036.9871054186897
1996,holding,impuesto_ganancias,Millones de pesos 2018,S&P Capital IQ,189.16932629260086
1996,holding,inventarios,Millones de pesos 2018,S&P Capital IQ,1950.4715141960032
1996,holding,pasivo,Millones de pesos 2018,S&P Capital IQ,22103.025763998747
1996,holding,patrimonio_neto,Millones de pesos 2018,S&P Capital IQ,9366.578957055292
1996,holding,patrimonio_neto_total,Millones de pesos 2018,S&P Capital IQ,11064.219620094711
1996,holding,ppye_neta,Millones de pesos 2018,S&P Capital IQ,7880.044001165211
1996,holding,utilidad_neta,Millones de pesos 2018,S&P Capital IQ,929.228161116986
1996,holding,utilidad_neta_empresa,Millones de pesos 2018,S&P Capital IQ,1233.6274041011332
1996,holding,utilidad_operativa,Millones de pesos 2018,S&P Capital IQ,1275.6849175152875
1996,holding,ventas,Millones de pesos 2018,S&P Capital IQ,10904.477769753292
1996,holding,ventas_raw,Millones de pesos 2018,S&P Capital IQ,10904.477769753292
1996,integrada,KTA,Millones de pesos 2018,S&P Capital IQ,304578.2111263352
1996,integrada,activo,Millones de pesos 2018,S&P Capital IQ,397897.31383859273
1996,integrada,activo_corr,Millones de pesos 2018,S&P Capital IQ,57627.741784500926
1996,integrada,cash_st_inv,Millones de pesos 2018,S&P Capital IQ,7670.063236623903
1996,integrada,costo_ventas,Millones de pesos 2018,S&P Capital IQ,113440.23526966752
1996,integrada,deuda_lp,Millones de pesos 2018,S&P Capital IQ,86697.28145130552
1996,integrada,deuda_neta,Millones de pesos 2018,S&P Capital IQ,111062.51566631414
1996,integrada,deuda_total,Millones de pesos 2018,S&P Capital IQ,118732.57890293802
1996,integrada,ebit,Millones de pesos 2018,S&P Capital IQ,45534.60874809057
1996,integrada,ebitda,Millones de pesos 2018,S&P Capital IQ,76496.09734659574
1996,integrada,ebt,Millones de pesos 2018,S&P Capital IQ,42466.58345344101
1996,integrada,ganancia_bruta,Millones de pesos 2018,S&P Capital IQ,67931.19339903237
1996,integrada,impuesto_ganancias,Millones de pesos 2018,S&P Capital IQ,11019.324183283008
1996,integrada,inventarios,Millones de pesos 2018,S&P Capital IQ,10507.986634174747
1996,integrada,pasivo,Millones de pesos 2018,S&P Capital IQ,183979.25016915202
1996,integrada,patrimonio_neto,Millones de pesos 2018,S&P Capital IQ,209443.86011474338
1996,integrada,patrimonio_neto_total,Millones de pesos 2018,S&P Capital IQ,213918.06366944066
1996,integrada,ppye_neta,Millones de pesos 2018,S&P Capital IQ,286400.16125553654
1996,integrada,utilidad_neta,Millones de pesos 2018,S&P Capital IQ,49727.576650778305
1996,integrada,utilidad_neta_empresa,Millones de pesos 2018,S&P Capital IQ,31447.259270158
1996,integrada,utilidad_operativa,Millones de pesos 2018,S&P Capital IQ,45534.60874809057
1996,integrada,ventas,Millones de pesos 2018,S&P Capital IQ,181371.4286686999
1996,integrada,ventas_raw,Millones de pesos 2018,S&P Capital IQ,181371.4286686999
1996,produccion,activo,Millones de pesos 2018,S&P Capital IQ,8312.700712098725
1996,produccion,activo_corr,Millones de pesos 2018,S&P Capital IQ,806.8802467708938
1996,produccion,deuda_lp,Millones de pesos 2018,S&P Capital IQ,1608.7256083570057
1996,produccion,deuda_neta,Millones de pesos 2018,S&P Capital IQ,1669.1788736018873
1996,produccion,deuda_total,Millones de pesos 2018,S&P Capital IQ,1992.9596249700305
1996,produccion,ebit,Millones de pesos 2018,S&P Capital IQ,743.1423280686644
1996,produccion,ebitda,Millones de pesos 2018,S&P Capital IQ,981.3099869617122
1996,produccion,ebt,Millones de pesos 2018,S&P Capital IQ,717.8137850389724
1996,produccion,inventarios,Millones de pesos 2018,S&P Capital IQ,13.28229965002892
1996,produccion,pasivo,Millones de pesos 2018,S&P Capital IQ,2651.091880958152
1996,produccion,patrimonio_neto,Millones de pesos 2018,S&P Capital IQ,5661.608831140572
1996,produccion,patrimonio_neto_total,Millones de pesos 2018,S&P Capital IQ,5661.608831140572
1996,produccion,ppye,Millones de pesos 2018,S&P Capital IQ,6336.555271940708
1996,produccion,ppye_neta,Millones de pesos 2018,S&P Capital IQ,5937.114178919938
1996,produccion,utilidad_neta,Millones de pesos 2018,S&P Capital IQ,717.8137850389724
1996,produccion,utilidad_neta_empresa,Millones de pesos 2018,S&P Capital IQ,717.8137850389724
1996,produccion,utilidad_operativa,Millones de pesos 2018,S&P Capital IQ,743.1423280686644
1996,produccion,ventas,Millones de pesos 2018,S&P Capital IQ,1762.8910926315966
1996,produccion,ventas_raw,Millones de pesos 2018,S&P Capital IQ,1762.8910926315966
1996,transporte,activo,Millones de pesos 2018,S&P Capital IQ,65117.66780789841
1996,transporte,activo_corr,Millones de pesos 2018,S&P Capital IQ,4649.053742200935
1996,transporte,cash_st_inv,Millones de pesos 2018,S&P Capital IQ,1215.8768579882665
1996,transporte,costo_ventas,Millones de pesos 2018,S&P Capital IQ,1480.5598487943614
1996,transporte,deuda_lp,Millones de pesos 2018,S&P Capital IQ,17915.02489199554
1996,transporte,deuda_neta,Millones de pesos 2018,S&P Capital IQ,20809.031740798822
1996,transporte,deuda_total,Millones de pesos 2018,S&P Capital IQ,23378.64919317375
1996,transporte,ebit,Millones de pesos 2018,S&P Capital IQ,9372.590420250746
1996,transporte,ebitda,Millones de pesos 2018,S&P Capital IQ,11074.473241865086
1996,transporte,ebt,Millones de pesos 2018,S&P Capital IQ,7786.728631217061
1996,transporte,ganancia_bruta,Millones de pesos 2018,S&P Capital IQ,2687.5568189048136
1996,transporte,impuesto_ganancias,Millones de pesos 2018,S&P Capital IQ,2453.8068351957386
1996,transporte,inventarios,Millones de pesos 2018,S&P Capital IQ,48.01459586126563
1996,transporte,pasivo,Millones de pesos 2018,S&P Capital IQ,25983.861363679658
1996,transporte,patrimonio_neto,Millones de pesos 2018,S&P Capital IQ,39133.80644421875
1996,transporte,patrimonio_neto_total,Millones de pesos 2018,S&P Capital IQ,39133.80644421875
1996,transporte,ppye,Millones de pesos 2018,S&P Capital IQ,64066.303784119766
1996,transporte,ppye_neta,Millones de pesos 2018,S&P Capital IQ,59245.11712771801
1996,transporte,utilidad_neta,Millones de pesos 2018,S&P Capital IQ,6434.4982722816885
1996,transporte,utilidad_neta_empresa,Millones de pesos 2018,S&P Capital IQ,5332.921796021323
1996,transporte,utilidad_operativa,Millones de pesos 2018,S&P Capital IQ,9372.590420250746
1996,transporte,ventas,Millones de pesos 2018,S&P Capital IQ,14450.884678369188
1996,transporte,ventas_raw,Millones de pesos 2018,S&P Capital IQ,14450.884678369188
1997,holding,KTA,Millones de pesos 2018,S&P Capital IQ,13782.11990019992
1997,holding,activo,Millones de pesos 2018,S&P Capital IQ,35986.141995984355
1997,holding,activo_corr,Millones de pesos 2018,S&P Capital IQ,9250.338550685472
1997,holding,cash_st_inv,Millones de pesos 2018,S&P Capital IQ,1829.304664754138
1997,holding,costo_ventas,Millones de pesos 2018,S&P Capital IQ,5868.739375894442
1997,holding,deuda_lp,Millones de pesos 2018,S&P Capital IQ,6241.095754448904
1997,holding,deuda_neta,Millones de pesos 2018,S&P Capital IQ,18536.96919564027
1997,holding,deuda_total,Millones de pesos 2018,S&P Capital IQ,20366.27386039441
1997,holding,ebit,Millones de pesos 2018,S&P Capital IQ,959.5914568156822
1997,holding,ebitda,Millones de pesos 2018,S&P Capital IQ,1382.5075294187932
1997,holding,ebt,Millones de pesos 2018,S&P Capital IQ,2878.265721613559
1997,holding,ganancia_bruta,Millones de pesos 2018,S&P Capital IQ,2149.804294734558
1997,holding,impuesto_ganancias,Millones de pesos 2018,S&P Capital IQ,162.20811299913655
1997,holding,inventarios,Millones de pesos 2018,S&P Capital IQ,1855.4746472370655
1997,holding,pasivo,Millones de pesos 2018,S&P Capital IQ,23862.344455161783
1997,holding,patrimonio_neto,Millones de pesos 2018,S&P Capital IQ,10846.504022610654
1997,holding,patrimonio_neto_total,Millones de pesos 2018,S&P Capital IQ,12123.797540822576
1997,holding,ppye_neta,Millones de pesos 2018,S&P Capital IQ,10097.340588208715
1997,holding,utilidad_neta,Millones de pesos 2018,S&P Capital IQ,2507.8676410680237
1997,holding,utilidad_neta_empresa,Millones de pesos 2018,S&P Capital IQ,2716.0576086144224
1997,holding,utilidad_operativa,Millones de pesos 2018,S&P Capital IQ,959.5914568156822
1997,holding,ventas,Millones de pesos 2018,S&P Capital IQ,8018.543670629
1997,holding,ventas_raw,Millones de pesos 2018,S&P Capital IQ,8018.543670629
1997,integrada,KTA,Millones de pesos 2018,S&P Capital IQ,338048.0147357358
1997,integrada,activo,Millones de pesos 2018,S&P Capital IQ,437692.3212159203
1997,integrada,activo_corr,Millones de pesos 2018,S&P Capital IQ,64801.86138629663
1997,integrada,cash_st_inv,Millones de pesos 2018,S&P Capital IQ,13555.491412439602
1997,integrada,costo_ventas,Millones de pesos 2018,S&P Capital IQ,119430.74610284498
1997,integrada,deuda_lp,Millones de pesos 2018,S&P Capital IQ,90361.46526903921
1997,integrada,deuda_neta,Millones de pesos 2018,S&P Capital IQ,124924.15350450904
1997,integrada,deuda_total,Millones de pesos 2018,S&P Capital IQ,138479.64491694863
1997,integrada,ebit,Millones de pesos 2018,S&P Capital IQ,47914.720114514465
1997,integrada,ebitda,Millones de pesos 2018,S&P Capital IQ,80341.08324933716
1997,integrada,ebt,Millones de pesos 2018,S&P Capital IQ,45498.63815544924
1997,integrada,ganancia_bruta,Millones de pesos 2018,S&P Capital IQ,71668.62063837673
1997,integrada,impuesto_ganancias,Millones de pesos 2018,S&P Capital IQ,13199.437228998411
1997,integrada,inventarios,Millones de pesos 2018,S&P Capital IQ,11724.355611884908
1997,integrada,pasivo,Millones de pesos 2018,S&P Capital IQ,201526.6678277137
1997,integrada,patrimonio_neto,Millones de pesos 2018,S&P Capital IQ,231562.38144514553
1997,integrada,patrimonio_neto_total,Millones de pesos 2018,S&P Capital IQ,236165.6533882066
1997,integrada,ppye_neta,Millones de pesos 2018,S&P Capital IQ,312768.16771141125
1997,integrada,utilidad_neta,Millones de pesos 2018,S&P Capital IQ,54323.695416455885
1997,integrada,utilidad_neta_empresa,Millones de pesos 2018,S&P Capital IQ,32299.20092645083
1997,integrada,utilidad_operativa,Millones de pesos 2018,S&P Capital IQ,47914.720114514465
1997,integrada,ventas,Millones de pesos 2018,S&P Capital IQ,191099.3667412217
1997,integrada,ventas_raw,Millones de pesos 2018,S&P Capital IQ,191099.3667412217
1997,produccion,activo,Millones de pesos 2018,S&P Capital IQ,8512.61460310569
1997,produccion,activo_corr,Millones de pesos 2018,S&P Capital IQ,794.2818066914589
1997,produccion,deuda_lp,Millones de pesos 2018,S&P Capital IQ,2096.097895541855
1997,produccion,deuda_neta,Millones de pesos 2018,S&P Capital IQ,1751.5328939400274
1997,produccion,deuda_total,Millones de pesos 2018,S&P Capital IQ,2136.4152840768784
1997,produccion,ebit,Millones de pesos 2018,S&P Capital IQ,647.1798010768402
1997,produccion,ebitda,Millones de pesos 2018,S&P Capital IQ,1029.4196842621836
1997,produccion,ebt,Millones de pesos 2018,S&P Capital IQ,664.912393006175
1997,produccion,inventarios,Millones de pesos 2018,S&P Capital IQ,11.002888103061668
1997,produccion,pasivo,Millones de pesos 2018,S&P Capital IQ,2644.0530763014485
1997,produccion,patrimonio_neto,Millones de pesos 2018,S&P Capital IQ,5868.561526839708
1997,produccion,patrimonio_neto_total,Millones de pesos 2018,S&P Capital IQ,5868.561526839708
1997,produccion,ppye,Millones de pesos 2018,S&P Capital IQ,6694.630070738373
1997,produccion,ppye_neta,Millones de pesos 2018,S&P Capital IQ,5976.85065086537
1997,produccion,utilidad_neta,Millones de pesos 2018,S&P Capital IQ,664.912393006175
1997,produccion,utilidad_neta_empresa,Millones de pesos 2018,S&P Capital IQ,664.912393006175
1997,produccion,utilidad_operativa,Millones de pesos 2018,S&P Capital IQ,647.1798010768402
1997,produccion,ventas,Millones de pesos 2018,S&P Capital IQ,2068.2230238884886
1997,produccion,ventas_raw,Millones de pesos 2018,S&P Capital IQ,2068.2230238884886
1997,transporte,activo,Millones de pesos 2018,S&P Capital IQ,71294.04693239488
1997,transporte,activo_corr,Millones de pesos 2018,S&P Capital IQ,4421.0226845359375
1997,transporte,cash_st_inv,Millones de pesos 2018,S&P Capital IQ,50.80994927472483
1997,transporte,costo_ventas,Millones de pesos 2018,S&P Capital IQ,1585.7023873932537
1997,transporte,depreciacion,Millones de pesos 2018,S&P Capital IQ,1178.5902120736887
1997,transporte,deuda_lp,Millones de pesos 2018,S&P Capital IQ,20269.335947195003
1997,transporte,deuda_neta,Millones de pesos 2018,S&P Capital IQ,26482.478625242748
1997,transporte,deuda_total,Millones de pesos 2018,S&P Capital IQ,28585.3814283391
1997,transporte,ebit,Millones de pesos 2018,S&P Capital IQ,10001.789836675554
1997,transporte,ebitda,Millones de pesos 2018,S&P Capital IQ,11675.79892607765
1997,transporte,ebt,Millones de pesos 2018,S&P Capital IQ,8107.663498663055
1997,transporte,ganancia_bruta,Millones de pesos 2018,S&P Capital IQ,3045.60589788305
1997,transporte,impuesto_ganancias,Millones de pesos 2018,S&P Capital IQ,2505.1209373671913
1997,transporte,inventarios,Millones de pesos 2018,S&P Capital IQ,42.3195829461529
1997,transporte,pasivo,Millones de pesos 2018,S&P Capital IQ,31163.5633870939
1997,transporte,patrimonio_neto,Millones de pesos 2018,S&P Capital IQ,40130.48354530099
1997,transporte,patrimonio_neto_total,Millones de pesos 2018,S&P Capital IQ,40130.48354530099
1997,transporte,ppye,Millones de pesos 2018,S&P Capital IQ,72029.26357183678
1997,transporte,ppye_neta,Millones de pesos 2018,S&P Capital IQ,65623.14000958031
1997,transporte,utilidad_neta,Millones de pesos 2018,S&P Capital IQ,6645.521780711264
1997,transporte,utilidad_neta_empresa,Millones de pesos 2018,S&P Capital IQ,5602.542561295863
1997,transporte,utilidad_operativa,Millones de pesos 2018,S&P Capital IQ,10001.789836675554
1997,transporte,ventas,Millones de pesos 2018,S&P Capital IQ,15118.146717728006
1997,transporte,ventas_raw,Millones de pesos 2018,S&P Capital IQ,15118.146717728006
1998,holding,KTA,Millones de pesos 2018,S&P Capital IQ,21122.036424645583
1998,holding,activo,Millones de pesos 2018,S&P Capital IQ,36255.60465028967
1998,holding,activo_corr,Millones de pesos 2018,S&P Capital IQ,11040.979160266897
1998,holding,cash_st_inv,Millones de pesos 2018,S&P Capital IQ,2878.404918432037
1998,holding,costo_ventas,Millones de pesos 2018,S&P Capital IQ,4474.284835125413
1998,holding,deuda_lp,Millones de pesos 2018,S&P Capital IQ,6563.846789525089
1998,holding,deuda_neta,Millones de pesos 2018,S&P Capital IQ,16816.31057835266
1998,holding,deuda_total,Millones de pesos 2018,S&P Capital IQ,19694.7154967847
1998,holding,ebit,Millones de pesos 2018,S&P Capital IQ,-423.1387527632744
1998,holding,ebitda,Millones de pesos 2018,S&P Capital IQ,632.7576931654932
1998,holding,ebt,Millones de pesos 2018,S&P Capital IQ,1858.281583715769
1998,holding,ganancia_bruta,Millones de pesos 2018,S&P Capital IQ,1293.1087624367694
1998,holding,impuesto_ganancias,Millones de pesos 2018,S&P Capital IQ,135.6737323776589
1998,holding,inventarios,Millones de pesos 2018,S&P Capital IQ,1977.852880174163
1998,holding,pasivo,Millones de pesos 2018,S&P Capital IQ,23894.654134956996
1998,holding,patrimonio_neto,Millones de pesos 2018,S&P Capital IQ,10951.445584646946
1998,holding,patrimonio_neto_total,Millones de pesos 2018,S&P Capital IQ,12360.950515332675
1998,holding,ppye_neta,Millones de pesos 2018,S&P Capital IQ,16265.77862603938
1998,holding,utilidad_neta,Millones de pesos 2018,S&P Capital IQ,1565.3130078200293
1998,holding,utilidad_neta_empresa,Millones de pesos 2018,S&P Capital IQ,1722.6078513381103
1998,holding,utilidad_operativa,Millones de pesos 2018,S&P Capital IQ,-423.1387527632744
1998,holding,ventas,Millones de pesos 2018,S&P Capital IQ,5767.393597562183
1998,holding,ventas_raw,Millones de pesos 2018,S&P Capital IQ,5767.393597562183
1998,integrada,KTA,Millones de pesos 2018,S&P Capital IQ,379058.90950798977
1998,integrada,activo,Millones de pesos 2018,S&P Capital IQ,485619.03167999827
1998,integrada,activo_corr,Millones de pesos 2018,S&P Capital IQ,69826.67466148421
1998,integrada,cash_st_inv,Millones de pesos 2018,S&P Capital IQ,14530.755746208648
1998,integrada,costo_ventas,Millones de pesos 2018,S&P Capital IQ,119608.09523676263
1998,integrada,deuda_lp,Millones de pesos 2018,S&P Capital IQ,118746.193555409
1998,integrada,deuda_neta,Millones de pesos 2018,S&P Capital IQ,149878.9684611613
1998,integrada,deuda_total,Millones de pesos 2018,S&P Capital IQ,164409.72420736996
1998,integrada,ebit,Millones de pesos 2018,S&P Capital IQ,34051.28192026435
1998,integrada,ebitda,Millones de pesos 2018,S&P Capital IQ,67696.58466503529
1998,integrada,ebt,Millones de pesos 2018,S&P Capital IQ,26802.194634604963
1998,integrada,ganancia_bruta,Millones de pesos 2018,S&P Capital IQ,57461.42101584655
1998,integrada,impuesto_ganancias,Millones de pesos 2018,S&P Capital IQ,7030.641035172145
1998,integrada,inventarios,Millones de pesos 2018,S&P Capital IQ,10729.232120157678
1998,integrada,pasivo,Millones de pesos 2018,S&P Capital IQ,229398.61817447533
1998,integrada,patrimonio_neto,Millones de pesos 2018,S&P Capital IQ,251911.31093557877
1998,integrada,patrimonio_neto_total,Millones de pesos 2018,S&P Capital IQ,256220.413505523
1998,integrada,ppye,Millones de pesos 2018,S&P Capital IQ,651323.3423443938
1998,integrada,ppye_neta,Millones de pesos 2018,S&P Capital IQ,353798.92164162337
1998,integrada,utilidad_neta,Millones de pesos 2018,S&P Capital IQ,19620.357018031267
1998,integrada,utilidad_neta_empresa,Millones de pesos 2018,S&P Capital IQ,19771.553599432817
1998,integrada,utilidad_operativa,Millones de pesos 2018,S&P Capital IQ,34051.28192026435
1998,integrada,ventas,Millones de pesos 2018,S&P Capital IQ,177069.5162526092
1998,integrada,ventas_raw,Millones de pesos 2018,S&P Capital IQ,177069.5162526092
1998,produccion,activo,Millones de pesos 2018,S&P Capital IQ,10430.011112036009
1998,produccion,activo_corr,Millones de pesos 2018,S&P Capital IQ,1379.223707763097
1998,produccion,deuda_lp,Millones de pesos 2018,S&P Capital IQ,3002.6330695835427
1998,produccion,deuda_neta,Millones de pesos 2018,S&P Capital IQ,3277.8961478178303
1998,produccion,deuda_total,Millones de pesos 2018,S&P Capital IQ,4253.1149294250135
1998,produccion,ebit,Millones de pesos 2018,S&P Capital IQ,427.0256136297218
1998,produccion,ebitda,Millones de pesos 2018,S&P Capital IQ,692.0920448030994
1998,produccion,ebt,Millones de pesos 2018,S&P Capital IQ,365.87088033801217
1998,produccion,inventarios,Millones de pesos 2018,S&P Capital IQ,9.322403205994062
1998,produccion,pasivo,Millones de pesos 2018,S&P Capital IQ,4750.585903066803
1998,produccion,patrimonio_neto,Millones de pesos 2018,S&P Capital IQ,5679.425208969205
1998,produccion,patrimonio_neto_total,Millones de pesos 2018,S&P Capital IQ,5679.425208969205
1998,produccion,ppye,Millones de pesos 2018,S&P Capital IQ,203030.50781628097
1998,produccion,ppye_neta,Millones de pesos 2018,S&P Capital IQ,6820.789856783746
1998,produccion,utilidad_neta,Millones de pesos 2018,S&P Capital IQ,365.87088033801217
1998,produccion,utilidad_neta_empresa,Millones de pesos 2018,S&P Capital IQ,365.87088033801217
1998,produccion,utilidad_operativa,Millones de pesos 2018,S&P Capital IQ,427.0256136297218
1998,produccion,ventas,Millones de pesos 2018,S&P Capital IQ,1675.435223528949
1998,produccion,ventas_raw,Millones de pesos 2018,S&P Capital IQ,1675.435223528949
1998,transporte,activo,Millones de pesos 2018,S&P Capital IQ,77983.53470571873
1998,transporte,activo_corr,Millones de pesos 2018,S&P Capital IQ,3850.000551173699
1998,transporte,cash_st_inv,Millones de pesos 2018,S&P Capital IQ,357.9804347588147
1998,transporte,costo_ventas,Millones de pesos 2018,S&P Capital IQ,1630.2601041473915
1998,transporte,deuda_lp,Millones de pesos 2018,S&P Capital IQ,26994.90689934505
1998,transporte,deuda_neta,Millones de pesos 2018,S&P Capital IQ,32357.67846192851
1998,transporte,deuda_total,Millones de pesos 2018,S&P Capital IQ,34055.41180448647
1998,transporte,ebit,Millones de pesos 2018,S&P Capital IQ,10147.941037717228
1998,transporte,ebitda,Millones de pesos 2018,S&P Capital IQ,11659.517621333343
1998,transporte,ebt,Millones de pesos 2018,S&P Capital IQ,7898.666606462861
1998,transporte,ganancia_bruta,Millones de pesos 2018,S&P Capital IQ,3477.9521816949587
1998,transporte,impuesto_ganancias,Millones de pesos 2018,S&P Capital IQ,2448.1498466236885
1998,transporte,inventarios,Millones de pesos 2018,S&P Capital IQ,32.456866140866396
1998,transporte,pasivo,Millones de pesos 2018,S&P Capital IQ,36777.66842827661
1998,transporte,patrimonio_neto,Millones de pesos 2018,S&P Capital IQ,41205.86627744212
1998,transporte,patrimonio_neto_total,Millones de pesos 2018,S&P Capital IQ,41205.86627744212
1998,transporte,ppye,Millones de pesos 2018,S&P Capital IQ,28447.532792653343
1998,transporte,ppye_neta,Millones de pesos 2018,S&P Capital IQ,72753.4458543408
1998,transporte,utilidad_neta,Millones de pesos 2018,S&P Capital IQ,6174.495382473058
1998,transporte,utilidad_neta_empresa,Millones de pesos 2018,S&P Capital IQ,5450.516759839173
1998,transporte,utilidad_operativa,Millones de pesos 2018,S&P Capital IQ,10147.941037717228
1998,transporte,ventas,Millones de pesos 2018,S&P Capital IQ,15063.524393355407
1998,transporte,ventas_raw,Millones de pesos 2018,S&P Capital IQ,15063.524393355407
1999,holding,KTA,Millones de pesos 2018,S&P Capital IQ,17385.444263232057
1999,holding,activo,Millones de pesos 2018,S&P Capital IQ,29073.249086341966
1999,holding,activo_corr,Millones de pesos 2018,S&P Capital IQ,3772.342963897505
1999,holding,cash_st_inv,Millones de pesos 2018,S&P Capital IQ,1064.1896455438825
1999,holding,costo_ventas,Millones de pesos 2018,S&P Capital IQ,1987.9678583883026
1999,holding,deuda_lp,Millones de pesos 2018,S&P Capital IQ,1141.6492301708968
1999,holding,deuda_neta,Millones de pesos 2018,S&P Capital IQ,18709.370837214185
1999,holding,deuda_total,Millones de pesos 2018,S&P Capital IQ,19773.560482758072
1999,holding,ebit,Millones de pesos 2018,S&P Capital IQ,-1351.2006087680484
1999,holding,ebitda,Millones de pesos 2018,S&P Capital IQ,-147.86723643122036
1999,holding,ebt,Millones de pesos 2018,S&P Capital IQ,-5960.579289244711
1999,holding,ganancia_bruta,Millones de pesos 2018,S&P Capital IQ,774.6723369725379
1999,holding,impuesto_ganancias,Millones de pesos 2018,S&P Capital IQ,0.8159008255643357
1999,holding,inventarios,Millones de pesos 2018,S&P Capital IQ,555.8579343165026
1999,holding,pasivo,Millones de pesos 2018,S&P Capital IQ,24739.413373051408
1999,holding,patrimonio_neto,Millones de pesos 2018,S&P Capital IQ,3848.502206583776
1999,holding,patrimonio_neto_total,Millones de pesos 2018,S&P Capital IQ,4333.835713290562
1999,holding,ppye_neta,Millones de pesos 2018,S&P Capital IQ,15765.396683371671
1999,holding,utilidad_neta,Millones de pesos 2018,S&P Capital IQ,-5996.271380797074
1999,holding,utilidad_neta_empresa,Millones de pesos 2018,S&P Capital IQ,-5960.579289244711
1999,holding,utilidad_operativa,Millones de pesos 2018,S&P Capital IQ,-1351.2006087680484
1999,holding,ventas,Millones de pesos 2018,S&P Capital IQ,2762.6401953608406
1999,holding,ventas_raw,Millones de pesos 2018,S&P Capital IQ,2762.6401953608406
1999,integrada,KTA,Millones de pesos 2018,S&P Capital IQ,362815.1312241489
1999,integrada,activo,Millones de pesos 2018,S&P Capital IQ,488755.3116238087
1999,integrada,activo_corr,Millones de pesos 2018,S&P Capital IQ,91620.00775324671
1999,integrada,cash_st_inv,Millones de pesos 2018,S&P Capital IQ,20062.856121273864
1999,integrada,costo_ventas,Millones de pesos 2018,S&P Capital IQ,138350.92980435808
1999,integrada,deuda_lp,Millones de pesos 2018,S&P Capital IQ,106124.3814960693
1999,integrada,deuda_neta,Millones de pesos 2018,S&P Capital IQ,133232.55368857877
1999,integrada,deuda_total,Millones de pesos 2018,S&P Capital IQ,153295.40980985266
1999,integrada,ebit,Millones de pesos 2018,S&P Capital IQ,47014.4548801086
1999,integrada,ebitda,Millones de pesos 2018,S&P Capital IQ,80608.26778805272
1999,integrada,ebt,Millones de pesos 2018,S&P Capital IQ,33785.53991312944
1999,integrada,ganancia_bruta,Millones de pesos 2018,S&P Capital IQ,73065.12416778706
1999,integrada,impuesto_ganancias,Millones de pesos 2018,S&P Capital IQ,12365.996887459463
1999,integrada,inventarios,Millones de pesos 2018,S&P Capital IQ,11131.530473409566
1999,integrada,pasivo,Millones de pesos 2018,S&P Capital IQ,221640.21955663673
1999,integrada,patrimonio_neto,Millones de pesos 2018,S&P Capital IQ,265151.8307056577
1999,integrada,patrimonio_neto_total,Millones de pesos 2018,S&P Capital IQ,267115.09206717194
1999,integrada,ppye,Millones de pesos 2018,S&P Capital IQ,309228.8589085645
1999,integrada,ppye_neta,Millones de pesos 2018,S&P Capital IQ,331620.74462946545
1999,integrada,utilidad_neta,Millones de pesos 2018,S&P Capital IQ,21215.567819278887
1999,integrada,utilidad_neta_empresa,Millones de pesos 2018,S&P Capital IQ,21419.54302566997
1999,integrada,utilidad_operativa,Millones de pesos 2018,S&P Capital IQ,47014.4548801086
1999,integrada,ventas,Millones de pesos 2018,S&P Capital IQ,211416.05397214514
1999,integrada,ventas_raw,Millones de pesos 2018,S&P Capital IQ,211416.05397214514
1999,produccion,KTA,Millones de pesos 2018,S&P Capital IQ,14087.727280537003
1999,produccion,activo,Millones de pesos 2018,S&P Capital IQ,41287.31070684469
1999,produccion,activo_corr,Millones de pesos 2018,S&P Capital IQ,4088.800578321244
1999,produccion,cash_st_inv,Millones de pesos 2018,S&P Capital IQ,1148.5275545816287
1999,produccion,costo_ventas,Millones de pesos 2018,S&P Capital IQ,3401.0270591268686
1999,produccion,deuda_lp,Millones de pesos 2018,S&P Capital IQ,10047.943576120582
1999,produccion,deuda_neta,Millones de pesos 2018,S&P Capital IQ,20244.08057056188
1999,produccion,deuda_total,Millones de pesos 2018,S&P Capital IQ,21423.06896660552
1999,produccion,ebit,Millones de pesos 2018,S&P Capital IQ,1259.043616144234
1999,produccion,ebitda,Millones de pesos 2018,S&P Capital IQ,3054.844367333394
1999,produccion,ebt,Millones de pesos 2018,S&P Capital IQ,826.1753116824625
1999,produccion,ganancia_bruta,Millones de pesos 2018,S&P Capital IQ,1695.3588211115016
1999,produccion,impuesto_ganancias,Millones de pesos 2018,S&P Capital IQ,169.63980492848702
1999,produccion,inventarios,Millones de pesos 2018,S&P Capital IQ,177.4640388549522
1999,produccion,pasivo,Millones de pesos 2018,S&P Capital IQ,24174.313271162486
1999,produccion,patrimonio_neto,Millones de pesos 2018,S&P Capital IQ,16587.412150176002
1999,produccion,patrimonio_neto_total,Millones de pesos 2018,S&P Capital IQ,17112.997435682206
1999,produccion,ppye,Millones de pesos 2018,S&P Capital IQ,195583.9338881562
1999,produccion,ppye_neta,Millones de pesos 2018,S&P Capital IQ,23205.592971616374
1999,produccion,utilidad_neta,Millones de pesos 2018,S&P Capital IQ,642.0673413590142
1999,produccion,utilidad_neta_empresa,Millones de pesos 2018,S&P Capital IQ,656.5355067539756
1999,produccion,utilidad_operativa,Millones de pesos 2018,S&P Capital IQ,1259.043616144234
1999,produccion,ventas,Millones de pesos 2018,S&P Capital IQ,6905.161621785061
1999,produccion,ventas_raw,Millones de pesos 2018,S&P Capital IQ,6905.161621785061
1999,transporte,activo,Millones de pesos 2018,S&P Capital IQ,85386.18830041593
1999,transporte,activo_corr,Millones de pesos 2018,S&P Capital IQ,4800.700080959452
1999,transporte,cash_st_inv,Millones de pesos 2018,S&P Capital IQ,541.387499727815
1999,transporte,costo_ventas,Millones de pesos 2018,S&P Capital IQ,2018.854294078062
1999,transporte,deuda_lp,Millones de pesos 2018,S&P Capital IQ,25644.139256245973
1999,transporte,deuda_neta,Millones de pesos 2018,S&P Capital IQ,36833.6565917323
1999,transporte,deuda_total,Millones de pesos 2018,S&P Capital IQ,38959.09004739248
1999,transporte,ebit,Millones de pesos 2018,S&P Capital IQ,10750.38089843003
1999,transporte,ebitda,Millones de pesos 2018,S&P Capital IQ,13124.683763997826
1999,transporte,ebt,Millones de pesos 2018,S&P Capital IQ,7216.813784333306
1999,transporte,ganancia_bruta,Millones de pesos 2018,S&P Capital IQ,3662.1741446457163
1999,transporte,impuesto_ganancias,Millones de pesos 2018,S&P Capital IQ,2285.491193810498
1999,transporte,inventarios,Millones de pesos 2018,S&P Capital IQ,52.1921559353186
1999,transporte,pasivo,Millones de pesos 2018,S&P Capital IQ,42817.823089397
1999,transporte,patrimonio_neto,Millones de pesos 2018,S&P Capital IQ,42568.365211018936
1999,transporte,patrimonio_neto_total,Millones de pesos 2018,S&P Capital IQ,42568.365211018936
1999,transporte,ppye,Millones de pesos 2018,S&P Capital IQ,88380.24374727352
1999,transporte,ppye_neta,Millones de pesos 2018,S&P Capital IQ,78490.253165618
1999,transporte,utilidad_neta,Millones de pesos 2018,S&P Capital IQ,4921.939731028819
1999,transporte,utilidad_neta_empresa,Millones de pesos 2018,S&P Capital IQ,4931.322590522808
1999,transporte,utilidad_operativa,Millones de pesos 2018,S&P Capital IQ,10750.38089843003
1999,transporte,ventas,Millones de pesos 2018,S&P Capital IQ,16651.60544236104
1999,transporte,ventas_raw,Millones de pesos 2018,S&P Capital IQ,16651.60544236104
2000,holding,KTA,Millones de pesos 2018,S&P Capital IQ,16714.475144890283
2000,holding,activo,Millones de pesos 2018,S&P Capital IQ,28617.67931743211
2000,holding,activo_corr,Millones de pesos 2018,S&P Capital IQ,3039.9220666784236
2000,holding,cash_st_inv,Millones de pesos 2018,S&P Capital IQ,683.04815766512
2000,holding,costo_ventas,Millones de pesos 2018,S&P Capital IQ,1833.069814633815
2000,holding,depreciacion,Millones de pesos 2018,S&P Capital IQ,1090.8231204312854
2000,holding,deuda_lp,Millones de pesos 2018,S&P Capital IQ,21172.02199218064
2000,holding,deuda_neta,Millones de pesos 2018,S&P Capital IQ,20510.027922727517
2000,holding,deuda_total,Millones de pesos 2018,S&P Capital IQ,21193.07608039264
2000,holding,ebit,Millones de pesos 2018,S&P Capital IQ,-1130.6817525826466
2000,holding,ebitda,Millones de pesos 2018,S&P Capital IQ,-38.54596883804477
2000,holding,ebt,Millones de pesos 2018,S&P Capital IQ,-2531.1852870316065
2000,holding,ganancia_bruta,Millones de pesos 2018,S&P Capital IQ,1166.2883852694092
2000,holding,impuesto_ganancias,Millones de pesos 2018,S&P Capital IQ,0.4632928946405968
2000,holding,inventarios,Millones de pesos 2018,S&P Capital IQ,491.0132528365926
2000,holding,pasivo,Millones de pesos 2018,S&P Capital IQ,24201.00519884671
2000,holding,patrimonio_neto,Millones de pesos 2018,S&P Capital IQ,3895.9843819976595
2000,holding,patrimonio_neto_total,Millones de pesos 2018,S&P Capital IQ,4416.674118585397
2000,holding,ppye_neta,Millones de pesos 2018,S&P Capital IQ,15540.413734388569
2000,holding,utilidad_neta,Millones de pesos 2018,S&P Capital IQ,-2562.0220621020426
2000,holding,utilidad_neta_empresa,Millones de pesos 2018,S&P Capital IQ,-2531.1852870316065
2000,holding,utilidad_operativa,Millones de pesos 2018,S&P Capital IQ,-1130.6817525826466
2000,holding,ventas,Millones de pesos 2018,S&P Capital IQ,2999.358199903224
2000,holding,ventas_raw,Millones de pesos 2018,S&P Capital IQ,2999.358199903224
2000,integrada,KTA,Millones de pesos 2018,S&P Capital IQ,795703.4602343666
2000,integrada,activo,Millones de pesos 2018,S&P Capital IQ,1087692.228694188
2000,integrada,activo_corr,Millones de pesos 2018,S&P Capital IQ,198511.82806176133
2000,integrada,cash_st_inv,Millones de pesos 2018,S&P Capital IQ,40372.69153607491
2000,integrada,costo_ventas,Millones de pesos 2018,S&P Capital IQ,345578.6716142533
2000,integrada,deuda_lp,Millones de pesos 2018,S&P Capital IQ,164674.3693650854
2000,integrada,deuda_neta,Millones de pesos 2018,S&P Capital IQ,200828.35350945697
2000,integrada,deuda_total,Millones de pesos 2018,S&P Capital IQ,241201.04504553182
2000,integrada,ebit,Millones de pesos 2018,S&P Capital IQ,182300.24770206813
2000,integrada,ebitda,Millones de pesos 2018,S&P Capital IQ,249521.2672144358
2000,integrada,ebt,Millones de pesos 2018,S&P Capital IQ,145056.52618990233
2000,integrada,ganancia_bruta,Millones de pesos 2018,S&P Capital IQ,244283.78590271916
2000,integrada,impuesto_ganancias,Millones de pesos 2018,S&P Capital IQ,53793.51793646981
2000,integrada,inventarios,Millones de pesos 2018,S&P Capital IQ,28775.44354599678
2000,integrada,pasivo,Millones de pesos 2018,S&P Capital IQ,443108.0040755415
2000,integrada,patrimonio_neto,Millones de pesos 2018,S&P Capital IQ,639848.3416956535
2000,integrada,patrimonio_neto_total,Millones de pesos 2018,S&P Capital IQ,644584.2246186463
2000,integrada,ppye,Millones de pesos 2018,S&P Capital IQ,605993.6840738958
2000,integrada,ppye_neta,Millones de pesos 2018,S&P Capital IQ,726555.325152295
2000,integrada,utilidad_neta,Millones de pesos 2018,S&P Capital IQ,90413.63794659142
2000,integrada,utilidad_neta_empresa,Millones de pesos 2018,S&P Capital IQ,91263.00825343253
2000,integrada,utilidad_operativa,Millones de pesos 2018,S&P Capital IQ,182300.24770206813
2000,integrada,ventas,Millones de pesos 2018,S&P Capital IQ,589862.4575169726
2000,integrada,ventas_raw,Millones de pesos 2018,S&P Capital IQ,589862.4575169726
2000,produccion,KTA,Millones de pesos 2018,S&P Capital IQ,14471.015001889558
2000,produccion,activo,Millones de pesos 2018,S&P Capital IQ,47372.833493112536
2000,produccion,activo_corr,Millones de pesos 2018,S&P Capital IQ,4429.597107632228
2000,produccion,cash_st_inv,Millones de pesos 2018,S&P Capital IQ,1164.4346989231176
2000,produccion,costo_ventas,Millones de pesos 2018,S&P Capital IQ,4033.7817163525942
2000,produccion,depreciacion,Millones de pesos 2018,S&P Capital IQ,369.9651148646633
2000,produccion,deuda_lp,Millones de pesos 2018,S&P Capital IQ,17856.199715118026
2000,produccion,deuda_neta,Millones de pesos 2018,S&P Capital IQ,20308.19506812813
2000,produccion,deuda_total,Millones de pesos 2018,S&P Capital IQ,21638.515211182716
2000,produccion,ebit,Millones de pesos 2018,S&P Capital IQ,2482.3496084809913
2000,produccion,ebitda,Millones de pesos 2018,S&P Capital IQ,4501.397571234094
2000,produccion,ebt,Millones de pesos 2018,S&P Capital IQ,1878.696314530094
2000,produccion,ganancia_bruta,Millones de pesos 2018,S&P Capital IQ,3022.67519079442
2000,produccion,impuesto_ganancias,Millones de pesos 2018,S&P Capital IQ,431.4853922624483
2000,produccion,inventarios,Millones de pesos 2018,S&P Capital IQ,267.0829744339427
2000,produccion,pasivo,Millones de pesos 2018,S&P Capital IQ,25360.285738573184
2000,produccion,patrimonio_neto,Millones de pesos 2018,S&P Capital IQ,21453.53525332383
2000,produccion,patrimonio_neto_total,Millones de pesos 2018,S&P Capital IQ,22012.54775453935
2000,produccion,ppye,Millones de pesos 2018,S&P Capital IQ,342226.4903682287
2000,produccion,ppye_neta,Millones de pesos 2018,S&P Capital IQ,24483.962930039186
2000,produccion,utilidad_neta,Millones de pesos 2018,S&P Capital IQ,1449.5050457065377
2000,produccion,utilidad_neta_empresa,Millones de pesos 2018,S&P Capital IQ,1447.2109222676459
2000,produccion,utilidad_operativa,Millones de pesos 2018,S&P Capital IQ,2482.3496084809913
2000,produccion,ventas,Millones de pesos 2018,S&P Capital IQ,9580.288860546907
2000,produccion,ventas_raw,Millones de pesos 2018,S&P Capital IQ,9580.288860546907
2000,transporte,activo,Millones de pesos 2018,S&P Capital IQ,88151.28103873761
2000,transporte,activo_corr,Millones de pesos 2018,S&P Capital IQ,3756.301805909965
2000,transporte,cash_st_inv,Millones de pesos 2018,S&P Capital IQ,66.18115835295876
2000,transporte,costo_ventas,Millones de pesos 2018,S&P Capital IQ,2562.5095489188325
2000,transporte,deuda_lp,Millones de pesos 2018,S&P Capital IQ,32623.579964421755
2000,transporte,deuda_neta,Millones de pesos 2018,S&P Capital IQ,40185.28690912789
2000,transporte,deuda_total,Millones de pesos 2018,S&P Capital IQ,40764.43625582458
2000,transporte,ebit,Millones de pesos 2018,S&P Capital IQ,19929.959222758393
2000,transporte,ebitda,Millones de pesos 2018,S&P Capital IQ,25458.957807799874
2000,transporte,ebt,Millones de pesos 2018,S&P Capital IQ,12468.558896085122
2000,transporte,ganancia_bruta,Millones de pesos 2018,S&P Capital IQ,3943.5858994888977
2000,transporte,impuesto_ganancias,Millones de pesos 2018,S&P Capital IQ,4362.468849912447
2000,transporte,inventarios,Millones de pesos 2018,S&P Capital IQ,29.007282903330704
2000,transporte,pasivo,Millones de pesos 2018,S&P Capital IQ,44112.9828146549
2000,transporte,patrimonio_neto,Millones de pesos 2018,S&P Capital IQ,44038.29822408272
2000,transporte,patrimonio_neto_total,Millones de pesos 2018,S&P Capital IQ,44038.29822408272
2000,transporte,ppye,Millones de pesos 2018,S&P Capital IQ,93941.25673244317
2000,transporte,ppye_neta,Millones de pesos 2018,S&P Capital IQ,81195.21527486003
2000,transporte,utilidad_neta,Millones de pesos 2018,S&P Capital IQ,8232.62048339785
2000,transporte,utilidad_neta_empresa,Millones de pesos 2018,S&P Capital IQ,8106.090046172674
2000,transporte,utilidad_operativa,Millones de pesos 2018,S&P Capital IQ,19929.959222758393
2000,transporte,ventas,Millones de pesos 2018,S&P Capital IQ,33445.08443909793
2000,transporte,ventas_raw,Millones de pesos 2018,S&P Capital IQ,33445.08443909793
2001,distribucion,KTA,Millones de pesos 2018,S&P Capital IQ,2926292.9673986975
2001,distribucion,activo,Millones de pesos 2018,S&P Capital IQ,4602897.904872929
2001,distribucion,activo_corr,Millones de pesos 2018,S&P Capital IQ,3168238.5639991127
2001,distribucion,cash_st_inv,Millones de pesos 2018,S&P Capital IQ,522784.59824573563
2001,distribucion,depreciacion,Millones de pesos 2018,S&P Capital IQ,73312.11733548061
2001,distribucion,deuda_neta,Millones de pesos 2018,S&P Capital IQ,-527089.5909923152
2001,distribucion,deuda_total,Millones de pesos 2018,S&P Capital IQ,0.0
2001,distribucion,ebit,Millones de pesos 2018,S&P Capital IQ,1177572.6327442138
2001,distribucion,ebitda,Millones de pesos 2018,S&P Capital IQ,1250884.7500796942
2001,distribucion,ebt,Millones de pesos 2018,S&P Capital IQ,1416604.4759232046
2001,distribucion,ganancia_bruta,Millones de pesos 2018,S&P Capital IQ,13229611.237766244
2001,distribucion,impuesto_ganancias,Millones de pesos 2018,S&P Capital IQ,372934.42228676885
2001,distribucion,inventarios,Millones de pesos 2018,S&P Capital IQ,968849.028279146
2001,distribucion,pasivo,Millones de pesos 2018,S&P Capital IQ,3243605.9181229193
2001,distribucion,patrimonio_neto,Millones de pesos 2018,S&P Capital IQ,1359291.9867500092
2001,distribucion,patrimonio_neto_total,Millones de pesos 2018,S&P Capital IQ,1359291.9867500092
2001,distribucion,ppye,Millones de pesos 2018,S&P Capital IQ,1810767.6731374934
2001,distribucion,ppye_neta,Millones de pesos 2018,S&P Capital IQ,1434659.340873816
2001,distribucion,utilidad_neta,Millones de pesos 2018,S&P Capital IQ,1043670.0536364355
2001,distribucion,utilidad_neta_empresa,Millones de pesos 2018,S&P Capital IQ,1043670.0536364355
2001,distribucion,utilidad_operativa,Millones de pesos 2018,S&P Capital IQ,1177572.6327442138
2001,distribucion,ventas,Millones de pesos 2018,S&P Capital IQ,13229611.237766244
2001,distribucion,ventas_raw,Millones de pesos 2018,S&P Capital IQ,13229611.237766244
2001,holding,KTA,Millones de pesos 2018,S&P Capital IQ,36900.553798584464
2001,holding,activo,Millones de pesos 2018,S&P Capital IQ,62432.99456085963
2001,holding,activo_corr,Millones de pesos 2018,S&P Capital IQ,6754.834884872555
2001,holding,cash_st_inv,Millones de pesos 2018,S&P Capital IQ,1942.6670467680424
2001,holding,costo_ventas,Millones de pesos 2018,S&P Capital IQ,3306.485757583479
2001,holding,depreciacion,Millones de pesos 2018,S&P Capital IQ,2085.597058351126
2001,holding,deuda_lp,Millones de pesos 2018,S&P Capital IQ,46030.74811330658
2001,holding,deuda_neta,Millones de pesos 2018,S&P Capital IQ,44304.99960250137
2001,holding,deuda_total,Millones de pesos 2018,S&P Capital IQ,46247.6666492694
2001,holding,ebit,Millones de pesos 2018,S&P Capital IQ,-1039.5543772426192
2001,holding,ebitda,Millones de pesos 2018,S&P Capital IQ,1045.9334156691493
2001,holding,ebt,Millones de pesos 2018,S&P Capital IQ,698.8325393419732
2001,holding,ganancia_bruta,Millones de pesos 2018,S&P Capital IQ,2378.299198926532
2001,holding,impuesto_ganancias,Millones de pesos 2018,S&P Capital IQ,2.4454716215525822
2001,holding,inventarios,Millones de pesos 2018,S&P Capital IQ,1039.585595715332
2001,holding,pasivo,Millones de pesos 2018,S&P Capital IQ,52007.14255285896
2001,holding,patrimonio_neto,Millones de pesos 2018,S&P Capital IQ,9230.302557272482
2001,holding,patrimonio_neto_total,Millones de pesos 2018,S&P Capital IQ,10425.85200800066
2001,holding,ppye_neta,Millones de pesos 2018,S&P Capital IQ,33918.30115610109
2001,holding,utilidad_neta,Millones de pesos 2018,S&P Capital IQ,647.9199014336922
2001,holding,utilidad_neta_empresa,Millones de pesos 2018,S&P Capital IQ,696.3870677204204
2001,holding,utilidad_operativa,Millones de pesos 2018,S&P Capital IQ,-1039.5543772426192
2001,holding,ventas,Millones de pesos 2018,S&P Capital IQ,5684.784956510011
2001,holding,ventas_raw,Millones de pesos 2018,S&P Capital IQ,5684.784956510011
2001,integrada,KTA,Millones de pesos 2018,S&P Capital IQ,923963.9653055153
2001,integrada,activo,Millones de pesos 2018,S&P Capital IQ,1243291.8232968007
2001,integrada,activo_corr,Millones de pesos 2018,S&P Capital IQ,228878.3532834628
2001,integrada,cash_st_inv,Millones de pesos 2018,S&P Capital IQ,42831.66765145129
2001,integrada,costo_ventas,Millones de pesos 2018,S&P Capital IQ,361083.4485113593
2001,integrada,deuda_lp,Millones de pesos 2018,S&P Capital IQ,190813.43747194335
2001,integrada,deuda_neta,Millones de pesos 2018,S&P Capital IQ,306218.39711890055
2001,integrada,deuda_total,Millones de pesos 2018,S&P Capital IQ,349050.06477035186
2001,integrada,ebit,Millones de pesos 2018,S&P Capital IQ,152275.6127160563
2001,integrada,ebitda,Millones de pesos 2018,S&P Capital IQ,240074.6602573287
2001,integrada,ebt,Millones de pesos 2018,S&P Capital IQ,105489.85367470683
2001,integrada,ganancia_bruta,Millones de pesos 2018,S&P Capital IQ,231603.925374231
2001,integrada,impuesto_ganancias,Millones de pesos 2018,S&P Capital IQ,44570.37908700924
2001,integrada,inventarios,Millones de pesos 2018,S&P Capital IQ,30693.165208728708
2001,integrada,pasivo,Millones de pesos 2018,S&P Capital IQ,552515.4066850586
2001,integrada,patrimonio_neto,Millones de pesos 2018,S&P Capital IQ,689631.727767611
2001,integrada,patrimonio_neto_total,Millones de pesos 2018,S&P Capital IQ,690776.416611742
2001,integrada,ppye,Millones de pesos 2018,S&P Capital IQ,1570714.4377090726
2001,integrada,ppye_neta,Millones de pesos 2018,S&P Capital IQ,850439.1324453353
2001,integrada,utilidad_neta,Millones de pesos 2018,S&P Capital IQ,75852.4608724974
2001,integrada,utilidad_neta_empresa,Millones de pesos 2018,S&P Capital IQ,60919.47458769757
2001,integrada,utilidad_operativa,Millones de pesos 2018,S&P Capital IQ,152275.6127160563
2001,integrada,ventas,Millones de pesos 2018,S&P Capital IQ,592687.3738855904
2001,integrada,ventas_raw,Millones de pesos 2018,S&P Capital IQ,592687.3738855904
2001,produccion,KTA,Millones de pesos 2018,S&P Capital IQ,27617.57562652239
2001,produccion,activo,Millones de pesos 2018,S&P Capital IQ,83256.42978341506
2001,produccion,activo_corr,Millones de pesos 2018,S&P Capital IQ,8738.428720305756
2001,produccion,cash_st_inv,Millones de pesos 2018,S&P Capital IQ,3522.1074391490856
2001,produccion,costo_ventas,Millones de pesos 2018,S&P Capital IQ,5484.023573515971
2001,produccion,depreciacion,Millones de pesos 2018,S&P Capital IQ,807.6039951899661
2001,produccion,deuda_lp,Millones de pesos 2018,S&P Capital IQ,30217.46114230837
2001,produccion,deuda_neta,Millones de pesos 2018,S&P Capital IQ,32156.40748208217
2001,produccion,deuda_total,Millones de pesos 2018,S&P Capital IQ,35861.34118933322
2001,produccion,ebit,Millones de pesos 2018,S&P Capital IQ,4365.949265321956
2001,produccion,ebitda,Millones de pesos 2018,S&P Capital IQ,7644.756576705235
2001,produccion,ebt,Millones de pesos 2018,S&P Capital IQ,4312.694099720412
2001,produccion,ganancia_bruta,Millones de pesos 2018,S&P Capital IQ,5082.586372991166
2001,produccion,impuesto_ganancias,Millones de pesos 2018,S&P Capital IQ,801.4027474285524
2001,produccion,inventarios,Millones de pesos 2018,S&P Capital IQ,496.4546735869857
2001,produccion,pasivo,Millones de pesos 2018,S&P Capital IQ,43567.32178709358
2001,produccion,patrimonio_neto,Millones de pesos 2018,S&P Capital IQ,38024.36541731093
2001,produccion,patrimonio_neto_total,Millones de pesos 2018,S&P Capital IQ,39689.10799632147
2001,produccion,ppye,Millones de pesos 2018,S&P Capital IQ,431185.3182428712
2001,produccion,ppye_neta,Millones de pesos 2018,S&P Capital IQ,42441.276516154045
2001,produccion,utilidad_neta,Millones de pesos 2018,S&P Capital IQ,3444.5186081678867
2001,produccion,utilidad_neta_empresa,Millones de pesos 2018,S&P Capital IQ,3511.2913522918593
2001,produccion,utilidad_operativa,Millones de pesos 2018,S&P Capital IQ,4365.949265321956
2001,produccion,ventas,Millones de pesos 2018,S&P Capital IQ,16047.533858692233
2001,produccion,ventas_raw,Millones de pesos 2018,S&P Capital IQ,16047.533858692233
2001,transporte,KTA,Millones de pesos 2018,S&P Capital IQ,30521.723183353395
2001,transporte,activo,Millones de pesos 2018,S&P Capital IQ,245707.25047239367
2001,transporte,activo_corr,Millones de pesos 2018,S&P Capital IQ,16799.550696971284
2001,transporte,cash_st_inv,Millones de pesos 2018,S&P Capital IQ,1517.7475692199796
2001,transporte,costo_ventas,Millones de pesos 2018,S&P Capital IQ,15533.999022716078
2001,transporte,deuda_lp,Millones de pesos 2018,S&P Capital IQ,98341.62745110443
2001,transporte,deuda_neta,Millones de pesos 2018,S&P Capital IQ,119376.50353531739
2001,transporte,deuda_total,Millones de pesos 2018,S&P Capital IQ,124051.38098361729
2001,transporte,ebit,Millones de pesos 2018,S&P Capital IQ,27352.57633477212
2001,transporte,ebitda,Millones de pesos 2018,S&P Capital IQ,36437.46001472651
2001,transporte,ebt,Millones de pesos 2018,S&P Capital IQ,12863.58368585537
2001,transporte,ganancia_bruta,Millones de pesos 2018,S&P Capital IQ,10964.736836948683
2001,transporte,impuesto_ganancias,Millones de pesos 2018,S&P Capital IQ,4576.331810084411
2001,transporte,inventarios,Millones de pesos 2018,S&P Capital IQ,739.3649306864296
2001,transporte,pasivo,Millones de pesos 2018,S&P Capital IQ,134694.0499104302
2001,transporte,patrimonio_neto,Millones de pesos 2018,S&P Capital IQ,111013.20056196347
2001,transporte,patrimonio_neto_total,Millones de pesos 2018,S&P Capital IQ,111013.20056196347
2001,transporte,ppye,Millones de pesos 2018,S&P Capital IQ,219089.85694761598
2001,transporte,ppye_neta,Millones de pesos 2018,S&P Capital IQ,214077.6839755964
2001,transporte,utilidad_neta,Millones de pesos 2018,S&P Capital IQ,8287.251875770959
2001,transporte,utilidad_neta_empresa,Millones de pesos 2018,S&P Capital IQ,8287.251875770959
2001,transporte,utilidad_operativa,Millones de pesos 2018,S&P Capital IQ,27352.57633477212
2001,transporte,ventas,Millones de pesos 2018,S&P Capital IQ,58244.49563657187
2001,transporte,ventas_raw,Millones de pesos 2018,S&P Capital IQ,58244.49563657187
2002,distribucion,activo,Millones de pesos 2018,S&P Capital IQ,4636678.85435798
2002,distribucion,activo_corr,Millones de pesos 2018,S&P Capital IQ,3245412.7028027144
2002,distribucion,depreciacion,Millones de pesos 2018,S&P Capital IQ,56529.488419652545
2002,distribucion,deuda_neta,Millones de pesos 2018,S&P Capital IQ,141499.40684495113
2002,distribucion,deuda_total,Millones de pesos 2018,S&P Capital IQ,141499.40684495113
2002,distribucion,ebit,Millones de pesos 2018,S&P Capital IQ,868466.5610299674
2002,distribucion,ebitda,Millones de pesos 2018,S&P Capital IQ,924996.04944962
2002,distribucion,ebt,Millones de pesos 2018,S&P Capital IQ,276198.7399458198
2002,distribucion,ganancia_bruta,Millones de pesos 2018,S&P Capital IQ,10751598.663660586
2002,distribucion,impuesto_ganancias,Millones de pesos 2018,S&P Capital IQ,109917.30143170468
2002,distribucion,inventarios,Millones de pesos 2018,S&P Capital IQ,760946.8539882735
2002,distribucion,pasivo,Millones de pesos 2018,S&P Capital IQ,3390467.163398371
2002,distribucion,patrimonio_neto,Millones de pesos 2018,S&P Capital IQ,1246211.690959609
2002,distribucion,patrimonio_neto_total,Millones de pesos 2018,S&P Capital IQ,1246211.690959609
2002,distribucion,ppye,Millones de pesos 2018,S&P Capital IQ,1746606.1752885995
2002,distribucion,ppye_neta,Millones de pesos 2018,S&P Capital IQ,1391266.1515552662
2002,distribucion,utilidad_neta,Millones de pesos 2018,S&P Capital IQ,166281.43851411509
2002,distribucion,utilidad_neta_empresa,Millones de pesos 2018,S&P Capital IQ,166281.43851411509
2002,distribucion,utilidad_operativa,Millones de pesos 2018,S&P Capital IQ,868466.5610299674
2002,distribucion,ventas,Millones de pesos 2018,S&P Capital IQ,10751598.663660586
2002,distribucion,ventas_raw,Millones de pesos 2018,S&P Capital IQ,10751598.663660586
2002,holding,KTA,Millones de pesos 2018,S&P Capital IQ,30050.683334461348
2002,holding,activo,Millones de pesos 2018,S&P Capital IQ,45794.98295047937
2002,holding,activo_corr,Millones de pesos 2018,S&P Capital IQ,5149.12331738849
2002,holding,cash_st_inv,Millones de pesos 2018,S&P Capital IQ,3062.472117061455
2002,holding,costo_ventas,Millones de pesos 2018,S&P Capital IQ,3352.3536801640603
2002,holding,deuda_lp,Millones de pesos 2018,S&P Capital IQ,17130.191849112918
2002,holding,deuda_neta,Millones de pesos 2018,S&P Capital IQ,14115.650950934527
2002,holding,deuda_total,Millones de pesos 2018,S&P Capital IQ,17178.12306799598
2002,holding,ebit,Millones de pesos 2018,S&P Capital IQ,-210.2028872819748
2002,holding,ebitda,Millones de pesos 2018,S&P Capital IQ,1566.1251906888165
2002,holding,ebt,Millones de pesos 2018,S&P Capital IQ,-4316.165952189883
2002,holding,ganancia_bruta,Millones de pesos 2018,S&P Capital IQ,2409.5823619609114
2002,holding,impuesto_ganancias,Millones de pesos 2018,S&P Capital IQ,0.5580607631921823
2002,holding,inventarios,Millones de pesos 2018,S&P Capital IQ,662.4594637434311
2002,holding,pasivo,Millones de pesos 2018,S&P Capital IQ,43838.40124581042
2002,holding,patrimonio_neto,Millones de pesos 2018,S&P Capital IQ,1127.324079482519
2002,holding,patrimonio_neto_total,Millones de pesos 2018,S&P Capital IQ,1956.5817046689467
2002,holding,ppye_neta,Millones de pesos 2018,S&P Capital IQ,26325.751753656463
2002,holding,utilidad_neta,Millones de pesos 2018,S&P Capital IQ,-4183.037456911299
2002,holding,utilidad_neta_empresa,Millones de pesos 2018,S&P Capital IQ,-4316.165952189883
2002,holding,utilidad_operativa,Millones de pesos 2018,S&P Capital IQ,-210.2028872819748
2002,holding,ventas,Millones de pesos 2018,S&P Capital IQ,5761.936042124973
2002,holding,ventas_raw,Millones de pesos 2018,S&P Capital IQ,5761.936042124973
2002,integrada,KTA,Millones de pesos 2018,S&P Capital IQ,791597.7901872526
2002,integrada,activo,Millones de pesos 2018,S&P Capital IQ,1061096.1328827075
2002,integrada,activo_corr,Millones de pesos 2018,S&P Capital IQ,250052.7437804466
2002,integrada,cash_st_inv,Millones de pesos 2018,S&P Capital IQ,34171.51217031586
2002,integrada,costo_ventas,Millones de pesos 2018,S&P Capital IQ,265497.8699149657
2002,integrada,deuda_lp,Millones de pesos 2018,S&P Capital IQ,228793.7587623006
2002,integrada,deuda_neta,Millones de pesos 2018,S&P Capital IQ,278691.7659300186
2002,integrada,deuda_total,Millones de pesos 2018,S&P Capital IQ,312863.2781003345
2002,integrada,ebit,Millones de pesos 2018,S&P Capital IQ,183618.07225185583
2002,integrada,ebitda,Millones de pesos 2018,S&P Capital IQ,260028.83781036112
2002,integrada,ebt,Millones de pesos 2018,S&P Capital IQ,51300.41926694747
2002,integrada,ganancia_bruta,Millones de pesos 2018,S&P Capital IQ,236339.1009532633
2002,integrada,impuesto_ganancias,Millones de pesos 2018,S&P Capital IQ,5596.995602955899
2002,integrada,inventarios,Millones de pesos 2018,S&P Capital IQ,23993.957398801234
2002,integrada,pasivo,Millones de pesos 2018,S&P Capital IQ,479792.80531079764
2002,integrada,patrimonio_neto,Millones de pesos 2018,S&P Capital IQ,571506.2608403137
2002,integrada,patrimonio_neto_total,Millones de pesos 2018,S&P Capital IQ,581303.3275719099
2002,integrada,ppye,Millones de pesos 2018,S&P Capital IQ,1291902.9976708675
2002,integrada,ppye_neta,Millones de pesos 2018,S&P Capital IQ,733432.3206181354
2002,integrada,utilidad_neta,Millones de pesos 2018,S&P Capital IQ,115274.98310176675
2002,integrada,utilidad_neta_empresa,Millones de pesos 2018,S&P Capital IQ,45434.71306755037
2002,integrada,utilidad_operativa,Millones de pesos 2018,S&P Capital IQ,183618.07225185583
2002,integrada,ventas,Millones de pesos 2018,S&P Capital IQ,501836.97086822893
2002,integrada,ventas_raw,Millones de pesos 2018,S&P Capital IQ,501836.97086822893
2002,produccion,KTA,Millones de pesos 2018,S&P Capital IQ,33833.658029829996
2002,produccion,activo,Millones de pesos 2018,S&P Capital IQ,100220.66583665114
2002,produccion,activo_corr,Millones de pesos 2018,S&P Capital IQ,13605.175305600003
2002,produccion,cash_st_inv,Millones de pesos 2018,S&P Capital IQ,5303.80366474519
2002,produccion,costo_ventas,Millones de pesos 2018,S&P Capital IQ,9950.196062746969
2002,produccion,depreciacion,Millones de pesos 2018,S&P Capital IQ,789.7593245027144
2002,produccion,deuda_lp,Millones de pesos 2018,S&P Capital IQ,34075.51021736621
2002,produccion,deuda_neta,Millones de pesos 2018,S&P Capital IQ,52816.40366274479
2002,produccion,deuda_total,Millones de pesos 2018,S&P Capital IQ,58568.492474704515
2002,produccion,ebit,Millones de pesos 2018,S&P Capital IQ,1769.5191708593452
2002,produccion,ebitda,Millones de pesos 2018,S&P Capital IQ,10180.472023835724
2002,produccion,ebt,Millones de pesos 2018,S&P Capital IQ,-4819.5976168289
2002,produccion,ganancia_bruta,Millones de pesos 2018,S&P Capital IQ,8078.540479046453
2002,produccion,impuesto_ganancias,Millones de pesos 2018,S&P Capital IQ,578.9021004478437
2002,produccion,inventarios,Millones de pesos 2018,S&P Capital IQ,1010.517951984595
2002,produccion,pasivo,Millones de pesos 2018,S&P Capital IQ,73889.76281012385
2002,produccion,patrimonio_neto,Millones de pesos 2018,S&P Capital IQ,24697.762592395273
2002,produccion,patrimonio_neto_total,Millones de pesos 2018,S&P Capital IQ,26330.903026556105
2002,produccion,ppye,Millones de pesos 2018,S&P Capital IQ,582326.0821015813
2002,produccion,ppye_neta,Millones de pesos 2018,S&P Capital IQ,54379.305515132975
2002,produccion,utilidad_neta,Millones de pesos 2018,S&P Capital IQ,-4692.256418235306
2002,produccion,utilidad_neta_empresa,Millones de pesos 2018,S&P Capital IQ,-4819.5976168289
2002,produccion,utilidad_operativa,Millones de pesos 2018,S&P Capital IQ,1769.5191708593452
2002,produccion,ventas,Millones de pesos 2018,S&P Capital IQ,23040.5733563747
2002,produccion,ventas_raw,Millones de pesos 2018,S&P Capital IQ,23040.5733563747
2002,transporte,KTA,Millones de pesos 2018,S&P Capital IQ,30819.319025631372
2002,transporte,activo,Millones de pesos 2018,S&P Capital IQ,225696.88205450593
2002,transporte,activo_corr,Millones de pesos 2018,S&P Capital IQ,21664.639696944134
2002,transporte,cash_st_inv,Millones de pesos 2018,S&P Capital IQ,3867.0171374714355
2002,transporte,costo_ventas,Millones de pesos 2018,S&P Capital IQ,14616.826968359006
2002,transporte,deuda_lp,Millones de pesos 2018,S&P Capital IQ,58784.545099765164
2002,transporte,deuda_neta,Millones de pesos 2018,S&P Capital IQ,137663.91458066134
2002,transporte,deuda_total,Millones de pesos 2018,S&P Capital IQ,145843.6046271648
2002,transporte,ebit,Millones de pesos 2018,S&P Capital IQ,18641.798947055046
2002,transporte,ebitda,Millones de pesos 2018,S&P Capital IQ,27668.977327088
2002,transporte,ebt,Millones de pesos 2018,S&P Capital IQ,-21098.35293490845
2002,transporte,ganancia_bruta,Millones de pesos 2018,S&P Capital IQ,11966.280789594355
2002,transporte,impuesto_ganancias,Millones de pesos 2018,S&P Capital IQ,238.63705479280705
2002,transporte,inventarios,Millones de pesos 2018,S&P Capital IQ,621.038953764278
2002,transporte,pasivo,Millones de pesos 2018,S&P Capital IQ,156423.07219738475
2002,transporte,patrimonio_neto,Millones de pesos 2018,S&P Capital IQ,69273.80985712116
2002,transporte,patrimonio_neto_total,Millones de pesos 2018,S&P Capital IQ,69273.80985712116
2002,transporte,ppye,Millones de pesos 2018,S&P Capital IQ,198257.5323459052
2002,transporte,ppye_neta,Millones de pesos 2018,S&P Capital IQ,194460.61890485053
2002,transporte,utilidad_neta,Millones de pesos 2018,S&P Capital IQ,-15572.02264879312
2002,transporte,utilidad_neta_empresa,Millones de pesos 2018,S&P Capital IQ,-15572.02264879312
2002,transporte,utilidad_operativa,Millones de pesos 2018,S&P Capital IQ,18641.798947055046
2002,transporte,ventas,Millones de pesos 2018,S&P Capital IQ,46000.6666618881
2002,transporte,ventas_raw,Millones de pesos 2018,S&P Capital IQ,46000.6666618881
2003,distribucion,activo,Millones de pesos 2018,S&P Capital IQ,3586670.3365116883
2003,distribucion,activo_corr,Millones de pesos 2018,S&P Capital IQ,2479478.9758819984
2003,distribucion,deuda_total,Millones de pesos 2018,S&P Capital IQ,0.0
2003,distribucion,ebit,Millones de pesos 2018,S&P Capital IQ,458753.16805106134
2003,distribucion,ebitda,Millones de pesos 2018,S&P Capital IQ,508583.97605057096
2003,distribucion,ebt,Millones de pesos 2018,S&P Capital IQ,-615232.1386853585
2003,distribucion,ganancia_bruta,Millones de pesos 2018,S&P Capital IQ,10817093.247729748
2003,distribucion,impuesto_ganancias,Millones de pesos 2018,S&P Capital IQ,-236627.74564821483
2003,distribucion,pasivo,Millones de pesos 2018,S&P Capital IQ,2896217.5760182994
2003,distribucion,patrimonio_neto,Millones de pesos 2018,S&P Capital IQ,690452.7604933882
2003,distribucion,patrimonio_neto_total,Millones de pesos 2018,S&P Capital IQ,690452.7604933882
2003,distribucion,ppye_neta,Millones de pesos 2018,S&P Capital IQ,1107191.3606296894
2003,distribucion,utilidad_neta,Millones de pesos 2018,S&P Capital IQ,-378604.3930371437
2003,distribucion,utilidad_neta_empresa,Millones de pesos 2018,S&P Capital IQ,-378604.3930371437
2003,distribucion,utilidad_operativa,Millones de pesos 2018,S&P Capital IQ,458753.16805106134
2003,distribucion,ventas,Millones de pesos 2018,S&P Capital IQ,10817093.247729748
2003,distribucion,ventas_raw,Millones de pesos 2018,S&P Capital IQ,10817093.247729748
2003,holding,KTA,Millones de pesos 2018,S&P Capital IQ,2906.6756688123464
2003,holding,activo,Millones de pesos 2018,S&P Capital IQ,6712.419363783304
2003,holding,activo_corr,Millones de pesos 2018,S&P Capital IQ,310.2446064408226
2003,holding,cash_st_inv,Millones de pesos 2018,S&P Capital IQ,91.00727091683748
2003,holding,costo_ventas,Millones de pesos 2018,S&P Capital IQ,1516.532773179957
2003,holding,deuda_lp,Millones de pesos 2018,S&P Capital IQ,6111.643838015177
2003,holding,deuda_neta,Millones de pesos 2018,S&P Capital IQ,6171.313269897587
2003,holding,deuda_total,Millones de pesos 2018,S&P Capital IQ,6262.320540814425
2003,holding,ebit,Millones de pesos 2018,S&P Capital IQ,-964.185141719922
2003,holding,ebitda,Millones de pesos 2018,S&P Capital IQ,-91.06193005132596
2003,holding,ebt,Millones de pesos 2018,S&P Capital IQ,-12084.453776223021
2003,holding,ganancia_bruta,Millones de pesos 2018,S&P Capital IQ,243.48772142795113
2003,holding,impuesto_ganancias,Millones de pesos 2018,S&P Capital IQ,0.2550754340011462
2003,holding,inventarios,Millones de pesos 2018,S&P Capital IQ,44.76573866720115
2003,holding,pasivo,Millones de pesos 2018,S&P Capital IQ,17772.326205008285
2003,holding,patrimonio_neto,Millones de pesos 2018,S&P Capital IQ,-11093.485713899769
2003,holding,patrimonio_neto_total,Millones de pesos 2018,S&P Capital IQ,-11061.346209175772
2003,holding,ppye_neta,Millones de pesos 2018,S&P Capital IQ,2770.902659228308
2003,holding,utilidad_neta,Millones de pesos 2018,S&P Capital IQ,-12084.453776223021
2003,holding,utilidad_neta_empresa,Millones de pesos 2018,S&P Capital IQ,-12084.453776223021
2003,holding,utilidad_operativa,Millones de pesos 2018,S&P Capital IQ,-964.185141719922
2003,holding,ventas,Millones de pesos 2018,S&P Capital IQ,1760.0204946079084
2003,holding,ventas_raw,Millones de pesos 2018,S&P Capital IQ,1760.0204946079084
2003,integrada,KTA,Millones de pesos 2018,S&P Capital IQ,733178.1485594336
2003,integrada,activo,Millones de pesos 2018,S&P Capital IQ,999749.9220846854
2003,integrada,activo_corr,Millones de pesos 2018,S&P Capital IQ,262936.2515242334
2003,integrada,cash_st_inv,Millones de pesos 2018,S&P Capital IQ,45131.93968174966
2003,integrada,costo_ventas,Millones de pesos 2018,S&P Capital IQ,248634.0613099295
2003,integrada,deuda_lp,Millones de pesos 2018,S&P Capital IQ,147522.15883460303
2003,integrada,deuda_neta,Millones de pesos 2018,S&P Capital IQ,188570.4467653978
2003,integrada,deuda_total,Millones de pesos 2018,S&P Capital IQ,233702.38644714747
2003,integrada,ebit,Millones de pesos 2018,S&P Capital IQ,181895.6896173989
2003,integrada,ebitda,Millones de pesos 2018,S&P Capital IQ,260228.08366591565
2003,integrada,ebt,Millones de pesos 2018,S&P Capital IQ,162784.047029934
2003,integrada,ganancia_bruta,Millones de pesos 2018,S&P Capital IQ,240160.32224303487
2003,integrada,impuesto_ganancias,Millones de pesos 2018,S&P Capital IQ,64106.530165647026
2003,integrada,inventarios,Millones de pesos 2018,S&P Capital IQ,24136.125792508687
2003,integrada,pasivo,Millones de pesos 2018,S&P Capital IQ,422752.04098896694
2003,integrada,patrimonio_neto,Millones de pesos 2018,S&P Capital IQ,536513.7657849651
2003,integrada,patrimonio_neto_total,Millones de pesos 2018,S&P Capital IQ,576997.8810957186
2003,integrada,ppye,Millones de pesos 2018,S&P Capital IQ,1173445.2022511102
2003,integrada,ppye_neta,Millones de pesos 2018,S&P Capital IQ,663910.0830851753
2003,integrada,utilidad_neta,Millones de pesos 2018,S&P Capital IQ,175874.27499734814
2003,integrada,utilidad_neta_empresa,Millones de pesos 2018,S&P Capital IQ,98950.81197214535
2003,integrada,utilidad_operativa,Millones de pesos 2018,S&P Capital IQ,181895.6896173989
2003,integrada,ventas,Millones de pesos 2018,S&P Capital IQ,488794.3835529643
2003,integrada,ventas_raw,Millones de pesos 2018,S&P Capital IQ,488794.3835529643
2003,produccion,KTA,Millones de pesos 2018,S&P Capital IQ,16362.680660743423
2003,produccion,activo,Millones de pesos 2018,S&P Capital IQ,53010.2214363512
2003,produccion,activo_corr,Millones de pesos 2018,S&P Capital IQ,8328.649900786271
2003,produccion,cash_st_inv,Millones de pesos 2018,S&P Capital IQ,801.4720839097396
2003,produccion,costo_ventas,Millones de pesos 2018,S&P Capital IQ,8303.395064272465
2003,produccion,deuda_lp,Millones de pesos 2018,S&P Capital IQ,10573.919888550414
2003,produccion,deuda_neta,Millones de pesos 2018,S&P Capital IQ,27963.124067060817
2003,produccion,deuda_total,Millones de pesos 2018,S&P Capital IQ,28803.441388396983
2003,produccion,ebit,Millones de pesos 2018,S&P Capital IQ,4156.418486484868
2003,produccion,ebitda,Millones de pesos 2018,S&P Capital IQ,7090.015417848926
2003,produccion,ebt,Millones de pesos 2018,S&P Capital IQ,6486.731006559085
2003,produccion,ganancia_bruta,Millones de pesos 2018,S&P Capital IQ,5253.088076559998
2003,produccion,impuesto_ganancias,Millones de pesos 2018,S&P Capital IQ,1849.6045175058011
2003,produccion,inventarios,Millones de pesos 2018,S&P Capital IQ,556.2849041685489
2003,produccion,pasivo,Millones de pesos 2018,S&P Capital IQ,34892.646732413225
2003,produccion,patrimonio_neto,Millones de pesos 2018,S&P Capital IQ,18012.971001398833
2003,produccion,patrimonio_neto_total,Millones de pesos 2018,S&P Capital IQ,18117.57470393798
2003,produccion,ppye,Millones de pesos 2018,S&P Capital IQ,449280.37769188907
2003,produccion,ppye_neta,Millones de pesos 2018,S&P Capital IQ,33609.56340558391
2003,produccion,utilidad_neta,Millones de pesos 2018,S&P Capital IQ,5129.707779403024
2003,produccion,utilidad_neta_empresa,Millones de pesos 2018,S&P Capital IQ,5107.588457641733
2003,produccion,utilidad_operativa,Millones de pesos 2018,S&P Capital IQ,4156.418486484868
2003,produccion,ventas,Millones de pesos 2018,S&P Capital IQ,17047.594695035386
2003,produccion,ventas_raw,Millones de pesos 2018,S&P Capital IQ,17047.594695035386
2003,transporte,KTA,Millones de pesos 2018,S&P Capital IQ,70601.42967146252
2003,transporte,activo,Millones de pesos 2018,S&P Capital IQ,190512.61254621897
2003,transporte,activo_corr,Millones de pesos 2018,S&P Capital IQ,33225.024671924315
2003,transporte,cash_st_inv,Millones de pesos 2018,S&P Capital IQ,5482.616977062413
2003,transporte,costo_ventas,Millones de pesos 2018,S&P Capital IQ,14531.735876902854
2003,transporte,depreciacion,Millones de pesos 2018,S&P Capital IQ,3370.639663586574
2003,transporte,deuda_lp,Millones de pesos 2018,S&P Capital IQ,37630.67359350223
2003,transporte,deuda_neta,Millones de pesos 2018,S&P Capital IQ,97132.66822183761
2003,transporte,deuda_total,Millones de pesos 2018,S&P Capital IQ,115120.88672134807
2003,transporte,ebit,Millones de pesos 2018,S&P Capital IQ,18773.564277203583
2003,transporte,ebitda,Millones de pesos 2018,S&P Capital IQ,25748.75457329412
2003,transporte,ebt,Millones de pesos 2018,S&P Capital IQ,2581.3816044059386
2003,transporte,ganancia_bruta,Millones de pesos 2018,S&P Capital IQ,12525.52721368655
2003,transporte,impuesto_ganancias,Millones de pesos 2018,S&P Capital IQ,-4147.708416401979
2003,transporte,inventarios,Millones de pesos 2018,S&P Capital IQ,528.6802763150898
2003,transporte,pasivo,Millones de pesos 2018,S&P Capital IQ,121953.21176294988
2003,transporte,patrimonio_neto,Millones de pesos 2018,S&P Capital IQ,68559.40078326913
2003,transporte,patrimonio_neto_total,Millones de pesos 2018,S&P Capital IQ,68559.40078326913
2003,transporte,ppye,Millones de pesos 2018,S&P Capital IQ,182773.0901879376
2003,transporte,ppye_neta,Millones de pesos 2018,S&P Capital IQ,144924.737441859
2003,transporte,utilidad_neta,Millones de pesos 2018,S&P Capital IQ,13170.236999718883
2003,transporte,utilidad_neta_empresa,Millones de pesos 2018,S&P Capital IQ,7494.079806239091
2003,transporte,utilidad_operativa,Millones de pesos 2018,S&P Capital IQ,18773.564277203583
2003,transporte,ventas,Millones de pesos 2018,S&P Capital IQ,43323.69681195036
2003,transporte,ventas_raw,Millones de pesos 2018,S&P Capital IQ,43323.69681195036
2004,distribucion,KTA,Millones de pesos 2018,S&P Capital IQ,2336059.6902149413
2004,distribucion,activo,Millones de pesos 2018,S&P Capital IQ,4043600.3553358256
2004,distribucion,activo_corr,Millones de pesos 2018,S&P Capital IQ,2967353.132993339
2004,distribucion,cash_st_inv,Millones de pesos 2018,S&P Capital IQ,661044.2739218007
2004,distribucion,depreciacion,Millones de pesos 2018,S&P Capital IQ,135562.58484052555
2004,distribucion,deuda_neta,Millones de pesos 2018,S&P Capital IQ,-661732.7649842412
2004,distribucion,deuda_total,Millones de pesos 2018,S&P Capital IQ,0.0
2004,distribucion,ebit,Millones de pesos 2018,S&P Capital IQ,746684.7896120182
2004,distribucion,ebitda,Millones de pesos 2018,S&P Capital IQ,882247.3744525437
2004,distribucion,ebt,Millones de pesos 2018,S&P Capital IQ,480567.5310970414
2004,distribucion,ganancia_bruta,Millones de pesos 2018,S&P Capital IQ,12751467.965579813
2004,distribucion,impuesto_ganancias,Millones de pesos 2018,S&P Capital IQ,242874.966970688
2004,distribucion,inventarios,Millones de pesos 2018,S&P Capital IQ,598768.1939506545
2004,distribucion,pasivo,Millones de pesos 2018,S&P Capital IQ,3144654.1272737593
2004,distribucion,patrimonio_neto,Millones de pesos 2018,S&P Capital IQ,898946.2280620666
2004,distribucion,patrimonio_neto_total,Millones de pesos 2018,S&P Capital IQ,898946.2280620666
2004,distribucion,ppye,Millones de pesos 2018,S&P Capital IQ,1572763.2928325306
2004,distribucion,ppye_neta,Millones de pesos 2018,S&P Capital IQ,1076247.2223424863
2004,distribucion,utilidad_neta,Millones de pesos 2018,S&P Capital IQ,237692.56412635333
2004,distribucion,utilidad_neta_empresa,Millones de pesos 2018,S&P Capital IQ,237692.56412635333
2004,distribucion,utilidad_operativa,Millones de pesos 2018,S&P Capital IQ,746684.7896120182
2004,distribucion,ventas,Millones de pesos 2018,S&P Capital IQ,12751467.965579813
2004,distribucion,ventas_raw,Millones de pesos 2018,S&P Capital IQ,12751467.965579813
2004,holding,KTA,Millones de pesos 2018,S&P Capital IQ,3929.779433606549
2004,holding,activo,Millones de pesos 2018,S&P Capital IQ,6681.181665584784
2004,holding,activo_corr,Millones de pesos 2018,S&P Capital IQ,736.791111454652
2004,holding,cash_st_inv,Millones de pesos 2018,S&P Capital IQ,377.7395850981718
2004,holding,costo_ventas,Millones de pesos 2018,S&P Capital IQ,1594.8015917968225
2004,holding,deuda_lp,Millones de pesos 2018,S&P Capital IQ,6013.995284588216
2004,holding,deuda_neta,Millones de pesos 2018,S&P Capital IQ,5901.552847117197
2004,holding,deuda_total,Millones de pesos 2018,S&P Capital IQ,6279.292432215369
2004,holding,ebit,Millones de pesos 2018,S&P Capital IQ,35.247319008606205
2004,holding,ebitda,Millones de pesos 2018,S&P Capital IQ,369.32908620601927
2004,holding,ebt,Millones de pesos 2018,S&P Capital IQ,-498.5157456812464
2004,holding,ganancia_bruta,Millones de pesos 2018,S&P Capital IQ,680.1162143556653
2004,holding,impuesto_ganancias,Millones de pesos 2018,S&P Capital IQ,78.3816618745837
2004,holding,inventarios,Millones de pesos 2018,S&P Capital IQ,51.84147761117279
2004,holding,pasivo,Millones de pesos 2018,S&P Capital IQ,17850.289296027746
2004,holding,patrimonio_neto,Millones de pesos 2018,S&P Capital IQ,-11195.83278842466
2004,holding,patrimonio_neto_total,Millones de pesos 2018,S&P Capital IQ,-11169.868426670428
2004,holding,ppye_neta,Millones de pesos 2018,S&P Capital IQ,3500.1983708972043
2004,holding,utilidad_neta,Millones de pesos 2018,S&P Capital IQ,-576.4088309439412
2004,holding,utilidad_neta_empresa,Millones de pesos 2018,S&P Capital IQ,-576.4088309439412
2004,holding,utilidad_operativa,Millones de pesos 2018,S&P Capital IQ,35.247319008606205
2004,holding,ventas,Millones de pesos 2018,S&P Capital IQ,2274.917806152488
2004,holding,ventas_raw,Millones de pesos 2018,S&P Capital IQ,2274.917806152488
2004,integrada,KTA,Millones de pesos 2018,S&P Capital IQ,715026.6042593175
2004,integrada,activo,Millones de pesos 2018,S&P Capital IQ,941200.0357706336
2004,integrada,activo_corr,Millones de pesos 2018,S&P Capital IQ,220613.37144195545
2004,integrada,cash_st_inv,Millones de pesos 2018,S&P Capital IQ,37390.81041555798
2004,integrada,costo_ventas,Millones de pesos 2018,S&P Capital IQ,280123.8391895668
2004,integrada,deuda_lp,Millones de pesos 2018,S&P Capital IQ,151351.1601391284
2004,integrada,deuda_neta,Millones de pesos 2018,S&P Capital IQ,161192.44214473656
2004,integrada,deuda_total,Millones de pesos 2018,S&P Capital IQ,198583.25256029452
2004,integrada,ebit,Millones de pesos 2018,S&P Capital IQ,201495.91398135817
2004,integrada,ebitda,Millones de pesos 2018,S&P Capital IQ,273431.35746034706
2004,integrada,ebt,Millones de pesos 2018,S&P Capital IQ,163185.4021284316
2004,integrada,ganancia_bruta,Millones de pesos 2018,S&P Capital IQ,266665.1321802051
2004,integrada,impuesto_ganancias,Millones de pesos 2018,S&P Capital IQ,54244.07173987665
2004,integrada,inventarios,Millones de pesos 2018,S&P Capital IQ,32701.633356831386
2004,integrada,pasivo,Millones de pesos 2018,S&P Capital IQ,415962.8414625784
2004,integrada,patrimonio_neto,Millones de pesos 2018,S&P Capital IQ,492624.69964118145
2004,integrada,patrimonio_neto_total,Millones de pesos 2018,S&P Capital IQ,525237.1943080552
2004,integrada,ppye,Millones de pesos 2018,S&P Capital IQ,174029.0378298625
2004,integrada,ppye_neta,Millones de pesos 2018,S&P Capital IQ,644934.1604869281
2004,integrada,utilidad_neta,Millones de pesos 2018,S&P Capital IQ,111872.78108478762
2004,integrada,utilidad_neta_empresa,Millones de pesos 2018,S&P Capital IQ,111419.10272131051
2004,integrada,utilidad_operativa,Millones de pesos 2018,S&P Capital IQ,201495.91398135817
2004,integrada,ventas,Millones de pesos 2018,S&P Capital IQ,546788.9713697719
2004,integrada,ventas_raw,Millones de pesos 2018,S&P Capital IQ,546788.9713697719
2004,produccion,KTA,Millones de pesos 2018,S&P Capital IQ,20830.56954031166
2004,produccion,activo,Millones de pesos 2018,S&P Capital IQ,52296.77941032819
2004,produccion,activo_corr,Millones de pesos 2018,S&P Capital IQ,10328.033068095687
2004,produccion,cash_st_inv,Millones de pesos 2018,S&P Capital IQ,4337.432162004662
2004,produccion,costo_ventas,Millones de pesos 2018,S&P Capital IQ,5514.32901114059
2004,produccion,deuda_lp,Millones de pesos 2018,S&P Capital IQ,1557.7379191047944
2004,produccion,deuda_neta,Millones de pesos 2018,S&P Capital IQ,14116.73320542017
2004,produccion,deuda_total,Millones de pesos 2018,S&P Capital IQ,17522.278007066674
2004,produccion,ebit,Millones de pesos 2018,S&P Capital IQ,3127.851852458235
2004,produccion,ebitda,Millones de pesos 2018,S&P Capital IQ,6483.915473090032
2004,produccion,ebt,Millones de pesos 2018,S&P Capital IQ,3312.5631767523737
2004,produccion,ganancia_bruta,Millones de pesos 2018,S&P Capital IQ,3485.6101337375167
2004,produccion,impuesto_ganancias,Millones de pesos 2018,S&P Capital IQ,1654.7365169331583
2004,produccion,inventarios,Millones de pesos 2018,S&P Capital IQ,501.80021944187615
2004,produccion,pasivo,Millones de pesos 2018,S&P Capital IQ,33508.490764136586
2004,produccion,patrimonio_neto,Millones de pesos 2018,S&P Capital IQ,18660.343530467377
2004,produccion,patrimonio_neto_total,Millones de pesos 2018,S&P Capital IQ,18788.288646191606
2004,produccion,ppye,Millones de pesos 2018,S&P Capital IQ,415534.48260938027
2004,produccion,ppye_neta,Millones de pesos 2018,S&P Capital IQ,33947.53126501906
2004,produccion,utilidad_neta,Millones de pesos 2018,S&P Capital IQ,1956.687543520517
2004,produccion,utilidad_neta_empresa,Millones de pesos 2018,S&P Capital IQ,1956.8401539462652
2004,produccion,utilidad_operativa,Millones de pesos 2018,S&P Capital IQ,3127.851852458235
2004,produccion,ventas,Millones de pesos 2018,S&P Capital IQ,12975.249896061227
2004,produccion,ventas_raw,Millones de pesos 2018,S&P Capital IQ,12975.249896061227
2004,transporte,KTA,Millones de pesos 2018,S&P Capital IQ,73533.93406915251
2004,transporte,activo,Millones de pesos 2018,S&P Capital IQ,174467.68565466598
2004,transporte,activo_corr,Millones de pesos 2018,S&P Capital IQ,31479.57254743229
2004,transporte,cash_st_inv,Millones de pesos 2018,S&P Capital IQ,12974.154245375772
2004,transporte,costo_ventas,Millones de pesos 2018,S&P Capital IQ,17181.113709899008
2004,transporte,deuda_lp,Millones de pesos 2018,S&P Capital IQ,67512.54033740607
2004,transporte,deuda_neta,Millones de pesos 2018,S&P Capital IQ,71667.11740011552
2004,transporte,deuda_total,Millones de pesos 2018,S&P Capital IQ,90502.32497408424
2004,transporte,ebit,Millones de pesos 2018,S&P Capital IQ,22270.72187973479
2004,transporte,ebitda,Millones de pesos 2018,S&P Capital IQ,28865.23352872762
2004,transporte,ebt,Millones de pesos 2018,S&P Capital IQ,11802.927711576813
2004,transporte,ganancia_bruta,Millones de pesos 2018,S&P Capital IQ,15865.53370165452
2004,transporte,impuesto_ganancias,Millones de pesos 2018,S&P Capital IQ,3668.5863297402716
2004,transporte,inventarios,Millones de pesos 2018,S&P Capital IQ,765.7567300458829
2004,transporte,pasivo,Millones de pesos 2018,S&P Capital IQ,100843.80112537018
2004,transporte,patrimonio_neto,Millones de pesos 2018,S&P Capital IQ,73623.88452929578
2004,transporte,patrimonio_neto_total,Millones de pesos 2018,S&P Capital IQ,73623.88452929578
2004,transporte,ppye,Millones de pesos 2018,S&P Capital IQ,177461.05549688794
2004,transporte,ppye_neta,Millones de pesos 2018,S&P Capital IQ,135140.68141165967
2004,transporte,utilidad_neta,Millones de pesos 2018,S&P Capital IQ,8199.007997799856
2004,transporte,utilidad_neta_empresa,Millones de pesos 2018,S&P Capital IQ,8134.341381836543
2004,transporte,utilidad_operativa,Millones de pesos 2018,S&P Capital IQ,22270.72187973479
2004,transporte,ventas,Millones de pesos 2018,S&P Capital IQ,50392.585960737335
2004,transporte,ventas_raw,Millones de pesos 2018,S&P Capital IQ,50392.585960737335
2005,distribucion,KTA,Millones de pesos 2018,S&P Capital IQ,1960248.3614843804
2005,distribucion,activo,Millones de pesos 2018,S&P Capital IQ,3148791.7652805075
2005,distribucion,activo_corr,Millones de pesos 2018,S&P Capital IQ,2151256.876686988
2005,distribucion,cash_st_inv,Millones de pesos 2018,S&P Capital IQ,273001.1722867459
2005,distribucion,deuda_neta,Millones de pesos 2018,S&P Capital IQ,-272833.7580203949
2005,distribucion,deuda_total,Millones de pesos 2018,S&P Capital IQ,0.0
2005,distribucion,ebit,Millones de pesos 2018,S&P Capital IQ,909064.9389175243
2005,distribucion,ebitda,Millones de pesos 2018,S&P Capital IQ,1046138.4551181622
2005,distribucion,ebt,Millones de pesos 2018,S&P Capital IQ,806223.9936384668
2005,distribucion,ganancia_bruta,Millones de pesos 2018,S&P Capital IQ,14018659.532568222
2005,distribucion,impuesto_ganancias,Millones de pesos 2018,S&P Capital IQ,289870.7795284359
2005,distribucion,inventarios,Millones de pesos 2018,S&P Capital IQ,715589.6415239152
2005,distribucion,pasivo,Millones de pesos 2018,S&P Capital IQ,1899279.0545571027
2005,distribucion,patrimonio_neto,Millones de pesos 2018,S&P Capital IQ,1249512.7107234045
2005,distribucion,patrimonio_neto_total,Millones de pesos 2018,S&P Capital IQ,1249512.7107234045
2005,distribucion,ppye,Millones de pesos 2018,S&P Capital IQ,1536311.9485559477
2005,distribucion,ppye_neta,Millones de pesos 2018,S&P Capital IQ,971657.5476737195
2005,distribucion,utilidad_neta,Millones de pesos 2018,S&P Capital IQ,516353.21411003097
2005,distribucion,utilidad_neta_empresa,Millones de pesos 2018,S&P Capital IQ,516353.21411003097
2005,distribucion,utilidad_operativa,Millones de pesos 2018,S&P Capital IQ,909064.9389175243
2005,distribucion,ventas,Millones de pesos 2018,S&P Capital IQ,14018659.532568222
2005,distribucion,ventas_raw,Millones de pesos 2018,S&P Capital IQ,14018659.532568222
2005,holding,KTA,Millones de pesos 2018,S&P Capital IQ,3267.8975582963644
2005,holding,activo,Millones de pesos 2018,S&P Capital IQ,7590.241057541232
2005,holding,activo_corr,Millones de pesos 2018,S&P Capital IQ,801.2426850850243
2005,holding,cash_st_inv,Millones de pesos 2018,S&P Capital IQ,438.05277295048853
2005,holding,costo_ventas,Millones de pesos 2018,S&P Capital IQ,1918.2494053420976
2005,holding,deuda_lp,Millones de pesos 2018,S&P Capital IQ,5174.322323845466
2005,holding,deuda_neta,Millones de pesos 2018,S&P Capital IQ,4952.343756102926
2005,holding,deuda_total,Millones de pesos 2018,S&P Capital IQ,5390.396529053413
2005,holding,ebit,Millones de pesos 2018,S&P Capital IQ,41.25096412307598
2005,holding,ebitda,Millones de pesos 2018,S&P Capital IQ,388.23968741606427
2005,holding,ebt,Millones de pesos 2018,S&P Capital IQ,1822.4427679883486
2005,holding,ganancia_bruta,Millones de pesos 2018,S&P Capital IQ,782.7975201858559
2005,holding,impuesto_ganancias,Millones de pesos 2018,S&P Capital IQ,-9.66819471622508
2005,holding,inventarios,Millones de pesos 2018,S&P Capital IQ,42.36499478998004
2005,holding,pasivo,Millones de pesos 2018,S&P Capital IQ,5977.777155540486
2005,holding,patrimonio_neto,Millones de pesos 2018,S&P Capital IQ,1591.6792727010795
2005,holding,patrimonio_neto_total,Millones de pesos 2018,S&P Capital IQ,1612.4639020007467
2005,holding,ppye_neta,Millones de pesos 2018,S&P Capital IQ,2787.4797905558953
2005,holding,utilidad_neta,Millones de pesos 2018,S&P Capital IQ,1836.9251666581015
2005,holding,utilidad_neta_empresa,Millones de pesos 2018,S&P Capital IQ,1832.262152580917
2005,holding,utilidad_operativa,Millones de pesos 2018,S&P Capital IQ,41.25096412307598
2005,holding,ventas,Millones de pesos 2018,S&P Capital IQ,2701.0469255279536
2005,holding,ventas_raw,Millones de pesos 2018,S&P Capital IQ,2701.0469255279536
2005,integrada,KTA,Millones de pesos 2018,S&P Capital IQ,692416.7635455361
2005,integrada,activo,Millones de pesos 2018,S&P Capital IQ,905887.3228978304
2005,integrada,activo_corr,Millones de pesos 2018,S&P Capital IQ,218083.1046254934
2005,integrada,cash_st_inv,Millones de pesos 2018,S&P Capital IQ,30210.826285356794
2005,integrada,costo_ventas,Millones de pesos 2018,S&P Capital IQ,313070.34922006715
2005,integrada,deuda_lp,Millones de pesos 2018,S&P Capital IQ,132098.99861899368
2005,integrada,deuda_neta,Millones de pesos 2018,S&P Capital IQ,144817.12796083532
2005,integrada,deuda_total,Millones de pesos 2018,S&P Capital IQ,175027.95424619218
2005,integrada,ebit,Millones de pesos 2018,S&P Capital IQ,213113.12743497937
2005,integrada,ebitda,Millones de pesos 2018,S&P Capital IQ,284850.3683076085
2005,integrada,ebt,Millones de pesos 2018,S&P Capital IQ,186029.94000297962
2005,integrada,ganancia_bruta,Millones de pesos 2018,S&P Capital IQ,280848.05842972547
2005,integrada,impuesto_ganancias,Millones de pesos 2018,S&P Capital IQ,67095.68168925271
2005,integrada,inventarios,Millones de pesos 2018,S&P Capital IQ,35331.58687413263
2005,integrada,pasivo,Millones de pesos 2018,S&P Capital IQ,398369.37848714145
2005,integrada,patrimonio_neto,Millones de pesos 2018,S&P Capital IQ,496361.7230178354
2005,integrada,patrimonio_neto_total,Millones de pesos 2018,S&P Capital IQ,507517.94441068894
2005,integrada,ppye,Millones de pesos 2018,S&P Capital IQ,1161024.681634693
2005,integrada,ppye_neta,Millones de pesos 2018,S&P Capital IQ,626874.3503860466
2005,integrada,utilidad_neta,Millones de pesos 2018,S&P Capital IQ,178057.44255762326
2005,integrada,utilidad_neta_empresa,Millones de pesos 2018,S&P Capital IQ,118934.25831372692
2005,integrada,utilidad_operativa,Millones de pesos 2018,S&P Capital IQ,213113.12743497937
2005,integrada,ventas,Millones de pesos 2018,S&P Capital IQ,593918.4076497926
2005,integrada,ventas_raw,Millones de pesos 2018,S&P Capital IQ,593918.4076497926
2005,produccion,KTA,Millones de pesos 2018,S&P Capital IQ,12936.42891880046
2005,produccion,activo,Millones de pesos 2018,S&P Capital IQ,46159.1985033329
2005,produccion,activo_corr,Millones de pesos 2018,S&P Capital IQ,7828.692335222011
2005,produccion,cash_st_inv,Millones de pesos 2018,S&P Capital IQ,672.64457097116
2005,produccion,costo_ventas,Millones de pesos 2018,S&P Capital IQ,7312.213522108897
2005,produccion,deuda_lp,Millones de pesos 2018,S&P Capital IQ,7810.706278267763
2005,produccion,deuda_neta,Millones de pesos 2018,S&P Capital IQ,21284.579605822946
2005,produccion,deuda_total,Millones de pesos 2018,S&P Capital IQ,21993.52120568515
2005,produccion,ebit,Millones de pesos 2018,S&P Capital IQ,2909.2687582737344
2005,produccion,ebitda,Millones de pesos 2018,S&P Capital IQ,6040.5502054394
2005,produccion,ebt,Millones de pesos 2018,S&P Capital IQ,2101.617070655141
2005,produccion,ganancia_bruta,Millones de pesos 2018,S&P Capital IQ,3530.5286010675486
2005,produccion,impuesto_ganancias,Millones de pesos 2018,S&P Capital IQ,966.4016942165181
2005,produccion,inventarios,Millones de pesos 2018,S&P Capital IQ,449.35108100677604
2005,produccion,pasivo,Millones de pesos 2018,S&P Capital IQ,28648.13052570552
2005,produccion,patrimonio_neto,Millones de pesos 2018,S&P Capital IQ,17463.10316445751
2005,produccion,patrimonio_neto_total,Millones de pesos 2018,S&P Capital IQ,17511.067977627372
2005,produccion,ppye,Millones de pesos 2018,S&P Capital IQ,434074.09199725976
2005,produccion,ppye_neta,Millones de pesos 2018,S&P Capital IQ,28066.965426436225
2005,produccion,utilidad_neta,Millones de pesos 2018,S&P Capital IQ,1238.2869419899298
2005,produccion,utilidad_neta_empresa,Millones de pesos 2018,S&P Capital IQ,1228.5265214576323
2005,produccion,utilidad_operativa,Millones de pesos 2018,S&P Capital IQ,2909.2687582737344
2005,produccion,ventas,Millones de pesos 2018,S&P Capital IQ,15380.333901216218
2005,produccion,ventas_raw,Millones de pesos 2018,S&P Capital IQ,15380.333901216218
2005,transporte,KTA,Millones de pesos 2018,S&P Capital IQ,65204.819693399404
2005,transporte,activo,Millones de pesos 2018,S&P Capital IQ,157658.3679722815
2005,transporte,activo_corr,Millones de pesos 2018,S&P Capital IQ,29282.5825446018
2005,transporte,cash_st_inv,Millones de pesos 2018,S&P Capital IQ,11072.87598424526
2005,transporte,costo_ventas,Millones de pesos 2018,S&P Capital IQ,20084.556513860818
2005,transporte,deuda_lp,Millones de pesos 2018,S&P Capital IQ,49921.608036104575
2005,transporte,deuda_neta,Millones de pesos 2018,S&P Capital IQ,53520.94622508393
2005,transporte,deuda_total,Millones de pesos 2018,S&P Capital IQ,73683.22965749181
2005,transporte,ebit,Millones de pesos 2018,S&P Capital IQ,21030.320805890926
2005,transporte,ebitda,Millones de pesos 2018,S&P Capital IQ,26906.020922895375
2005,transporte,ebt,Millones de pesos 2018,S&P Capital IQ,12078.614912978477
2005,transporte,ganancia_bruta,Millones de pesos 2018,S&P Capital IQ,15583.64981343504
2005,transporte,impuesto_ganancias,Millones de pesos 2018,S&P Capital IQ,3468.689649967976
2005,transporte,inventarios,Millones de pesos 2018,S&P Capital IQ,929.1493203694233
2005,transporte,pasivo,Millones de pesos 2018,S&P Capital IQ,85692.70305285093
2005,transporte,patrimonio_neto,Millones de pesos 2018,S&P Capital IQ,71965.66491943056
2005,transporte,patrimonio_neto_total,Millones de pesos 2018,S&P Capital IQ,71965.66491943056
2005,transporte,ppye,Millones de pesos 2018,S&P Capital IQ,165470.1419852985
2005,transporte,ppye_neta,Millones de pesos 2018,S&P Capital IQ,121114.10384325612
2005,transporte,utilidad_neta,Millones de pesos 2018,S&P Capital IQ,9460.038086243972
2005,transporte,utilidad_neta_empresa,Millones de pesos 2018,S&P Capital IQ,8614.759360368613
2005,transporte,utilidad_operativa,Millones de pesos 2018,S&P Capital IQ,21030.320805890926
2005,transporte,ventas,Millones de pesos 2018,S&P Capital IQ,52613.21753041147
2005,transporte,ventas_raw,Millones de pesos 2018,S&P Capital IQ,52613.21753041147
2006,distribucion,activo,Millones de pesos 2018,S&P Capital IQ,3836041.048526721
2006,distribucion,activo_corr,Millones de pesos 2018,S&P Capital IQ,2812369.6616334417
2006,distribucion,depreciacion,Millones de pesos 2018,S&P Capital IQ,122728.05614186235
2006,distribucion,deuda_neta,Millones de pesos 2018,S&P Capital IQ,288250.202954332
2006,distribucion,deuda_total,Millones de pesos 2018,S&P Capital IQ,288250.202954332
2006,distribucion,ebit,Millones de pesos 2018,S&P Capital IQ,508391.50103854254
2006,distribucion,ebitda,Millones de pesos 2018,S&P Capital IQ,631119.5571804049
2006,distribucion,ebt,Millones de pesos 2018,S&P Capital IQ,411738.85158631584
2006,distribucion,ganancia_bruta,Millones de pesos 2018,S&P Capital IQ,12851731.30558227
2006,distribucion,impuesto_ganancias,Millones de pesos 2018,S&P Capital IQ,258199.62419368423
2006,distribucion,inventarios,Millones de pesos 2018,S&P Capital IQ,1460854.2098944131
2006,distribucion,pasivo,Millones de pesos 2018,S&P Capital IQ,2672793.7642953037
2006,distribucion,patrimonio_neto,Millones de pesos 2018,S&P Capital IQ,1163247.284231417
2006,distribucion,patrimonio_neto_total,Millones de pesos 2018,S&P Capital IQ,1163247.284231417
2006,distribucion,ppye,Millones de pesos 2018,S&P Capital IQ,1627151.2999987046
2006,distribucion,ppye_neta,Millones de pesos 2018,S&P Capital IQ,1023671.3868932796
2006,distribucion,utilidad_neta,Millones de pesos 2018,S&P Capital IQ,153539.2273926316
2006,distribucion,utilidad_neta_empresa,Millones de pesos 2018,S&P Capital IQ,153539.2273926316
2006,distribucion,utilidad_operativa,Millones de pesos 2018,S&P Capital IQ,508391.50103854254
2006,distribucion,ventas,Millones de pesos 2018,S&P Capital IQ,12851731.30558227
2006,distribucion,ventas_raw,Millones de pesos 2018,S&P Capital IQ,12851731.30558227
2006,holding,KTA,Millones de pesos 2018,S&P Capital IQ,2581.0060366195144
2006,holding,activo,Millones de pesos 2018,S&P Capital IQ,6556.364668053765
2006,holding,activo_corr,Millones de pesos 2018,S&P Capital IQ,700.0751593508503
2006,holding,cash_st_inv,Millones de pesos 2018,S&P Capital IQ,317.00920956194335
2006,holding,costo_ventas,Millones de pesos 2018,S&P Capital IQ,1664.9226100741703
2006,holding,deuda_lp,Millones de pesos 2018,S&P Capital IQ,4508.031688949878
2006,holding,deuda_neta,Millones de pesos 2018,S&P Capital IQ,4629.195507706398
2006,holding,deuda_total,Millones de pesos 2018,S&P Capital IQ,4946.204717268341
2006,holding,ebit,Millones de pesos 2018,S&P Capital IQ,-70.5600218011151
2006,holding,ebitda,Millones de pesos 2018,S&P Capital IQ,250.59369929246964
2006,holding,ebt,Millones de pesos 2018,S&P Capital IQ,-2998.800926547391
2006,holding,ganancia_bruta,Millones de pesos 2018,S&P Capital IQ,766.2180043880163
2006,holding,impuesto_ganancias,Millones de pesos 2018,S&P Capital IQ,69.4004770231579
2006,holding,inventarios,Millones de pesos 2018,S&P Capital IQ,21.641008964210528
2006,holding,pasivo,Millones de pesos 2018,S&P Capital IQ,17157.14402532413
2006,holding,patrimonio_neto,Millones de pesos 2018,S&P Capital IQ,-10614.87327970525
2006,holding,patrimonio_neto_total,Millones de pesos 2018,S&P Capital IQ,-10601.643275617542
2006,holding,ppye_neta,Millones de pesos 2018,S&P Capital IQ,2242.35581809336
2006,holding,utilidad_neta,Millones de pesos 2018,S&P Capital IQ,-3060.540945623367
2006,holding,utilidad_neta_empresa,Millones de pesos 2018,S&P Capital IQ,-3069.3609483485066
2006,holding,utilidad_operativa,Millones de pesos 2018,S&P Capital IQ,-70.5600218011151
2006,holding,ventas,Millones de pesos 2018,S&P Capital IQ,2431.140614462186
2006,holding,ventas_raw,Millones de pesos 2018,S&P Capital IQ,2431.140614462186
2006,integrada,KTA,Millones de pesos 2018,S&P Capital IQ,642982.8617926711
2006,integrada,activo,Millones de pesos 2018,S&P Capital IQ,904827.6605399202
2006,integrada,activo_corr,Millones de pesos 2018,S&P Capital IQ,251578.56546577893
2006,integrada,cash_st_inv,Millones de pesos 2018,S&P Capital IQ,42139.79796982072
2006,integrada,costo_ventas,Millones de pesos 2018,S&P Capital IQ,374148.1227001286
2006,integrada,deuda_lp,Millones de pesos 2018,S&P Capital IQ,107511.08284491174
2006,integrada,deuda_neta,Millones de pesos 2018,S&P Capital IQ,129060.46356190575
2006,integrada,deuda_total,Millones de pesos 2018,S&P Capital IQ,171200.26153172652
2006,integrada,ebit,Millones de pesos 2018,S&P Capital IQ,167809.14441565413
2006,integrada,ebitda,Millones de pesos 2018,S&P Capital IQ,247562.1875647236
2006,integrada,ebt,Millones de pesos 2018,S&P Capital IQ,168864.56073741242
2006,integrada,ganancia_bruta,Millones de pesos 2018,S&P Capital IQ,239056.93531913386
2006,integrada,impuesto_ganancias,Millones de pesos 2018,S&P Capital IQ,59783.58428217437
2006,integrada,inventarios,Millones de pesos 2018,S&P Capital IQ,38328.259106996426
2006,integrada,pasivo,Millones de pesos 2018,S&P Capital IQ,401548.5044831894
2006,integrada,patrimonio_neto,Millones de pesos 2018,S&P Capital IQ,492214.68794571876
2006,integrada,patrimonio_neto_total,Millones de pesos 2018,S&P Capital IQ,503279.1560567309
2006,integrada,ppye,Millones de pesos 2018,S&P Capital IQ,1228625.035663859
2006,integrada,ppye_neta,Millones de pesos 2018,S&P Capital IQ,562514.804715854
2006,integrada,utilidad_neta,Millones de pesos 2018,S&P Capital IQ,166024.9576024445
2006,integrada,utilidad_neta_empresa,Millones de pesos 2018,S&P Capital IQ,109080.97645523804
2006,integrada,utilidad_operativa,Millones de pesos 2018,S&P Capital IQ,167809.14441565413
2006,integrada,ventas,Millones de pesos 2018,S&P Capital IQ,613205.0580192625
2006,integrada,ventas_raw,Millones de pesos 2018,S&P Capital IQ,613205.0580192625
2006,produccion,KTA,Millones de pesos 2018,S&P Capital IQ,23245.866379876185
2006,produccion,activo,Millones de pesos 2018,S&P Capital IQ,54807.386403699675
2006,produccion,activo_corr,Millones de pesos 2018,S&P Capital IQ,13033.138283040616
2006,produccion,cash_st_inv,Millones de pesos 2018,S&P Capital IQ,3951.0972378369197
2006,produccion,costo_ventas,Millones de pesos 2018,S&P Capital IQ,12061.085553105579
2006,produccion,deuda_lp,Millones de pesos 2018,S&P Capital IQ,18116.041935038134
2006,produccion,deuda_neta,Millones de pesos 2018,S&P Capital IQ,17778.068285045196
2006,produccion,deuda_total,Millones de pesos 2018,S&P Capital IQ,22368.42161149936
2006,produccion,ebit,Millones de pesos 2018,S&P Capital IQ,5742.057701197358
2006,produccion,ebitda,Millones de pesos 2018,S&P Capital IQ,10748.420146852055
2006,produccion,ebt,Millones de pesos 2018,S&P Capital IQ,6514.407143021848
2006,produccion,ganancia_bruta,Millones de pesos 2018,S&P Capital IQ,7182.10626230374
2006,produccion,impuesto_ganancias,Millones de pesos 2018,S&P Capital IQ,1804.2308649668776
2006,produccion,inventarios,Millones de pesos 2018,S&P Capital IQ,1168.5778608236574
2006,produccion,pasivo,Millones de pesos 2018,S&P Capital IQ,30668.058397444307
2006,produccion,patrimonio_neto,Millones de pesos 2018,S&P Capital IQ,24071.951049690688
2006,produccion,patrimonio_neto_total,Millones de pesos 2018,S&P Capital IQ,24139.328006255368
2006,produccion,ppye,Millones de pesos 2018,S&P Capital IQ,412427.69006793527
2006,produccion,ppye_neta,Millones de pesos 2018,S&P Capital IQ,32879.818937732685
2006,produccion,utilidad_neta,Millones de pesos 2018,S&P Capital IQ,4705.979500913205
2006,produccion,utilidad_neta_empresa,Millones de pesos 2018,S&P Capital IQ,4710.176278055014
2006,produccion,utilidad_operativa,Millones de pesos 2018,S&P Capital IQ,5742.057701197358
2006,produccion,ventas,Millones de pesos 2018,S&P Capital IQ,24047.000358365578
2006,produccion,ventas_raw,Millones de pesos 2018,S&P Capital IQ,24047.000358365578
2006,transporte,KTA,Millones de pesos 2018,S&P Capital IQ,54244.48054094672
2006,transporte,activo,Millones de pesos 2018,S&P Capital IQ,137131.6831433264
2006,transporte,activo_corr,Millones de pesos 2018,S&P Capital IQ,23607.456268811904
2006,transporte,cash_st_inv,Millones de pesos 2018,S&P Capital IQ,7038.6520607992725
2006,transporte,costo_ventas,Millones de pesos 2018,S&P Capital IQ,19958.320061631257
2006,transporte,deuda_lp,Millones de pesos 2018,S&P Capital IQ,44039.12317372931
2006,transporte,deuda_neta,Millones de pesos 2018,S&P Capital IQ,33167.12881661122
2006,transporte,deuda_total,Millones de pesos 2018,S&P Capital IQ,47246.95787782081
2006,transporte,ebit,Millones de pesos 2018,S&P Capital IQ,23971.62221276138
2006,transporte,ebitda,Millones de pesos 2018,S&P Capital IQ,29471.82527887215
2006,transporte,ebt,Millones de pesos 2018,S&P Capital IQ,22256.543550744293
2006,transporte,ganancia_bruta,Millones de pesos 2018,S&P Capital IQ,17648.47242314089
2006,transporte,impuesto_ganancias,Millones de pesos 2018,S&P Capital IQ,5482.307616390365
2006,transporte,inventarios,Millones de pesos 2018,S&P Capital IQ,899.0059725218624
2006,transporte,pasivo,Millones de pesos 2018,S&P Capital IQ,58812.61338741789
2006,transporte,patrimonio_neto,Millones de pesos 2018,S&P Capital IQ,78319.0410543051
2006,transporte,patrimonio_neto_total,Millones de pesos 2018,S&P Capital IQ,78319.06975590851
2006,transporte,ppye,Millones de pesos 2018,S&P Capital IQ,152040.0995946022
2006,transporte,ppye_neta,Millones de pesos 2018,S&P Capital IQ,106696.8329655469
2006,transporte,utilidad_neta,Millones de pesos 2018,S&P Capital IQ,17456.745712423486
2006,transporte,utilidad_neta_empresa,Millones de pesos 2018,S&P Capital IQ,16774.23593435393
2006,transporte,utilidad_operativa,Millones de pesos 2018,S&P Capital IQ,23971.62221276138
2006,transporte,ventas,Millones de pesos 2018,S&P Capital IQ,56399.19601305571
2006,transporte,ventas_raw,Millones de pesos 2018,S&P Capital IQ,56399.19601305571
2007,distribucion,activo,Millones de pesos 2018,S&P Capital IQ,4455693.671309865
2007,distribucion,activo_corr,Millones de pesos 2018,S&P Capital IQ,3233021.6726019387
2007,distribucion,depreciacion,Millones de pesos 2018,S&P Capital IQ,105674.29273175463
2007,distribucion,deuda_neta,Millones de pesos 2018,S&P Capital IQ,101321.43066774696
2007,distribucion,deuda_total,Millones de pesos 2018,S&P Capital IQ,101321.43066774696
2007,distribucion,ebit,Millones de pesos 2018,S&P Capital IQ,773172.3651593793
2007,distribucion,ebitda,Millones de pesos 2018,S&P Capital IQ,878846.6578911338
2007,distribucion,ebt,Millones de pesos 2018,S&P Capital IQ,650403.8881704282
2007,distribucion,ganancia_bruta,Millones de pesos 2018,S&P Capital IQ,15973036.738115365
2007,distribucion,impuesto_ganancias,Millones de pesos 2018,S&P Capital IQ,266742.87965999165
2007,distribucion,inventarios,Millones de pesos 2018,S&P Capital IQ,1529948.5268589978
2007,distribucion,pasivo,Millones de pesos 2018,S&P Capital IQ,3094123.4939122484
2007,distribucion,patrimonio_neto,Millones de pesos 2018,S&P Capital IQ,1361570.1773976167
2007,distribucion,patrimonio_neto_total,Millones de pesos 2018,S&P Capital IQ,1361570.1773976167
2007,distribucion,ppye,Millones de pesos 2018,S&P Capital IQ,1841374.8681148232
2007,distribucion,ppye_neta,Millones de pesos 2018,S&P Capital IQ,1222671.998707926
2007,distribucion,utilidad_neta,Millones de pesos 2018,S&P Capital IQ,383661.0085104367
2007,distribucion,utilidad_neta_empresa,Millones de pesos 2018,S&P Capital IQ,383661.0085104367
2007,distribucion,utilidad_operativa,Millones de pesos 2018,S&P Capital IQ,773172.3651593793
2007,distribucion,ventas,Millones de pesos 2018,S&P Capital IQ,15973036.738115365
2007,distribucion,ventas_raw,Millones de pesos 2018,S&P Capital IQ,15973036.738115365
2007,holding,KTA,Millones de pesos 2018,S&P Capital IQ,2484.4943748720143
2007,holding,activo,Millones de pesos 2018,S&P Capital IQ,5743.861649937159
2007,holding,activo_corr,Millones de pesos 2018,S&P Capital IQ,1262.1142590430159
2007,holding,cash_st_inv,Millones de pesos 2018,S&P Capital IQ,969.1019202795377
2007,holding,costo_ventas,Millones de pesos 2018,S&P Capital IQ,1276.7972369090708
2007,holding,deuda_lp,Millones de pesos 2018,S&P Capital IQ,4068.6442832918774
2007,holding,deuda_neta,Millones de pesos 2018,S&P Capital IQ,3130.672306577969
2007,holding,deuda_total,Millones de pesos 2018,S&P Capital IQ,4099.774226857507
2007,holding,ebit,Millones de pesos 2018,S&P Capital IQ,41.739251686650775
2007,holding,ebitda,Millones de pesos 2018,S&P Capital IQ,218.0745822387981
2007,holding,ebt,Millones de pesos 2018,S&P Capital IQ,9.682897244425217
2007,holding,ganancia_bruta,Millones de pesos 2018,S&P Capital IQ,642.104261960921
2007,holding,impuesto_ganancias,Millones de pesos 2018,S&P Capital IQ,172.2108985673004
2007,holding,inventarios,Millones de pesos 2018,S&P Capital IQ,34.81020595210796
2007,holding,pasivo,Millones de pesos 2018,S&P Capital IQ,15249.890560292188
2007,holding,patrimonio_neto,Millones de pesos 2018,S&P Capital IQ,-9518.110337231901
2007,holding,patrimonio_neto_total,Millones de pesos 2018,S&P Capital IQ,-9506.117758058574
2007,holding,ppye_neta,Millones de pesos 2018,S&P Capital IQ,1480.5822486403686
2007,holding,utilidad_neta,Millones de pesos 2018,S&P Capital IQ,-159.90105564438304
2007,holding,utilidad_neta_empresa,Millones de pesos 2018,S&P Capital IQ,-163.89858203549258
2007,holding,utilidad_operativa,Millones de pesos 2018,S&P Capital IQ,41.739251686650775
2007,holding,ventas,Millones de pesos 2018,S&P Capital IQ,1918.9014988699917
2007,holding,ventas_raw,Millones de pesos 2018,S&P Capital IQ,1918.9014988699917
2007,integrada,KTA,Millones de pesos 2018,S&P Capital IQ,630373.6263432973
2007,integrada,activo,Millones de pesos 2018,S&P Capital IQ,857021.6837376179
2007,integrada,activo_corr,Millones de pesos 2018,S&P Capital IQ,237731.0515921742
2007,integrada,cash_st_inv,Millones de pesos 2018,S&P Capital IQ,32082.764576186128
2007,integrada,costo_ventas,Millones de pesos 2018,S&P Capital IQ,403576.201756306
2007,integrada,deuda_lp,Millones de pesos 2018,S&P Capital IQ,113422.63110556
2007,integrada,deuda_neta,Millones de pesos 2018,S&P Capital IQ,121166.7482564798
2007,integrada,deuda_total,Millones de pesos 2018,S&P Capital IQ,153249.51283266593
2007,integrada,ebit,Millones de pesos 2018,S&P Capital IQ,137466.9622877899
2007,integrada,ebitda,Millones de pesos 2018,S&P Capital IQ,215788.68186556123
2007,integrada,ebt,Millones de pesos 2018,S&P Capital IQ,132308.01650308492
2007,integrada,ganancia_bruta,Millones de pesos 2018,S&P Capital IQ,206733.2364514087
2007,integrada,impuesto_ganancias,Millones de pesos 2018,S&P Capital IQ,47766.770321459386
2007,integrada,inventarios,Millones de pesos 2018,S&P Capital IQ,47697.20558304166
2007,integrada,pasivo,Millones de pesos 2018,S&P Capital IQ,387548.8616299089
2007,integrada,patrimonio_neto,Millones de pesos 2018,S&P Capital IQ,459104.63462580147
2007,integrada,patrimonio_neto_total,Millones de pesos 2018,S&P Capital IQ,469472.82210770895
2007,integrada,ppye,Millones de pesos 2018,S&P Capital IQ,1252996.9754490394
2007,integrada,ppye_neta,Millones de pesos 2018,S&P Capital IQ,550593.6561840693
2007,integrada,utilidad_neta,Millones de pesos 2018,S&P Capital IQ,103018.70147373968
2007,integrada,utilidad_neta_empresa,Millones de pesos 2018,S&P Capital IQ,84541.24618162552
2007,integrada,utilidad_operativa,Millones de pesos 2018,S&P Capital IQ,137466.9622877899
2007,integrada,ventas,Millones de pesos 2018,S&P Capital IQ,610309.4382077148
2007,integrada,ventas_raw,Millones de pesos 2018,S&P Capital IQ,610309.4382077148
2007,produccion,KTA,Millones de pesos 2018,S&P Capital IQ,32595.273169858156
2007,produccion,activo,Millones de pesos 2018,S&P Capital IQ,63329.39539131201
2007,produccion,activo_corr,Millones de pesos 2018,S&P Capital IQ,15123.108198782556
2007,produccion,cash_st_inv,Millones de pesos 2018,S&P Capital IQ,5128.437868935334
2007,produccion,costo_ventas,Millones de pesos 2018,S&P Capital IQ,14841.64618585041
2007,produccion,depreciacion,Millones de pesos 2018,S&P Capital IQ,586.9130167236925
2007,produccion,deuda_lp,Millones de pesos 2018,S&P Capital IQ,13376.773162600526
2007,produccion,deuda_neta,Millones de pesos 2018,S&P Capital IQ,13097.154935728635
2007,produccion,deuda_total,Millones de pesos 2018,S&P Capital IQ,19437.992683433968
2007,produccion,ebit,Millones de pesos 2018,S&P Capital IQ,6882.347291218392
2007,produccion,ebitda,Millones de pesos 2018,S&P Capital IQ,12192.782802816688
2007,produccion,ebt,Millones de pesos 2018,S&P Capital IQ,7507.205907083929
2007,produccion,ganancia_bruta,Millones de pesos 2018,S&P Capital IQ,9762.198421564428
2007,produccion,impuesto_ganancias,Millones de pesos 2018,S&P Capital IQ,3035.321403667998
2007,produccion,inventarios,Millones de pesos 2018,S&P Capital IQ,978.0290439168106
2007,produccion,pasivo,Millones de pesos 2018,S&P Capital IQ,42328.03133246094
2007,produccion,patrimonio_neto,Millones de pesos 2018,S&P Capital IQ,21289.796805996986
2007,produccion,patrimonio_neto_total,Millones de pesos 2018,S&P Capital IQ,21355.1261081114
2007,produccion,ppye,Millones de pesos 2018,S&P Capital IQ,369779.62986383657
2007,produccion,ppye_neta,Millones de pesos 2018,S&P Capital IQ,39130.25545658884
2007,produccion,utilidad_neta,Millones de pesos 2018,S&P Capital IQ,4453.523585557564
2007,produccion,utilidad_neta_empresa,Millones de pesos 2018,S&P Capital IQ,4471.884503433668
2007,produccion,utilidad_operativa,Millones de pesos 2018,S&P Capital IQ,6882.347291218392
2007,produccion,ventas,Millones de pesos 2018,S&P Capital IQ,29522.28425530182
2007,produccion,ventas_raw,Millones de pesos 2018,S&P Capital IQ,29522.28425530182
2007,transporte,KTA,Millones de pesos 2018,S&P Capital IQ,47435.90445356138
2007,transporte,activo,Millones de pesos 2018,S&P Capital IQ,121261.06689656911
2007,transporte,activo_corr,Millones de pesos 2018,S&P Capital IQ,23280.52766102778
2007,transporte,cash_st_inv,Millones de pesos 2018,S&P Capital IQ,6447.730867191159
2007,transporte,costo_ventas,Millones de pesos 2018,S&P Capital IQ,18997.19717500465
2007,transporte,deuda_lp,Millones de pesos 2018,S&P Capital IQ,33298.811023900795
2007,transporte,deuda_neta,Millones de pesos 2018,S&P Capital IQ,23299.843402041006
2007,transporte,deuda_total,Millones de pesos 2018,S&P Capital IQ,35000.577041968536
2007,transporte,ebit,Millones de pesos 2018,S&P Capital IQ,21766.556549150082
2007,transporte,ebitda,Millones de pesos 2018,S&P Capital IQ,26724.085723256212
2007,transporte,ebt,Millones de pesos 2018,S&P Capital IQ,18480.81829050182
2007,transporte,ganancia_bruta,Millones de pesos 2018,S&P Capital IQ,17206.12768654501
2007,transporte,impuesto_ganancias,Millones de pesos 2018,S&P Capital IQ,7230.68765407459
2007,transporte,inventarios,Millones de pesos 2018,S&P Capital IQ,1288.3837181465024
2007,transporte,pasivo,Millones de pesos 2018,S&P Capital IQ,48965.42150138195
2007,transporte,patrimonio_neto,Millones de pesos 2018,S&P Capital IQ,72295.6327046272
2007,transporte,patrimonio_neto_total,Millones de pesos 2018,S&P Capital IQ,72295.64539518715
2007,transporte,ppye,Millones de pesos 2018,S&P Capital IQ,137673.5142730701
2007,transporte,ppye_neta,Millones de pesos 2018,S&P Capital IQ,92674.98414527383
2007,transporte,utilidad_neta,Millones de pesos 2018,S&P Capital IQ,12164.460099948
2007,transporte,utilidad_neta_empresa,Millones de pesos 2018,S&P Capital IQ,11250.13063642723
2007,transporte,utilidad_operativa,Millones de pesos 2018,S&P Capital IQ,21766.556549150082
2007,transporte,ventas,Millones de pesos 2018,S&P Capital IQ,52158.82324580946
2007,transporte,ventas_raw,Millones de pesos 2018,S&P Capital IQ,52158.82324580946
2008,holding,KTA,Millones de pesos 2018,S&P Capital IQ,3336.7959439612337
2008,holding,activo,Millones de pesos 2018,S&P Capital IQ,5499.716290510038
2008,holding,activo_corr,Millones de pesos 2018,S&P Capital IQ,1307.3921372907184
2008,holding,cash_st_inv,Millones de pesos 2018,S&P Capital IQ,1024.7340110165724
2008,holding,costo_ventas,Millones de pesos 2018,S&P Capital IQ,1192.4497421137812
2008,holding,depreciacion,Millones de pesos 2018,S&P Capital IQ,198.56226332825412
2008,holding,deuda_lp,Millones de pesos 2018,S&P Capital IQ,4231.697200901012
2008,holding,deuda_neta,Millones de pesos 2018,S&P Capital IQ,3214.982667401736
2008,holding,deuda_total,Millones de pesos 2018,S&P Capital IQ,4239.716678418308
2008,holding,ebit,Millones de pesos 2018,S&P Capital IQ,-25.00421350388171
2008,holding,ebitda,Millones de pesos 2018,S&P Capital IQ,172.66193787561875
2008,holding,ebt,Millones de pesos 2018,S&P Capital IQ,-1378.803773214049
2008,holding,ganancia_bruta,Millones de pesos 2018,S&P Capital IQ,566.3510238408466
2008,holding,impuesto_ganancias,Millones de pesos 2018,S&P Capital IQ,7.429657880540229
2008,holding,inventarios,Millones de pesos 2018,S&P Capital IQ,44.05021392403865
2008,holding,pasivo,Millones de pesos 2018,S&P Capital IQ,14628.644544544244
2008,holding,patrimonio_neto,Millones de pesos 2018,S&P Capital IQ,-9137.25402041849
2008,holding,patrimonio_neto_total,Millones de pesos 2018,S&P Capital IQ,-9130.109959417381
2008,holding,ppye_neta,Millones de pesos 2018,S&P Capital IQ,2268.0117190206233
2008,holding,utilidad_neta,Millones de pesos 2018,S&P Capital IQ,-1378.803773214049
2008,holding,utilidad_neta_empresa,Millones de pesos 2018,S&P Capital IQ,-1385.9478342151576
2008,holding,utilidad_operativa,Millones de pesos 2018,S&P Capital IQ,-25.00421350388171
2008,holding,ventas,Millones de pesos 2018,S&P Capital IQ,1758.8007659546276
2008,holding,ventas_raw,Millones de pesos 2018,S&P Capital IQ,1758.8007659546276
2008,integrada,KTA,Millones de pesos 2018,S&P Capital IQ,608867.3151311671
2008,integrada,activo,Millones de pesos 2018,S&P Capital IQ,757511.5852596198
2008,integrada,activo_corr,Millones de pesos 2018,S&P Capital IQ,180135.11724334338
2008,integrada,cash_st_inv,Millones de pesos 2018,S&P Capital IQ,34605.27675114642
2008,integrada,costo_ventas,Millones de pesos 2018,S&P Capital IQ,384479.50648805575
2008,integrada,depreciacion,Millones de pesos 2018,S&P Capital IQ,72.97414109353211
2008,integrada,deuda_lp,Millones de pesos 2018,S&P Capital IQ,105660.99863993091
2008,integrada,deuda_neta,Millones de pesos 2018,S&P Capital IQ,150774.12628302243
2008,integrada,deuda_total,Millones de pesos 2018,S&P Capital IQ,185379.40303416885
2008,integrada,ebit,Millones de pesos 2018,S&P Capital IQ,112040.83225470834
2008,integrada,ebitda,Millones de pesos 2018,S&P Capital IQ,183728.94498521666
2008,integrada,ebt,Millones de pesos 2018,S&P Capital IQ,93795.87908596525
2008,integrada,ganancia_bruta,Millones de pesos 2018,S&P Capital IQ,196420.3954760863
2008,integrada,impuesto_ganancias,Millones de pesos 2018,S&P Capital IQ,34565.05759167423
2008,integrada,inventarios,Millones de pesos 2018,S&P Capital IQ,54400.52288380089
2008,integrada,pasivo,Millones de pesos 2018,S&P Capital IQ,418224.1234542363
2008,integrada,patrimonio_neto,Millones de pesos 2018,S&P Capital IQ,330160.779005054
2008,integrada,patrimonio_neto_total,Millones de pesos 2018,S&P Capital IQ,339287.4618053833
2008,integrada,ppye,Millones de pesos 2018,S&P Capital IQ,1149959.845303944
2008,integrada,ppye_neta,Millones de pesos 2018,S&P Capital IQ,519861.5154962198
2008,integrada,utilidad_neta,Millones de pesos 2018,S&P Capital IQ,81861.26966245464
2008,integrada,utilidad_neta_empresa,Millones de pesos 2018,S&P Capital IQ,59230.82149429101
2008,integrada,utilidad_operativa,Millones de pesos 2018,S&P Capital IQ,112040.83225470834
2008,integrada,ventas,Millones de pesos 2018,S&P Capital IQ,580899.9019641421
2008,integrada,ventas_raw,Millones de pesos 2018,S&P Capital IQ,580899.9019641421
2008,produccion,KTA,Millones de pesos 2018,S&P Capital IQ,15147.088854983129
2008,produccion,activo,Millones de pesos 2018,S&P Capital IQ,37681.685651277585
2008,produccion,activo_corr,Millones de pesos 2018,S&P Capital IQ,7864.512476070389
2008,produccion,cash_st_inv,Millones de pesos 2018,S&P Capital IQ,1579.2044945207963
2008,produccion,costo_ventas,Millones de pesos 2018,S&P Capital IQ,5401.424120813341
2008,produccion,depreciacion,Millones de pesos 2018,S&P Capital IQ,627.7957431927239
2008,produccion,deuda_lp,Millones de pesos 2018,S&P Capital IQ,11686.370377358093
2008,produccion,deuda_neta,Millones de pesos 2018,S&P Capital IQ,10317.501018547004
2008,produccion,deuda_total,Millones de pesos 2018,S&P Capital IQ,13672.476424743625
2008,produccion,ebit,Millones de pesos 2018,S&P Capital IQ,3137.722451880246
2008,produccion,ebitda,Millones de pesos 2018,S&P Capital IQ,6049.5394402268885
2008,produccion,ebt,Millones de pesos 2018,S&P Capital IQ,1428.2358331473258
2008,produccion,ganancia_bruta,Millones de pesos 2018,S&P Capital IQ,4188.902361161387
2008,produccion,impuesto_ganancias,Millones de pesos 2018,S&P Capital IQ,599.3571341121379
2008,produccion,inventarios,Millones de pesos 2018,S&P Capital IQ,917.6378415929779
2008,produccion,pasivo,Millones de pesos 2018,S&P Capital IQ,29530.125559466767
2008,produccion,patrimonio_neto,Millones de pesos 2018,S&P Capital IQ,8109.822643471949
2008,produccion,patrimonio_neto_total,Millones de pesos 2018,S&P Capital IQ,8151.560091810815
2008,produccion,ppye,Millones de pesos 2018,S&P Capital IQ,350557.27717604936
2008,produccion,ppye_neta,Millones de pesos 2018,S&P Capital IQ,22924.568187004523
2008,produccion,utilidad_neta,Millones de pesos 2018,S&P Capital IQ,853.6391514800949
2008,produccion,utilidad_neta_empresa,Millones de pesos 2018,S&P Capital IQ,828.8786990351878
2008,produccion,utilidad_operativa,Millones de pesos 2018,S&P Capital IQ,3137.722451880246
2008,produccion,ventas,Millones de pesos 2018,S&P Capital IQ,15501.500216393977
2008,produccion,ventas_raw,Millones de pesos 2018,S&P Capital IQ,15501.500216393977
2008,transporte,KTA,Millones de pesos 2018,S&P Capital IQ,35461.97436578995
2008,transporte,activo,Millones de pesos 2018,S&P Capital IQ,95106.09853920632
2008,transporte,activo_corr,Millones de pesos 2018,S&P Capital IQ,17184.571028005186
2008,transporte,cash_st_inv,Millones de pesos 2018,S&P Capital IQ,3561.631050407443
2008,transporte,costo_ventas,Millones de pesos 2018,S&P Capital IQ,20104.892222139148
2008,transporte,deuda_lp,Millones de pesos 2018,S&P Capital IQ,14470.914356420182
2008,transporte,deuda_neta,Millones de pesos 2018,S&P Capital IQ,19315.992936408635
2008,transporte,deuda_total,Millones de pesos 2018,S&P Capital IQ,29119.260946374663
2008,transporte,ebit,Millones de pesos 2018,S&P Capital IQ,11818.661013335353
2008,transporte,ebitda,Millones de pesos 2018,S&P Capital IQ,15967.05912518574
2008,transporte,ebt,Millones de pesos 2018,S&P Capital IQ,8944.074640891786
2008,transporte,ganancia_bruta,Millones de pesos 2018,S&P Capital IQ,8680.25142158264
2008,transporte,impuesto_ganancias,Millones de pesos 2018,S&P Capital IQ,3763.101021067776
2008,transporte,inventarios,Millones de pesos 2018,S&P Capital IQ,613.3089450969629
2008,transporte,pasivo,Millones de pesos 2018,S&P Capital IQ,39063.009507017865
2008,transporte,patrimonio_neto,Millones de pesos 2018,S&P Capital IQ,56043.078684475535
2008,transporte,patrimonio_neto_total,Millones de pesos 2018,S&P Capital IQ,56043.089032188465
2008,transporte,ppye,Millones de pesos 2018,S&P Capital IQ,115509.8016674964
2008,transporte,ppye_neta,Millones de pesos 2018,S&P Capital IQ,74404.15362897623
2008,transporte,utilidad_neta,Millones de pesos 2018,S&P Capital IQ,5528.292534655498
2008,transporte,utilidad_neta_empresa,Millones de pesos 2018,S&P Capital IQ,5182.906572626707
2008,transporte,utilidad_operativa,Millones de pesos 2018,S&P Capital IQ,11818.661013335353
2008,transporte,ventas,Millones de pesos 2018,S&P Capital IQ,43470.63852307897
2008,transporte,ventas_raw,Millones de pesos 2018,S&P Capital IQ,43470.63852307897
2009,holding,KTA,Millones de pesos 2018,S&P Capital IQ,3279.3337821545565
2009,holding,activo,Millones de pesos 2018,S&P Capital IQ,4037.4989581326354
2009,holding,activo_corr,Millones de pesos 2018,S&P Capital IQ,1783.3658071736131
2009,holding,cash_st_inv,Millones de pesos 2018,S&P Capital IQ,1471.5421325120008
2009,holding,costo_ventas,Millones de pesos 2018,S&P Capital IQ,1238.1045993036528
2009,holding,depreciacion,Millones de pesos 2018,S&P Capital IQ,222.53555261542266
2009,holding,deuda_lp,Millones de pesos 2018,S&P Capital IQ,4069.754404845588
2009,holding,deuda_neta,Millones de pesos 2018,S&P Capital IQ,2606.411282531573
2009,holding,deuda_total,Millones de pesos 2018,S&P Capital IQ,4077.9534150435734
2009,holding,ebit,Millones de pesos 2018,S&P Capital IQ,-51.342922660359754
2009,holding,ebitda,Millones de pesos 2018,S&P Capital IQ,171.7467388944972
2009,holding,ebt,Millones de pesos 2018,S&P Capital IQ,-489.469196028763
2009,holding,ganancia_bruta,Millones de pesos 2018,S&P Capital IQ,655.5784395887842
2009,holding,impuesto_ganancias,Millones de pesos 2018,S&P Capital IQ,127.8414897793527
2009,holding,inventarios,Millones de pesos 2018,S&P Capital IQ,20.67772352129216
2009,holding,pasivo,Millones de pesos 2018,S&P Capital IQ,12604.878971441523
2009,holding,patrimonio_neto,Millones de pesos 2018,S&P Capital IQ,-8574.26808428008
2009,holding,patrimonio_neto_total,Millones de pesos 2018,S&P Capital IQ,-8567.422361258697
2009,holding,ppye_neta,Millones de pesos 2018,S&P Capital IQ,1787.1139261212631
2009,holding,utilidad_neta,Millones de pesos 2018,S&P Capital IQ,-616.1150719243171
2009,holding,utilidad_neta_empresa,Millones de pesos 2018,S&P Capital IQ,-619.5379334350077
2009,holding,utilidad_operativa,Millones de pesos 2018,S&P Capital IQ,-51.342922660359754
2009,holding,ventas,Millones de pesos 2018,S&P Capital IQ,1893.683038892437
2009,holding,ventas_raw,Millones de pesos 2018,S&P Capital IQ,1893.683038892437
2009,integrada,KTA,Millones de pesos 2018,S&P Capital IQ,532120.9559131851
2009,integrada,activo,Millones de pesos 2018,S&P Capital IQ,696657.9299232537
2009,integrada,activo_corr,Millones de pesos 2018,S&P Capital IQ,180697.6078330835
2009,integrada,cash_st_inv,Millones de pesos 2018,S&P Capital IQ,33846.44299107863
2009,integrada,costo_ventas,Millones de pesos 2018,S&P Capital IQ,326626.04566998093
2009,integrada,deuda_lp,Millones de pesos 2018,S&P Capital IQ,99152.5944827211
2009,integrada,deuda_neta,Millones de pesos 2018,S&P Capital IQ,142722.22678303524
2009,integrada,deuda_total,Millones de pesos 2018,S&P Capital IQ,176568.66977411386
2009,integrada,ebit,Millones de pesos 2018,S&P Capital IQ,109851.74951107168
2009,integrada,ebitda,Millones de pesos 2018,S&P Capital IQ,178074.8004853045
2009,integrada,ebt,Millones de pesos 2018,S&P Capital IQ,98598.30462393006
2009,integrada,ganancia_bruta,Millones de pesos 2018,S&P Capital IQ,172525.04080348194
2009,integrada,impuesto_ganancias,Millones de pesos 2018,S&P Capital IQ,37029.15949290171
2009,integrada,inventarios,Millones de pesos 2018,S&P Capital IQ,39136.0676938743
2009,integrada,pasivo,Millones de pesos 2018,S&P Capital IQ,388890.86638284265
2009,integrada,patrimonio_neto,Millones de pesos 2018,S&P Capital IQ,299036.4691647545
2009,integrada,patrimonio_neto_total,Millones de pesos 2018,S&P Capital IQ,307767.0635404112
2009,integrada,ppye,Millones de pesos 2018,S&P Capital IQ,1060566.4583635305
2009,integrada,ppye_neta,Millones de pesos 2018,S&P Capital IQ,459138.44522823225
2009,integrada,utilidad_neta,Millones de pesos 2018,S&P Capital IQ,68344.59092101167
2009,integrada,utilidad_neta_empresa,Millones de pesos 2018,S&P Capital IQ,61569.145131028345
2009,integrada,utilidad_operativa,Millones de pesos 2018,S&P Capital IQ,109851.74951107168
2009,integrada,ventas,Millones de pesos 2018,S&P Capital IQ,499151.08647346287
2009,integrada,ventas_raw,Millones de pesos 2018,S&P Capital IQ,499151.08647346287
2009,produccion,KTA,Millones de pesos 2018,S&P Capital IQ,13760.267964481593
2009,produccion,activo,Millones de pesos 2018,S&P Capital IQ,34085.73796925285
2009,produccion,activo_corr,Millones de pesos 2018,S&P Capital IQ,6568.141304358907
2009,produccion,cash_st_inv,Millones de pesos 2018,S&P Capital IQ,1229.74970880298
2009,produccion,costo_ventas,Millones de pesos 2018,S&P Capital IQ,6098.0123661375355
2009,produccion,depreciacion,Millones de pesos 2018,S&P Capital IQ,776.2523546501184
2009,produccion,deuda_lp,Millones de pesos 2018,S&P Capital IQ,11238.231605703924
2009,produccion,deuda_neta,Millones de pesos 2018,S&P Capital IQ,11417.72054378994
2009,produccion,deuda_total,Millones de pesos 2018,S&P Capital IQ,13446.795396790701
2009,produccion,ebit,Millones de pesos 2018,S&P Capital IQ,2442.0968292540774
2009,produccion,ebitda,Millones de pesos 2018,S&P Capital IQ,5304.43552095234
2009,produccion,ebt,Millones de pesos 2018,S&P Capital IQ,1359.4460849861605
2009,produccion,ganancia_bruta,Millones de pesos 2018,S&P Capital IQ,4479.876778612444
2009,produccion,impuesto_ganancias,Millones de pesos 2018,S&P Capital IQ,733.9043138175041
2009,produccion,inventarios,Millones de pesos 2018,S&P Capital IQ,1030.8080243652312
2009,produccion,pasivo,Millones de pesos 2018,S&P Capital IQ,27123.15261862361
2009,produccion,patrimonio_neto,Millones de pesos 2018,S&P Capital IQ,7117.6982890152085
2009,produccion,patrimonio_neto_total,Millones de pesos 2018,S&P Capital IQ,7140.999416497923
2009,produccion,ppye,Millones de pesos 2018,S&P Capital IQ,313328.8971567248
2009,produccion,ppye_neta,Millones de pesos 2018,S&P Capital IQ,19960.52277164376
2009,produccion,utilidad_neta,Millones de pesos 2018,S&P Capital IQ,-483.418600173575
2009,produccion,utilidad_neta_empresa,Millones de pesos 2018,S&P Capital IQ,-483.1331034305722
2009,produccion,utilidad_operativa,Millones de pesos 2018,S&P Capital IQ,2442.0968292540774
2009,produccion,ventas,Millones de pesos 2018,S&P Capital IQ,15908.97119657452
2009,produccion,ventas_raw,Millones de pesos 2018,S&P Capital IQ,15908.97119657452
2009,transporte,KTA,Millones de pesos 2018,S&P Capital IQ,31914.06155207153
2009,transporte,activo,Millones de pesos 2018,S&P Capital IQ,90848.20447893858
2009,transporte,activo_corr,Millones de pesos 2018,S&P Capital IQ,23655.126500430582
2009,transporte,cash_st_inv,Millones de pesos 2018,S&P Capital IQ,4577.7776905745895
2009,transporte,costo_ventas,Millones de pesos 2018,S&P Capital IQ,13746.69475537609
2009,transporte,deuda_lp,Millones de pesos 2018,S&P Capital IQ,13535.845044768124
2009,transporte,deuda_neta,Millones de pesos 2018,S&P Capital IQ,15523.023829621541
2009,transporte,deuda_total,Millones de pesos 2018,S&P Capital IQ,29337.229775561922
2009,transporte,ebit,Millones de pesos 2018,S&P Capital IQ,9940.128577885826
2009,transporte,ebitda,Millones de pesos 2018,S&P Capital IQ,13644.135048690745
2009,transporte,ebt,Millones de pesos 2018,S&P Capital IQ,6240.997364603612
2009,transporte,ganancia_bruta,Millones de pesos 2018,S&P Capital IQ,6228.869136521148
2009,transporte,impuesto_ganancias,Millones de pesos 2018,S&P Capital IQ,2342.056272952944
2009,transporte,inventarios,Millones de pesos 2018,S&P Capital IQ,866.329041282268
2009,transporte,pasivo,Millones de pesos 2018,S&P Capital IQ,43768.18148641711
2009,transporte,patrimonio_neto,Millones de pesos 2018,S&P Capital IQ,47080.01398262016
2009,transporte,patrimonio_neto_total,Millones de pesos 2018,S&P Capital IQ,47080.02299252148
2009,transporte,ppye,Millones de pesos 2018,S&P Capital IQ,103025.96907847299
2009,transporte,ppye_neta,Millones de pesos 2018,S&P Capital IQ,63552.52824267496
2009,transporte,utilidad_neta,Millones de pesos 2018,S&P Capital IQ,3203.061363473326
2009,transporte,utilidad_neta_empresa,Millones de pesos 2018,S&P Capital IQ,3898.9410916506677
2009,transporte,utilidad_operativa,Millones de pesos 2018,S&P Capital IQ,9940.128577885826
2009,transporte,ventas,Millones de pesos 2018,S&P Capital IQ,34397.24441429778
2009,transporte,ventas_raw,Millones de pesos 2018,S&P Capital IQ,34397.24441429778
2010,holding,KTA,Millones de pesos 2018,S&P Capital IQ,3251.8442503454103
2010,holding,activo,Millones de pesos 2018,S&P Capital IQ,4076.0022756536605
2010,holding,activo_corr,Millones de pesos 2018,S&P Capital IQ,2040.8540723822493
2010,holding,cash_st_inv,Millones de pesos 2018,S&P Capital IQ,1574.6981684750224
2010,holding,costo_ventas,Millones de pesos 2018,S&P Capital IQ,3500.769054591172
2010,holding,depreciacion,Millones de pesos 2018,S&P Capital IQ,136.5471035772049
2010,holding,deuda_lp,Millones de pesos 2018,S&P Capital IQ,3688.962506682294
2010,holding,deuda_neta,Millones de pesos 2018,S&P Capital IQ,2146.0582713581334
2010,holding,deuda_total,Millones de pesos 2018,S&P Capital IQ,3720.756439833156
2010,holding,ebit,Millones de pesos 2018,S&P Capital IQ,69.12191501273597
2010,holding,ebitda,Millones de pesos 2018,S&P Capital IQ,205.6690185899409
2010,holding,ebt,Millones de pesos 2018,S&P Capital IQ,-250.1762290841136
2010,holding,ganancia_bruta,Millones de pesos 2018,S&P Capital IQ,819.2897806465553
2010,holding,impuesto_ganancias,Millones de pesos 2018,S&P Capital IQ,113.10793736781105
2010,holding,inventarios,Millones de pesos 2018,S&P Capital IQ,42.75464282299941
2010,holding,pasivo,Millones de pesos 2018,S&P Capital IQ,11249.647151993557
2010,holding,patrimonio_neto,Millones de pesos 2018,S&P Capital IQ,-7175.509116003441
2010,holding,patrimonio_neto_total,Millones de pesos 2018,S&P Capital IQ,-7172.666204309303
2010,holding,ppye_neta,Millones de pesos 2018,S&P Capital IQ,1634.3914390473883
2010,holding,utilidad_neta,Millones de pesos 2018,S&P Capital IQ,-363.89269684961977
2010,holding,utilidad_neta_empresa,Millones de pesos 2018,S&P Capital IQ,-363.89269684961977
2010,holding,utilidad_operativa,Millones de pesos 2018,S&P Capital IQ,69.12191501273597
2010,holding,ventas,Millones de pesos 2018,S&P Capital IQ,4320.058835237727
2010,holding,ventas_raw,Millones de pesos 2018,S&P Capital IQ,4320.058835237727
2010,integrada,KTA,Millones de pesos 2018,S&P Capital IQ,449085.2679765121
2010,integrada,activo,Millones de pesos 2018,S&P Capital IQ,585507.1932332615
2010,integrada,activo_corr,Millones de pesos 2018,S&P Capital IQ,157339.834715035
2010,integrada,cash_st_inv,Millones de pesos 2018,S&P Capital IQ,34085.18681925391
2010,integrada,costo_ventas,Millones de pesos 2018,S&P Capital IQ,303183.2165920952
2010,integrada,deuda_lp,Millones de pesos 2018,S&P Capital IQ,75132.28566798064
2010,integrada,deuda_neta,Millones de pesos 2018,S&P Capital IQ,99594.68531342942
2010,integrada,deuda_total,Millones de pesos 2018,S&P Capital IQ,133679.87213268335
2010,integrada,ebit,Millones de pesos 2018,S&P Capital IQ,103393.11173316659
2010,integrada,ebitda,Millones de pesos 2018,S&P Capital IQ,158222.42599465026
2010,integrada,ebt,Millones de pesos 2018,S&P Capital IQ,91235.11455995076
2010,integrada,ganancia_bruta,Millones de pesos 2018,S&P Capital IQ,156066.28043398575
2010,integrada,impuesto_ganancias,Millones de pesos 2018,S&P Capital IQ,32119.926563611123
2010,integrada,inventarios,Millones de pesos 2018,S&P Capital IQ,36958.71834510238
2010,integrada,pasivo,Millones de pesos 2018,S&P Capital IQ,325406.1234645979
2010,integrada,patrimonio_neto,Millones de pesos 2018,S&P Capital IQ,260050.95548538148
2010,integrada,patrimonio_neto_total,Millones de pesos 2018,S&P Capital IQ,260101.0697686636
2010,integrada,ppye,Millones de pesos 2018,S&P Capital IQ,975164.0732612873
2010,integrada,ppye_neta,Millones de pesos 2018,S&P Capital IQ,378041.3628121558
2010,integrada,utilidad_neta,Millones de pesos 2018,S&P Capital IQ,86685.20298484778
2010,integrada,utilidad_neta_empresa,Millones de pesos 2018,S&P Capital IQ,61083.9634109955
2010,integrada,utilidad_operativa,Millones de pesos 2018,S&P Capital IQ,103393.11173316659
2010,integrada,ventas,Millones de pesos 2018,S&P Capital IQ,459249.4970260809
2010,integrada,ventas_raw,Millones de pesos 2018,S&P Capital IQ,459249.4970260809
2010,produccion,KTA,Millones de pesos 2018,S&P Capital IQ,12807.73000859738
2010,produccion,activo,Millones de pesos 2018,S&P Capital IQ,26853.32755200078
2010,produccion,activo_corr,Millones de pesos 2018,S&P Capital IQ,5934.81790357735
2010,produccion,cash_st_inv,Millones de pesos 2018,S&P Capital IQ,1655.3331313126748
2010,produccion,costo_ventas,Millones de pesos 2018,S&P Capital IQ,5840.639283637128
2010,produccion,depreciacion,Millones de pesos 2018,S&P Capital IQ,462.0576580483605
2010,produccion,deuda_lp,Millones de pesos 2018,S&P Capital IQ,6186.29638851712
2010,produccion,deuda_neta,Millones de pesos 2018,S&P Capital IQ,5801.739221119556
2010,produccion,deuda_total,Millones de pesos 2018,S&P Capital IQ,8623.302073287887
2010,produccion,ebit,Millones de pesos 2018,S&P Capital IQ,2576.291154494475
2010,produccion,ebitda,Millones de pesos 2018,S&P Capital IQ,4842.887206628717
2010,produccion,ebt,Millones de pesos 2018,S&P Capital IQ,2725.0828670447836
2010,produccion,ganancia_bruta,Millones de pesos 2018,S&P Capital IQ,4393.69989165564
2010,produccion,impuesto_ganancias,Millones de pesos 2018,S&P Capital IQ,993.4558510961702
2010,produccion,inventarios,Millones de pesos 2018,S&P Capital IQ,982.2200784355653
2010,produccion,pasivo,Millones de pesos 2018,S&P Capital IQ,19776.079826288325
2010,produccion,patrimonio_neto,Millones de pesos 2018,S&P Capital IQ,7057.707758588054
2010,produccion,patrimonio_neto_total,Millones de pesos 2018,S&P Capital IQ,7077.247725712428
2010,produccion,ppye,Millones de pesos 2018,S&P Capital IQ,272227.5886857613
2010,produccion,ppye_neta,Millones de pesos 2018,S&P Capital IQ,16268.088709263875
2010,produccion,utilidad_neta,Millones de pesos 2018,S&P Capital IQ,1810.4389142340992
2010,produccion,utilidad_neta_empresa,Millones de pesos 2018,S&P Capital IQ,1810.9757599141558
2010,produccion,utilidad_operativa,Millones de pesos 2018,S&P Capital IQ,2576.291154494475
2010,produccion,ventas,Millones de pesos 2018,S&P Capital IQ,13759.8633542188
2010,produccion,ventas_raw,Millones de pesos 2018,S&P Capital IQ,13759.8633542188
2010,transporte,KTA,Millones de pesos 2018,S&P Capital IQ,25958.676119770556
2010,transporte,activo,Millones de pesos 2018,S&P Capital IQ,75036.968301178
2010,transporte,activo_corr,Millones de pesos 2018,S&P Capital IQ,21711.433338141793
2010,transporte,cash_st_inv,Millones de pesos 2018,S&P Capital IQ,4782.441849532141
2010,transporte,costo_ventas,Millones de pesos 2018,S&P Capital IQ,13405.756916741424
2010,transporte,deuda_lp,Millones de pesos 2018,S&P Capital IQ,11106.284505889978
2010,transporte,deuda_neta,Millones de pesos 2018,S&P Capital IQ,12247.329462757913
2010,transporte,deuda_total,Millones de pesos 2018,S&P Capital IQ,24829.558362323776
2010,transporte,ebit,Millones de pesos 2018,S&P Capital IQ,6208.2003680926155
2010,transporte,ebitda,Millones de pesos 2018,S&P Capital IQ,9232.797821303457
2010,transporte,ebt,Millones de pesos 2018,S&P Capital IQ,5877.166890280716
2010,transporte,ganancia_bruta,Millones de pesos 2018,S&P Capital IQ,4914.335483947432
2010,transporte,impuesto_ganancias,Millones de pesos 2018,S&P Capital IQ,2173.82874347977
2010,transporte,inventarios,Millones de pesos 2018,S&P Capital IQ,850.1673383316853
2010,transporte,pasivo,Millones de pesos 2018,S&P Capital IQ,40780.30472289922
2010,transporte,patrimonio_neto,Millones de pesos 2018,S&P Capital IQ,34256.65641909545
2010,transporte,patrimonio_neto_total,Millones de pesos 2018,S&P Capital IQ,34256.66357827878
2010,transporte,ppye,Millones de pesos 2018,S&P Capital IQ,35865.31059408579
2010,transporte,ppye_neta,Millones de pesos 2018,S&P Capital IQ,49479.21360684796
2010,transporte,utilidad_neta,Millones de pesos 2018,S&P Capital IQ,4369.39276753734
2010,transporte,utilidad_neta_empresa,Millones de pesos 2018,S&P Capital IQ,3703.3381468009457
2010,transporte,utilidad_operativa,Millones de pesos 2018,S&P Capital IQ,6208.2003680926155
2010,transporte,ventas,Millones de pesos 2018,S&P Capital IQ,30154.229597785445
2010,transporte,ventas_raw,Millones de pesos 2018,S&P Capital IQ,30154.229597785445
2011,holding,KTA,Millones de pesos 2018,S&P Capital IQ,3668.7946020064246
2011,holding,activo,Millones de pesos 2018,S&P Capital IQ,5716.8720638090335
2011,holding,activo_corr,Millones de pesos 2018,S&P Capital IQ,2012.5912715968122
2011,holding,cash_st_inv,Millones de pesos 2018,S&P Capital IQ,1408.3318004837624
2011,holding,costo_ventas,Millones de pesos 2018,S&P Capital IQ,3301.371779388556
2011,holding,deuda_lp,Millones de pesos 2018,S&P Capital IQ,667.185463388715
2011,holding,deuda_neta,Millones de pesos 2018,S&P Capital IQ,-619.6325816476847
2011,holding,deuda_total,Millones de pesos 2018,S&P Capital IQ,788.3957455886435
2011,holding,ebit,Millones de pesos 2018,S&P Capital IQ,112.05404742456086
2011,holding,ebitda,Millones de pesos 2018,S&P Capital IQ,257.8659301320434
2011,holding,ebt,Millones de pesos 2018,S&P Capital IQ,-2242.124321544433
2011,holding,ganancia_bruta,Millones de pesos 2018,S&P Capital IQ,851.7263694516039
2011,holding,impuesto_ganancias,Millones de pesos 2018,S&P Capital IQ,-7.4654527909359585
2011,holding,inventarios,Millones de pesos 2018,S&P Capital IQ,120.16402052420796
2011,holding,pasivo,Millones de pesos 2018,S&P Capital IQ,13351.270098005474
2011,holding,patrimonio_neto,Millones de pesos 2018,S&P Capital IQ,-7634.669720863843
2011,holding,patrimonio_neto_total,Millones de pesos 2018,S&P Capital IQ,-7634.669720863843
2011,holding,ppye_neta,Millones de pesos 2018,S&P Capital IQ,2140.298780998454
2011,holding,utilidad_neta,Millones de pesos 2018,S&P Capital IQ,-2234.6588687534972
2011,holding,utilidad_neta_empresa,Millones de pesos 2018,S&P Capital IQ,-2234.6588687534972
2011,holding,utilidad_operativa,Millones de pesos 2018,S&P Capital IQ,112.05404742456086
2011,holding,ventas,Millones de pesos 2018,S&P Capital IQ,4153.09814884016
2011,holding,ventas_raw,Millones de pesos 2018,S&P Capital IQ,4153.09814884016
2011,integrada,KTA,Millones de pesos 2018,S&P Capital IQ,493888.78935930843
2011,integrada,activo,Millones de pesos 2018,S&P Capital IQ,613434.151308347
2011,integrada,activo_corr,Millones de pesos 2018,S&P Capital IQ,124856.21511725288
2011,integrada,cash_st_inv,Millones de pesos 2018,S&P Capital IQ,20528.3939753995
2011,integrada,costo_ventas,Millones de pesos 2018,S&P Capital IQ,326219.6273978826
2011,integrada,deuda_lp,Millones de pesos 2018,S&P Capital IQ,70393.24856205244
2011,integrada,deuda_neta,Millones de pesos 2018,S&P Capital IQ,105516.06226110473
2011,integrada,deuda_total,Millones de pesos 2018,S&P Capital IQ,126044.45623650424
2011,integrada,ebit,Millones de pesos 2018,S&P Capital IQ,74287.16861832746
2011,integrada,ebitda,Millones de pesos 2018,S&P Capital IQ,131440.50747564933
2011,integrada,ebt,Millones de pesos 2018,S&P Capital IQ,73201.49085475827
2011,integrada,ganancia_bruta,Millones de pesos 2018,S&P Capital IQ,139491.16736505018
2011,integrada,impuesto_ganancias,Millones de pesos 2018,S&P Capital IQ,29451.670785058886
2011,integrada,inventarios,Millones de pesos 2018,S&P Capital IQ,42455.88259018994
2011,integrada,pasivo,Millones de pesos 2018,S&P Capital IQ,338326.1813679528
2011,integrada,patrimonio_neto,Millones de pesos 2018,S&P Capital IQ,275090.6285866529
2011,integrada,patrimonio_neto_total,Millones de pesos 2018,S&P Capital IQ,275107.96994039416
2011,integrada,ppye,Millones de pesos 2018,S&P Capital IQ,1119234.3350427218
2011,integrada,ppye_neta,Millones de pesos 2018,S&P Capital IQ,430904.51279371907
2011,integrada,utilidad_neta,Millones de pesos 2018,S&P Capital IQ,47853.939645917766
2011,integrada,utilidad_neta_empresa,Millones de pesos 2018,S&P Capital IQ,47830.81784092946
2011,integrada,utilidad_operativa,Millones de pesos 2018,S&P Capital IQ,74287.16861832746
2011,integrada,ventas,Millones de pesos 2018,S&P Capital IQ,465710.79476293275
2011,integrada,ventas_raw,Millones de pesos 2018,S&P Capital IQ,465710.79476293275
2011,produccion,KTA,Millones de pesos 2018,S&P Capital IQ,10648.864468670383
2011,produccion,activo,Millones de pesos 2018,S&P Capital IQ,23488.739865686654
2011,produccion,activo_corr,Millones de pesos 2018,S&P Capital IQ,5648.366531431478
2011,produccion,cash_st_inv,Millones de pesos 2018,S&P Capital IQ,550.1805982018541
2011,produccion,costo_ventas,Millones de pesos 2018,S&P Capital IQ,6239.234587211418
2011,produccion,depreciacion,Millones de pesos 2018,S&P Capital IQ,469.5980788611762
2011,produccion,deuda_lp,Millones de pesos 2018,S&P Capital IQ,5996.082980705508
2011,produccion,deuda_neta,Millones de pesos 2018,S&P Capital IQ,6333.346709350857
2011,produccion,deuda_total,Millones de pesos 2018,S&P Capital IQ,7730.662310823011
2011,produccion,ebit,Millones de pesos 2018,S&P Capital IQ,2323.606890221838
2011,produccion,ebitda,Millones de pesos 2018,S&P Capital IQ,4496.631320229424
2011,produccion,ebt,Millones de pesos 2018,S&P Capital IQ,6862.886558945469
2011,produccion,ganancia_bruta,Millones de pesos 2018,S&P Capital IQ,3618.530162166411
2011,produccion,impuesto_ganancias,Millones de pesos 2018,S&P Capital IQ,604.1206651379234
2011,produccion,inventarios,Millones de pesos 2018,S&P Capital IQ,1104.5551045372354
2011,produccion,pasivo,Millones de pesos 2018,S&P Capital IQ,12610.625232396404
2011,produccion,patrimonio_neto,Millones de pesos 2018,S&P Capital IQ,10858.541169863875
2011,produccion,patrimonio_neto_total,Millones de pesos 2018,S&P Capital IQ,10878.114633290252
2011,produccion,ppye,Millones de pesos 2018,S&P Capital IQ,257272.19609962916
2011,produccion,ppye_neta,Millones de pesos 2018,S&P Capital IQ,14026.746618687328
2011,produccion,utilidad_neta,Millones de pesos 2018,S&P Capital IQ,6262.138052995291
2011,produccion,utilidad_neta_empresa,Millones de pesos 2018,S&P Capital IQ,6262.904696900452
2011,produccion,utilidad_operativa,Millones de pesos 2018,S&P Capital IQ,2323.606890221838
2011,produccion,ventas,Millones de pesos 2018,S&P Capital IQ,13910.711227667598
2011,produccion,ventas_raw,Millones de pesos 2018,S&P Capital IQ,13910.711227667598
2011,transporte,KTA,Millones de pesos 2018,S&P Capital IQ,15103.376895055317
2011,transporte,activo,Millones de pesos 2018,S&P Capital IQ,47816.17017746938
2011,transporte,activo_corr,Millones de pesos 2018,S&P Capital IQ,10713.846729307268
2011,transporte,cash_st_inv,Millones de pesos 2018,S&P Capital IQ,3799.1090949204972
2011,transporte,costo_ventas,Millones de pesos 2018,S&P Capital IQ,2048.9329685871767
2011,transporte,deuda_lp,Millones de pesos 2018,S&P Capital IQ,9305.364637091083
2011,transporte,deuda_neta,Millones de pesos 2018,S&P Capital IQ,14170.481429192278
2011,transporte,deuda_total,Millones de pesos 2018,S&P Capital IQ,20624.505538284626
2011,transporte,ebit,Millones de pesos 2018,S&P Capital IQ,2862.690443785722
2011,transporte,ebitda,Millones de pesos 2018,S&P Capital IQ,4905.539487671995
2011,transporte,ebt,Millones de pesos 2018,S&P Capital IQ,875.9782517993244
2011,transporte,ganancia_bruta,Millones de pesos 2018,S&P Capital IQ,303.27137467782234
2011,transporte,impuesto_ganancias,Millones de pesos 2018,S&P Capital IQ,328.9105658870889
2011,transporte,inventarios,Millones de pesos 2018,S&P Capital IQ,148.32637899996038
2011,transporte,pasivo,Millones de pesos 2018,S&P Capital IQ,31634.33449324716
2011,transporte,patrimonio_neto,Millones de pesos 2018,S&P Capital IQ,16181.829903770968
2011,transporte,patrimonio_neto_total,Millones de pesos 2018,S&P Capital IQ,16181.835684222215
2011,transporte,ppye,Millones de pesos 2018,S&P Capital IQ,59938.065465149295
2011,transporte,ppye_neta,Millones de pesos 2018,S&P Capital IQ,34225.95934671478
2011,transporte,utilidad_neta,Millones de pesos 2018,S&P Capital IQ,514.3965754637638
2011,transporte,utilidad_neta_empresa,Millones de pesos 2018,S&P Capital IQ,547.0676859122357
2011,transporte,utilidad_operativa,Millones de pesos 2018,S&P Capital IQ,2862.690443785722
2011,transporte,ventas,Millones de pesos 2018,S&P Capital IQ,13068.438398937311
2011,transporte,ventas_raw,Millones de pesos 2018,S&P Capital IQ,13068.438398937311
2012,distribucion,KTA,Millones de pesos 2018,S&P Capital IQ,13899.079645148666
2012,distribucion,activo,Millones de pesos 2018,S&P Capital IQ,42159.024496569495
2012,distribucion,activo_corr,Millones de pesos 2018,S&P Capital IQ,18009.253519611215
2012,distribucion,cash_st_inv,Millones de pesos 2018,S&P Capital IQ,202.37889900089152
2012,distribucion,costo_ventas,Millones de pesos 2018,S&P Capital IQ,179080.55654798946
2012,distribucion,deuda_lp,Millones de pesos 2018,S&P Capital IQ,2964.1954110755005
2012,distribucion,deuda_neta,Millones de pesos 2018,S&P Capital IQ,3595.451326798042
2012,distribucion,deuda_total,Millones de pesos 2018,S&P Capital IQ,3797.830225798933
2012,distribucion,ebit,Millones de pesos 2018,S&P Capital IQ,4798.705337488266
2012,distribucion,ebitda,Millones de pesos 2018,S&P Capital IQ,6266.288967717657
2012,distribucion,ebt,Millones de pesos 2018,S&P Capital IQ,5166.641471090424
2012,distribucion,ganancia_bruta,Millones de pesos 2018,S&P Capital IQ,10511.262112067767
2012,distribucion,impuesto_ganancias,Millones de pesos 2018,S&P Capital IQ,1646.0490181327596
2012,distribucion,inventarios,Millones de pesos 2018,S&P Capital IQ,4030.868910875593
2012,distribucion,pasivo,Millones de pesos 2018,S&P Capital IQ,22380.806979301582
2012,distribucion,patrimonio_neto,Millones de pesos 2018,S&P Capital IQ,19538.049193007733
2012,distribucion,patrimonio_neto_total,Millones de pesos 2018,S&P Capital IQ,19778.217517267916
2012,distribucion,ppye,Millones de pesos 2018,S&P Capital IQ,13832.271419619126
2012,distribucion,ppye_neta,Millones de pesos 2018,S&P Capital IQ,9665.831835272182
2012,distribucion,utilidad_neta,Millones de pesos 2018,S&P Capital IQ,4249.321055458749
2012,distribucion,utilidad_neta_empresa,Millones de pesos 2018,S&P Capital IQ,4249.321055458749
2012,distribucion,utilidad_operativa,Millones de pesos 2018,S&P Capital IQ,4798.705337488266
2012,distribucion,ventas,Millones de pesos 2018,S&P Capital IQ,189591.81866005724
2012,distribucion,ventas_raw,Millones de pesos 2018,S&P Capital IQ,189591.81866005724
2012,holding,KTA,Millones de pesos 2018,S&P Capital IQ,3119.3176590160288
2012,holding,activo,Millones de pesos 2018,S&P Capital IQ,4974.580679419391
2012,holding,activo_corr,Millones de pesos 2018,S&P Capital IQ,2135.058113004231
2012,holding,cash_st_inv,Millones de pesos 2018,S&P Capital IQ,1396.245161835041
2012,holding,costo_ventas,Millones de pesos 2018,S&P Capital IQ,3344.787238625065
2012,holding,depreciacion,Millones de pesos 2018,S&P Capital IQ,146.95004512557804
2012,holding,deuda_lp,Millones de pesos 2018,S&P Capital IQ,244.69856712499222
2012,holding,deuda_neta,Millones de pesos 2018,S&P Capital IQ,-1082.726643746378
2012,holding,deuda_total,Millones de pesos 2018,S&P Capital IQ,314.28384555618027
2012,holding,ebit,Millones de pesos 2018,S&P Capital IQ,145.21088068212183
2012,holding,ebitda,Millones de pesos 2018,S&P Capital IQ,292.1609258076999
2012,holding,ebt,Millones de pesos 2018,S&P Capital IQ,4412.779137277455
2012,holding,ganancia_bruta,Millones de pesos 2018,S&P Capital IQ,909.0266583126121
2012,holding,impuesto_ganancias,Millones de pesos 2018,S&P Capital IQ,148.15156464699805
2012,holding,inventarios,Millones de pesos 2018,S&P Capital IQ,66.72874758454364
2012,holding,pasivo,Millones de pesos 2018,S&P Capital IQ,1740.5716705999564
2012,holding,patrimonio_neto,Millones de pesos 2018,S&P Capital IQ,3233.1020252118265
2012,holding,patrimonio_neto_total,Millones de pesos 2018,S&P Capital IQ,3234.009008819435
2012,holding,ppye_neta,Millones de pesos 2018,S&P Capital IQ,1656.3437495964438
2012,holding,utilidad_neta,Millones de pesos 2018,S&P Capital IQ,4264.6275726304575
2012,holding,utilidad_neta_empresa,Millones de pesos 2018,S&P Capital IQ,4264.6275726304575
2012,holding,utilidad_operativa,Millones de pesos 2018,S&P Capital IQ,145.21088068212183
2012,holding,ventas,Millones de pesos 2018,S&P Capital IQ,4253.813896937678
2012,holding,ventas_raw,Millones de pesos 2018,S&P Capital IQ,4253.813896937678
2012,integrada,KTA,Millones de pesos 2018,S&P Capital IQ,512745.7628662032
2012,integrada,activo,Millones de pesos 2018,S&P Capital IQ,615493.3447520956
2012,integrada,activo_corr,Millones de pesos 2018,S&P Capital IQ,129187.03298025942
2012,integrada,cash_st_inv,Millones de pesos 2018,S&P Capital IQ,31528.274306959116
2012,integrada,costo_ventas,Millones de pesos 2018,S&P Capital IQ,307226.23209151684
2012,integrada,deuda_lp,Millones de pesos 2018,S&P Capital IQ,88639.81653304881
2012,integrada,deuda_neta,Millones de pesos 2018,S&P Capital IQ,100244.64841653818
2012,integrada,deuda_total,Millones de pesos 2018,S&P Capital IQ,131772.92272349732
2012,integrada,ebit,Millones de pesos 2018,S&P Capital IQ,60298.43016387259
2012,integrada,ebitda,Millones de pesos 2018,S&P Capital IQ,117208.00958137932
2012,integrada,ebt,Millones de pesos 2018,S&P Capital IQ,58426.20093979906
2012,integrada,ganancia_bruta,Millones de pesos 2018,S&P Capital IQ,124147.00922589513
2012,integrada,impuesto_ganancias,Millones de pesos 2018,S&P Capital IQ,30551.65399401347
2012,integrada,inventarios,Millones de pesos 2018,S&P Capital IQ,40200.08015933138
2012,integrada,pasivo,Millones de pesos 2018,S&P Capital IQ,342675.5835410985
2012,integrada,patrimonio_neto,Millones de pesos 2018,S&P Capital IQ,270452.12355403794
2012,integrada,patrimonio_neto_total,Millones de pesos 2018,S&P Capital IQ,272817.7612109972
2012,integrada,ppye,Millones de pesos 2018,S&P Capital IQ,1128653.6552290549
2012,integrada,ppye_neta,Millones de pesos 2018,S&P Capital IQ,441017.40839991265
2012,integrada,utilidad_neta,Millones de pesos 2018,S&P Capital IQ,27617.412417855237
2012,integrada,utilidad_neta_empresa,Millones de pesos 2018,S&P Capital IQ,27874.546945785587
2012,integrada,utilidad_operativa,Millones de pesos 2018,S&P Capital IQ,60298.43016387259
2012,integrada,ventas,Millones de pesos 2018,S&P Capital IQ,431373.241317412
2012,integrada,ventas_raw,Millones de pesos 2018,S&P Capital IQ,431373.241317412
2012,produccion,KTA,Millones de pesos 2018,S&P Capital IQ,9769.169882187318
2012,produccion,activo,Millones de pesos 2018,S&P Capital IQ,23165.950125824897
2012,produccion,activo_corr,Millones de pesos 2018,S&P Capital IQ,4668.618034446072
2012,produccion,cash_st_inv,Millones de pesos 2018,S&P Capital IQ,574.4454406272716
2012,produccion,costo_ventas,Millones de pesos 2018,S&P Capital IQ,6902.32390629837
2012,produccion,deuda_lp,Millones de pesos 2018,S&P Capital IQ,5299.712352808626
2012,produccion,deuda_neta,Millones de pesos 2018,S&P Capital IQ,6204.823974303574
2012,produccion,deuda_total,Millones de pesos 2018,S&P Capital IQ,6803.383088896286
2012,produccion,ebit,Millones de pesos 2018,S&P Capital IQ,2513.5348921808272
2012,produccion,ebitda,Millones de pesos 2018,S&P Capital IQ,4638.325043763491
2012,produccion,ebt,Millones de pesos 2018,S&P Capital IQ,1381.0267483029368
2012,produccion,ganancia_bruta,Millones de pesos 2018,S&P Capital IQ,2829.055956882663
2012,produccion,impuesto_ganancias,Millones de pesos 2018,S&P Capital IQ,493.1610040186441
2012,produccion,inventarios,Millones de pesos 2018,S&P Capital IQ,1003.358213073388
2012,produccion,pasivo,Millones de pesos 2018,S&P Capital IQ,12638.666157681422
2012,produccion,patrimonio_neto,Millones de pesos 2018,S&P Capital IQ,10503.393538381473
2012,produccion,patrimonio_neto_total,Millones de pesos 2018,S&P Capital IQ,10527.283968143474
2012,produccion,ppye,Millones de pesos 2018,S&P Capital IQ,283530.37193076365
2012,produccion,ppye_neta,Millones de pesos 2018,S&P Capital IQ,15561.785823975219
2012,produccion,utilidad_neta,Millones de pesos 2018,S&P Capital IQ,889.6147312679778
2012,produccion,utilidad_neta_empresa,Millones de pesos 2018,S&P Capital IQ,890.0772742071583
2012,produccion,utilidad_operativa,Millones de pesos 2018,S&P Capital IQ,2513.5348921808272
2012,produccion,ventas,Millones de pesos 2018,S&P Capital IQ,13199.079416479406
2012,produccion,ventas_raw,Millones de pesos 2018,S&P Capital IQ,13199.079416479406
2012,transporte,KTA,Millones de pesos 2018,S&P Capital IQ,10798.186843852156
2012,transporte,activo,Millones de pesos 2018,S&P Capital IQ,39216.66681967514
2012,transporte,activo_corr,Millones de pesos 2018,S&P Capital IQ,10008.84929553127
2012,transporte,cash_st_inv,Millones de pesos 2018,S&P Capital IQ,2071.966650196593
2012,transporte,costo_ventas,Millones de pesos 2018,S&P Capital IQ,1843.5610617959146
2012,transporte,deuda_lp,Millones de pesos 2018,S&P Capital IQ,13600.95787346622
2012,transporte,deuda_neta,Millones de pesos 2018,S&P Capital IQ,8797.694242073732
2012,transporte,deuda_total,Millones de pesos 2018,S&P Capital IQ,14109.76165181509
2012,transporte,ebit,Millones de pesos 2018,S&P Capital IQ,3011.924721750261
2012,transporte,ebitda,Millones de pesos 2018,S&P Capital IQ,4739.003375276075
2012,transporte,ebt,Millones de pesos 2018,S&P Capital IQ,3217.9264128907007
2012,transporte,ganancia_bruta,Millones de pesos 2018,S&P Capital IQ,455.1327896099563
2012,transporte,impuesto_ganancias,Millones de pesos 2018,S&P Capital IQ,1126.4409144375763
2012,transporte,inventarios,Millones de pesos 2018,S&P Capital IQ,344.50884052108427
2012,transporte,pasivo,Millones de pesos 2018,S&P Capital IQ,24764.88819467327
2012,transporte,patrimonio_neto,Millones de pesos 2018,S&P Capital IQ,14451.773949828632
2012,transporte,patrimonio_neto_total,Millones de pesos 2018,S&P Capital IQ,14451.778625001869
2012,transporte,ppye,Millones de pesos 2018,S&P Capital IQ,49455.525288026736
2012,transporte,ppye_neta,Millones de pesos 2018,S&P Capital IQ,27093.217969216425
2012,transporte,utilidad_neta,Millones de pesos 2018,S&P Capital IQ,2091.485498453124
2012,transporte,utilidad_neta_empresa,Millones de pesos 2018,S&P Capital IQ,2091.485498453124
2012,transporte,utilidad_operativa,Millones de pesos 2018,S&P Capital IQ,3011.924721750261
2012,transporte,ventas,Millones de pesos 2018,S&P Capital IQ,14337.115326237874
2012,transporte,ventas_raw,Millones de pesos 2018,S&P Capital IQ,14337.115326237874
2013,distribucion,KTA,Millones de pesos 2018,S&P Capital IQ,12483.85948757476
2013,distribucion,activo,Millones de pesos 2018,S&P Capital IQ,33865.06380879701
2013,distribucion,activo_corr,Millones de pesos 2018,S&P Capital IQ,15456.520487849859
2013,distribucion,cash_st_inv,Millones de pesos 2018,S&P Capital IQ,655.0891424088358
2013,distribucion,costo_ventas,Millones de pesos 2018,S&P Capital IQ,163468.4723239936
2013,distribucion,deuda_lp,Millones de pesos 2018,S&P Capital IQ,2614.7050240353756
2013,distribucion,deuda_neta,Millones de pesos 2018,S&P Capital IQ,2324.092300752952
2013,distribucion,deuda_total,Millones de pesos 2018,S&P Capital IQ,2979.1814431617877
2013,distribucion,ebit,Millones de pesos 2018,S&P Capital IQ,5041.817351809022
2013,distribucion,ebitda,Millones de pesos 2018,S&P Capital IQ,6664.026306703211
2013,distribucion,ebt,Millones de pesos 2018,S&P Capital IQ,5107.136891000234
2013,distribucion,ganancia_bruta,Millones de pesos 2018,S&P Capital IQ,9356.35282168584
2013,distribucion,impuesto_ganancias,Millones de pesos 2018,S&P Capital IQ,1506.1554685726514
2013,distribucion,inventarios,Millones de pesos 2018,S&P Capital IQ,4274.87068006154
2013,distribucion,pasivo,Millones de pesos 2018,S&P Capital IQ,16475.610755142796
2013,distribucion,patrimonio_neto,Millones de pesos 2018,S&P Capital IQ,17035.77843883155
2013,distribucion,patrimonio_neto_total,Millones de pesos 2018,S&P Capital IQ,17389.453053654215
2013,distribucion,ppye,Millones de pesos 2018,S&P Capital IQ,10729.047152312347
2013,distribucion,ppye_neta,Millones de pesos 2018,S&P Capital IQ,7553.8996651043835
2013,distribucion,utilidad_neta,Millones de pesos 2018,S&P Capital IQ,3512.4504433248085
2013,distribucion,utilidad_neta_empresa,Millones de pesos 2018,S&P Capital IQ,3600.981422427583
2013,distribucion,utilidad_operativa,Millones de pesos 2018,S&P Capital IQ,5041.817351809022
2013,distribucion,ventas,Millones de pesos 2018,S&P Capital IQ,172824.82514567944
2013,distribucion,ventas_raw,Millones de pesos 2018,S&P Capital IQ,172824.82514567944
2013,holding,KTA,Millones de pesos 2018,S&P Capital IQ,2141.3676572386316
2013,holding,activo,Millones de pesos 2018,S&P Capital IQ,4150.633221005227
2013,holding,activo_corr,Millones de pesos 2018,S&P Capital IQ,1435.1843837814706
2013,holding,cash_st_inv,Millones de pesos 2018,S&P Capital IQ,1000.1082034906824
2013,holding,costo_ventas,Millones de pesos 2018,S&P Capital IQ,2705.556775805679
2013,holding,depreciacion,Millones de pesos 2018,S&P Capital IQ,79.09193250939917
2013,holding,deuda_lp,Millones de pesos 2018,S&P Capital IQ,176.70548752381632
2013,holding,deuda_neta,Millones de pesos 2018,S&P Capital IQ,-798.9399161040824
2013,holding,deuda_total,Millones de pesos 2018,S&P Capital IQ,201.60644993733888
2013,holding,ebit,Millones de pesos 2018,S&P Capital IQ,-60.52575122000625
2013,holding,ebitda,Millones de pesos 2018,S&P Capital IQ,56.65284574159169
2013,holding,ebt,Millones de pesos 2018,S&P Capital IQ,455.7217739411291
2013,holding,ganancia_bruta,Millones de pesos 2018,S&P Capital IQ,459.50927493453696
2013,holding,impuesto_ganancias,Millones de pesos 2018,S&P Capital IQ,68.13417228239274
2013,holding,inventarios,Millones de pesos 2018,S&P Capital IQ,58.60972125485242
2013,holding,pasivo,Millones de pesos 2018,S&P Capital IQ,1154.8090528900525
2013,holding,patrimonio_neto,Millones de pesos 2018,S&P Capital IQ,2994.9775502460593
2013,holding,patrimonio_neto_total,Millones de pesos 2018,S&P Capital IQ,2995.824168115174
2013,holding,ppye_neta,Millones de pesos 2018,S&P Capital IQ,1082.649732493097
2013,holding,utilidad_neta,Millones de pesos 2018,S&P Capital IQ,420.88790451058105
2013,holding,utilidad_neta_empresa,Millones de pesos 2018,S&P Capital IQ,421.01415454369464
2013,holding,utilidad_operativa,Millones de pesos 2018,S&P Capital IQ,-60.52575122000625
2013,holding,ventas,Millones de pesos 2018,S&P Capital IQ,3165.0660507402163
2013,holding,ventas_raw,Millones de pesos 2018,S&P Capital IQ,3165.0660507402163
2013,integrada,KTA,Millones de pesos 2018,S&P Capital IQ,629228.9470966611
2013,integrada,activo,Millones de pesos 2018,S&P Capital IQ,757078.1708135246
2013,integrada,activo_corr,Millones de pesos 2018,S&P Capital IQ,167668.55842561668
2013,integrada,cash_st_inv,Millones de pesos 2018,S&P Capital IQ,45363.081346622916
2013,integrada,costo_ventas,Millones de pesos 2018,S&P Capital IQ,321806.86738332297
2013,integrada,deuda_lp,Millones de pesos 2018,S&P Capital IQ,114822.36655010341
2013,integrada,deuda_neta,Millones de pesos 2018,S&P Capital IQ,115504.82967028028
2013,integrada,deuda_total,Millones de pesos 2018,S&P Capital IQ,160867.9110169032
2013,integrada,ebit,Millones de pesos 2018,S&P Capital IQ,68624.20807268689
2013,integrada,ebitda,Millones de pesos 2018,S&P Capital IQ,128721.80824720062
2013,integrada,ebt,Millones de pesos 2018,S&P Capital IQ,79344.2766197031
2013,integrada,ganancia_bruta,Millones de pesos 2018,S&P Capital IQ,131723.5810198172
2013,integrada,impuesto_ganancias,Millones de pesos 2018,S&P Capital IQ,48090.04864275016
2013,integrada,inventarios,Millones de pesos 2018,S&P Capital IQ,44067.507220047475
2013,integrada,pasivo,Millones de pesos 2018,S&P Capital IQ,442245.11761227547
2013,integrada,patrimonio_neto,Millones de pesos 2018,S&P Capital IQ,311275.7728564602
2013,integrada,patrimonio_neto_total,Millones de pesos 2018,S&P Capital IQ,314833.0532012491
2013,integrada,ppye,Millones de pesos 2018,S&P Capital IQ,1320874.0428068405
2013,integrada,ppye_neta,Millones de pesos 2018,S&P Capital IQ,539798.3585299908
2013,integrada,utilidad_neta,Millones de pesos 2018,S&P Capital IQ,31153.97059771567
2013,integrada,utilidad_neta_empresa,Millones de pesos 2018,S&P Capital IQ,31254.227976952934
2013,integrada,utilidad_operativa,Millones de pesos 2018,S&P Capital IQ,68624.20807268689
2013,integrada,ventas,Millones de pesos 2018,S&P Capital IQ,453530.4484031402
2013,integrada,ventas_raw,Millones de pesos 2018,S&P Capital IQ,453530.4484031402
2013,produccion,KTA,Millones de pesos 2018,S&P Capital IQ,17117.900004525076
2013,produccion,activo,Millones de pesos 2018,S&P Capital IQ,32037.222587470525
2013,produccion,activo_corr,Millones de pesos 2018,S&P Capital IQ,7788.688570915361
2013,produccion,cash_st_inv,Millones de pesos 2018,S&P Capital IQ,2088.2562845942475
2013,produccion,costo_ventas,Millones de pesos 2018,S&P Capital IQ,13175.753191878934
2013,produccion,deuda_lp,Millones de pesos 2018,S&P Capital IQ,8882.831902194375
2013,produccion,deuda_neta,Millones de pesos 2018,S&P Capital IQ,9004.523280545221
2013,produccion,deuda_total,Millones de pesos 2018,S&P Capital IQ,11134.47924184914
2013,produccion,ebit,Millones de pesos 2018,S&P Capital IQ,4206.422130346234
2013,produccion,ebitda,Millones de pesos 2018,S&P Capital IQ,7618.485390833233
2013,produccion,ebt,Millones de pesos 2018,S&P Capital IQ,1698.3138881730506
2013,produccion,ganancia_bruta,Millones de pesos 2018,S&P Capital IQ,5819.541710392894
2013,produccion,impuesto_ganancias,Millones de pesos 2018,S&P Capital IQ,791.8831475517281
2013,produccion,inventarios,Millones de pesos 2018,S&P Capital IQ,1270.2607015876529
2013,produccion,pasivo,Millones de pesos 2018,S&P Capital IQ,20907.204902965408
2013,produccion,patrimonio_neto,Millones de pesos 2018,S&P Capital IQ,11106.501696095049
2013,produccion,patrimonio_neto_total,Millones de pesos 2018,S&P Capital IQ,11130.017684499915
2013,produccion,ppye,Millones de pesos 2018,S&P Capital IQ,345479.2436222168
2013,produccion,ppye_neta,Millones de pesos 2018,S&P Capital IQ,19787.16276614581
2013,produccion,utilidad_neta,Millones de pesos 2018,S&P Capital IQ,905.1027833612858
2013,produccion,utilidad_neta_empresa,Millones de pesos 2018,S&P Capital IQ,906.4307406213469
2013,produccion,utilidad_operativa,Millones de pesos 2018,S&P Capital IQ,4206.422130346234
2013,produccion,ventas,Millones de pesos 2018,S&P Capital IQ,21651.520899808125
2013,produccion,ventas_raw,Millones de pesos 2018,S&P Capital IQ,21651.520899808125
2013,transporte,KTA,Millones de pesos 2018,S&P Capital IQ,9133.837138323128
2013,transporte,activo,Millones de pesos 2018,S&P Capital IQ,34201.85433830887
2013,transporte,activo_corr,Millones de pesos 2018,S&P Capital IQ,9698.954565957187
2013,transporte,cash_st_inv,Millones de pesos 2018,S&P Capital IQ,2427.836408845915
2013,transporte,costo_ventas,Millones de pesos 2018,S&P Capital IQ,1729.9447919753025
2013,transporte,deuda_lp,Millones de pesos 2018,S&P Capital IQ,11642.016840300774
2013,transporte,deuda_neta,Millones de pesos 2018,S&P Capital IQ,7571.630368284308
2013,transporte,deuda_total,Millones de pesos 2018,S&P Capital IQ,14253.149731046287
2013,transporte,ebit,Millones de pesos 2018,S&P Capital IQ,2086.6791130272964
2013,transporte,ebitda,Millones de pesos 2018,S&P Capital IQ,3487.4195176052986
2013,transporte,ebt,Millones de pesos 2018,S&P Capital IQ,827.0156948556756
2013,transporte,ganancia_bruta,Millones de pesos 2018,S&P Capital IQ,66.91623078647335
2013,transporte,impuesto_ganancias,Millones de pesos 2018,S&P Capital IQ,320.5971061469021
2013,transporte,inventarios,Millones de pesos 2018,S&P Capital IQ,70.35468757068477
2013,transporte,pasivo,Millones de pesos 2018,S&P Capital IQ,22656.41506010372
2013,transporte,patrimonio_neto,Millones de pesos 2018,S&P Capital IQ,11545.428138496336
2013,transporte,patrimonio_neto_total,Millones de pesos 2018,S&P Capital IQ,11545.43927820514
2013,transporte,ppye,Millones de pesos 2018,S&P Capital IQ,40549.67629737027
2013,transporte,ppye_neta,Millones de pesos 2018,S&P Capital IQ,21393.02726549971
2013,transporte,utilidad_neta,Millones de pesos 2018,S&P Capital IQ,506.4111622362375
2013,transporte,utilidad_neta_empresa,Millones de pesos 2018,S&P Capital IQ,506.41858870877354
2013,transporte,utilidad_operativa,Millones de pesos 2018,S&P Capital IQ,2086.6791130272964
2013,transporte,ventas,Millones de pesos 2018,S&P Capital IQ,12435.230945408417
2013,transporte,ventas_raw,Millones de pesos 2018,S&P Capital IQ,12435.230945408417
2014,distribucion,KTA,Millones de pesos 2018,S&P Capital IQ,10070.11217331964
2014,distribucion,activo,Millones de pesos 2018,S&P Capital IQ,24270.70123712082
2014,distribucion,activo_corr,Millones de pesos 2018,S&P Capital IQ,9863.61279123024
2014,distribucion,cash_st_inv,Millones de pesos 2018,S&P Capital IQ,1647.209267633124
2014,distribucion,costo_ventas,Millones de pesos 2018,S&P Capital IQ,132835.97524172184
2014,distribucion,deuda_lp,Millones de pesos 2018,S&P Capital IQ,317.1710799106458
2014,distribucion,deuda_neta,Millones de pesos 2018,S&P Capital IQ,936.7655144855526
2014,distribucion,deuda_total,Millones de pesos 2018,S&P Capital IQ,2583.9747821186766
2014,distribucion,ebit,Millones de pesos 2018,S&P Capital IQ,4024.900665755828
2014,distribucion,ebitda,Millones de pesos 2018,S&P Capital IQ,5217.884159618971
2014,distribucion,ebt,Millones de pesos 2018,S&P Capital IQ,4258.837010483773
2014,distribucion,ganancia_bruta,Millones de pesos 2018,S&P Capital IQ,7231.085281050543
2014,distribucion,impuesto_ganancias,Millones de pesos 2018,S&P Capital IQ,1288.4884821844903
2014,distribucion,inventarios,Millones de pesos 2018,S&P Capital IQ,2863.9889851865696
2014,distribucion,pasivo,Millones de pesos 2018,S&P Capital IQ,11682.688879177771
2014,distribucion,patrimonio_neto,Millones de pesos 2018,S&P Capital IQ,12299.467531378126
2014,distribucion,patrimonio_neto_total,Millones de pesos 2018,S&P Capital IQ,12588.012357943046
2014,distribucion,ppye,Millones de pesos 2018,S&P Capital IQ,7789.515821772305
2014,distribucion,ppye_neta,Millones de pesos 2018,S&P Capital IQ,5558.9139204999465
2014,distribucion,utilidad_neta,Millones de pesos 2018,S&P Capital IQ,2907.7897551921988
2014,distribucion,utilidad_neta_empresa,Millones de pesos 2018,S&P Capital IQ,2970.3485282992824
2014,distribucion,utilidad_operativa,Millones de pesos 2018,S&P Capital IQ,4024.900665755828
2014,distribucion,ventas,Millones de pesos 2018,S&P Capital IQ,140067.0605227724
2014,distribucion,ventas_raw,Millones de pesos 2018,S&P Capital IQ,140067.0605227724
2014,holding,KTA,Millones de pesos 2018,S&P Capital IQ,1458.9083755116033
2014,holding,activo,Millones de pesos 2018,S&P Capital IQ,3981.7062518437947
2014,holding,activo_corr,Millones de pesos 2018,S&P Capital IQ,788.2551145145916
2014,holding,cash_st_inv,Millones de pesos 2018,S&P Capital IQ,254.28961085675593
2014,holding,costo_ventas,Millones de pesos 2018,S&P Capital IQ,2835.240419667457
2014,holding,depreciacion,Millones de pesos 2018,S&P Capital IQ,81.63166499534069
2014,holding,deuda_lp,Millones de pesos 2018,S&P Capital IQ,185.04790878677923
2014,holding,deuda_neta,Millones de pesos 2018,S&P Capital IQ,-42.29060518639636
2014,holding,deuda_total,Millones de pesos 2018,S&P Capital IQ,211.03534205136324
2014,holding,ebit,Millones de pesos 2018,S&P Capital IQ,176.03844614287874
2014,holding,ebitda,Millones de pesos 2018,S&P Capital IQ,257.67011113821945
2014,holding,ebt,Millones de pesos 2018,S&P Capital IQ,603.0718816210871
2014,holding,ganancia_bruta,Millones de pesos 2018,S&P Capital IQ,774.5093081353073
2014,holding,impuesto_ganancias,Millones de pesos 2018,S&P Capital IQ,-71.22628241919388
2014,holding,inventarios,Millones de pesos 2018,S&P Capital IQ,116.0716501569174
2014,holding,pasivo,Millones de pesos 2018,S&P Capital IQ,1198.8883092123665
2014,holding,patrimonio_neto,Millones de pesos 2018,S&P Capital IQ,2781.550580324213
2014,holding,patrimonio_neto_total,Millones de pesos 2018,S&P Capital IQ,2782.8179426314287
2014,holding,ppye_neta,Millones de pesos 2018,S&P Capital IQ,1088.54711449793
2014,holding,utilidad_neta,Millones de pesos 2018,S&P Capital IQ,674.1716877718683
2014,holding,utilidad_neta_empresa,Millones de pesos 2018,S&P Capital IQ,674.8457059188266
2014,holding,utilidad_operativa,Millones de pesos 2018,S&P Capital IQ,176.03844614287874
2014,holding,ventas,Millones de pesos 2018,S&P Capital IQ,3609.7497278027645
2014,holding,ventas_raw,Millones de pesos 2018,S&P Capital IQ,3609.7497278027645
2014,integrada,KTA,Millones de pesos 2018,S&P Capital IQ,679873.5169610034
2014,integrada,activo,Millones de pesos 2018,S&P Capital IQ,793111.1680366938
2014,integrada,activo_corr,Millones de pesos 2018,S&P Capital IQ,146732.96987685823
2014,integrada,cash_st_inv,Millones de pesos 2018,S&P Capital IQ,32095.234773894947
2014,integrada,costo_ventas,Millones de pesos 2018,S&P Capital IQ,344446.6945757875
2014,integrada,deuda_lp,Millones de pesos 2018,S&P Capital IQ,126559.26842812446
2014,integrada,deuda_neta,Millones de pesos 2018,S&P Capital IQ,139834.04282053816
2014,integrada,deuda_total,Millones de pesos 2018,S&P Capital IQ,171929.2775944331
2014,integrada,ebit,Millones de pesos 2018,S&P Capital IQ,80335.67643477961
2014,integrada,ebitda,Millones de pesos 2018,S&P Capital IQ,151589.02339896056
2014,integrada,ebt,Millones de pesos 2018,S&P Capital IQ,81972.5776488216
2014,integrada,ganancia_bruta,Millones de pesos 2018,S&P Capital IQ,143453.96267543867
2014,integrada,impuesto_ganancias,Millones de pesos 2018,S&P Capital IQ,47235.92040711645
2014,integrada,inventarios,Millones de pesos 2018,S&P Capital IQ,41305.08119121549
2014,integrada,pasivo,Millones de pesos 2018,S&P Capital IQ,475567.9468325536
2014,integrada,patrimonio_neto,Millones de pesos 2018,S&P Capital IQ,314472.4049361441
2014,integrada,patrimonio_neto_total,Millones de pesos 2018,S&P Capital IQ,317543.2212041402
2014,integrada,ppye,Millones de pesos 2018,S&P Capital IQ,1376766.642729375
2014,integrada,ppye_neta,Millones de pesos 2018,S&P Capital IQ,606473.200995893
2014,integrada,utilidad_neta,Millones de pesos 2018,S&P Capital IQ,34822.53600174234
2014,integrada,utilidad_neta_empresa,Millones de pesos 2018,S&P Capital IQ,34736.65724170515
2014,integrada,utilidad_operativa,Millones de pesos 2018,S&P Capital IQ,80335.67643477961
2014,integrada,ventas,Millones de pesos 2018,S&P Capital IQ,487900.6572512262
2014,integrada,ventas_raw,Millones de pesos 2018,S&P Capital IQ,487900.6572512262
2014,produccion,KTA,Millones de pesos 2018,S&P Capital IQ,19509.358715167495
2014,produccion,activo,Millones de pesos 2018,S&P Capital IQ,33695.59319106928
2014,produccion,activo_corr,Millones de pesos 2018,S&P Capital IQ,7555.882636875657
2014,produccion,cash_st_inv,Millones de pesos 2018,S&P Capital IQ,1530.019312069838
2014,produccion,costo_ventas,Millones de pesos 2018,S&P Capital IQ,14283.865379918276
2014,produccion,deuda_lp,Millones de pesos 2018,S&P Capital IQ,10104.748729758889
2014,produccion,deuda_neta,Millones de pesos 2018,S&P Capital IQ,12142.427114262326
2014,produccion,deuda_total,Millones de pesos 2018,S&P Capital IQ,13780.225485500287
2014,produccion,ebit,Millones de pesos 2018,S&P Capital IQ,4860.996739962405
2014,produccion,ebitda,Millones de pesos 2018,S&P Capital IQ,8162.091281844832
2014,produccion,ebt,Millones de pesos 2018,S&P Capital IQ,2223.1916282666443
2014,produccion,ganancia_bruta,Millones de pesos 2018,S&P Capital IQ,6789.177050989527
2014,produccion,impuesto_ganancias,Millones de pesos 2018,S&P Capital IQ,1001.962539355526
2014,produccion,inventarios,Millones de pesos 2018,S&P Capital IQ,1346.9700388442943
2014,produccion,pasivo,Millones de pesos 2018,S&P Capital IQ,24234.338796060052
2014,produccion,patrimonio_neto,Millones de pesos 2018,S&P Capital IQ,9440.858038565995
2014,produccion,patrimonio_neto_total,Millones de pesos 2018,S&P Capital IQ,9461.254395009255
2014,produccion,ppye,Millones de pesos 2018,S&P Capital IQ,401961.05079575395
2014,produccion,ppye_neta,Millones de pesos 2018,S&P Capital IQ,21020.089009739335
2014,produccion,utilidad_neta,Millones de pesos 2018,S&P Capital IQ,1219.4218380681964
2014,produccion,utilidad_neta_empresa,Millones de pesos 2018,S&P Capital IQ,1221.2290889111177
2014,produccion,utilidad_operativa,Millones de pesos 2018,S&P Capital IQ,4860.996739962405
2014,produccion,ventas,Millones de pesos 2018,S&P Capital IQ,23197.142454132783
2014,produccion,ventas_raw,Millones de pesos 2018,S&P Capital IQ,23197.142454132783
2014,transporte,KTA,Millones de pesos 2018,S&P Capital IQ,6321.840005576905
2014,transporte,activo,Millones de pesos 2018,S&P Capital IQ,24549.81761678832
2014,transporte,activo_corr,Millones de pesos 2018,S&P Capital IQ,6983.288624929932
2014,transporte,cash_st_inv,Millones de pesos 2018,S&P Capital IQ,1520.4079772448947
2014,transporte,costo_ventas,Millones de pesos 2018,S&P Capital IQ,1610.8773473640615
2014,transporte,deuda_lp,Millones de pesos 2018,S&P Capital IQ,10009.650923866797
2014,transporte,deuda_neta,Millones de pesos 2018,S&P Capital IQ,7068.550619326845
2014,transporte,deuda_total,Millones de pesos 2018,S&P Capital IQ,11021.54213667821
2014,transporte,ebit,Millones de pesos 2018,S&P Capital IQ,1785.544333228519
2014,transporte,ebitda,Millones de pesos 2018,S&P Capital IQ,2805.7171225232737
2014,transporte,ebt,Millones de pesos 2018,S&P Capital IQ,-568.7573354177266
2014,transporte,ganancia_bruta,Millones de pesos 2018,S&P Capital IQ,-122.42017290798947
2014,transporte,impuesto_ganancias,Millones de pesos 2018,S&P Capital IQ,-174.23030921606878
2014,transporte,inventarios,Millones de pesos 2018,S&P Capital IQ,113.57075656916805
2014,transporte,pasivo,Millones de pesos 2018,S&P Capital IQ,17530.91533030964
2014,transporte,patrimonio_neto,Millones de pesos 2018,S&P Capital IQ,7018.886672158677
2014,transporte,patrimonio_neto_total,Millones de pesos 2018,S&P Capital IQ,7018.902286478684
2014,transporte,ppye,Millones de pesos 2018,S&P Capital IQ,29824.686237271966
2014,transporte,ppye_neta,Millones de pesos 2018,S&P Capital IQ,15386.798545168054
2014,transporte,utilidad_neta,Millones de pesos 2018,S&P Capital IQ,-394.540038134997
2014,transporte,utilidad_neta_empresa,Millones de pesos 2018,S&P Capital IQ,-394.5270262016581
2014,transporte,utilidad_operativa,Millones de pesos 2018,S&P Capital IQ,1785.544333228519
2014,transporte,ventas,Millones de pesos 2018,S&P Capital IQ,12689.016189293441
2014,transporte,ventas_raw,Millones de pesos 2018,S&P Capital IQ,12689.016189293441
2015,distribucion,KTA,Millones de pesos 2018,S&P Capital IQ,7866.6743032487375
2015,distribucion,activo,Millones de pesos 2018,S&P Capital IQ,23595.591981397098
2015,distribucion,activo_corr,Millones de pesos 2018,S&P Capital IQ,7888.36015071886
2015,distribucion,cash_st_inv,Millones de pesos 2018,S&P Capital IQ,517.6043952101102
2015,distribucion,costo_ventas,Millones de pesos 2018,S&P Capital IQ,116643.80840912467
2015,distribucion,deuda_lp,Millones de pesos 2018,S&P Capital IQ,3214.287949633753
2015,distribucion,deuda_neta,Millones de pesos 2018,S&P Capital IQ,2937.9666220989384
2015,distribucion,deuda_total,Millones de pesos 2018,S&P Capital IQ,3455.5710173090483
2015,distribucion,ebit,Millones de pesos 2018,S&P Capital IQ,3782.670166890144
2015,distribucion,ebitda,Millones de pesos 2018,S&P Capital IQ,4769.449218871827
2015,distribucion,ebt,Millones de pesos 2018,S&P Capital IQ,3819.2135031076928
2015,distribucion,ganancia_bruta,Millones de pesos 2018,S&P Capital IQ,6554.451274456742
2015,distribucion,impuesto_ganancias,Millones de pesos 2018,S&P Capital IQ,1119.8775600203107
2015,distribucion,inventarios,Millones de pesos 2018,S&P Capital IQ,2667.854762598614
2015,distribucion,pasivo,Millones de pesos 2018,S&P Capital IQ,13000.138164778231
2015,distribucion,patrimonio_neto,Millones de pesos 2018,S&P Capital IQ,10282.593265096992
2015,distribucion,patrimonio_neto_total,Millones de pesos 2018,S&P Capital IQ,10595.453816618869
2015,distribucion,ppye,Millones de pesos 2018,S&P Capital IQ,6424.652831383465
2015,distribucion,ppye_neta,Millones de pesos 2018,S&P Capital IQ,4681.215145440014
2015,distribucion,utilidad_neta,Millones de pesos 2018,S&P Capital IQ,2620.6299076925975
2015,distribucion,utilidad_neta_empresa,Millones de pesos 2018,S&P Capital IQ,2699.3359430873825
2015,distribucion,utilidad_operativa,Millones de pesos 2018,S&P Capital IQ,3782.670166890144
2015,distribucion,ventas,Millones de pesos 2018,S&P Capital IQ,123198.25968358142
2015,distribucion,ventas_raw,Millones de pesos 2018,S&P Capital IQ,123198.25968358142
2015,holding,KTA,Millones de pesos 2018,S&P Capital IQ,4910.77218788329
2015,holding,activo,Millones de pesos 2018,S&P Capital IQ,7312.549189088754
2015,holding,activo_corr,Millones de pesos 2018,S&P Capital IQ,1953.441072423812
2015,holding,cash_st_inv,Millones de pesos 2018,S&P Capital IQ,393.77691080311047
2015,holding,costo_ventas,Millones de pesos 2018,S&P Capital IQ,3368.0853698257624
2015,holding,deuda_lp,Millones de pesos 2018,S&P Capital IQ,878.2367282926967
2015,holding,deuda_neta,Millones de pesos 2018,S&P Capital IQ,747.4945283227863
2015,holding,deuda_total,Millones de pesos 2018,S&P Capital IQ,1141.271439125897
2015,holding,ebit,Millones de pesos 2018,S&P Capital IQ,70.13614706109131
2015,holding,ebitda,Millones de pesos 2018,S&P Capital IQ,214.39936087034198
2015,holding,ebt,Millones de pesos 2018,S&P Capital IQ,737.9747147467301
2015,holding,ganancia_bruta,Millones de pesos 2018,S&P Capital IQ,885.0034035580965
2015,holding,impuesto_ganancias,Millones de pesos 2018,S&P Capital IQ,43.392256092676
2015,holding,inventarios,Millones de pesos 2018,S&P Capital IQ,736.2701952101102
2015,holding,pasivo,Millones de pesos 2018,S&P Capital IQ,3674.082608665807
2015,holding,patrimonio_neto,Millones de pesos 2018,S&P Capital IQ,2876.1700784643012
2015,holding,patrimonio_neto_total,Millones de pesos 2018,S&P Capital IQ,3638.466580422947
2015,holding,ppye_neta,Millones de pesos 2018,S&P Capital IQ,3780.725081870069
2015,holding,utilidad_neta,Millones de pesos 2018,S&P Capital IQ,739.8766213466981
2015,holding,utilidad_neta_empresa,Millones de pesos 2018,S&P Capital IQ,694.5824586540541
2015,holding,utilidad_operativa,Millones de pesos 2018,S&P Capital IQ,70.13614706109131
2015,holding,ventas,Millones de pesos 2018,S&P Capital IQ,4253.088773383859
2015,holding,ventas_raw,Millones de pesos 2018,S&P Capital IQ,4253.088773383859
2015,integrada,KTA,Millones de pesos 2018,S&P Capital IQ,906905.1431287554
2015,integrada,activo,Millones de pesos 2018,S&P Capital IQ,1067339.7033258423
2015,integrada,activo_corr,Millones de pesos 2018,S&P Capital IQ,208344.10147909238
2015,integrada,cash_st_inv,Millones de pesos 2018,S&P Capital IQ,52212.990486041235
2015,integrada,costo_ventas,Millones de pesos 2018,S&P Capital IQ,307570.16700110014
2015,integrada,deuda_lp,Millones de pesos 2018,S&P Capital IQ,207276.9776678671
2015,integrada,deuda_neta,Millones de pesos 2018,S&P Capital IQ,240022.66903120858
2015,integrada,deuda_total,Millones de pesos 2018,S&P Capital IQ,292235.6595172498
2015,integrada,ebit,Millones de pesos 2018,S&P Capital IQ,64588.74813491429
2015,integrada,ebitda,Millones de pesos 2018,S&P Capital IQ,138462.91270815898
2015,integrada,ebt,Millones de pesos 2018,S&P Capital IQ,81339.91902133542
2015,integrada,ganancia_bruta,Millones de pesos 2018,S&P Capital IQ,120889.2957244544
2015,integrada,impuesto_ganancias,Millones de pesos 2018,S&P Capital IQ,66315.88493920959
2015,integrada,inventarios,Millones de pesos 2018,S&P Capital IQ,48623.013271398886
2015,integrada,pasivo,Millones de pesos 2018,S&P Capital IQ,667727.5374625055
2015,integrada,patrimonio_neto,Millones de pesos 2018,S&P Capital IQ,396168.1728309622
2015,integrada,patrimonio_neto_total,Millones de pesos 2018,S&P Capital IQ,399612.16586333676
2015,integrada,ppye,Millones de pesos 2018,S&P Capital IQ,1807218.3807877833
2015,integrada,ppye_neta,Millones de pesos 2018,S&P Capital IQ,806069.1393713153
2015,integrada,utilidad_neta,Millones de pesos 2018,S&P Capital IQ,15252.262874121994
2015,integrada,utilidad_neta_empresa,Millones de pesos 2018,S&P Capital IQ,15024.034082125832
2015,integrada,utilidad_operativa,Millones de pesos 2018,S&P Capital IQ,64588.74813491429
2015,integrada,ventas,Millones de pesos 2018,S&P Capital IQ,428459.4627255545
2015,integrada,ventas_raw,Millones de pesos 2018,S&P Capital IQ,428459.4627255545
2015,produccion,KTA,Millones de pesos 2018,S&P Capital IQ,28735.735778916573
2015,produccion,activo,Millones de pesos 2018,S&P Capital IQ,47870.65987134856
2015,produccion,activo_corr,Millones de pesos 2018,S&P Capital IQ,12114.525114827034
2015,produccion,cash_st_inv,Millones de pesos 2018,S&P Capital IQ,2107.720890150054
2015,produccion,costo_ventas,Millones de pesos 2018,S&P Capital IQ,14492.67962183723
2015,produccion,deuda_lp,Millones de pesos 2018,S&P Capital IQ,11145.223659244139
2015,produccion,deuda_neta,Millones de pesos 2018,S&P Capital IQ,12106.098897589116
2015,produccion,deuda_total,Millones de pesos 2018,S&P Capital IQ,15021.99853626278
2015,produccion,ebit,Millones de pesos 2018,S&P Capital IQ,4015.08737781502
2015,produccion,ebitda,Millones de pesos 2018,S&P Capital IQ,7578.774861242975
2015,produccion,ebt,Millones de pesos 2018,S&P Capital IQ,1009.2296939875162
2015,produccion,ganancia_bruta,Millones de pesos 2018,S&P Capital IQ,5488.625474392278
2015,produccion,impuesto_ganancias,Millones de pesos 2018,S&P Capital IQ,198.27188056291197
2015,produccion,inventarios,Millones de pesos 2018,S&P Capital IQ,1422.785639918501
2015,produccion,pasivo,Millones de pesos 2018,S&P Capital IQ,35315.11220965668
2015,produccion,patrimonio_neto,Millones de pesos 2018,S&P Capital IQ,12515.107076231425
2015,produccion,patrimonio_neto_total,Millones de pesos 2018,S&P Capital IQ,12555.547661691866
2015,produccion,ppye,Millones de pesos 2018,S&P Capital IQ,541181.1149280244
2015,produccion,ppye_neta,Millones de pesos 2018,S&P Capital IQ,30689.53963642567
2015,produccion,utilidad_neta,Millones de pesos 2018,S&P Capital IQ,812.3084056227493
2015,produccion,utilidad_neta_empresa,Millones de pesos 2018,S&P Capital IQ,810.9578134274708
2015,produccion,utilidad_operativa,Millones de pesos 2018,S&P Capital IQ,4015.08737781502
2015,produccion,ventas,Millones de pesos 2018,S&P Capital IQ,22573.88477452767
2015,produccion,ventas_raw,Millones de pesos 2018,S&P Capital IQ,22573.88477452767
2015,transporte,KTA,Millones de pesos 2018,S&P Capital IQ,8207.553537189819
2015,transporte,activo,Millones de pesos 2018,S&P Capital IQ,28386.89564918899
2015,transporte,activo_corr,Millones de pesos 2018,S&P Capital IQ,11498.606549428769
2015,transporte,cash_st_inv,Millones de pesos 2018,S&P Capital IQ,2889.6273527311027
2015,transporte,costo_ventas,Millones de pesos 2018,S&P Capital IQ,5787.092616769316
2015,transporte,deuda_lp,Millones de pesos 2018,S&P Capital IQ,11559.599152003311
2015,transporte,deuda_neta,Millones de pesos 2018,S&P Capital IQ,7887.278940323479
2015,transporte,deuda_total,Millones de pesos 2018,S&P Capital IQ,12740.796236921833
2015,transporte,ebit,Millones de pesos 2018,S&P Capital IQ,3673.8720629633317
2015,transporte,ebitda,Millones de pesos 2018,S&P Capital IQ,4717.686929124879
2015,transporte,ebt,Millones de pesos 2018,S&P Capital IQ,915.98667070022
2015,transporte,ganancia_bruta,Millones de pesos 2018,S&P Capital IQ,2471.17500303215
2015,transporte,impuesto_ganancias,Millones de pesos 2018,S&P Capital IQ,236.6461552782248
2015,transporte,inventarios,Millones de pesos 2018,S&P Capital IQ,286.96583614890596
2015,transporte,pasivo,Millones de pesos 2018,S&P Capital IQ,20049.383291936923
2015,transporte,patrimonio_neto,Millones de pesos 2018,S&P Capital IQ,8337.500020560607
2015,transporte,patrimonio_neto_total,Millones de pesos 2018,S&P Capital IQ,8337.512357252066
2015,transporte,ppye,Millones de pesos 2018,S&P Capital IQ,28296.51704755851
2015,transporte,ppye_neta,Millones de pesos 2018,S&P Capital IQ,13724.158025369303
2015,transporte,utilidad_neta,Millones de pesos 2018,S&P Capital IQ,679.3405154219952
2015,transporte,utilidad_neta_empresa,Millones de pesos 2018,S&P Capital IQ,679.3405154219952
2015,transporte,utilidad_operativa,Millones de pesos 2018,S&P Capital IQ,3673.8720629633317
2015,transporte,ventas,Millones de pesos 2018,S&P Capital IQ,16947.77251374625
2015,transporte,ventas_raw,Millones de pesos 2018,S&P Capital IQ,16947.77251374625
2016,distribucion,KTA,Millones de pesos 2018,S&P Capital IQ,7467.831065698589
2016,distribucion,activo,Millones de pesos 2018,S&P Capital IQ,17344.294249300438
2016,distribucion,activo_corr,Millones de pesos 2018,S&P Capital IQ,8441.712431709215
2016,distribucion,cash_st_inv,Millones de pesos 2018,S&P Capital IQ,2071.4476824287426
2016,distribucion,costo_ventas,Millones de pesos 2018,S&P Capital IQ,93941.47960229762
2016,distribucion,deuda_lp,Millones de pesos 2018,S&P Capital IQ,4464.364661390009
2016,distribucion,deuda_neta,Millones de pesos 2018,S&P Capital IQ,2573.678071000736
2016,distribucion,deuda_total,Millones de pesos 2018,S&P Capital IQ,4645.125753429479
2016,distribucion,ebit,Millones de pesos 2018,S&P Capital IQ,3057.5031019304965
2016,distribucion,ebitda,Millones de pesos 2018,S&P Capital IQ,3853.411259307182
2016,distribucion,ebt,Millones de pesos 2018,S&P Capital IQ,2716.8486098816884
2016,distribucion,ganancia_bruta,Millones de pesos 2018,S&P Capital IQ,5145.494593527928
2016,distribucion,impuesto_ganancias,Millones de pesos 2018,S&P Capital IQ,839.8839105855508
2016,distribucion,inventarios,Millones de pesos 2018,S&P Capital IQ,2022.7721852198986
2016,distribucion,pasivo,Millones de pesos 2018,S&P Capital IQ,12367.577584426643
2016,distribucion,patrimonio_neto,Millones de pesos 2018,S&P Capital IQ,4724.359945016015
2016,distribucion,patrimonio_neto_total,Millones de pesos 2018,S&P Capital IQ,4976.716664873794
2016,distribucion,ppye,Millones de pesos 2018,S&P Capital IQ,4849.182837216951
2016,distribucion,ppye_neta,Millones de pesos 2018,S&P Capital IQ,3373.611198049947
2016,distribucion,utilidad_neta,Millones de pesos 2018,S&P Capital IQ,1799.1229696441033
2016,distribucion,utilidad_neta_empresa,Millones de pesos 2018,S&P Capital IQ,1876.9646992961375
2016,distribucion,utilidad_operativa,Millones de pesos 2018,S&P Capital IQ,3057.5031019304965
2016,distribucion,ventas,Millones de pesos 2018,S&P Capital IQ,99086.97419582556
2016,distribucion,ventas_raw,Millones de pesos 2018,S&P Capital IQ,99086.97419582556
2016,holding,KTA,Millones de pesos 2018,S&P Capital IQ,3538.2694518627904
2016,holding,activo,Millones de pesos 2018,S&P Capital IQ,5719.051292094556
2016,holding,activo_corr,Millones de pesos 2018,S&P Capital IQ,1774.5085043746953
2016,holding,cash_st_inv,Millones de pesos 2018,S&P Capital IQ,83.51220163185701
2016,holding,costo_ventas,Millones de pesos 2018,S&P Capital IQ,2338.0249752839372
2016,holding,deuda_lp,Millones de pesos 2018,S&P Capital IQ,638.2566062842128
2016,holding,deuda_neta,Millones de pesos 2018,S&P Capital IQ,880.1676419808311
2016,holding,deuda_total,Millones de pesos 2018,S&P Capital IQ,963.6798436126883
2016,holding,ebit,Millones de pesos 2018,S&P Capital IQ,-358.217268936994
2016,holding,ebitda,Millones de pesos 2018,S&P Capital IQ,-182.62056847768318
2016,holding,ebt,Millones de pesos 2018,S&P Capital IQ,-161.5489644225659
2016,holding,ganancia_bruta,Millones de pesos 2018,S&P Capital IQ,430.68951217937575
2016,holding,impuesto_ganancias,Millones de pesos 2018,S&P Capital IQ,-100.6754415966715
2016,holding,inventarios,Millones de pesos 2018,S&P Capital IQ,747.3332844096549
2016,holding,pasivo,Millones de pesos 2018,S&P Capital IQ,2917.607290213257
2016,holding,patrimonio_neto,Millones de pesos 2018,S&P Capital IQ,2491.4828631220216
2016,holding,patrimonio_neto_total,Millones de pesos 2018,S&P Capital IQ,2801.4440018812984
2016,holding,ppye,Millones de pesos 2018,S&P Capital IQ,3759.491847488975
2016,holding,ppye_neta,Millones de pesos 2018,S&P Capital IQ,2707.423965821278
2016,holding,utilidad_neta,Millones de pesos 2018,S&P Capital IQ,224.70429034657172
2016,holding,utilidad_neta_empresa,Millones de pesos 2018,S&P Capital IQ,102.1528424277409
2016,holding,utilidad_operativa,Millones de pesos 2018,S&P Capital IQ,-358.217268936994
2016,holding,ventas,Millones de pesos 2018,S&P Capital IQ,2768.714487463314
2016,holding,ventas_raw,Millones de pesos 2018,S&P Capital IQ,2768.714487463314
2016,integrada,KTA,Millones de pesos 2018,S&P Capital IQ,790203.6507268377
2016,integrada,activo,Millones de pesos 2018,S&P Capital IQ,956323.9155824955
2016,integrada,activo_corr,Millones de pesos 2018,S&P Capital IQ,188475.12398905604
2016,integrada,cash_st_inv,Millones de pesos 2018,S&P Capital IQ,41430.55179829776
2016,integrada,costo_ventas,Millones de pesos 2018,S&P Capital IQ,322567.28458289657
2016,integrada,deuda_lp,Millones de pesos 2018,S&P Capital IQ,236850.22824072227
2016,integrada,deuda_neta,Millones de pesos 2018,S&P Capital IQ,266090.4490970108
2016,integrada,deuda_total,Millones de pesos 2018,S&P Capital IQ,307521.00089530856
2016,integrada,ebit,Millones de pesos 2018,S&P Capital IQ,44425.602760500595
2016,integrada,ebitda,Millones de pesos 2018,S&P Capital IQ,133254.6105352838
2016,integrada,ebt,Millones de pesos 2018,S&P Capital IQ,-28661.490604179893
2016,integrada,ganancia_bruta,Millones de pesos 2018,S&P Capital IQ,95118.02411039299
2016,integrada,impuesto_ganancias,Millones de pesos 2018,S&P Capital IQ,5116.205911998793
2016,integrada,inventarios,Millones de pesos 2018,S&P Capital IQ,41008.81784363977
2016,integrada,pasivo,Millones de pesos 2018,S&P Capital IQ,643233.0669491773
2016,integrada,patrimonio_neto,Millones de pesos 2018,S&P Capital IQ,308761.0466988292
2016,integrada,patrimonio_neto_total,Millones de pesos 2018,S&P Capital IQ,313090.8486333181
2016,integrada,ppye,Millones de pesos 2018,S&P Capital IQ,1574096.0898164248
2016,integrada,ppye_neta,Millones de pesos 2018,S&P Capital IQ,707764.2810849001
2016,integrada,utilidad_neta,Millones de pesos 2018,S&P Capital IQ,-33106.1444949421
2016,integrada,utilidad_neta_empresa,Millones de pesos 2018,S&P Capital IQ,-33671.14443833998
2016,integrada,utilidad_operativa,Millones de pesos 2018,S&P Capital IQ,44425.602760500595
2016,integrada,ventas,Millones de pesos 2018,S&P Capital IQ,417685.30869328964
2016,integrada,ventas_raw,Millones de pesos 2018,S&P Capital IQ,417685.30869328964
2016,produccion,KTA,Millones de pesos 2018,S&P Capital IQ,31653.44388715352
2016,produccion,activo,Millones de pesos 2018,S&P Capital IQ,51064.43684447387
2016,produccion,activo_corr,Millones de pesos 2018,S&P Capital IQ,16540.78585267251
2016,produccion,cash_st_inv,Millones de pesos 2018,S&P Capital IQ,5509.840936051689
2016,produccion,costo_ventas,Millones de pesos 2018,S&P Capital IQ,13651.612442793423
2016,produccion,deuda_lp,Millones de pesos 2018,S&P Capital IQ,20895.287260678044
2016,produccion,deuda_neta,Millones de pesos 2018,S&P Capital IQ,21660.101661131095
2016,produccion,deuda_total,Millones de pesos 2018,S&P Capital IQ,28373.981796472384
2016,produccion,ebit,Millones de pesos 2018,S&P Capital IQ,3602.6486000042887
2016,produccion,ebitda,Millones de pesos 2018,S&P Capital IQ,7784.972130330166
2016,produccion,ebt,Millones de pesos 2018,S&P Capital IQ,44.77801570605163
2016,produccion,ganancia_bruta,Millones de pesos 2018,S&P Capital IQ,5065.4739628221205
2016,produccion,impuesto_ganancias,Millones de pesos 2018,S&P Capital IQ,188.2783726614631
2016,produccion,inventarios,Millones de pesos 2018,S&P Capital IQ,2438.05135076505
2016,produccion,pasivo,Millones de pesos 2018,S&P Capital IQ,40379.00376365937
2016,produccion,patrimonio_neto,Millones de pesos 2018,S&P Capital IQ,10680.686444437999
2016,produccion,patrimonio_neto_total,Millones de pesos 2018,S&P Capital IQ,10685.433080814499
2016,produccion,ppye,Millones de pesos 2018,S&P Capital IQ,444683.0022196347
2016,produccion,ppye_neta,Millones de pesos 2018,S&P Capital IQ,30518.35239669876
2016,produccion,utilidad_neta,Millones de pesos 2018,S&P Capital IQ,-557.9537966681588
2016,produccion,utilidad_neta_empresa,Millones de pesos 2018,S&P Capital IQ,-556.2076701190487
2016,produccion,utilidad_operativa,Millones de pesos 2018,S&P Capital IQ,3602.6486000042887
2016,produccion,ventas,Millones de pesos 2018,S&P Capital IQ,21446.969253838513
2016,produccion,ventas_raw,Millones de pesos 2018,S&P Capital IQ,21446.969253838513
2016,transporte,KTA,Millones de pesos 2018,S&P Capital IQ,8496.345475940701
2016,transporte,activo,Millones de pesos 2018,S&P Capital IQ,27572.409562673965
2016,transporte,activo_corr,Millones de pesos 2018,S&P Capital IQ,9764.187246494053
2016,transporte,cash_st_inv,Millones de pesos 2018,S&P Capital IQ,1570.9190273580011
2016,transporte,costo_ventas,Millones de pesos 2018,S&P Capital IQ,7193.96591415325
2016,transporte,deuda_lp,Millones de pesos 2018,S&P Capital IQ,8850.933465944105
2016,transporte,deuda_neta,Millones de pesos 2018,S&P Capital IQ,7103.833339510247
2016,transporte,deuda_total,Millones de pesos 2018,S&P Capital IQ,11112.336040623863
2016,transporte,ebit,Millones de pesos 2018,S&P Capital IQ,5076.123057407342
2016,transporte,ebitda,Millones de pesos 2018,S&P Capital IQ,6501.2493965242
2016,transporte,ebt,Millones de pesos 2018,S&P Capital IQ,3000.1671141586394
2016,transporte,ganancia_bruta,Millones de pesos 2018,S&P Capital IQ,2986.2951733968193
2016,transporte,impuesto_ganancias,Millones de pesos 2018,S&P Capital IQ,1204.080036328958
2016,transporte,inventarios,Millones de pesos 2018,S&P Capital IQ,507.76176233519186
2016,transporte,pasivo,Millones de pesos 2018,S&P Capital IQ,19302.018781261188
2016,transporte,patrimonio_neto,Millones de pesos 2018,S&P Capital IQ,8270.377463498418
2016,transporte,patrimonio_neto_total,Millones de pesos 2018,S&P Capital IQ,8270.390781412774
2016,transporte,ppye,Millones de pesos 2018,S&P Capital IQ,34882.01492719444
2016,transporte,ppye_neta,Millones de pesos 2018,S&P Capital IQ,14482.708025948383
2016,transporte,utilidad_neta,Millones de pesos 2018,S&P Capital IQ,1793.7413491854384
2016,transporte,utilidad_neta_empresa,Millones de pesos 2018,S&P Capital IQ,1793.7457884902242
2016,transporte,utilidad_operativa,Millones de pesos 2018,S&P Capital IQ,5076.123057407342
2016,transporte,ventas,Millones de pesos 2018,S&P Capital IQ,21133.76028270363
2016,transporte,ventas_raw,Millones de pesos 2018,S&P Capital IQ,21133.76028270363
2017,distribucion,KTA,Millones de pesos 2018,S&P Capital IQ,5661.054913636393
2017,distribucion,activo,Millones de pesos 2018,S&P Capital IQ,14687.074802054934
2017,distribucion,activo_corr,Millones de pesos 2018,S&P Capital IQ,6823.521666827145
2017,distribucion,cash_st_inv,Millones de pesos 2018,S&P Capital IQ,628.85355983085
2017,distribucion,costo_ventas,Millones de pesos 2018,S&P Capital IQ,82477.23771733741
2017,distribucion,deuda_lp,Millones de pesos 2018,S&P Capital IQ,1215.1024270716584
2017,distribucion,deuda_neta,Millones de pesos 2018,S&P Capital IQ,905.300258062146
2017,distribucion,deuda_total,Millones de pesos 2018,S&P Capital IQ,1534.153817892996
2017,distribucion,ebit,Millones de pesos 2018,S&P Capital IQ,3447.898624546254
2017,distribucion,ebitda,Millones de pesos 2018,S&P Capital IQ,4095.571964719132
2017,distribucion,ebt,Millones de pesos 2018,S&P Capital IQ,2923.9075474736087
2017,distribucion,ganancia_bruta,Millones de pesos 2018,S&P Capital IQ,4914.967407389779
2017,distribucion,impuesto_ganancias,Millones de pesos 2018,S&P Capital IQ,870.12467855819
2017,distribucion,inventarios,Millones de pesos 2018,S&P Capital IQ,2241.672524810989
2017,distribucion,pasivo,Millones de pesos 2018,S&P Capital IQ,10366.857296731712
2017,distribucion,patrimonio_neto,Millones de pesos 2018,S&P Capital IQ,4072.390158326881
2017,distribucion,patrimonio_neto_total,Millones de pesos 2018,S&P Capital IQ,4320.21750532322
2017,distribucion,ppye,Millones de pesos 2018,S&P Capital IQ,4056.2561774220435
2017,distribucion,ppye_neta,Millones de pesos 2018,S&P Capital IQ,2790.528828994554
2017,distribucion,utilidad_neta,Millones de pesos 2018,S&P Capital IQ,1982.1319748227238
2017,distribucion,utilidad_neta_empresa,Millones de pesos 2018,S&P Capital IQ,2053.7828689154185
2017,distribucion,utilidad_operativa,Millones de pesos 2018,S&P Capital IQ,3447.898624546254
2017,distribucion,ventas,Millones de pesos 2018,S&P Capital IQ,87392.2051247272
2017,distribucion,ventas_raw,Millones de pesos 2018,S&P Capital IQ,87392.2051247272
2017,holding,KTA,Millones de pesos 2018,S&P Capital IQ,5714.645005531586
2017,holding,activo,Millones de pesos 2018,S&P Capital IQ,12843.055267219313
2017,holding,activo_corr,Millones de pesos 2018,S&P Capital IQ,4516.627380326237
2017,holding,cash_st_inv,Millones de pesos 2018,S&P Capital IQ,46.54826149580963
2017,holding,costo_ventas,Millones de pesos 2018,S&P Capital IQ,4309.693727796336
2017,holding,deuda_lp,Millones de pesos 2018,S&P Capital IQ,759.6651816156973
2017,holding,deuda_neta,Millones de pesos 2018,S&P Capital IQ,871.2949197415376
2017,holding,deuda_total,Millones de pesos 2018,S&P Capital IQ,917.8431812373472
2017,holding,ebit,Millones de pesos 2018,S&P Capital IQ,-893.5261379991882
2017,holding,ebitda,Millones de pesos 2018,S&P Capital IQ,-799.2344349942489
2017,holding,ebt,Millones de pesos 2018,S&P Capital IQ,-972.1025571699712
2017,holding,ganancia_bruta,Millones de pesos 2018,S&P Capital IQ,280.7907390174304
2017,holding,impuesto_ganancias,Millones de pesos 2018,S&P Capital IQ,-379.4118525674945
2017,holding,inventarios,Millones de pesos 2018,S&P Capital IQ,808.5455323549603
2017,holding,pasivo,Millones de pesos 2018,S&P Capital IQ,6124.8732921575165
2017,holding,patrimonio_neto,Millones de pesos 2018,S&P Capital IQ,6716.376254547328
2017,holding,patrimonio_neto_total,Millones de pesos 2018,S&P Capital IQ,6718.181975061797
2017,holding,ppye,Millones de pesos 2018,S&P Capital IQ,10010.29344109254
2017,holding,ppye_neta,Millones de pesos 2018,S&P Capital IQ,4859.551211680817
2017,holding,utilidad_neta,Millones de pesos 2018,S&P Capital IQ,-356.96144709012805
2017,holding,utilidad_neta_empresa,Millones de pesos 2018,S&P Capital IQ,-356.96144709012805
2017,holding,utilidad_operativa,Millones de pesos 2018,S&P Capital IQ,-893.5261379991882
2017,holding,ventas,Millones de pesos 2018,S&P Capital IQ,4590.484466813766
2017,holding,ventas_raw,Millones de pesos 2018,S&P Capital IQ,4590.484466813766
2017,integrada,KTA,Millones de pesos 2018,S&P Capital IQ,780814.6531659672
2017,integrada,activo,Millones de pesos 2018,S&P Capital IQ,942870.2757250613
2017,integrada,activo_corr,Millones de pesos 2018,S&P Capital IQ,221391.4068217061
2017,integrada,cash_st_inv,Millones de pesos 2018,S&P Capital IQ,72280.37833578621
2017,integrada,costo_ventas,Millones de pesos 2018,S&P Capital IQ,330337.7435455676
2017,integrada,deuda_lp,Millones de pesos 2018,S&P Capital IQ,239974.98069537446
2017,integrada,deuda_neta,Millones de pesos 2018,S&P Capital IQ,245947.2873903059
2017,integrada,deuda_total,Millones de pesos 2018,S&P Capital IQ,318227.66572609206
2017,integrada,ebit,Millones de pesos 2018,S&P Capital IQ,33270.34052819859
2017,integrada,ebitda,Millones de pesos 2018,S&P Capital IQ,101896.11320123615
2017,integrada,ebt,Millones de pesos 2018,S&P Capital IQ,22762.150230190357
2017,integrada,ganancia_bruta,Millones de pesos 2018,S&P Capital IQ,82434.8584400573
2017,integrada,impuesto_ganancias,Millones de pesos 2018,S&P Capital IQ,-10390.227258169054
2017,integrada,inventarios,Millones de pesos 2018,S&P Capital IQ,39463.26646261353
2017,integrada,pasivo,Millones de pesos 2018,S&P Capital IQ,612163.23475688
2017,integrada,patrimonio_neto,Millones de pesos 2018,S&P Capital IQ,326582.4204039243
2017,integrada,patrimonio_neto_total,Millones de pesos 2018,S&P Capital IQ,330707.0409681813
2017,integrada,ppye,Millones de pesos 2018,S&P Capital IQ,1597334.8516176932
2017,integrada,ppye_neta,Millones de pesos 2018,S&P Capital IQ,669071.0083675676
2017,integrada,utilidad_neta,Millones de pesos 2018,S&P Capital IQ,31591.715879954467
2017,integrada,utilidad_neta_empresa,Millones de pesos 2018,S&P Capital IQ,33265.54445777504
2017,integrada,utilidad_operativa,Millones de pesos 2018,S&P Capital IQ,33270.34052819859
2017,integrada,ventas,Millones de pesos 2018,S&P Capital IQ,412772.6019856249
2017,integrada,ventas_raw,Millones de pesos 2018,S&P Capital IQ,412772.6019856249
2017,produccion,KTA,Millones de pesos 2018,S&P Capital IQ,61269.29877370388
2017,produccion,activo,Millones de pesos 2018,S&P Capital IQ,89835.91961238856
2017,produccion,activo_corr,Millones de pesos 2018,S&P Capital IQ,27706.224638867676
2017,produccion,cash_st_inv,Millones de pesos 2018,S&P Capital IQ,12140.941587787154
2017,produccion,costo_ventas,Millones de pesos 2018,S&P Capital IQ,24103.94143542729
2017,produccion,deuda_lp,Millones de pesos 2018,S&P Capital IQ,32948.48039667002
2017,produccion,deuda_neta,Millones de pesos 2018,S&P Capital IQ,26846.074401925085
2017,produccion,deuda_total,Millones de pesos 2018,S&P Capital IQ,40726.11574433375
2017,produccion,ebit,Millones de pesos 2018,S&P Capital IQ,768.0963762370689
2017,produccion,ebitda,Millones de pesos 2018,S&P Capital IQ,8247.899062113329
2017,produccion,ebt,Millones de pesos 2018,S&P Capital IQ,128.635946245122
2017,produccion,ganancia_bruta,Millones de pesos 2018,S&P Capital IQ,3292.6362892256475
2017,produccion,impuesto_ganancias,Millones de pesos 2018,S&P Capital IQ,353.4857738902707
2017,produccion,inventarios,Millones de pesos 2018,S&P Capital IQ,2736.3239168421073
2017,produccion,pasivo,Millones de pesos 2018,S&P Capital IQ,62989.3076656915
2017,produccion,patrimonio_neto,Millones de pesos 2018,S&P Capital IQ,26808.45648590793
2017,produccion,patrimonio_neto_total,Millones de pesos 2018,S&P Capital IQ,26846.61194669707
2017,produccion,ppye,Millones de pesos 2018,S&P Capital IQ,419918.74127894104
2017,produccion,ppye_neta,Millones de pesos 2018,S&P Capital IQ,54649.085621998864
2017,produccion,utilidad_neta,Millones de pesos 2018,S&P Capital IQ,-399.2964305848268
2017,produccion,utilidad_neta_empresa,Millones de pesos 2018,S&P Capital IQ,-392.74417945781
2017,produccion,utilidad_operativa,Millones de pesos 2018,S&P Capital IQ,768.0963762370689
2017,produccion,ventas,Millones de pesos 2018,S&P Capital IQ,30868.51431291383
2017,produccion,ventas_raw,Millones de pesos 2018,S&P Capital IQ,30868.51431291383
2017,transporte,KTA,Millones de pesos 2018,S&P Capital IQ,45941.905103318066
2017,transporte,activo,Millones de pesos 2018,S&P Capital IQ,106347.34855937245
2017,transporte,activo_corr,Millones de pesos 2018,S&P Capital IQ,20346.458285148718
2017,transporte,cash_st_inv,Millones de pesos 2018,S&P Capital IQ,3625.234527474793
2017,transporte,costo_ventas,Millones de pesos 2018,S&P Capital IQ,10672.272260321279
2017,transporte,deuda_lp,Millones de pesos 2018,S&P Capital IQ,11376.689108692837
2017,transporte,deuda_neta,Millones de pesos 2018,S&P Capital IQ,4133.308958331641
2017,transporte,deuda_total,Millones de pesos 2018,S&P Capital IQ,15457.330906183448
2017,transporte,ebit,Millones de pesos 2018,S&P Capital IQ,14964.969913554141
2017,transporte,ebitda,Millones de pesos 2018,S&P Capital IQ,20859.847648550098
2017,transporte,ebt,Millones de pesos 2018,S&P Capital IQ,14496.453784053148
2017,transporte,ganancia_bruta,Millones de pesos 2018,S&P Capital IQ,5043.8414167235105
2017,transporte,impuesto_ganancias,Millones de pesos 2018,S&P Capital IQ,-62.151290385315775
2017,transporte,inventarios,Millones de pesos 2018,S&P Capital IQ,916.7748565505003
2017,transporte,pasivo,Millones de pesos 2018,S&P Capital IQ,44160.02105885481
2017,transporte,patrimonio_neto,Millones de pesos 2018,S&P Capital IQ,62187.31311230635
2017,transporte,patrimonio_neto_total,Millones de pesos 2018,S&P Capital IQ,62187.327500517626
2017,transporte,ppye,Millones de pesos 2018,S&P Capital IQ,145462.477862081
2017,transporte,ppye_neta,Millones de pesos 2018,S&P Capital IQ,82579.49953090845
2017,transporte,utilidad_neta,Millones de pesos 2018,S&P Capital IQ,14488.358017178189
2017,transporte,utilidad_neta_empresa,Millones de pesos 2018,S&P Capital IQ,14488.361614231006
2017,transporte,utilidad_operativa,Millones de pesos 2018,S&P Capital IQ,14964.969913554141
2017,transporte,ventas,Millones de pesos 2018,S&P Capital IQ,52519.465094543644
2017,transporte,ventas_raw,Millones de pesos 2018,S&P Capital IQ,52519.465094543644
2018,distribucion,KTA,Millones de pesos 2018,S&P Capital IQ,5773.5070000000005
2018,distribucion,activo,Millones de pesos 2018,S&P Capital IQ,14644.146
2018,distribucion,activo_corr,Millones de pesos 2018,S&P Capital IQ,7642.725
2018,distribucion,cash_st_inv,Millones de pesos 2018,S&P Capital IQ,1425.304
2018,distribucion,costo_ventas,Millones de pesos 2018,S&P Capital IQ,74474.50700000001
2018,distribucion,deuda_lp,Millones de pesos 2018,S&P Capital IQ,2709.677
2018,distribucion,deuda_neta,Millones de pesos 2018,S&P Capital IQ,1376.053
2018,distribucion,deuda_total,Millones de pesos 2018,S&P Capital IQ,2801.3570000000004
2018,distribucion,ebit,Millones de pesos 2018,S&P Capital IQ,2778.462
2018,distribucion,ebitda,Millones de pesos 2018,S&P Capital IQ,3382.7099999999996
2018,distribucion,ebt,Millones de pesos 2018,S&P Capital IQ,2542.3360000000002
2018,distribucion,ganancia_bruta,Millones de pesos 2018,S&P Capital IQ,4270.197
2018,distribucion,impuesto_ganancias,Millones de pesos 2018,S&P Capital IQ,758.9830000000001
2018,distribucion,inventarios,Millones de pesos 2018,S&P Capital IQ,2054.976
2018,distribucion,pasivo,Millones de pesos 2018,S&P Capital IQ,10909.01
2018,distribucion,patrimonio_neto,Millones de pesos 2018,S&P Capital IQ,3508.4350000000004
2018,distribucion,patrimonio_neto_total,Millones de pesos 2018,S&P Capital IQ,3735.136
2018,distribucion,ppye,Millones de pesos 2018,S&P Capital IQ,3416.2
2018,distribucion,ppye_neta,Millones de pesos 2018,S&P Capital IQ,2293.227
2018,distribucion,utilidad_neta,Millones de pesos 2018,S&P Capital IQ,1722.218
2018,distribucion,utilidad_neta_empresa,Millones de pesos 2018,S&P Capital IQ,1783.353
2018,distribucion,utilidad_operativa,Millones de pesos 2018,S&P Capital IQ,2778.462
2018,distribucion,ventas,Millones de pesos 2018,S&P Capital IQ,78744.704
2018,distribucion,ventas_raw,Millones de pesos 2018,S&P Capital IQ,78744.704
2018,holding,KTA,Millones de pesos 2018,S&P Capital IQ,17164.907
2018,holding,activo,Millones de pesos 2018,S&P Capital IQ,27550.709000000003
2018,holding,activo_corr,Millones de pesos 2018,S&P Capital IQ,6483.01
2018,holding,cash_st_inv,Millones de pesos 2018,S&P Capital IQ,3228.161
2018,holding,costo_ventas,Millones de pesos 2018,S&P Capital IQ,6749.458
2018,holding,deuda_lp,Millones de pesos 2018,S&P Capital IQ,1148.684
2018,holding,deuda_neta,Millones de pesos 2018,S&P Capital IQ,-1814.729997731588
2018,holding,deuda_total,Millones de pesos 2018,S&P Capital IQ,1414.723
2018,holding,ebit,Millones de pesos 2018,S&P Capital IQ,-1114.4399986069502
2018,holding,ebitda,Millones de pesos 2018,S&P Capital IQ,-576.0449992799438
2018,holding,ebt,Millones de pesos 2018,S&P Capital IQ,3181.0270000000005
2018,holding,ganancia_bruta,Millones de pesos 2018,S&P Capital IQ,281.76
2018,holding,impuesto_ganancias,Millones de pesos 2018,S&P Capital IQ,836.9530000000001
2018,holding,inventarios,Millones de pesos 2018,S&P Capital IQ,1327.455
2018,holding,pasivo,Millones de pesos 2018,S&P Capital IQ,10424.894
2018,holding,patrimonio_neto,Millones de pesos 2018,S&P Capital IQ,17124.028000000002
2018,holding,patrimonio_neto_total,Millones de pesos 2018,S&P Capital IQ,17125.815
2018,holding,ppye,Millones de pesos 2018,S&P Capital IQ,21106.052
2018,holding,ppye_neta,Millones de pesos 2018,S&P Capital IQ,12609.291
2018,holding,utilidad_neta,Millones de pesos 2018,S&P Capital IQ,6933.5830000000005
2018,holding,utilidad_neta_empresa,Millones de pesos 2018,S&P Capital IQ,6933.054
2018,holding,utilidad_operativa,Millones de pesos 2018,S&P Capital IQ,-1114.4399986069502
2018,holding,ventas,Millones de pesos 2018,S&P Capital IQ,7031.218000000001
2018,holding,ventas_raw,Millones de pesos 2018,S&P Capital IQ,7031.218000000001
2018,integrada,KTA,Millones de pesos 2018,S&P Capital IQ,1249210.0
2018,integrada,activo,Millones de pesos 2018,S&P Capital IQ,1459847.0
2018,integrada,activo_corr,Millones de pesos 2018,S&P Capital IQ,266511.0
2018,integrada,cash_st_inv,Millones de pesos 2018,S&P Capital IQ,75482.0
2018,integrada,costo_ventas,Millones de pesos 2018,S&P Capital IQ,441124.0
2018,integrada,deuda_lp,Millones de pesos 2018,S&P Capital IQ,326145.0
2018,integrada,deuda_neta,Millones de pesos 2018,S&P Capital IQ,349377.0
2018,integrada,deuda_total,Millones de pesos 2018,S&P Capital IQ,424859.00000000006
2018,integrada,ebit,Millones de pesos 2018,S&P Capital IQ,53639.0
2018,integrada,ebitda,Millones de pesos 2018,S&P Capital IQ,166368.0
2018,integrada,ebt,Millones de pesos 2018,S&P Capital IQ,114600.0
2018,integrada,ganancia_bruta,Millones de pesos 2018,S&P Capital IQ,118146.00000000003
2018,integrada,impuesto_ganancias,Millones de pesos 2018,S&P Capital IQ,65513.0
2018,integrada,inventarios,Millones de pesos 2018,S&P Capital IQ,69739.0
2018,integrada,pasivo,Millones de pesos 2018,S&P Capital IQ,837143.0
2018,integrada,patrimonio_neto,Millones de pesos 2018,S&P Capital IQ,619547.0000000001
2018,integrada,patrimonio_neto_total,Millones de pesos 2018,S&P Capital IQ,622704.0000000001
2018,integrada,ppye,Millones de pesos 2018,S&P Capital IQ,2932477.0
2018,integrada,ppye_neta,Millones de pesos 2018,S&P Capital IQ,1103989.0
2018,integrada,utilidad_neta,Millones de pesos 2018,S&P Capital IQ,49094.0
2018,integrada,utilidad_neta_empresa,Millones de pesos 2018,S&P Capital IQ,49087.0
2018,integrada,utilidad_operativa,Millones de pesos 2018,S&P Capital IQ,53639.0
2018,integrada,ventas,Millones de pesos 2018,S&P Capital IQ,559270.0
2018,integrada,ventas_raw,Millones de pesos 2018,S&P Capital IQ,559270.0
2018,produccion,KTA,Millones de pesos 2018,S&P Capital IQ,125640.6461450001
2018,produccion,activo,Millones de pesos 2018,S&P Capital IQ,210815.01266000004
2018,produccion,activo_corr,Millones de pesos 2018,S&P Capital IQ,58734.87814899952
2018,produccion,cash_st_inv,Millones de pesos 2018,S&P Capital IQ,13388.792359000032
2018,produccion,costo_ventas,Millones de pesos 2018,S&P Capital IQ,53348.94331399952
2018,produccion,deuda_lp,Millones de pesos 2018,S&P Capital IQ,100744.42074099956
2018,produccion,deuda_neta,Millones de pesos 2018,S&P Capital IQ,94314.45121200022
2018,produccion,deuda_total,Millones de pesos 2018,S&P Capital IQ,114935.78457100026
2018,produccion,ebit,Millones de pesos 2018,S&P Capital IQ,21935.856173000255
2018,produccion,ebitda,Millones de pesos 2018,S&P Capital IQ,44699.50129499946
2018,produccion,ebt,Millones de pesos 2018,S&P Capital IQ,5941.633519547401
2018,produccion,ganancia_bruta,Millones de pesos 2018,S&P Capital IQ,25942.74724800064
2018,produccion,impuesto_ganancias,Millones de pesos 2018,S&P Capital IQ,-975.6060637509536
2018,produccion,inventarios,Millones de pesos 2018,S&P Capital IQ,4587.431083000629
2018,produccion,pasivo,Millones de pesos 2018,S&P Capital IQ,153422.5427470001
2018,produccion,patrimonio_neto,Millones de pesos 2018,S&P Capital IQ,57320.72391299995
2018,produccion,patrimonio_neto_total,Millones de pesos 2018,S&P Capital IQ,57392.46991299995
2018,produccion,ppye,Millones de pesos 2018,S&P Capital IQ,726479.2384710007
2018,produccion,ppye_neta,Millones de pesos 2018,S&P Capital IQ,125561.93670299943
2018,produccion,utilidad_neta,Millones de pesos 2018,S&P Capital IQ,6952.237521036727
2018,produccion,utilidad_neta_empresa,Millones de pesos 2018,S&P Capital IQ,6957.2075210367275
2018,produccion,utilidad_operativa,Millones de pesos 2018,S&P Capital IQ,21935.856173000255
2018,produccion,ventas,Millones de pesos 2018,S&P Capital IQ,86583.92456200016
2018,produccion,ventas_raw,Millones de pesos 2018,S&P Capital IQ,86583.92456200016
2018,transporte,KTA,Millones de pesos 2018,S&P Capital IQ,73640.103
2018,transporte,activo,Millones de pesos 2018,S&P Capital IQ,180659.66999999998
2018,transporte,activo_corr,Millones de pesos 2018,S&P Capital IQ,55147.030999999995
2018,transporte,cash_st_inv,Millones de pesos 2018,S&P Capital IQ,12636.996
2018,transporte,costo_ventas,Millones de pesos 2018,S&P Capital IQ,19516.84
2018,transporte,deuda_lp,Millones de pesos 2018,S&P Capital IQ,35152.471
2018,transporte,deuda_neta,Millones de pesos 2018,S&P Capital IQ,6568.312595730319
2018,transporte,deuda_total,Millones de pesos 2018,S&P Capital IQ,44789.523
2018,transporte,ebit,Millones de pesos 2018,S&P Capital IQ,31653.535000000003
2018,transporte,ebitda,Millones de pesos 2018,S&P Capital IQ,40616.959
2018,transporte,ebt,Millones de pesos 2018,S&P Capital IQ,24760.422
2018,transporte,ganancia_bruta,Millones de pesos 2018,S&P Capital IQ,12651.57
2018,transporte,impuesto_ganancias,Millones de pesos 2018,S&P Capital IQ,519.9700022260563
2018,transporte,inventarios,Millones de pesos 2018,S&P Capital IQ,1519.556
2018,transporte,pasivo,Millones de pesos 2018,S&P Capital IQ,79607.053
2018,transporte,patrimonio_neto,Millones de pesos 2018,S&P Capital IQ,101052.60200000001
2018,transporte,patrimonio_neto_total,Millones de pesos 2018,S&P Capital IQ,101052.617
2018,transporte,ppye,Millones de pesos 2018,S&P Capital IQ,204908.039
2018,transporte,ppye_neta,Millones de pesos 2018,S&P Capital IQ,119548.63200000001
2018,transporte,utilidad_neta,Millones de pesos 2018,S&P Capital IQ,24240.059
2018,transporte,utilidad_neta_empresa,Millones de pesos 2018,S&P Capital IQ,24240.065000000002
2018,transporte,utilidad_operativa,Millones de pesos 2018,S&P Capital IQ,31653.535000000003
2018,transporte,ventas,Millones de pesos 2018,S&P Capital IQ,84567.83300000001
2018,transporte,ventas_raw,Millones de pesos 2018,S&P Capital IQ,84567.83300000001
2019,distribucion,KTA,Millones de pesos 2018,S&P Capital IQ,8043.784040072228
2019,distribucion,activo,Millones de pesos 2018,S&P Capital IQ,16378.799202966185
2019,distribucion,activo_corr,Millones de pesos 2018,S&P Capital IQ,8610.418648752258
2019,distribucion,cash_st_inv,Millones de pesos 2018,S&P Capital IQ,1840.2046849343158
2019,distribucion,costo_ventas,Millones de pesos 2018,S&P Capital IQ,57702.13905161506
2019,distribucion,deuda_lp,Millones de pesos 2018,S&P Capital IQ,3041.6046406773785
2019,distribucion,deuda_neta,Millones de pesos 2018,S&P Capital IQ,1682.592002440957
2019,distribucion,deuda_total,Millones de pesos 2018,S&P Capital IQ,3522.7966873752725
2019,distribucion,ebit,Millones de pesos 2018,S&P Capital IQ,1776.0820963434905
2019,distribucion,ebitda,Millones de pesos 2018,S&P Capital IQ,2294.3313097563328
2019,distribucion,ebt,Millones de pesos 2018,S&P Capital IQ,1547.0664375929646
2019,distribucion,ganancia_bruta,Millones de pesos 2018,S&P Capital IQ,2920.0731143976254
2019,distribucion,impuesto_ganancias,Millones de pesos 2018,S&P Capital IQ,367.02484498759947
2019,distribucion,inventarios,Millones de pesos 2018,S&P Capital IQ,2260.6368245553417
2019,distribucion,pasivo,Millones de pesos 2018,S&P Capital IQ,13798.85924154952
2019,distribucion,patrimonio_neto,Millones de pesos 2018,S&P Capital IQ,2423.2154484795274
2019,distribucion,patrimonio_neto_total,Millones de pesos 2018,S&P Capital IQ,2579.939961416665
2019,distribucion,ppye,Millones de pesos 2018,S&P Capital IQ,4639.599306230361
2019,distribucion,ppye_neta,Millones de pesos 2018,S&P Capital IQ,3942.9425305825716
2019,distribucion,utilidad_neta,Millones de pesos 2018,S&P Capital IQ,1145.064629605611
2019,distribucion,utilidad_neta_empresa,Millones de pesos 2018,S&P Capital IQ,1180.0415926053652
2019,distribucion,utilidad_operativa,Millones de pesos 2018,S&P Capital IQ,1776.0820963434905
2019,distribucion,ventas,Millones de pesos 2018,S&P Capital IQ,60622.21216601268
2019,distribucion,ventas_raw,Millones de pesos 2018,S&P Capital IQ,60622.21216601268
2019,holding,KTA,Millones de pesos 2018,S&P Capital IQ,15455.587616378585
2019,holding,activo,Millones de pesos 2018,S&P Capital IQ,26621.67740009481
2019,holding,activo_corr,Millones de pesos 2018,S&P Capital IQ,5660.239514430242
2019,holding,cash_st_inv,Millones de pesos 2018,S&P Capital IQ,938.5408075216743
2019,holding,costo_ventas,Millones de pesos 2018,S&P Capital IQ,19576.860279029665
2019,holding,deuda_lp,Millones de pesos 2018,S&P Capital IQ,866.7142427069244
2019,holding,deuda_neta,Millones de pesos 2018,S&P Capital IQ,1294.5887877375158
2019,holding,deuda_total,Millones de pesos 2018,S&P Capital IQ,2233.12959525919
2019,holding,ebit,Millones de pesos 2018,S&P Capital IQ,22.783989143324284
2019,holding,ebitda,Millones de pesos 2018,S&P Capital IQ,536.5292394293072
2019,holding,ebt,Millones de pesos 2018,S&P Capital IQ,1542.783052839409
2019,holding,ganancia_bruta,Millones de pesos 2018,S&P Capital IQ,1672.5429983191414
2019,holding,impuesto_ganancias,Millones de pesos 2018,S&P Capital IQ,390.1810194687688
2019,holding,inventarios,Millones de pesos 2018,S&P Capital IQ,1167.6065681446025
2019,holding,pasivo,Millones de pesos 2018,S&P Capital IQ,9745.59303861094
2019,holding,patrimonio_neto,Millones de pesos 2018,S&P Capital IQ,15821.563575414077
2019,holding,patrimonio_neto_total,Millones de pesos 2018,S&P Capital IQ,16876.08436148387
2019,holding,ppye,Millones de pesos 2018,S&P Capital IQ,20212.856049998056
2019,holding,ppye_neta,Millones de pesos 2018,S&P Capital IQ,13349.440240712309
2019,holding,utilidad_neta,Millones de pesos 2018,S&P Capital IQ,937.9116060851425
2019,holding,utilidad_neta_empresa,Millones de pesos 2018,S&P Capital IQ,912.7799863492575
2019,holding,utilidad_operativa,Millones de pesos 2018,S&P Capital IQ,22.783989143324284
2019,holding,ventas,Millones de pesos 2018,S&P Capital IQ,21249.403277348807
2019,holding,ventas_raw,Millones de pesos 2018,S&P Capital IQ,21249.403277348807
2019,integrada,KTA,Millones de pesos 2018,S&P Capital IQ,1319966.362119739
2019,integrada,activo,Millones de pesos 2018,S&P Capital IQ,1526739.3922183516
2019,integrada,activo_corr,Millones de pesos 2018,S&P Capital IQ,247181.16620150057
2019,integrada,cash_st_inv,Millones de pesos 2018,S&P Capital IQ,60206.183785773705
2019,integrada,costo_ventas,Millones de pesos 2018,S&P Capital IQ,462118.8494806716
2019,integrada,deuda_lp,Millones de pesos 2018,S&P Capital IQ,315837.64890789206
2019,integrada,deuda_neta,Millones de pesos 2018,S&P Capital IQ,414874.0851527177
2019,integrada,deuda_total,Millones de pesos 2018,S&P Capital IQ,475080.2689384914
2019,integrada,ebit,Millones de pesos 2018,S&P Capital IQ,36866.51933035213
2019,integrada,ebitda,Millones de pesos 2018,S&P Capital IQ,156561.84452024708
2019,integrada,ebt,Millones de pesos 2018,S&P Capital IQ,18445.788038601982
2019,integrada,ganancia_bruta,Millones de pesos 2018,S&P Capital IQ,110787.6026809816
2019,integrada,impuesto_ganancias,Millones de pesos 2018,S&P Capital IQ,32303.99557341274
2019,integrada,inventarios,Millones de pesos 2018,S&P Capital IQ,68964.25135114796
2019,integrada,pasivo,Millones de pesos 2018,S&P Capital IQ,893149.8124726024
2019,integrada,patrimonio_neto,Millones de pesos 2018,S&P Capital IQ,629978.3408907844
2019,integrada,patrimonio_neto_total,Millones de pesos 2018,S&P Capital IQ,633589.5797457492
2019,integrada,ppye,Millones de pesos 2018,S&P Capital IQ,3256126.543482978
2019,integrada,ppye_neta,Millones de pesos 2018,S&P Capital IQ,1190795.9269828175
2019,integrada,utilidad_neta,Millones de pesos 2018,S&P Capital IQ,-14305.910787643448
2019,integrada,utilidad_neta_empresa,Millones de pesos 2018,S&P Capital IQ,-13857.888774550547
2019,integrada,utilidad_operativa,Millones de pesos 2018,S&P Capital IQ,36866.51933035213
2019,integrada,ventas,Millones de pesos 2018,S&P Capital IQ,572906.4521616532
2019,integrada,ventas_raw,Millones de pesos 2018,S&P Capital IQ,572906.4521616532
2019,produccion,KTA,Millones de pesos 2018,S&P Capital IQ,134562.5091969068
2019,produccion,activo,Millones de pesos 2018,S&P Capital IQ,211755.8574337684
2019,produccion,activo_corr,Millones de pesos 2018,S&P Capital IQ,52531.718094342075
2019,produccion,cash_st_inv,Millones de pesos 2018,S&P Capital IQ,10134.623270774948
2019,produccion,costo_ventas,Millones de pesos 2018,S&P Capital IQ,55534.15081446842
2019,produccion,deuda_lp,Millones de pesos 2018,S&P Capital IQ,70465.67876209496
2019,produccion,deuda_neta,Millones de pesos 2018,S&P Capital IQ,96006.40158594705
2019,produccion,deuda_total,Millones de pesos 2018,S&P Capital IQ,114416.51444048645
2019,produccion,ebit,Millones de pesos 2018,S&P Capital IQ,32119.92640394744
2019,produccion,ebitda,Millones de pesos 2018,S&P Capital IQ,58733.46659042037
2019,produccion,ebt,Millones de pesos 2018,S&P Capital IQ,16217.63907113711
2019,produccion,ganancia_bruta,Millones de pesos 2018,S&P Capital IQ,36327.12191098512
2019,produccion,impuesto_ganancias,Millones de pesos 2018,S&P Capital IQ,7060.431343572321
2019,produccion,inventarios,Millones de pesos 2018,S&P Capital IQ,4211.183562726423
2019,produccion,pasivo,Millones de pesos 2018,S&P Capital IQ,148475.61727498667
2019,produccion,patrimonio_neto,Millones de pesos 2018,S&P Capital IQ,63191.009374707064
2019,produccion,patrimonio_neto_total,Millones de pesos 2018,S&P Capital IQ,63280.240158781744
2019,produccion,ppye,Millones de pesos 2018,S&P Capital IQ,290045.3039295121
2019,produccion,ppye_neta,Millones de pesos 2018,S&P Capital IQ,142620.5829156348
2019,produccion,utilidad_neta,Millones de pesos 2018,S&P Capital IQ,9146.004448188076
2019,produccion,utilidad_neta_empresa,Millones de pesos 2018,S&P Capital IQ,9157.103639609335
2019,produccion,utilidad_operativa,Millones de pesos 2018,S&P Capital IQ,32119.92640394744
2019,produccion,ventas,Millones de pesos 2018,S&P Capital IQ,104848.27862390291
2019,produccion,ventas_raw,Millones de pesos 2018,S&P Capital IQ,104848.27862390291
2019,transporte,KTA,Millones de pesos 2018,S&P Capital IQ,57151.049036853066
2019,transporte,activo,Millones de pesos 2018,S&P Capital IQ,154004.92929723073
2019,transporte,activo_corr,Millones de pesos 2018,S&P Capital IQ,33055.33886812438
2019,transporte,cash_st_inv,Millones de pesos 2018,S&P Capital IQ,6567.881781500436
2019,transporte,costo_ventas,Millones de pesos 2018,S&P Capital IQ,18515.751422075813
2019,transporte,deuda_lp,Millones de pesos 2018,S&P Capital IQ,26439.5382243764
2019,transporte,deuda_neta,Millones de pesos 2018,S&P Capital IQ,20581.49945956966
2019,transporte,deuda_total,Millones de pesos 2018,S&P Capital IQ,36769.25337715674
2019,transporte,ebit,Millones de pesos 2018,S&P Capital IQ,32968.50972055667
2019,transporte,ebitda,Millones de pesos 2018,S&P Capital IQ,43023.165593848855
2019,transporte,ebt,Millones de pesos 2018,S&P Capital IQ,29059.927965010676
2019,transporte,ganancia_bruta,Millones de pesos 2018,S&P Capital IQ,8985.563250437353
2019,transporte,impuesto_ganancias,Millones de pesos 2018,S&P Capital IQ,7259.604498727109
2019,transporte,inventarios,Millones de pesos 2018,S&P Capital IQ,1416.8750954716395
2019,transporte,pasivo,Millones de pesos 2018,S&P Capital IQ,64200.242589006215
2019,transporte,patrimonio_neto,Millones de pesos 2018,S&P Capital IQ,89804.66198262514
2019,transporte,patrimonio_neto_total,Millones de pesos 2018,S&P Capital IQ,89804.6867082245
2019,transporte,ppye,Millones de pesos 2018,S&P Capital IQ,197701.53823296347
2019,transporte,ppye_neta,Millones de pesos 2018,S&P Capital IQ,115479.9228211261
2019,transporte,utilidad_neta,Millones de pesos 2018,S&P Capital IQ,21800.305898094542
2019,transporte,utilidad_neta_empresa,Millones de pesos 2018,S&P Capital IQ,21800.323466283564
2019,transporte,utilidad_operativa,Millones de pesos 2018,S&P Capital IQ,32968.50972055667
2019,transporte,ventas,Millones de pesos 2018,S&P Capital IQ,92432.29111848469
2019,transporte,ventas_raw,Millones de pesos 2018,S&P Capital IQ,92432.29111848469
2020,distribucion,KTA,Millones de pesos 2018,S&P Capital IQ,6525.9982283029
2020,distribucion,activo,Millones de pesos 2018,S&P Capital IQ,14227.021495105442
2020,distribucion,activo_corr,Millones de pesos 2018,S&P Capital IQ,6671.171444672629
2020,distribucion,cash_st_inv,Millones de pesos 2018,S&P Capital IQ,1005.9620655416704
2020,distribucion,costo_ventas,Millones de pesos 2018,S&P Capital IQ,45960.14944834694
2020,distribucion,deuda_lp,Millones de pesos 2018,S&P Capital IQ,3082.08796957268
2020,distribucion,deuda_neta,Millones de pesos 2018,S&P Capital IQ,3294.4077000089364
2020,distribucion,deuda_total,Millones de pesos 2018,S&P Capital IQ,4300.369765550608
2020,distribucion,ebit,Millones de pesos 2018,S&P Capital IQ,1327.3013829409779
2020,distribucion,ebitda,Millones de pesos 2018,S&P Capital IQ,1836.2589797880673
2020,distribucion,ebt,Millones de pesos 2018,S&P Capital IQ,1528.6052608026362
2020,distribucion,ganancia_bruta,Millones de pesos 2018,S&P Capital IQ,2447.829690234873
2020,distribucion,impuesto_ganancias,Millones de pesos 2018,S&P Capital IQ,492.30159108825876
2020,distribucion,inventarios,Millones de pesos 2018,S&P Capital IQ,2005.24541239322
2020,distribucion,pasivo,Millones de pesos 2018,S&P Capital IQ,11841.082700818815
2020,distribucion,patrimonio_neto,Millones de pesos 2018,S&P Capital IQ,2267.221498789109
2020,distribucion,patrimonio_neto_total,Millones de pesos 2018,S&P Capital IQ,2385.9387942866274
2020,distribucion,ppye,Millones de pesos 2018,S&P Capital IQ,4370.331314629127
2020,distribucion,ppye_neta,Millones de pesos 2018,S&P Capital IQ,3514.790750368011
2020,distribucion,utilidad_neta,Millones de pesos 2018,S&P Capital IQ,1015.7743554426308
2020,distribucion,utilidad_neta_empresa,Millones de pesos 2018,S&P Capital IQ,1036.3036697143773
2020,distribucion,utilidad_operativa,Millones de pesos 2018,S&P Capital IQ,1327.3013829409779
2020,distribucion,ventas,Millones de pesos 2018,S&P Capital IQ,48407.97913858182
2020,distribucion,ventas_raw,Millones de pesos 2018,S&P Capital IQ,48407.97913858182
2020,holding,KTA,Millones de pesos 2018,S&P Capital IQ,15473.837717943756
2020,holding,activo,Millones de pesos 2018,S&P Capital IQ,25821.223517075574
2020,holding,activo_corr,Millones de pesos 2018,S&P Capital IQ,5054.721233434776
2020,holding,cash_st_inv,Millones de pesos 2018,S&P Capital IQ,1368.6102571888907
2020,holding,costo_ventas,Millones de pesos 2018,S&P Capital IQ,15174.21798605132
2020,holding,deuda_lp,Millones de pesos 2018,S&P Capital IQ,241.50039620366064
2020,holding,deuda_neta,Millones de pesos 2018,S&P Capital IQ,-589.6710255572408
2020,holding,deuda_total,Millones de pesos 2018,S&P Capital IQ,780.7445981675404
2020,holding,ebit,Millones de pesos 2018,S&P Capital IQ,856.7945427360099
2020,holding,ebitda,Millones de pesos 2018,S&P Capital IQ,1458.914582074506
2020,holding,ebt,Millones de pesos 2018,S&P Capital IQ,1397.7629651028703
2020,holding,ganancia_bruta,Millones de pesos 2018,S&P Capital IQ,2425.061456061861
2020,holding,impuesto_ganancias,Millones de pesos 2018,S&P Capital IQ,477.3390979261888
2020,holding,inventarios,Millones de pesos 2018,S&P Capital IQ,893.4303305328884
2020,holding,pasivo,Millones de pesos 2018,S&P Capital IQ,7893.212426122445
2020,holding,patrimonio_neto,Millones de pesos 2018,S&P Capital IQ,16852.918878728204
2020,holding,patrimonio_neto_total,Millones de pesos 2018,S&P Capital IQ,17928.011090953125
2020,holding,ppye,Millones de pesos 2018,S&P Capital IQ,15564.706241477981
2020,holding,ppye_neta,Millones de pesos 2018,S&P Capital IQ,13211.797130221976
2020,holding,utilidad_neta,Millones de pesos 2018,S&P Capital IQ,617.1274483962309
2020,holding,utilidad_neta_empresa,Millones de pesos 2018,S&P Capital IQ,617.1274483962309
2020,holding,utilidad_operativa,Millones de pesos 2018,S&P Capital IQ,856.7945427360099
2020,holding,ventas,Millones de pesos 2018,S&P Capital IQ,17599.27944211318
2020,holding,ventas_raw,Millones de pesos 2018,S&P Capital IQ,17599.27944211318
2020,integrada,KTA,Millones de pesos 2018,S&P Capital IQ,1205109.5220859377
2020,integrada,activo,Millones de pesos 2018,S&P Capital IQ,1369066.2910275313
2020,integrada,activo_corr,Millones de pesos 2018,S&P Capital IQ,190880.18178909313
2020,integrada,cash_st_inv,Millones de pesos 2018,S&P Capital IQ,46798.2383538403
2020,integrada,costo_ventas,Millones de pesos 2018,S&P Capital IQ,364738.61409751134
2020,integrada,deuda_lp,Millones de pesos 2018,S&P Capital IQ,290091.6037803772
2020,integrada,deuda_neta,Millones de pesos 2018,S&P Capital IQ,393234.0832932894
2020,integrada,deuda_total,Millones de pesos 2018,S&P Capital IQ,440032.3216471297
2020,integrada,ebit,Millones de pesos 2018,S&P Capital IQ,-35711.71060662349
2020,integrada,ebitda,Millones de pesos 2018,S&P Capital IQ,68593.90588806299
2020,integrada,ebt,Millones de pesos 2018,S&P Capital IQ,-40644.90611455335
2020,integrada,ganancia_bruta,Millones de pesos 2018,S&P Capital IQ,43574.83535167043
2020,integrada,impuesto_ganancias,Millones de pesos 2018,S&P Capital IQ,940.1082681020889
2020,integrada,inventarios,Millones de pesos 2018,S&P Capital IQ,64603.724381324624
2020,integrada,pasivo,Millones de pesos 2018,S&P Capital IQ,797179.6910517733
2020,integrada,patrimonio_neto,Millones de pesos 2018,S&P Capital IQ,569061.0234780505
2020,integrada,patrimonio_neto_total,Millones de pesos 2018,S&P Capital IQ,571886.599975758
2020,integrada,ppye,Millones de pesos 2018,S&P Capital IQ,3289587.9494087915
2020,integrada,ppye_neta,Millones de pesos 2018,S&P Capital IQ,1093707.5593507728
2020,integrada,utilidad_neta,Millones de pesos 2018,S&P Capital IQ,-40960.9389517801
2020,integrada,utilidad_neta_empresa,Millones de pesos 2018,S&P Capital IQ,-41585.29650825248
2020,integrada,utilidad_operativa,Millones de pesos 2018,S&P Capital IQ,-35711.71060662349
2020,integrada,ventas,Millones de pesos 2018,S&P Capital IQ,408313.4494491818
2020,integrada,ventas_raw,Millones de pesos 2018,S&P Capital IQ,408313.4494491818
2020,produccion,KTA,Millones de pesos 2018,S&P Capital IQ,134988.29311877038
2020,produccion,activo,Millones de pesos 2018,S&P Capital IQ,210569.3086856177
2020,produccion,activo_corr,Millones de pesos 2018,S&P Capital IQ,55556.826068698225
2020,produccion,cash_st_inv,Millones de pesos 2018,S&P Capital IQ,19397.22031656552
2020,produccion,costo_ventas,Millones de pesos 2018,S&P Capital IQ,42915.70620362756
2020,produccion,deuda_lp,Millones de pesos 2018,S&P Capital IQ,60790.179618120375
2020,produccion,deuda_neta,Millones de pesos 2018,S&P Capital IQ,91074.76047586647
2020,produccion,deuda_total,Millones de pesos 2018,S&P Capital IQ,112898.49514022097
2020,produccion,ebit,Millones de pesos 2018,S&P Capital IQ,22854.741753457613
2020,produccion,ebitda,Millones de pesos 2018,S&P Capital IQ,46914.12277171531
2020,produccion,ebt,Millones de pesos 2018,S&P Capital IQ,2925.240158027299
2020,produccion,ganancia_bruta,Millones de pesos 2018,S&P Capital IQ,29103.08593311256
2020,produccion,impuesto_ganancias,Millones de pesos 2018,S&P Capital IQ,840.1187439324776
2020,produccion,inventarios,Millones de pesos 2018,S&P Capital IQ,4395.45132080767
2020,produccion,pasivo,Millones de pesos 2018,S&P Capital IQ,145909.8030925942
2020,produccion,patrimonio_neto,Millones de pesos 2018,S&P Capital IQ,64563.329202267894
2020,produccion,patrimonio_neto_total,Millones de pesos 2018,S&P Capital IQ,64659.50559302352
2020,produccion,ppye,Millones de pesos 2018,S&P Capital IQ,311929.37103539763
2020,produccion,ppye_neta,Millones de pesos 2018,S&P Capital IQ,132619.52106385079
2020,produccion,utilidad_neta,Millones de pesos 2018,S&P Capital IQ,2086.6582535242123
2020,produccion,utilidad_neta_empresa,Millones de pesos 2018,S&P Capital IQ,2093.8209640536234
2020,produccion,utilidad_operativa,Millones de pesos 2018,S&P Capital IQ,22854.741753457613
2020,produccion,ventas,Millones de pesos 2018,S&P Capital IQ,83805.96042054973
2020,produccion,ventas_raw,Millones de pesos 2018,S&P Capital IQ,83805.96042054973
2020,transporte,KTA,Millones de pesos 2018,S&P Capital IQ,49750.034934923315
2020,transporte,activo,Millones de pesos 2018,S&P Capital IQ,152644.25741761256
2020,transporte,activo_corr,Millones de pesos 2018,S&P Capital IQ,21113.925361633945
2020,transporte,cash_st_inv,Millones de pesos 2018,S&P Capital IQ,4515.138328951543
2020,transporte,costo_ventas,Millones de pesos 2018,S&P Capital IQ,16026.002573118807
2020,transporte,deuda_lp,Millones de pesos 2018,S&P Capital IQ,31716.607611820597
2020,transporte,deuda_neta,Millones de pesos 2018,S&P Capital IQ,26117.048493291208
2020,transporte,deuda_total,Millones de pesos 2018,S&P Capital IQ,35346.06956047254
2020,transporte,ebit,Millones de pesos 2018,S&P Capital IQ,20361.07353467443
2020,transporte,ebitda,Millones de pesos 2018,S&P Capital IQ,30090.45235884082
2020,transporte,ebt,Millones de pesos 2018,S&P Capital IQ,9083.875071195533
2020,transporte,ganancia_bruta,Millones de pesos 2018,S&P Capital IQ,6848.486109319931
2020,transporte,impuesto_ganancias,Millones de pesos 2018,S&P Capital IQ,3850.8569816398795
2020,transporte,inventarios,Millones de pesos 2018,S&P Capital IQ,1576.4351897803758
2020,transporte,pasivo,Millones de pesos 2018,S&P Capital IQ,59587.343448094674
2020,transporte,patrimonio_neto,Millones de pesos 2018,S&P Capital IQ,93056.89242822098
2020,transporte,patrimonio_neto_total,Millones de pesos 2018,S&P Capital IQ,93056.91396951789
2020,transporte,ppye,Millones de pesos 2018,S&P Capital IQ,203336.15622668515
2020,transporte,ppye_neta,Millones de pesos 2018,S&P Capital IQ,112454.85366181824
2020,transporte,utilidad_neta,Millones de pesos 2018,S&P Capital IQ,5233.011672999128
2020,transporte,utilidad_neta_empresa,Millones de pesos 2018,S&P Capital IQ,5233.018089555651
2020,transporte,utilidad_operativa,Millones de pesos 2018,S&P Capital IQ,20361.07353467443
2020,transporte,ventas,Millones de pesos 2018,S&P Capital IQ,61526.56982706765
2020,transporte,ventas_raw,Millones de pesos 2018,S&P Capital IQ,61526.56982706765
2021,distribucion,KTA,Millones de pesos 2018,S&P Capital IQ,4750.322596762311
2021,distribucion,activo,Millones de pesos 2018,S&P Capital IQ,10337.049208827286
2021,distribucion,activo_corr,Millones de pesos 2018,S&P Capital IQ,4867.4318397732995
2021,distribucion,cash_st_inv,Millones de pesos 2018,S&P Capital IQ,807.9629033971719
2021,distribucion,costo_ventas,Millones de pesos 2018,S&P Capital IQ,27949.645128856428
2021,distribucion,deuda_lp,Millones de pesos 2018,S&P Capital IQ,2207.3276539432527
2021,distribucion,deuda_neta,Millones de pesos 2018,S&P Capital IQ,1791.3806409107658
2021,distribucion,deuda_total,Millones de pesos 2018,S&P Capital IQ,2599.3435443079375
2021,distribucion,ebit,Millones de pesos 2018,S&P Capital IQ,697.732351836546
2021,distribucion,ebitda,Millones de pesos 2018,S&P Capital IQ,1069.4804815779664
2021,distribucion,ebt,Millones de pesos 2018,S&P Capital IQ,504.75017190564904
2021,distribucion,ganancia_bruta,Millones de pesos 2018,S&P Capital IQ,1483.5386508032454
2021,distribucion,impuesto_ganancias,Millones de pesos 2018,S&P Capital IQ,159.85093876814537
2021,distribucion,inventarios,Millones de pesos 2018,S&P Capital IQ,1504.6959879553747
2021,distribucion,pasivo,Millones de pesos 2018,S&P Capital IQ,8264.505530998234
2021,distribucion,patrimonio_neto,Millones de pesos 2018,S&P Capital IQ,1984.9409374396157
2021,distribucion,patrimonio_neto_total,Millones de pesos 2018,S&P Capital IQ,2072.5436778290536
2021,distribucion,ppye,Millones de pesos 2018,S&P Capital IQ,3320.30376206352
2021,distribucion,ppye_neta,Millones de pesos 2018,S&P Capital IQ,2437.6637054097637
2021,distribucion,utilidad_neta,Millones de pesos 2018,S&P Capital IQ,331.6566242892574
2021,distribucion,utilidad_neta_empresa,Millones de pesos 2018,S&P Capital IQ,344.8992331375037
2021,distribucion,utilidad_operativa,Millones de pesos 2018,S&P Capital IQ,697.732351836546
2021,distribucion,ventas,Millones de pesos 2018,S&P Capital IQ,29433.183779659674
2021,distribucion,ventas_raw,Millones de pesos 2018,S&P Capital IQ,29433.183779659674
2021,holding,KTA,Millones de pesos 2018,S&P Capital IQ,17492.989435786378
2021,holding,activo,Millones de pesos 2018,S&P Capital IQ,30229.95451875377
2021,holding,activo_corr,Millones de pesos 2018,S&P Capital IQ,6094.388378146206
2021,holding,cash_st_inv,Millones de pesos 2018,S&P Capital IQ,2549.881667958115
2021,holding,costo_ventas,Millones de pesos 2018,S&P Capital IQ,23760.400603290862
2021,holding,deuda_lp,Millones de pesos 2018,S&P Capital IQ,45.92272749201791
2021,holding,deuda_neta,Millones de pesos 2018,S&P Capital IQ,-2490.8276499859326
2021,holding,deuda_total,Millones de pesos 2018,S&P Capital IQ,59.251235011686354
2021,holding,ebit,Millones de pesos 2018,S&P Capital IQ,3370.103362326525
2021,holding,ebitda,Millones de pesos 2018,S&P Capital IQ,4194.006649033047
2021,holding,ebt,Millones de pesos 2018,S&P Capital IQ,2969.0365946837865
2021,holding,ganancia_bruta,Millones de pesos 2018,S&P Capital IQ,5449.648708840567
2021,holding,impuesto_ganancias,Millones de pesos 2018,S&P Capital IQ,2343.6800532809743
2021,holding,inventarios,Millones de pesos 2018,S&P Capital IQ,1146.6363367847266
2021,holding,pasivo,Millones de pesos 2018,S&P Capital IQ,8503.358219444637
2021,holding,patrimonio_neto,Millones de pesos 2018,S&P Capital IQ,21726.596299309134
2021,holding,patrimonio_neto_total,Millones de pesos 2018,S&P Capital IQ,21726.596299309134
2021,holding,ppye,Millones de pesos 2018,S&P Capital IQ,17215.12052022072
2021,holding,ppye_neta,Millones de pesos 2018,S&P Capital IQ,13796.471431043536
2021,holding,utilidad_neta,Millones de pesos 2018,S&P Capital IQ,625.3565414028121
2021,holding,utilidad_neta_empresa,Millones de pesos 2018,S&P Capital IQ,625.3565414028121
2021,holding,utilidad_operativa,Millones de pesos 2018,S&P Capital IQ,3370.103362326525
2021,holding,ventas,Millones de pesos 2018,S&P Capital IQ,29210.049312131425
2021,holding,ventas_raw,Millones de pesos 2018,S&P Capital IQ,29210.049312131425
2021,integrada,KTA,Millones de pesos 2018,S&P Capital IQ,1001797.8902817569
2021,integrada,activo,Millones de pesos 2018,S&P Capital IQ,1147176.447855396
2021,integrada,activo_corr,Millones de pesos 2018,S&P Capital IQ,179175.04995787243
2021,integrada,cash_st_inv,Millones de pesos 2018,S&P Capital IQ,45339.667085637746
2021,integrada,costo_ventas,Millones de pesos 2018,S&P Capital IQ,394779.1702874499
2021,integrada,deuda_lp,Millones de pesos 2018,S&P Capital IQ,258199.66475010547
2021,integrada,deuda_neta,Millones de pesos 2018,S&P Capital IQ,291137.47940814367
2021,integrada,deuda_total,Millones de pesos 2018,S&P Capital IQ,336477.14649378153
2021,integrada,ebit,Millones de pesos 2018,S&P Capital IQ,44845.595230946776
2021,integrada,ebitda,Millones de pesos 2018,S&P Capital IQ,151848.45786467975
2021,integrada,ebt,Millones de pesos 2018,S&P Capital IQ,32082.22681210997
2021,integrada,ganancia_bruta,Millones de pesos 2018,S&P Capital IQ,122775.7744326136
2021,integrada,impuesto_ganancias,Millones de pesos 2018,S&P Capital IQ,42592.14555223429
2021,integrada,inventarios,Millones de pesos 2018,S&P Capital IQ,62233.89643340742
2021,integrada,pasivo,Millones de pesos 2018,S&P Capital IQ,685192.9997370656
2021,integrada,patrimonio_neto,Millones de pesos 2018,S&P Capital IQ,459441.7126107079
2021,integrada,patrimonio_neto_total,Millones de pesos 2018,S&P Capital IQ,461983.4481183301
2021,integrada,ppye,Millones de pesos 2018,S&P Capital IQ,2827735.752098488
2021,integrada,ppye_neta,Millones de pesos 2018,S&P Capital IQ,894224.3267627117
2021,integrada,utilidad_neta,Millones de pesos 2018,S&P Capital IQ,-10182.165389309817
2021,integrada,utilidad_neta_empresa,Millones de pesos 2018,S&P Capital IQ,-10512.24459159668
2021,integrada,utilidad_operativa,Millones de pesos 2018,S&P Capital IQ,44845.595230946776
2021,integrada,ventas,Millones de pesos 2018,S&P Capital IQ,517554.9447200635
2021,integrada,ventas_raw,Millones de pesos 2018,S&P Capital IQ,517554.9447200635
2021,produccion,KTA,Millones de pesos 2018,S&P Capital IQ,171423.25435374613
2021,produccion,activo,Millones de pesos 2018,S&P Capital IQ,243268.05224683997
2021,produccion,activo_corr,Millones de pesos 2018,S&P Capital IQ,76464.80179303055
2021,produccion,cash_st_inv,Millones de pesos 2018,S&P Capital IQ,39641.875278301784
2021,produccion,costo_ventas,Millones de pesos 2018,S&P Capital IQ,63319.55457699818
2021,produccion,deuda_lp,Millones de pesos 2018,S&P Capital IQ,64051.292406815955
2021,produccion,deuda_neta,Millones de pesos 2018,S&P Capital IQ,63978.30182638828
2021,produccion,deuda_total,Millones de pesos 2018,S&P Capital IQ,106586.75755354963
2021,produccion,ebit,Millones de pesos 2018,S&P Capital IQ,36188.476881485745
2021,produccion,ebitda,Millones de pesos 2018,S&P Capital IQ,63304.95334161681
2021,produccion,ebt,Millones de pesos 2018,S&P Capital IQ,21742.820719125757
2021,produccion,ganancia_bruta,Millones de pesos 2018,S&P Capital IQ,45231.275214605485
2021,produccion,impuesto_ganancias,Millones de pesos 2018,S&P Capital IQ,5898.933240366867
2021,produccion,inventarios,Millones de pesos 2018,S&P Capital IQ,6537.007652923034
2021,produccion,pasivo,Millones de pesos 2018,S&P Capital IQ,161537.2934703564
2021,produccion,patrimonio_neto,Millones de pesos 2018,S&P Capital IQ,81611.88167578148
2021,produccion,patrimonio_neto_total,Millones de pesos 2018,S&P Capital IQ,81730.75877648356
2021,produccion,ppye,Millones de pesos 2018,S&P Capital IQ,357318.9257254523
2021,produccion,ppye_neta,Millones de pesos 2018,S&P Capital IQ,145971.19493907568
2021,produccion,utilidad_neta,Millones de pesos 2018,S&P Capital IQ,14869.860830251557
2021,produccion,utilidad_neta_empresa,Millones de pesos 2018,S&P Capital IQ,14874.47000464582
2021,produccion,utilidad_operativa,Millones de pesos 2018,S&P Capital IQ,36188.476881485745
2021,produccion,ventas,Millones de pesos 2018,S&P Capital IQ,117317.25732709875
2021,produccion,ventas_raw,Millones de pesos 2018,S&P Capital IQ,117317.25732709875
2021,transporte,KTA,Millones de pesos 2018,S&P Capital IQ,53825.12655565982
2021,transporte,activo,Millones de pesos 2018,S&P Capital IQ,194465.29465012753
2021,transporte,activo_corr,Millones de pesos 2018,S&P Capital IQ,38960.66829115938
2021,transporte,cash_st_inv,Millones de pesos 2018,S&P Capital IQ,7922.3269374358115
2021,transporte,costo_ventas,Millones de pesos 2018,S&P Capital IQ,21129.256629251162
2021,transporte,deuda_lp,Millones de pesos 2018,S&P Capital IQ,30936.274883804377
2021,transporte,deuda_neta,Millones de pesos 2018,S&P Capital IQ,17035.020985046303
2021,transporte,deuda_total,Millones de pesos 2018,S&P Capital IQ,35606.51025595064
2021,transporte,ebit,Millones de pesos 2018,S&P Capital IQ,22275.06056295029
2021,transporte,ebitda,Millones de pesos 2018,S&P Capital IQ,35706.01676006864
2021,transporte,ebt,Millones de pesos 2018,S&P Capital IQ,20894.063833493055
2021,transporte,ganancia_bruta,Millones de pesos 2018,S&P Capital IQ,4742.712756367302
2021,transporte,impuesto_ganancias,Millones de pesos 2018,S&P Capital IQ,11048.25621952013
2021,transporte,inventarios,Millones de pesos 2018,S&P Capital IQ,1725.9277072152129
2021,transporte,pasivo,Millones de pesos 2018,S&P Capital IQ,71011.11630269946
2021,transporte,patrimonio_neto,Millones de pesos 2018,S&P Capital IQ,123454.14806660144
2021,transporte,patrimonio_neto_total,Millones de pesos 2018,S&P Capital IQ,123454.17834742805
2021,transporte,ppye,Millones de pesos 2018,S&P Capital IQ,253855.7259869493
2021,transporte,ppye_neta,Millones de pesos 2018,S&P Capital IQ,135270.54419466178
2021,transporte,utilidad_neta,Millones de pesos 2018,S&P Capital IQ,9846.266105524974
2021,transporte,utilidad_neta_empresa,Millones de pesos 2018,S&P Capital IQ,9846.267959453135
2021,transporte,utilidad_operativa,Millones de pesos 2018,S&P Capital IQ,22275.06056295029
2021,transporte,ventas,Millones de pesos 2018,S&P Capital IQ,79425.79526746966
2021,transporte,ventas_raw,Millones de pesos 2018,S&P Capital IQ,79425.79526746966
2022,distribucion,KTA,Millones de pesos 2018,S&P Capital IQ,9954.107395277399
2022,distribucion,activo,Millones de pesos 2018,S&P Capital IQ,18423.09261209007
2022,distribucion,activo_corr,Millones de pesos 2018,S&P Capital IQ,8731.934214539424
2022,distribucion,cash_st_inv,Millones de pesos 2018,S&P Capital IQ,1501.7295439822756
2022,distribucion,costo_ventas,Millones de pesos 2018,S&P Capital IQ,33711.056551909736
2022,distribucion,deuda_lp,Millones de pesos 2018,S&P Capital IQ,3713.3681995269185
2022,distribucion,deuda_neta,Millones de pesos 2018,S&P Capital IQ,4590.45038741269
2022,distribucion,deuda_total,Millones de pesos 2018,S&P Capital IQ,6092.153480180776
2022,distribucion,ebit,Millones de pesos 2018,S&P Capital IQ,1175.285613920361
2022,distribucion,ebitda,Millones de pesos 2018,S&P Capital IQ,2019.6464290216952
2022,distribucion,ebt,Millones de pesos 2018,S&P Capital IQ,811.8543446340774
2022,distribucion,ganancia_bruta,Millones de pesos 2018,S&P Capital IQ,2148.1582470337794
2022,distribucion,impuesto_ganancias,Millones de pesos 2018,S&P Capital IQ,187.6756024949877
2022,distribucion,inventarios,Millones de pesos 2018,S&P Capital IQ,2536.811123407411
2022,distribucion,pasivo,Millones de pesos 2018,S&P Capital IQ,14194.178676321015
2022,distribucion,patrimonio_neto,Millones de pesos 2018,S&P Capital IQ,4119.448230612082
2022,distribucion,patrimonio_neto_total,Millones de pesos 2018,S&P Capital IQ,4228.913935769057
2022,distribucion,ppye,Millones de pesos 2018,S&P Capital IQ,9444.11460119368
2022,distribucion,ppye_neta,Millones de pesos 2018,S&P Capital IQ,6037.596616905414
2022,distribucion,utilidad_neta,Millones de pesos 2018,S&P Capital IQ,606.1503728240126
2022,distribucion,utilidad_neta_empresa,Millones de pesos 2018,S&P Capital IQ,624.1787421390899
2022,distribucion,utilidad_operativa,Millones de pesos 2018,S&P Capital IQ,1175.285613920361
2022,distribucion,ventas,Millones de pesos 2018,S&P Capital IQ,35859.21479894351
2022,distribucion,ventas_raw,Millones de pesos 2018,S&P Capital IQ,35859.21479894351
2022,holding,KTA,Millones de pesos 2018,S&P Capital IQ,34107.99446316896
2022,holding,activo,Millones de pesos 2018,S&P Capital IQ,53084.36176229734
2022,holding,activo_corr,Millones de pesos 2018,S&P Capital IQ,12922.94724460482
2022,holding,cash_st_inv,Millones de pesos 2018,S&P Capital IQ,7005.8768526355925
2022,holding,costo_ventas,Millones de pesos 2018,S&P Capital IQ,41995.156354251805
2022,holding,deuda_lp,Millones de pesos 2018,S&P Capital IQ,157.2851277141121
2022,holding,deuda_neta,Millones de pesos 2018,S&P Capital IQ,-6831.464435644632
2022,holding,deuda_total,Millones de pesos 2018,S&P Capital IQ,174.62083612447864
2022,holding,ebit,Millones de pesos 2018,S&P Capital IQ,4820.761569171361
2022,holding,ebitda,Millones de pesos 2018,S&P Capital IQ,6357.329822913561
2022,holding,ebt,Millones de pesos 2018,S&P Capital IQ,6209.264813341081
2022,holding,ganancia_bruta,Millones de pesos 2018,S&P Capital IQ,8972.40445629437
2022,holding,impuesto_ganancias,Millones de pesos 2018,S&P Capital IQ,2595.7805396737185
2022,holding,inventarios,Millones de pesos 2018,S&P Capital IQ,2149.000808149812
2022,holding,pasivo,Millones de pesos 2018,S&P Capital IQ,13057.582020052592
2022,holding,patrimonio_neto,Millones de pesos 2018,S&P Capital IQ,40026.779742244755
2022,holding,patrimonio_neto_total,Millones de pesos 2018,S&P Capital IQ,40026.779742244755
2022,holding,ppye,Millones de pesos 2018,S&P Capital IQ,32181.11582401788
2022,holding,ppye_neta,Millones de pesos 2018,S&P Capital IQ,24953.116802383556
2022,holding,utilidad_neta,Millones de pesos 2018,S&P Capital IQ,3613.4842736673627
2022,holding,utilidad_neta_empresa,Millones de pesos 2018,S&P Capital IQ,3613.4842736673627
2022,holding,utilidad_operativa,Millones de pesos 2018,S&P Capital IQ,4820.761569171361
2022,holding,ventas,Millones de pesos 2018,S&P Capital IQ,50967.56081054618
2022,holding,ventas_raw,Millones de pesos 2018,S&P Capital IQ,50967.56081054618
2022,integrada,KTA,Millones de pesos 2018,S&P Capital IQ,1063980.0450452291
2022,integrada,activo,Millones de pesos 2018,S&P Capital IQ,1242459.9150788935
2022,integrada,activo_corr,Millones de pesos 2018,S&P Capital IQ,206271.47679670996
2022,integrada,cash_st_inv,Millones de pesos 2018,S&P Capital IQ,44602.1265143652
2022,integrada,costo_ventas,Millones de pesos 2018,S&P Capital IQ,412323.8410835684
2022,integrada,deuda_lp,Millones de pesos 2018,S&P Capital IQ,239456.26365084795
2022,integrada,deuda_neta,Millones de pesos 2018,S&P Capital IQ,277809.200972622
2022,integrada,deuda_total,Millones de pesos 2018,S&P Capital IQ,322411.3274869872
2022,integrada,ebit,Millones de pesos 2018,S&P Capital IQ,73004.09251107245
2022,integrada,ebitda,Millones de pesos 2018,S&P Capital IQ,157065.6565913148
2022,integrada,ebt,Millones de pesos 2018,S&P Capital IQ,83745.2674620933
2022,integrada,ganancia_bruta,Millones de pesos 2018,S&P Capital IQ,167387.79231523
2022,integrada,impuesto_ganancias,Millones de pesos 2018,S&P Capital IQ,22534.87889780979
2022,integrada,inventarios,Millones de pesos 2018,S&P Capital IQ,72332.58977016076
2022,integrada,pasivo,Millones de pesos 2018,S&P Capital IQ,691206.9085222303
2022,integrada,patrimonio_neto,Millones de pesos 2018,S&P Capital IQ,548155.6665442444
2022,integrada,patrimonio_neto_total,Millones de pesos 2018,S&P Capital IQ,551253.0065566631
2022,integrada,ppye,Millones de pesos 2018,S&P Capital IQ,3002421.6207125047
2022,integrada,ppye_neta,Millones de pesos 2018,S&P Capital IQ,947045.3287607031
2022,integrada,utilidad_neta,Millones de pesos 2018,S&P Capital IQ,60993.965651525046
2022,integrada,utilidad_neta_empresa,Millones de pesos 2018,S&P Capital IQ,61210.3885642835
2022,integrada,utilidad_operativa,Millones de pesos 2018,S&P Capital IQ,73004.09251107245
2022,integrada,ventas,Millones de pesos 2018,S&P Capital IQ,579711.6333987984
2022,integrada,ventas_raw,Millones de pesos 2018,S&P Capital IQ,579711.6333987984
2022,produccion,KTA,Millones de pesos 2018,S&P Capital IQ,293155.10145726014
2022,produccion,activo,Millones de pesos 2018,S&P Capital IQ,395649.3328841179
2022,produccion,activo_corr,Millones de pesos 2018,S&P Capital IQ,95444.34344148383
2022,produccion,cash_st_inv,Millones de pesos 2018,S&P Capital IQ,44663.3862961249
2022,produccion,costo_ventas,Millones de pesos 2018,S&P Capital IQ,115469.45679278667
2022,produccion,deuda_lp,Millones de pesos 2018,S&P Capital IQ,123649.57822353313
2022,produccion,deuda_neta,Millones de pesos 2018,S&P Capital IQ,124024.19017698317
2022,produccion,deuda_total,Millones de pesos 2018,S&P Capital IQ,171687.25309102738
2022,produccion,ebit,Millones de pesos 2018,S&P Capital IQ,31504.778023553306
2022,produccion,ebitda,Millones de pesos 2018,S&P Capital IQ,69522.77121538765
2022,produccion,ebt,Millones de pesos 2018,S&P Capital IQ,18193.101339712357
2022,produccion,ganancia_bruta,Millones de pesos 2018,S&P Capital IQ,45209.491268248676
2022,produccion,impuesto_ganancias,Millones de pesos 2018,S&P Capital IQ,-1051.4895227578725
2022,produccion,inventarios,Millones de pesos 2018,S&P Capital IQ,13542.465833927266
2022,produccion,pasivo,Millones de pesos 2018,S&P Capital IQ,267064.27983583446
2022,produccion,patrimonio_neto,Millones de pesos 2018,S&P Capital IQ,126745.9780993015
2022,produccion,patrimonio_neto_total,Millones de pesos 2018,S&P Capital IQ,128585.05304828346
2022,produccion,ppye,Millones de pesos 2018,S&P Capital IQ,597051.9086243559
2022,produccion,ppye_neta,Millones de pesos 2018,S&P Capital IQ,261648.6905021243
2022,produccion,utilidad_neta,Millones de pesos 2018,S&P Capital IQ,19724.960193290233
2022,produccion,utilidad_neta_empresa,Millones de pesos 2018,S&P Capital IQ,19642.641488126323
2022,produccion,utilidad_operativa,Millones de pesos 2018,S&P Capital IQ,31504.778023553306
2022,produccion,ventas,Millones de pesos 2018,S&P Capital IQ,175586.19522897076
2022,produccion,ventas_raw,Millones de pesos 2018,S&P Capital IQ,175586.19522897076
2022,transporte,KTA,Millones de pesos 2018,S&P Capital IQ,86077.24837413295
2022,transporte,activo,Millones de pesos 2018,S&P Capital IQ,339570.3693536803
2022,transporte,activo_corr,Millones de pesos 2018,S&P Capital IQ,68529.14373646928
2022,transporte,cash_st_inv,Millones de pesos 2018,S&P Capital IQ,17810.068884241395
2022,transporte,costo_ventas,Millones de pesos 2018,S&P Capital IQ,31181.991468130465
2022,transporte,deuda_lp,Millones de pesos 2018,S&P Capital IQ,54320.182675911616
2022,transporte,deuda_neta,Millones de pesos 2018,S&P Capital IQ,17460.131871850717
2022,transporte,deuda_total,Millones de pesos 2018,S&P Capital IQ,58880.783104396476
2022,transporte,ebit,Millones de pesos 2018,S&P Capital IQ,65688.19583793433
2022,transporte,ebitda,Millones de pesos 2018,S&P Capital IQ,101575.86639955931
2022,transporte,ebt,Millones de pesos 2018,S&P Capital IQ,58826.23595708092
2022,transporte,ganancia_bruta,Millones de pesos 2018,S&P Capital IQ,7241.67974690164
2022,transporte,impuesto_ganancias,Millones de pesos 2018,S&P Capital IQ,20393.399590402892
2022,transporte,inventarios,Millones de pesos 2018,S&P Capital IQ,1959.839472220594
2022,transporte,pasivo,Millones de pesos 2018,S&P Capital IQ,105784.8817995012
2022,transporte,patrimonio_neto,Millones de pesos 2018,S&P Capital IQ,233785.42623136536
2022,transporte,patrimonio_neto_total,Millones de pesos 2018,S&P Capital IQ,233785.4875541791
2022,transporte,ppye,Millones de pesos 2018,S&P Capital IQ,442690.5294263655
2022,transporte,ppye_neta,Millones de pesos 2018,S&P Capital IQ,231760.91216952453
2022,transporte,utilidad_neta,Millones de pesos 2018,S&P Capital IQ,38432.822022160195
2022,transporte,utilidad_neta_empresa,Millones de pesos 2018,S&P Capital IQ,38432.83636667803
2022,transporte,utilidad_operativa,Millones de pesos 2018,S&P Capital IQ,65688.19583793433
2022,transporte,ventas,Millones de pesos 2018,S&P Capital IQ,238475.22145621746
2022,transporte,ventas_raw,Millones de pesos 2018,S&P Capital IQ,238475.22145621746
2023,distribucion,KTA,Millones de pesos 2018,S&P Capital IQ,4362.268334617408
2023,distribucion,activo,Millones de pesos 2018,S&P Capital IQ,8861.493390392488
2023,distribucion,activo_corr,Millones de pesos 2018,S&P Capital IQ,3842.1514313751654
2023,distribucion,cash_st_inv,Millones de pesos 2018,S&P Capital IQ,671.8699627102634
2023,distribucion,costo_ventas,Millones de pesos 2018,S&P Capital IQ,18511.302331274812
2023,distribucion,deuda_lp,Millones de pesos 2018,S&P Capital IQ,1890.5760836668069
2023,distribucion,deuda_neta,Millones de pesos 2018,S&P Capital IQ,2517.772210099302
2023,distribucion,deuda_total,Millones de pesos 2018,S&P Capital IQ,3189.6421728095647
2023,distribucion,ebit,Millones de pesos 2018,S&P Capital IQ,625.476054505608
2023,distribucion,ebitda,Millones de pesos 2018,S&P Capital IQ,1079.9464022829077
2023,distribucion,ebt,Millones de pesos 2018,S&P Capital IQ,278.3066540376381
2023,distribucion,ganancia_bruta,Millones de pesos 2018,S&P Capital IQ,1191.3435970177832
2023,distribucion,impuesto_ganancias,Millones de pesos 2018,S&P Capital IQ,66.33401551525405
2023,distribucion,inventarios,Millones de pesos 2018,S&P Capital IQ,816.4036541194822
2023,distribucion,pasivo,Millones de pesos 2018,S&P Capital IQ,6962.56787577367
2023,distribucion,patrimonio_neto,Millones de pesos 2018,S&P Capital IQ,1848.7849683534992
2023,distribucion,patrimonio_neto_total,Millones de pesos 2018,S&P Capital IQ,1898.925514618819
2023,distribucion,ppye,Millones de pesos 2018,S&P Capital IQ,4775.261669845584
2023,distribucion,ppye_neta,Millones de pesos 2018,S&P Capital IQ,2947.4720157887946
2023,distribucion,utilidad_neta,Millones de pesos 2018,S&P Capital IQ,207.19231262754627
2023,distribucion,utilidad_neta_empresa,Millones de pesos 2018,S&P Capital IQ,211.97263852238402
2023,distribucion,utilidad_operativa,Millones de pesos 2018,S&P Capital IQ,625.476054505608
2023,distribucion,ventas,Millones de pesos 2018,S&P Capital IQ,19702.645928292597
2023,distribucion,ventas_raw,Millones de pesos 2018,S&P Capital IQ,19702.645928292597
2023,holding,KTA,Millones de pesos 2018,S&P Capital IQ,39324.14159754405
2023,holding,activo,Millones de pesos 2018,S&P Capital IQ,53164.29768010873
2023,holding,activo_corr,Millones de pesos 2018,S&P Capital IQ,18718.895361253097
2023,holding,cash_st_inv,Millones de pesos 2018,S&P Capital IQ,8712.21334260685
2023,holding,costo_ventas,Millones de pesos 2018,S&P Capital IQ,36543.207835687084
2023,holding,deuda_lp,Millones de pesos 2018,S&P Capital IQ,634.1678705357798
2023,holding,deuda_neta,Millones de pesos 2018,S&P Capital IQ,-6219.729884482559
2023,holding,deuda_total,Millones de pesos 2018,S&P Capital IQ,2492.9705420952987
2023,holding,ebit,Millones de pesos 2018,S&P Capital IQ,2554.3400892584154
2023,holding,ebitda,Millones de pesos 2018,S&P Capital IQ,4206.820283053375
2023,holding,ebt,Millones de pesos 2018,S&P Capital IQ,-4032.5721229062747
2023,holding,ganancia_bruta,Millones de pesos 2018,S&P Capital IQ,7002.592883545765
2023,holding,impuesto_ganancias,Millones de pesos 2018,S&P Capital IQ,935.5526622154011
2023,holding,inventarios,Millones de pesos 2018,S&P Capital IQ,3937.316038116048
2023,holding,pasivo,Millones de pesos 2018,S&P Capital IQ,19449.33376923115
2023,holding,patrimonio_neto,Millones de pesos 2018,S&P Capital IQ,33017.05154734585
2023,holding,patrimonio_neto_total,Millones de pesos 2018,S&P Capital IQ,33714.96391087758
2023,holding,ppye,Millones de pesos 2018,S&P Capital IQ,35658.99302998002
2023,holding,ppye_neta,Millones de pesos 2018,S&P Capital IQ,26674.61221682115
2023,holding,utilidad_neta,Millones de pesos 2018,S&P Capital IQ,-5001.880676332128
2023,holding,utilidad_neta_empresa,Millones de pesos 2018,S&P Capital IQ,-4964.5995781234415
2023,holding,utilidad_operativa,Millones de pesos 2018,S&P Capital IQ,2554.3400892584154
2023,holding,ventas,Millones de pesos 2018,S&P Capital IQ,43545.800719232844
2023,holding,ventas_raw,Millones de pesos 2018,S&P Capital IQ,43545.800719232844
2023,integrada,KTA,Millones de pesos 2018,S&P Capital IQ,2167635.7797037414
2023,integrada,activo,Millones de pesos 2018,S&P Capital IQ,2417067.420837822
2023,integrada,activo_corr,Millones de pesos 2018,S&P Capital IQ,354202.01302959427
2023,integrada,cash_st_inv,Millones de pesos 2018,S&P Capital IQ,105454.21980246356
2023,integrada,costo_ventas,Millones de pesos 2018,S&P Capital IQ,411949.11838037526
2023,integrada,deuda_lp,Millones de pesos 2018,S&P Capital IQ,506366.01144552
2023,integrada,deuda_neta,Millones de pesos 2018,S&P Capital IQ,581195.7881459661
2023,integrada,deuda_total,Millones de pesos 2018,S&P Capital IQ,686650.0079484296
2023,integrada,ebit,Millones de pesos 2018,S&P Capital IQ,20740.31234624263
2023,integrada,ebitda,Millones de pesos 2018,S&P Capital IQ,113259.90789746676
2023,integrada,ebt,Millones de pesos 2018,S&P Capital IQ,-88070.72875166067
2023,integrada,ganancia_bruta,Millones de pesos 2018,S&P Capital IQ,114376.59817483
2023,integrada,impuesto_ganancias,Millones de pesos 2018,S&P Capital IQ,22605.484840484074
2023,integrada,inventarios,Millones de pesos 2018,S&P Capital IQ,144460.91056319917
2023,integrada,pasivo,Millones de pesos 2018,S&P Capital IQ,1396940.2645291134
2023,integrada,patrimonio_neto,Millones de pesos 2018,S&P Capital IQ,1013800.9099094549
2023,integrada,patrimonio_neto_total,Millones de pesos 2018,S&P Capital IQ,1020127.1563087085
2023,integrada,ppye,Millones de pesos 2018,S&P Capital IQ,6173576.239642407
2023,integrada,ppye_neta,Millones de pesos 2018,S&P Capital IQ,1917720.6493380787
2023,integrada,utilidad_neta,Millones de pesos 2018,S&P Capital IQ,-112861.31458846449
2023,integrada,utilidad_neta_empresa,Millones de pesos 2018,S&P Capital IQ,-110674.15682688818
2023,integrada,utilidad_operativa,Millones de pesos 2018,S&P Capital IQ,20740.31234624263
2023,integrada,ventas,Millones de pesos 2018,S&P Capital IQ,526325.7165552053
2023,integrada,ventas_raw,Millones de pesos 2018,S&P Capital IQ,526325.7165552053
2023,produccion,KTA,Millones de pesos 2018,S&P Capital IQ,458798.2788465644
2023,produccion,activo,Millones de pesos 2018,S&P Capital IQ,612155.2532408907
2023,produccion,activo_corr,Millones de pesos 2018,S&P Capital IQ,132799.32967493424
2023,produccion,cash_st_inv,Millones de pesos 2018,S&P Capital IQ,64777.75528889433
2023,produccion,costo_ventas,Millones de pesos 2018,S&P Capital IQ,88384.67882447818
2023,produccion,deuda_lp,Millones de pesos 2018,S&P Capital IQ,224414.5779472932
2023,produccion,deuda_neta,Millones de pesos 2018,S&P Capital IQ,244043.15572315577
2023,produccion,deuda_total,Millones de pesos 2018,S&P Capital IQ,309661.5743589612
2023,produccion,ebit,Millones de pesos 2018,S&P Capital IQ,17079.59957337418
2023,produccion,ebitda,Millones de pesos 2018,S&P Capital IQ,60318.985547075994
2023,produccion,ebt,Millones de pesos 2018,S&P Capital IQ,-43325.007442715934
2023,produccion,ganancia_bruta,Millones de pesos 2018,S&P Capital IQ,22290.989775462745
2023,produccion,impuesto_ganancias,Millones de pesos 2018,S&P Capital IQ,-17838.93796567213
2023,produccion,inventarios,Millones de pesos 2018,S&P Capital IQ,21478.08978413509
2023,produccion,pasivo,Millones de pesos 2018,S&P Capital IQ,461019.42138272955
2023,produccion,patrimonio_neto,Millones de pesos 2018,S&P Capital IQ,149637.68316913428
2023,produccion,patrimonio_neto_total,Millones de pesos 2018,S&P Capital IQ,151135.85882372837
2023,produccion,ppye,Millones de pesos 2018,S&P Capital IQ,963665.0369891028
2023,produccion,ppye_neta,Millones de pesos 2018,S&P Capital IQ,429480.6378151033
2023,produccion,utilidad_neta,Millones de pesos 2018,S&P Capital IQ,-25016.6270498193
2023,produccion,utilidad_neta_empresa,Millones de pesos 2018,S&P Capital IQ,-25488.360522498086
2023,produccion,utilidad_operativa,Millones de pesos 2018,S&P Capital IQ,17079.59957337418
2023,produccion,ventas,Millones de pesos 2018,S&P Capital IQ,137858.45339845264
2023,produccion,ventas_raw,Millones de pesos 2018,S&P Capital IQ,137858.45339845264
2023,transporte,KTA,Millones de pesos 2018,S&P Capital IQ,77712.87394264954
2023,transporte,activo,Millones de pesos 2018,S&P Capital IQ,377125.49567761656
2023,transporte,activo_corr,Millones de pesos 2018,S&P Capital IQ,115473.62740217076
2023,transporte,cash_st_inv,Millones de pesos 2018,S&P Capital IQ,22416.54138353302
2023,transporte,costo_ventas,Millones de pesos 2018,S&P Capital IQ,24841.35431569453
2023,transporte,deuda_lp,Millones de pesos 2018,S&P Capital IQ,66970.8775836125
2023,transporte,deuda_neta,Millones de pesos 2018,S&P Capital IQ,10983.472215976815
2023,transporte,deuda_total,Millones de pesos 2018,S&P Capital IQ,88539.28178820395
2023,transporte,ebit,Millones de pesos 2018,S&P Capital IQ,27700.14063808129
2023,transporte,ebitda,Millones de pesos 2018,S&P Capital IQ,47361.94571751193
2023,transporte,ebt,Millones de pesos 2018,S&P Capital IQ,26459.138489132543
2023,transporte,ganancia_bruta,Millones de pesos 2018,S&P Capital IQ,4690.499190589273
2023,transporte,impuesto_ganancias,Millones de pesos 2018,S&P Capital IQ,13814.358769512968
2023,transporte,inventarios,Millones de pesos 2018,S&P Capital IQ,3147.91745945081
2023,transporte,pasivo,Millones de pesos 2018,S&P Capital IQ,144102.78414854308
2023,transporte,patrimonio_neto,Millones de pesos 2018,S&P Capital IQ,233022.558205116
2023,transporte,patrimonio_neto_total,Millones de pesos 2018,S&P Capital IQ,233022.7115290735
2023,transporte,ppye,Millones de pesos 2018,S&P Capital IQ,490519.62836304837
2023,transporte,ppye_neta,Millones de pesos 2018,S&P Capital IQ,219605.47041730047
2023,transporte,utilidad_neta,Millones de pesos 2018,S&P Capital IQ,12642.655536488011
2023,transporte,utilidad_neta_empresa,Millones de pesos 2018,S&P Capital IQ,12642.781884651533
2023,transporte,utilidad_operativa,Millones de pesos 2018,S&P Capital IQ,27700.14063808129
2023,transporte,ventas,Millones de pesos 2018,S&P Capital IQ,129222.4139341471
2023,transporte,ventas_raw,Millones de pesos 2018,S&P Capital IQ,129222.4139341471
2024,distribucion,KTA,Millones de pesos 2018,S&P Capital IQ,1692.2136121980361
2024,distribucion,activo,Millones de pesos 2018,S&P Capital IQ,3156.986885553827
2024,distribucion,activo_corr,Millones de pesos 2018,S&P Capital IQ,1395.5592817923468
2024,distribucion,cash_st_inv,Millones de pesos 2018,S&P Capital IQ,360.79754920568973
2024,distribucion,costo_ventas,Millones de pesos 2018,S&P Capital IQ,5279.81521255104
2024,distribucion,deuda_lp,Millones de pesos 2018,S&P Capital IQ,706.6766261222124
2024,distribucion,deuda_neta,Millones de pesos 2018,S&P Capital IQ,805.3846257339568
2024,distribucion,deuda_total,Millones de pesos 2018,S&P Capital IQ,1166.1821749396465
2024,distribucion,ebit,Millones de pesos 2018,S&P Capital IQ,193.1766190346169
2024,distribucion,ebitda,Millones de pesos 2018,S&P Capital IQ,351.59232978968697
2024,distribucion,ebt,Millones de pesos 2018,S&P Capital IQ,35.98121179176862
2024,distribucion,ganancia_bruta,Millones de pesos 2018,S&P Capital IQ,377.18323498399906
2024,distribucion,impuesto_ganancias,Millones de pesos 2018,S&P Capital IQ,23.08172719224916
2024,distribucion,inventarios,Millones de pesos 2018,S&P Capital IQ,294.613178910242
2024,distribucion,pasivo,Millones de pesos 2018,S&P Capital IQ,2583.57510651792
2024,distribucion,patrimonio_neto,Millones de pesos 2018,S&P Capital IQ,555.4738064937549
2024,distribucion,patrimonio_neto_total,Millones de pesos 2018,S&P Capital IQ,573.4117790359066
2024,distribucion,ppye,Millones de pesos 2018,S&P Capital IQ,1733.7278040585038
2024,distribucion,ppye_neta,Millones de pesos 2018,S&P Capital IQ,1066.773012563445
2024,distribucion,utilidad_neta,Millones de pesos 2018,S&P Capital IQ,10.653677045174149
2024,distribucion,utilidad_neta_empresa,Millones de pesos 2018,S&P Capital IQ,12.89948459951946
2024,distribucion,utilidad_operativa,Millones de pesos 2018,S&P Capital IQ,193.1766190346169
2024,distribucion,ventas,Millones de pesos 2018,S&P Capital IQ,5657.016018200679
2024,distribucion,ventas_raw,Millones de pesos 2018,S&P Capital IQ,5657.016018200679
2024,holding,KTA,Millones de pesos 2018,S&P Capital IQ,13033.65157826079
2024,holding,activo,Millones de pesos 2018,S&P Capital IQ,20176.81917008932
2024,holding,activo_corr,Millones de pesos 2018,S&P Capital IQ,5394.197082394239
2024,holding,cash_st_inv,Millones de pesos 2018,S&P Capital IQ,1800.804770948669
2024,holding,costo_ventas,Millones de pesos 2018,S&P Capital IQ,16072.493523660674
2024,holding,deuda_lp,Millones de pesos 2018,S&P Capital IQ,116.41568901185649
2024,holding,deuda_neta,Millones de pesos 2018,S&P Capital IQ,-1073.2195659424988
2024,holding,deuda_total,Millones de pesos 2018,S&P Capital IQ,728.627400813455
2024,holding,ebit,Millones de pesos 2018,S&P Capital IQ,-262.7281154501268
2024,holding,ebitda,Millones de pesos 2018,S&P Capital IQ,547.3769464034232
2024,holding,ebt,Millones de pesos 2018,S&P Capital IQ,1563.8343305125816
2024,holding,ganancia_bruta,Millones de pesos 2018,S&P Capital IQ,1617.6818085593618
2024,holding,impuesto_ganancias,Millones de pesos 2018,S&P Capital IQ,-537.8490665346934
2024,holding,inventarios,Millones de pesos 2018,S&P Capital IQ,1517.589850296302
2024,holding,pasivo,Millones de pesos 2018,S&P Capital IQ,5584.163942447741
2024,holding,patrimonio_neto,Millones de pesos 2018,S&P Capital IQ,14312.313377070135
2024,holding,patrimonio_neto_total,Millones de pesos 2018,S&P Capital IQ,14592.655227641579
2024,holding,ppye,Millones de pesos 2018,S&P Capital IQ,14132.490009817193
2024,holding,ppye_neta,Millones de pesos 2018,S&P Capital IQ,9715.25695701582
2024,holding,utilidad_neta,Millones de pesos 2018,S&P Capital IQ,2076.508792603102
2024,holding,utilidad_neta_empresa,Millones de pesos 2018,S&P Capital IQ,2100.538197797876
2024,holding,utilidad_operativa,Millones de pesos 2018,S&P Capital IQ,-262.7281154501268
2024,holding,ventas,Millones de pesos 2018,S&P Capital IQ,17690.175332220035
2024,holding,ventas_raw,Millones de pesos 2018,S&P Capital IQ,17690.175332220035
2024,integrada,KTA,Millones de pesos 2018,S&P Capital IQ,891708.1330739371
2024,integrada,activo,Millones de pesos 2018,S&P Capital IQ,1076834.5035060346
2024,integrada,activo_corr,Millones de pesos 2018,S&P Capital IQ,216020.92501854914
2024,integrada,cash_st_inv,Millones de pesos 2018,S&P Capital IQ,56703.52751338525
2024,integrada,costo_ventas,Millones de pesos 2018,S&P Capital IQ,377553.16602263006
2024,integrada,deuda_lp,Millones de pesos 2018,S&P Capital IQ,230347.1376264038
2024,integrada,deuda_neta,Millones de pesos 2018,S&P Capital IQ,268851.8300468204
2024,integrada,deuda_total,Millones de pesos 2018,S&P Capital IQ,325555.35756020574
2024,integrada,ebit,Millones de pesos 2018,S&P Capital IQ,51869.24031923318
2024,integrada,ebitda,Millones de pesos 2018,S&P Capital IQ,129419.39027093846
2024,integrada,ebt,Millones de pesos 2018,S&P Capital IQ,-4690.121888945676
2024,integrada,ganancia_bruta,Millones de pesos 2018,S&P Capital IQ,157003.94022102424
2024,integrada,impuesto_ganancias,Millones de pesos 2018,S&P Capital IQ,-65017.772872525704
2024,integrada,inventarios,Millones de pesos 2018,S&P Capital IQ,55888.24489557592
2024,integrada,pasivo,Millones de pesos 2018,S&P Capital IQ,593901.0166543538
2024,integrada,patrimonio_neto,Millones de pesos 2018,S&P Capital IQ,477539.70706282236
2024,integrada,patrimonio_neto_total,Millones de pesos 2018,S&P Capital IQ,482933.4868516808
2024,integrada,ppye,Millones de pesos 2018,S&P Capital IQ,1958085.224031134
2024,integrada,ppye_neta,Millones de pesos 2018,S&P Capital IQ,779116.360664976
2024,integrada,utilidad_neta,Millones de pesos 2018,S&P Capital IQ,59238.13258159673
2024,integrada,utilidad_neta_empresa,Millones de pesos 2018,S&P Capital IQ,60327.95674675908
2024,integrada,utilidad_operativa,Millones de pesos 2018,S&P Capital IQ,51869.24031923318
2024,integrada,ventas,Millones de pesos 2018,S&P Capital IQ,534557.1062436544
2024,integrada,ventas_raw,Millones de pesos 2018,S&P Capital IQ,534557.1062436544
2024,produccion,KTA,Millones de pesos 2018,S&P Capital IQ,129776.24862974795
2024,produccion,activo,Millones de pesos 2018,S&P Capital IQ,193411.39887090292
2024,produccion,activo_corr,Millones de pesos 2018,S&P Capital IQ,34098.91251014218
2024,produccion,cash_st_inv,Millones de pesos 2018,S&P Capital IQ,9290.111148304579
2024,produccion,costo_ventas,Millones de pesos 2018,S&P Capital IQ,54413.6151960235
2024,produccion,deuda_lp,Millones de pesos 2018,S&P Capital IQ,60513.6129439129
2024,produccion,deuda_neta,Millones de pesos 2018,S&P Capital IQ,71169.40957547423
2024,produccion,deuda_total,Millones de pesos 2018,S&P Capital IQ,81036.61508581367
2024,produccion,ebit,Millones de pesos 2018,S&P Capital IQ,5376.915857307761
2024,produccion,ebitda,Millones de pesos 2018,S&P Capital IQ,29968.34974460284
2024,produccion,ebt,Millones de pesos 2018,S&P Capital IQ,16565.043590400484
2024,produccion,ganancia_bruta,Millones de pesos 2018,S&P Capital IQ,17747.011568055495
2024,produccion,impuesto_ganancias,Millones de pesos 2018,S&P Capital IQ,-2129.2713930700465
2024,produccion,inventarios,Millones de pesos 2018,S&P Capital IQ,7526.37109695642
2024,produccion,pasivo,Millones de pesos 2018,S&P Capital IQ,123929.71802383443
2024,produccion,patrimonio_neto,Millones de pesos 2018,S&P Capital IQ,69079.49945313626
2024,produccion,patrimonio_neto_total,Millones de pesos 2018,S&P Capital IQ,69481.68084706848
2024,produccion,ppye,Millones de pesos 2018,S&P Capital IQ,359223.4259859424
2024,produccion,ppye_neta,Millones de pesos 2018,S&P Capital IQ,139443.78476057862
2024,produccion,utilidad_neta,Millones de pesos 2018,S&P Capital IQ,17792.867741798316
2024,produccion,utilidad_neta_empresa,Millones de pesos 2018,S&P Capital IQ,17780.37718500266
2024,produccion,utilidad_operativa,Millones de pesos 2018,S&P Capital IQ,5376.915857307761
2024,produccion,ventas,Millones de pesos 2018,S&P Capital IQ,83900.20622314898
2024,produccion,ventas_raw,Millones de pesos 2018,S&P Capital IQ,83900.20622314898
2024,transporte,KTA,Millones de pesos 2018,S&P Capital IQ,32857.2337656412
2024,transporte,activo,Millones de pesos 2018,S&P Capital IQ,153978.5746114562
2024,transporte,activo_corr,Millones de pesos 2018,S&P Capital IQ,48719.36151147173
2024,transporte,cash_st_inv,Millones de pesos 2018,S&P Capital IQ,7547.680232952492
2024,transporte,costo_ventas,Millones de pesos 2018,S&P Capital IQ,14081.082754166564
2024,transporte,deuda_lp,Millones de pesos 2018,S&P Capital IQ,15671.52215597216
2024,transporte,deuda_neta,Millones de pesos 2018,S&P Capital IQ,-11570.69189793697
2024,transporte,deuda_total,Millones de pesos 2018,S&P Capital IQ,21168.8041562635
2024,transporte,ebit,Millones de pesos 2018,S&P Capital IQ,23089.867909401983
2024,transporte,ebitda,Millones de pesos 2018,S&P Capital IQ,29414.31541650074
2024,transporte,ebt,Millones de pesos 2018,S&P Capital IQ,22986.97142028317
2024,transporte,ganancia_bruta,Millones de pesos 2018,S&P Capital IQ,9965.396015962728
2024,transporte,impuesto_ganancias,Millones de pesos 2018,S&P Capital IQ,6267.742890973612
2024,transporte,inventarios,Millones de pesos 2018,S&P Capital IQ,1129.2190020550765
2024,transporte,pasivo,Millones de pesos 2018,S&P Capital IQ,45401.23256086072
2024,transporte,patrimonio_neto,Millones de pesos 2018,S&P Capital IQ,108577.28565178026
2024,transporte,patrimonio_neto_total,Millones de pesos 2018,S&P Capital IQ,108577.3420505955
2024,transporte,ppye,Millones de pesos 2018,S&P Capital IQ,217129.89771138647
2024,transporte,ppye_neta,Millones de pesos 2018,S&P Capital IQ,99717.65615457392
2024,transporte,utilidad_neta,Millones de pesos 2018,S&P Capital IQ,16719.488615774022
2024,transporte,utilidad_neta_empresa,Millones de pesos 2018,S&P Capital IQ,16719.481932538456
2024,transporte,utilidad_operativa,Millones de pesos 2018,S&P Capital IQ,23089.867909401983
2024,transporte,ventas,Millones de pesos 2018,S&P Capital IQ,62621.42767069601
2024,transporte,ventas_raw,Millones de pesos 2018,S&P Capital IQ,62621.42767069601
