anio,fuente,variable,unidad,valor
2004.0,CCNN oficial,vbp_tot,Millones de pesos de 2018,605501.5672720431
2005.0,CCNN oficial,vbp_tot,Millones de pesos de 2018,627606.7418025899
2006.0,CCNN oficial,vbp_tot,Millones de pesos de 2018,772533.841776871
2007.0,CCNN oficial,vbp_tot,Millones de pesos de 2018,712644.7101507284
2008.0,CCNN oficial,vbp_tot,Millones de pesos de 2018,664428.691791113
2009.0,CCNN oficial,vbp_tot,Millones de pesos de 2018,622221.9673860065
2010.0,CCNN oficial,vbp_tot,Millones de pesos de 2018,591464.7515852235
2011.0,CCNN oficial,vbp_tot,Millones de pesos de 2018,570715.2347570802
2012.0,CCNN oficial,vbp_tot,Millones de pesos de 2018,557976.8789000575
2013.0,CCNN oficial,vbp_tot,Millones de pesos de 2018,550769.1238769066
2014.0,CCNN oficial,vbp_tot,Millones de pesos de 2018,596535.2269680972
2015.0,CCNN oficial,vbp_tot,Millones de pesos de 2018,517794.79667012906
2016.0,CCNN oficial,vbp_tot,Millones de pesos de 2018,524854.4270076773
2017.0,CCNN oficial,vbp_tot,Millones de pesos de 2018,488179.1788032753
2018.0,CCNN oficial,vbp_tot,Millones de pesos de 2018,770622.4057795978
2019.0,CCNN oficial,vbp_tot,Millones de pesos de 2018,740897.8261079653
2020.0,CCNN oficial,vbp_tot,Millones de pesos de 2018,484389.4361020702
1922.0,Criterio CCNN,vbp_tot,Millones de pesos de 2018,
1923.0,Criterio CCNN,vbp_tot,Millones de pesos de 2018,
1924.0,Criterio CCNN,vbp_tot,Millones de pesos de 2018,
1925.0,Criterio CCNN,vbp_tot,Millones de pesos de 2018,
1926.0,Criterio CCNN,vbp_tot,Millones de pesos de 2018,
1927.0,Criterio CCNN,vbp_tot,Millones de pesos de 2018,
1928.0,Criterio CCNN,vbp_tot,Millones de pesos de 2018,
1929.0,Criterio CCNN,vbp_tot,Millones de pesos de 2018,
1930.0,Criterio CCNN,vbp_tot,Millones de pesos de 2018,
1931.0,Criterio CCNN,vbp_tot,Millones de pesos de 2018,
1932.0,Criterio CCNN,vbp_tot,Millones de pesos de 2018,
1933.0,Criterio CCNN,vbp_tot,Millones de pesos de 2018,
1934.0,Criterio CCNN,vbp_tot,Millones de pesos de 2018,
1935.0,Criterio CCNN,vbp_tot,Millones de pesos de 2018,
1936.0,Criterio CCNN,vbp_tot,Millones de pesos de 2018,
1937.0,Criterio CCNN,vbp_tot,Millones de pesos de 2018,
1938.0,Criterio CCNN,vbp_tot,Millones de pesos de 2018,
1939.0,Criterio CCNN,vbp_tot,Millones de pesos de 2018,
1940.0,Criterio CCNN,vbp_tot,Millones de pesos de 2018,
1941.0,Criterio CCNN,vbp_tot,Millones de pesos de 2018,
1942.0,Criterio CCNN,vbp_tot,Millones de pesos de 2018,
1943.0,Criterio CCNN,vbp_tot,Millones de pesos de 2018,
1944.0,Criterio CCNN,vbp_tot,Millones de pesos de 2018,
1945.0,Criterio CCNN,vbp_tot,Millones de pesos de 2018,
1946.0,Criterio CCNN,vbp_tot,Millones de pesos de 2018,
1947.0,Criterio CCNN,vbp_tot,Millones de pesos de 2018,
1948.0,Criterio CCNN,vbp_tot,Millones de pesos de 2018,
1949.0,Criterio CCNN,vbp_tot,Millones de pesos de 2018,
1950.0,Criterio CCNN,vbp_tot,Millones de pesos de 2018,
1951.0,Criterio CCNN,vbp_tot,Millones de pesos de 2018,
1952.0,Criterio CCNN,vbp_tot,Millones de pesos de 2018,
1953.0,Criterio CCNN,vbp_tot,Millones de pesos de 2018,
1954.0,Criterio CCNN,vbp_tot,Millones de pesos de 2018,
1955.0,Criterio CCNN,vbp_tot,Millones de pesos de 2018,
1956.0,Criterio CCNN,vbp_tot,Millones de pesos de 2018,
1957.0,Criterio CCNN,vbp_tot,Millones de pesos de 2018,
1958.0,Criterio CCNN,vbp_tot,Millones de pesos de 2018,
1959.0,Criterio CCNN,vbp_tot,Millones de pesos de 2018,
1960.0,Criterio CCNN,vbp_tot,Millones de pesos de 2018,
1961.0,Criterio CCNN,vbp_tot,Millones de pesos de 2018,
1962.0,Criterio CCNN,vbp_tot,Millones de pesos de 2018,
1963.0,Criterio CCNN,vbp_tot,Millones de pesos de 2018,
1964.0,Criterio CCNN,vbp_tot,Millones de pesos de 2018,
1965.0,Criterio CCNN,vbp_tot,Millones de pesos de 2018,
1966.0,Criterio CCNN,vbp_tot,Millones de pesos de 2018,
1967.0,Criterio CCNN,vbp_tot,Millones de pesos de 2018,
1968.0,Criterio CCNN,vbp_tot,Millones de pesos de 2018,
1969.0,Criterio CCNN,vbp_tot,Millones de pesos de 2018,
1970.0,Criterio CCNN,vbp_tot,Millones de pesos de 2018,
1971.0,Criterio CCNN,vbp_tot,Millones de pesos de 2018,67316.03369670306
1972.0,Criterio CCNN,vbp_tot,Millones de pesos de 2018,57698.61973216175
1973.0,Criterio CCNN,vbp_tot,Millones de pesos de 2018,
1974.0,Criterio CCNN,vbp_tot,Millones de pesos de 2018,126183.27338336369
1975.0,Criterio CCNN,vbp_tot,Millones de pesos de 2018,78319.90721327225
1976.0,Criterio CCNN,vbp_tot,Millones de pesos de 2018,108191.5968206788
1977.0,Criterio CCNN,vbp_tot,Millones de pesos de 2018,105385.34011632022
1978.0,Criterio CCNN,vbp_tot,Millones de pesos de 2018,136951.7268076892
1979.0,Criterio CCNN,vbp_tot,Millones de pesos de 2018,
1980.0,Criterio CCNN,vbp_tot,Millones de pesos de 2018,
1981.0,Criterio CCNN,vbp_tot,Millones de pesos de 2018,
1982.0,Criterio CCNN,vbp_tot,Millones de pesos de 2018,
1983.0,Criterio CCNN,vbp_tot,Millones de pesos de 2018,
1984.0,Criterio CCNN,vbp_tot,Millones de pesos de 2018,186452.48209427847
1985.0,Criterio CCNN,vbp_tot,Millones de pesos de 2018,223917.58534418832
1986.0,Criterio CCNN,vbp_tot,Millones de pesos de 2018,191638.08597257597
1987.0,Criterio CCNN,vbp_tot,Millones de pesos de 2018,153439.312636385
1988.0,Criterio CCNN,vbp_tot,Millones de pesos de 2018,206927.95163812843
1989.0,Criterio CCNN,vbp_tot,Millones de pesos de 2018,
1990.0,Criterio CCNN,vbp_tot,Millones de pesos de 2018,
1991.0,Criterio CCNN,vbp_tot,Millones de pesos de 2018,
1992.0,Criterio CCNN,vbp_tot,Millones de pesos de 2018,
1993.0,Criterio CCNN,vbp_tot,Millones de pesos de 2018,116255.62211457611
1993.0,Criterio CCNN,vbp_tot,Millones de pesos de 2018,116255.62211457611
1994.0,Criterio CCNN,vbp_tot,Millones de pesos de 2018,120070.91751075348
1994.0,Criterio CCNN,vbp_tot,Millones de pesos de 2018,120070.91751075348
1995.0,Criterio CCNN,vbp_tot,Millones de pesos de 2018,136471.94375675084
1995.0,Criterio CCNN,vbp_tot,Millones de pesos de 2018,136471.94375675084
1996.0,Criterio CCNN,vbp_tot,Millones de pesos de 2018,181889.66521017888
1996.0,Criterio CCNN,vbp_tot,Millones de pesos de 2018,181889.66521017888
1997.0,Criterio CCNN,vbp_tot,Millones de pesos de 2018,183604.99875745983
1997.0,Criterio CCNN,vbp_tot,Millones de pesos de 2018,183604.99875745983
1998.0,Criterio CCNN,vbp_tot,Millones de pesos de 2018,135791.13363162908
1998.0,Criterio CCNN,vbp_tot,Millones de pesos de 2018,135791.13363162908
1999.0,Criterio CCNN,vbp_tot,Millones de pesos de 2018,165886.86662810767
1999.0,Criterio CCNN,vbp_tot,Millones de pesos de 2018,165886.86662810767
2000.0,Criterio CCNN,vbp_tot,Millones de pesos de 2018,249328.71079120666
2000.0,Criterio CCNN,vbp_tot,Millones de pesos de 2018,249328.71079120666
2001.0,Criterio CCNN,vbp_tot,Millones de pesos de 2018,227105.3112193806
2001.0,Criterio CCNN,vbp_tot,Millones de pesos de 2018,227105.3112193806
2002.0,Criterio CCNN,vbp_tot,Millones de pesos de 2018,440247.5578264485
2002.0,Criterio CCNN,vbp_tot,Millones de pesos de 2018,440247.5578264485
2003.0,Criterio CCNN,vbp_tot,Millones de pesos de 2018,429782.23165207205
2003.0,Criterio CCNN,vbp_tot,Millones de pesos de 2018,429782.23165207205
2004.0,Criterio CCNN,vbp_tot,Millones de pesos de 2018,468778.0578922112
2004.0,Criterio CCNN,vbp_tot,Millones de pesos de 2018,468778.0578922112
2005.0,Criterio CCNN,vbp_tot,Millones de pesos de 2018,515323.6430170869
2005.0,Criterio CCNN,vbp_tot,Millones de pesos de 2018,515323.6430170869
2006.0,Criterio CCNN,vbp_tot,Millones de pesos de 2018,556797.5551576066
2006.0,Criterio CCNN,vbp_tot,Millones de pesos de 2018,556797.5551576066
2007.0,Criterio CCNN,vbp_tot,Millones de pesos de 2018,509347.22021628934
2007.0,Criterio CCNN,vbp_tot,Millones de pesos de 2018,509347.22021628934
2008.0,Criterio CCNN,vbp_tot,Millones de pesos de 2018,473524.32301934966
2008.0,Criterio CCNN,vbp_tot,Millones de pesos de 2018,473524.32301934966
2009.0,Criterio CCNN,vbp_tot,Millones de pesos de 2018,450876.3051782963
2009.0,Criterio CCNN,vbp_tot,Millones de pesos de 2018,450876.3051782963
2010.0,Criterio CCNN,vbp_tot,Millones de pesos de 2018,428367.228530348
2011.0,Criterio CCNN,vbp_tot,Millones de pesos de 2018,400273.86884402187
2012.0,Criterio CCNN,vbp_tot,Millones de pesos de 2018,391910.8583194547
2013.0,Criterio CCNN,vbp_tot,Millones de pesos de 2018,357637.822911478
2014.0,Criterio CCNN,vbp_tot,Millones de pesos de 2018,388287.33063582657
2015.0,Criterio CCNN,vbp_tot,Millones de pesos de 2018,328286.56153002597
2016.0,Criterio CCNN,vbp_tot,Millones de pesos de 2018,343496.67416062165
2017.0,Criterio CCNN,vbp_tot,Millones de pesos de 2018,298920.12756491144
2018.0,Criterio CCNN,vbp_tot,Millones de pesos de 2018,514295.0693274019
2019.0,Criterio CCNN,vbp_tot,Millones de pesos de 2018,486172.96949775354
2020.0,Criterio CCNN,vbp_tot,Millones de pesos de 2018,342900.03851267183
2021.0,Criterio CCNN,vbp_tot,Millones de pesos de 2018,391599.7612164729
2022.0,Criterio CCNN,vbp_tot,Millones de pesos de 2018,448081.5456001136
2023.0,Criterio CCNN,vbp_tot,Millones de pesos de 2018,455482.88903950976
2024.0,Criterio CCNN,vbp_tot,Millones de pesos de 2018,517763.1557004724
2025.0,Criterio CCNN,vbp_tot,Millones de pesos de 2018,
2026.0,Criterio CCNN,vbp_tot,Millones de pesos de 2018,
1960.0,Empalme CCNN,vbp_tot,Millones de pesos de 2018,
1961.0,Empalme CCNN,vbp_tot,Millones de pesos de 2018,
1962.0,Empalme CCNN,vbp_tot,Millones de pesos de 2018,
1963.0,Empalme CCNN,vbp_tot,Millones de pesos de 2018,
1964.0,Empalme CCNN,vbp_tot,Millones de pesos de 2018,
1965.0,Empalme CCNN,vbp_tot,Millones de pesos de 2018,
1966.0,Empalme CCNN,vbp_tot,Millones de pesos de 2018,
1967.0,Empalme CCNN,vbp_tot,Millones de pesos de 2018,
1968.0,Empalme CCNN,vbp_tot,Millones de pesos de 2018,
1969.0,Empalme CCNN,vbp_tot,Millones de pesos de 2018,
1970.0,Empalme CCNN,vbp_tot,Millones de pesos de 2018,
1971.0,Empalme CCNN,vbp_tot,Millones de pesos de 2018,86949.38515075196
1972.0,Empalme CCNN,vbp_tot,Millones de pesos de 2018,74526.96236326561
1973.0,Empalme CCNN,vbp_tot,Millones de pesos de 2018,
1974.0,Empalme CCNN,vbp_tot,Millones de pesos de 2018,162985.80641910387
1975.0,Empalme CCNN,vbp_tot,Millones de pesos de 2018,101162.64139893156
1976.0,Empalme CCNN,vbp_tot,Millones de pesos de 2018,139746.68894517486
1977.0,Empalme CCNN,vbp_tot,Millones de pesos de 2018,136121.9612002438
1978.0,Empalme CCNN,vbp_tot,Millones de pesos de 2018,176894.9801010861
1979.0,Empalme CCNN,vbp_tot,Millones de pesos de 2018,
1980.0,Empalme CCNN,vbp_tot,Millones de pesos de 2018,
1981.0,Empalme CCNN,vbp_tot,Millones de pesos de 2018,
1982.0,Empalme CCNN,vbp_tot,Millones de pesos de 2018,
1983.0,Empalme CCNN,vbp_tot,Millones de pesos de 2018,
1984.0,Empalme CCNN,vbp_tot,Millones de pesos de 2018,240833.0941031529
1985.0,Empalme CCNN,vbp_tot,Millones de pesos de 2018,289225.24547181925
1986.0,Empalme CCNN,vbp_tot,Millones de pesos de 2018,247531.12790123458
1987.0,Empalme CCNN,vbp_tot,Millones de pesos de 2018,198191.32469685454
1988.0,Empalme CCNN,vbp_tot,Millones de pesos de 2018,267280.4260349791
1989.0,Empalme CCNN,vbp_tot,Millones de pesos de 2018,
1990.0,Empalme CCNN,vbp_tot,Millones de pesos de 2018,
1991.0,Empalme CCNN,vbp_tot,Millones de pesos de 2018,
1992.0,Empalme CCNN,vbp_tot,Millones de pesos de 2018,
1993.0,Empalme CCNN,vbp_tot,Millones de pesos de 2018,150162.66271308303
1993.0,Empalme CCNN,vbp_tot,Millones de pesos de 2018,150162.66271308303
1993.0,Empalme CCNN,vbp_tot,Millones de pesos de 2018,150162.66271308303
1993.0,Empalme CCNN,vbp_tot,Millones de pesos de 2018,150162.66271308303
1994.0,Empalme CCNN,vbp_tot,Millones de pesos de 2018,155090.7247311274
1994.0,Empalme CCNN,vbp_tot,Millones de pesos de 2018,155090.7247311274
1994.0,Empalme CCNN,vbp_tot,Millones de pesos de 2018,155090.7247311274
1994.0,Empalme CCNN,vbp_tot,Millones de pesos de 2018,155090.7247311274
1995.0,Empalme CCNN,vbp_tot,Millones de pesos de 2018,176275.26383151504
1995.0,Empalme CCNN,vbp_tot,Millones de pesos de 2018,176275.26383151504
1995.0,Empalme CCNN,vbp_tot,Millones de pesos de 2018,176275.26383151504
1995.0,Empalme CCNN,vbp_tot,Millones de pesos de 2018,176275.26383151504
1996.0,Empalme CCNN,vbp_tot,Millones de pesos de 2018,234939.4889567855
1996.0,Empalme CCNN,vbp_tot,Millones de pesos de 2018,234939.4889567855
1996.0,Empalme CCNN,vbp_tot,Millones de pesos de 2018,234939.4889567855
1996.0,Empalme CCNN,vbp_tot,Millones de pesos de 2018,234939.4889567855
1997.0,Empalme CCNN,vbp_tot,Millones de pesos de 2018,237155.11559243267
1997.0,Empalme CCNN,vbp_tot,Millones de pesos de 2018,237155.11559243267
1997.0,Empalme CCNN,vbp_tot,Millones de pesos de 2018,237155.11559243267
1997.0,Empalme CCNN,vbp_tot,Millones de pesos de 2018,237155.11559243267
1998.0,Empalme CCNN,vbp_tot,Millones de pesos de 2018,175395.88905951858
1998.0,Empalme CCNN,vbp_tot,Millones de pesos de 2018,175395.88905951858
1998.0,Empalme CCNN,vbp_tot,Millones de pesos de 2018,175395.88905951858
1998.0,Empalme CCNN,vbp_tot,Millones de pesos de 2018,175395.88905951858
1999.0,Empalme CCNN,vbp_tot,Millones de pesos de 2018,214269.3243467965
1999.0,Empalme CCNN,vbp_tot,Millones de pesos de 2018,214269.3243467965
1999.0,Empalme CCNN,vbp_tot,Millones de pesos de 2018,214269.3243467965
1999.0,Empalme CCNN,vbp_tot,Millones de pesos de 2018,214269.3243467965
2000.0,Empalme CCNN,vbp_tot,Millones de pesos de 2018,322047.76355958777
2000.0,Empalme CCNN,vbp_tot,Millones de pesos de 2018,322047.76355958777
2000.0,Empalme CCNN,vbp_tot,Millones de pesos de 2018,322047.76355958777
2000.0,Empalme CCNN,vbp_tot,Millones de pesos de 2018,322047.76355958777
2001.0,Empalme CCNN,vbp_tot,Millones de pesos de 2018,293342.70144264965
2001.0,Empalme CCNN,vbp_tot,Millones de pesos de 2018,293342.70144264965
2001.0,Empalme CCNN,vbp_tot,Millones de pesos de 2018,293342.70144264965
2001.0,Empalme CCNN,vbp_tot,Millones de pesos de 2018,293342.70144264965
2002.0,Empalme CCNN,vbp_tot,Millones de pesos de 2018,568649.8797537534
2002.0,Empalme CCNN,vbp_tot,Millones de pesos de 2018,568649.8797537534
2002.0,Empalme CCNN,vbp_tot,Millones de pesos de 2018,568649.8797537534
2002.0,Empalme CCNN,vbp_tot,Millones de pesos de 2018,568649.8797537534
2003.0,Empalme CCNN,vbp_tot,Millones de pesos de 2018,555132.243222107
2003.0,Empalme CCNN,vbp_tot,Millones de pesos de 2018,555132.243222107
2003.0,Empalme CCNN,vbp_tot,Millones de pesos de 2018,555132.243222107
2003.0,Empalme CCNN,vbp_tot,Millones de pesos de 2018,555132.243222107
2004.0,Empalme CCNN,vbp_tot,Millones de pesos de 2018,605501.5672720431
2004.0,Empalme CCNN,vbp_tot,Millones de pesos de 2018,605501.5672720431
2004.0,Empalme CCNN,vbp_tot,Millones de pesos de 2018,605501.5672720431
2004.0,Empalme CCNN,vbp_tot,Millones de pesos de 2018,605501.5672720431
2005.0,Empalme CCNN,vbp_tot,Millones de pesos de 2018,627606.7418025899
2005.0,Empalme CCNN,vbp_tot,Millones de pesos de 2018,627606.7418025899
2005.0,Empalme CCNN,vbp_tot,Millones de pesos de 2018,627606.7418025899
2005.0,Empalme CCNN,vbp_tot,Millones de pesos de 2018,627606.7418025899
2006.0,Empalme CCNN,vbp_tot,Millones de pesos de 2018,772533.841776871
2006.0,Empalme CCNN,vbp_tot,Millones de pesos de 2018,772533.841776871
2006.0,Empalme CCNN,vbp_tot,Millones de pesos de 2018,772533.841776871
2006.0,Empalme CCNN,vbp_tot,Millones de pesos de 2018,772533.841776871
2007.0,Empalme CCNN,vbp_tot,Millones de pesos de 2018,712644.7101507284
2007.0,Empalme CCNN,vbp_tot,Millones de pesos de 2018,712644.7101507284
2007.0,Empalme CCNN,vbp_tot,Millones de pesos de 2018,712644.7101507284
2007.0,Empalme CCNN,vbp_tot,Millones de pesos de 2018,712644.7101507284
2008.0,Empalme CCNN,vbp_tot,Millones de pesos de 2018,664428.691791113
2008.0,Empalme CCNN,vbp_tot,Millones de pesos de 2018,664428.691791113
2008.0,Empalme CCNN,vbp_tot,Millones de pesos de 2018,664428.691791113
2008.0,Empalme CCNN,vbp_tot,Millones de pesos de 2018,664428.691791113
2009.0,Empalme CCNN,vbp_tot,Millones de pesos de 2018,622221.9673860065
2009.0,Empalme CCNN,vbp_tot,Millones de pesos de 2018,622221.9673860065
2009.0,Empalme CCNN,vbp_tot,Millones de pesos de 2018,622221.9673860065
2009.0,Empalme CCNN,vbp_tot,Millones de pesos de 2018,622221.9673860065
2010.0,Empalme CCNN,vbp_tot,Millones de pesos de 2018,591464.7515852235
2011.0,Empalme CCNN,vbp_tot,Millones de pesos de 2018,570715.2347570802
2012.0,Empalme CCNN,vbp_tot,Millones de pesos de 2018,557976.8789000575
2013.0,Empalme CCNN,vbp_tot,Millones de pesos de 2018,550769.1238769066
2014.0,Empalme CCNN,vbp_tot,Millones de pesos de 2018,596535.2269680972
2015.0,Empalme CCNN,vbp_tot,Millones de pesos de 2018,517794.79667012906
2016.0,Empalme CCNN,vbp_tot,Millones de pesos de 2018,524854.4270076773
2017.0,Empalme CCNN,vbp_tot,Millones de pesos de 2018,488179.1788032753
2018.0,Empalme CCNN,vbp_tot,Millones de pesos de 2018,770622.4057795978
2019.0,Empalme CCNN,vbp_tot,Millones de pesos de 2018,740897.8261079653
2020.0,Empalme CCNN,vbp_tot,Millones de pesos de 2018,484389.4361020702
2021.0,Empalme CCNN,vbp_tot,Millones de pesos de 2018,
2022.0,Empalme CCNN,vbp_tot,Millones de pesos de 2018,
2023.0,Empalme CCNN,vbp_tot,Millones de pesos de 2018,
2024.0,Empalme CCNN,vbp_tot,Millones de pesos de 2018,
2025.0,Empalme CCNN,vbp_tot,Millones de pesos de 2018,
2026.0,Empalme CCNN,vbp_tot,Millones de pesos de 2018,
2027.0,Empalme CCNN,vbp_tot,Millones de pesos de 2018,
2028.0,Empalme CCNN,vbp_tot,Millones de pesos de 2018,
2029.0,Empalme CCNN,vbp_tot,Millones de pesos de 2018,
2030.0,Empalme CCNN,vbp_tot,Millones de pesos de 2018,
1922.0,Criterio propio,vbp_tot,Millones de pesos de 2018,
1923.0,Criterio propio,vbp_tot,Millones de pesos de 2018,
1924.0,Criterio propio,vbp_tot,Millones de pesos de 2018,
1925.0,Criterio propio,vbp_tot,Millones de pesos de 2018,
1926.0,Criterio propio,vbp_tot,Millones de pesos de 2018,
1927.0,Criterio propio,vbp_tot,Millones de pesos de 2018,
1928.0,Criterio propio,vbp_tot,Millones de pesos de 2018,
1929.0,Criterio propio,vbp_tot,Millones de pesos de 2018,
1930.0,Criterio propio,vbp_tot,Millones de pesos de 2018,
1931.0,Criterio propio,vbp_tot,Millones de pesos de 2018,
1932.0,Criterio propio,vbp_tot,Millones de pesos de 2018,
1933.0,Criterio propio,vbp_tot,Millones de pesos de 2018,
1934.0,Criterio propio,vbp_tot,Millones de pesos de 2018,
1935.0,Criterio propio,vbp_tot,Millones de pesos de 2018,
1936.0,Criterio propio,vbp_tot,Millones de pesos de 2018,
1937.0,Criterio propio,vbp_tot,Millones de pesos de 2018,
1938.0,Criterio propio,vbp_tot,Millones de pesos de 2018,
1939.0,Criterio propio,vbp_tot,Millones de pesos de 2018,
1940.0,Criterio propio,vbp_tot,Millones de pesos de 2018,
1941.0,Criterio propio,vbp_tot,Millones de pesos de 2018,
1942.0,Criterio propio,vbp_tot,Millones de pesos de 2018,
1943.0,Criterio propio,vbp_tot,Millones de pesos de 2018,
1944.0,Criterio propio,vbp_tot,Millones de pesos de 2018,
1945.0,Criterio propio,vbp_tot,Millones de pesos de 2018,
1946.0,Criterio propio,vbp_tot,Millones de pesos de 2018,
1947.0,Criterio propio,vbp_tot,Millones de pesos de 2018,
1948.0,Criterio propio,vbp_tot,Millones de pesos de 2018,
1949.0,Criterio propio,vbp_tot,Millones de pesos de 2018,
1950.0,Criterio propio,vbp_tot,Millones de pesos de 2018,
1951.0,Criterio propio,vbp_tot,Millones de pesos de 2018,
1952.0,Criterio propio,vbp_tot,Millones de pesos de 2018,
1953.0,Criterio propio,vbp_tot,Millones de pesos de 2018,
1954.0,Criterio propio,vbp_tot,Millones de pesos de 2018,
1955.0,Criterio propio,vbp_tot,Millones de pesos de 2018,
1956.0,Criterio propio,vbp_tot,Millones de pesos de 2018,
1957.0,Criterio propio,vbp_tot,Millones de pesos de 2018,
1958.0,Criterio propio,vbp_tot,Millones de pesos de 2018,
1959.0,Criterio propio,vbp_tot,Millones de pesos de 2018,
1960.0,Criterio propio,vbp_tot,Millones de pesos de 2018,
1961.0,Criterio propio,vbp_tot,Millones de pesos de 2018,
1962.0,Criterio propio,vbp_tot,Millones de pesos de 2018,
1963.0,Criterio propio,vbp_tot,Millones de pesos de 2018,
1964.0,Criterio propio,vbp_tot,Millones de pesos de 2018,
1965.0,Criterio propio,vbp_tot,Millones de pesos de 2018,
1966.0,Criterio propio,vbp_tot,Millones de pesos de 2018,149270.5378430233
1967.0,Criterio propio,vbp_tot,Millones de pesos de 2018,58560.84965581646
1968.0,Criterio propio,vbp_tot,Millones de pesos de 2018,
1969.0,Criterio propio,vbp_tot,Millones de pesos de 2018,
1970.0,Criterio propio,vbp_tot,Millones de pesos de 2018,
1971.0,Criterio propio,vbp_tot,Millones de pesos de 2018,
1972.0,Criterio propio,vbp_tot,Millones de pesos de 2018,121911.51741327385
1973.0,Criterio propio,vbp_tot,Millones de pesos de 2018,147020.02637001956
1974.0,Criterio propio,vbp_tot,Millones de pesos de 2018,391076.65597172815
1975.0,Criterio propio,vbp_tot,Millones de pesos de 2018,378225.2855782966
1976.0,Criterio propio,vbp_tot,Millones de pesos de 2018,378355.6158881273
1977.0,Criterio propio,vbp_tot,Millones de pesos de 2018,393911.7023397455
1978.0,Criterio propio,vbp_tot,Millones de pesos de 2018,417738.2734317559
1979.0,Criterio propio,vbp_tot,Millones de pesos de 2018,652099.3585872179
1980.0,Criterio propio,vbp_tot,Millones de pesos de 2018,708510.6094557529
1981.0,Criterio propio,vbp_tot,Millones de pesos de 2018,702551.4674787315
1982.0,Criterio propio,vbp_tot,Millones de pesos de 2018,650931.2863979363
1983.0,Criterio propio,vbp_tot,Millones de pesos de 2018,625194.8394884401
1984.0,Criterio propio,vbp_tot,Millones de pesos de 2018,638511.6899498802
1985.0,Criterio propio,vbp_tot,Millones de pesos de 2018,639294.3110706804
1986.0,Criterio propio,vbp_tot,Millones de pesos de 2018,471196.2328182182
1987.0,Criterio propio,vbp_tot,Millones de pesos de 2018,410253.3716561908
1988.0,Criterio propio,vbp_tot,Millones de pesos de 2018,336910.0626972979
1989.0,Criterio propio,vbp_tot,Millones de pesos de 2018,386927.03914342803
1990.0,Criterio propio,vbp_tot,Millones de pesos de 2018,478479.36372550536
1991.0,Criterio propio,vbp_tot,Millones de pesos de 2018,472710.70782838954
1992.0,Criterio propio,vbp_tot,Millones de pesos de 2018,339298.30622006377
1993.0,Criterio propio,vbp_tot,Millones de pesos de 2018,318975.9397762776
1993.0,Criterio propio,vbp_tot,Millones de pesos de 2018,318975.9397762776
1993.0,Criterio propio,vbp_tot,Millones de pesos de 2018,318975.9397762776
1993.0,Criterio propio,vbp_tot,Millones de pesos de 2018,318975.9397762776
1994.0,Criterio propio,vbp_tot,Millones de pesos de 2018,
1994.0,Criterio propio,vbp_tot,Millones de pesos de 2018,
1994.0,Criterio propio,vbp_tot,Millones de pesos de 2018,
1994.0,Criterio propio,vbp_tot,Millones de pesos de 2018,
1995.0,Criterio propio,vbp_tot,Millones de pesos de 2018,
1995.0,Criterio propio,vbp_tot,Millones de pesos de 2018,
1995.0,Criterio propio,vbp_tot,Millones de pesos de 2018,
1995.0,Criterio propio,vbp_tot,Millones de pesos de 2018,
1996.0,Criterio propio,vbp_tot,Millones de pesos de 2018,
1996.0,Criterio propio,vbp_tot,Millones de pesos de 2018,
1996.0,Criterio propio,vbp_tot,Millones de pesos de 2018,
1996.0,Criterio propio,vbp_tot,Millones de pesos de 2018,
1997.0,Criterio propio,vbp_tot,Millones de pesos de 2018,
1997.0,Criterio propio,vbp_tot,Millones de pesos de 2018,
1997.0,Criterio propio,vbp_tot,Millones de pesos de 2018,
1997.0,Criterio propio,vbp_tot,Millones de pesos de 2018,
1998.0,Criterio propio,vbp_tot,Millones de pesos de 2018,244747.64435253816
1998.0,Criterio propio,vbp_tot,Millones de pesos de 2018,244747.64435253816
1998.0,Criterio propio,vbp_tot,Millones de pesos de 2018,244747.64435253816
1998.0,Criterio propio,vbp_tot,Millones de pesos de 2018,244747.64435253816
1999.0,Criterio propio,vbp_tot,Millones de pesos de 2018,295323.15277656907
1999.0,Criterio propio,vbp_tot,Millones de pesos de 2018,295323.15277656907
1999.0,Criterio propio,vbp_tot,Millones de pesos de 2018,295323.15277656907
1999.0,Criterio propio,vbp_tot,Millones de pesos de 2018,295323.15277656907
2000.0,Criterio propio,vbp_tot,Millones de pesos de 2018,473934.63777901593
2000.0,Criterio propio,vbp_tot,Millones de pesos de 2018,473934.63777901593
2000.0,Criterio propio,vbp_tot,Millones de pesos de 2018,473934.63777901593
2000.0,Criterio propio,vbp_tot,Millones de pesos de 2018,473934.63777901593
2001.0,Criterio propio,vbp_tot,Millones de pesos de 2018,454418.5302985198
2001.0,Criterio propio,vbp_tot,Millones de pesos de 2018,454418.5302985198
2001.0,Criterio propio,vbp_tot,Millones de pesos de 2018,454418.5302985198
2001.0,Criterio propio,vbp_tot,Millones de pesos de 2018,454418.5302985198
2002.0,Criterio propio,vbp_tot,Millones de pesos de 2018,535033.5767932587
2002.0,Criterio propio,vbp_tot,Millones de pesos de 2018,535033.5767932587
2002.0,Criterio propio,vbp_tot,Millones de pesos de 2018,535033.5767932587
2002.0,Criterio propio,vbp_tot,Millones de pesos de 2018,535033.5767932587
2003.0,Criterio propio,vbp_tot,Millones de pesos de 2018,601122.353109996
2003.0,Criterio propio,vbp_tot,Millones de pesos de 2018,601122.353109996
2003.0,Criterio propio,vbp_tot,Millones de pesos de 2018,601122.353109996
2003.0,Criterio propio,vbp_tot,Millones de pesos de 2018,601122.353109996
2004.0,Criterio propio,vbp_tot,Millones de pesos de 2018,757794.278338623
2004.0,Criterio propio,vbp_tot,Millones de pesos de 2018,757794.278338623
2004.0,Criterio propio,vbp_tot,Millones de pesos de 2018,757794.278338623
2004.0,Criterio propio,vbp_tot,Millones de pesos de 2018,757794.278338623
2005.0,Criterio propio,vbp_tot,Millones de pesos de 2018,1009568.7730561959
2005.0,Criterio propio,vbp_tot,Millones de pesos de 2018,1009568.7730561959
2005.0,Criterio propio,vbp_tot,Millones de pesos de 2018,1009568.7730561959
2005.0,Criterio propio,vbp_tot,Millones de pesos de 2018,1009568.7730561959
2006.0,Criterio propio,vbp_tot,Millones de pesos de 2018,1179450.3743430641
2006.0,Criterio propio,vbp_tot,Millones de pesos de 2018,1179450.3743430641
2006.0,Criterio propio,vbp_tot,Millones de pesos de 2018,1179450.3743430641
2006.0,Criterio propio,vbp_tot,Millones de pesos de 2018,1179450.3743430641
2007.0,Criterio propio,vbp_tot,Millones de pesos de 2018,1072375.8798714264
2007.0,Criterio propio,vbp_tot,Millones de pesos de 2018,1072375.8798714264
2007.0,Criterio propio,vbp_tot,Millones de pesos de 2018,1072375.8798714264
2007.0,Criterio propio,vbp_tot,Millones de pesos de 2018,1072375.8798714264
2008.0,Criterio propio,vbp_tot,Millones de pesos de 2018,1365368.021941247
2008.0,Criterio propio,vbp_tot,Millones de pesos de 2018,1365368.021941247
2008.0,Criterio propio,vbp_tot,Millones de pesos de 2018,1365368.021941247
2008.0,Criterio propio,vbp_tot,Millones de pesos de 2018,1365368.021941247
2009.0,Criterio propio,vbp_tot,Millones de pesos de 2018,1035993.6423274479
2009.0,Criterio propio,vbp_tot,Millones de pesos de 2018,1035993.6423274479
2009.0,Criterio propio,vbp_tot,Millones de pesos de 2018,1035993.6423274479
2009.0,Criterio propio,vbp_tot,Millones de pesos de 2018,1035993.6423274479
2010.0,Criterio propio,vbp_tot,Millones de pesos de 2018,1277138.1143901916
2011.0,Criterio propio,vbp_tot,Millones de pesos de 2018,1606846.3325517776
2012.0,Criterio propio,vbp_tot,Millones de pesos de 2018,1905683.2337577788
2013.0,Criterio propio,vbp_tot,Millones de pesos de 2018,1967681.0563556342
2014.0,Criterio propio,vbp_tot,Millones de pesos de 2018,1884653.9411773873
2015.0,Criterio propio,vbp_tot,Millones de pesos de 2018,1222725.1894309765
2016.0,Criterio propio,vbp_tot,Millones de pesos de 2018,867907.626356547
2017.0,Criterio propio,vbp_tot,Millones de pesos de 2018,944935.2217955197
2018.0,Criterio propio,vbp_tot,Millones de pesos de 2018,1339965.6541506771
2019.0,Criterio propio,vbp_tot,Millones de pesos de 2018,1349806.9355283414
2020.0,Criterio propio,vbp_tot,Millones de pesos de 2018,755367.3964543915
2021.0,Criterio propio,vbp_tot,Millones de pesos de 2018,836015.5308226295
2022.0,Criterio propio,vbp_tot,Millones de pesos de 2018,1120571.30397884
2023.0,Criterio propio,vbp_tot,Millones de pesos de 2018,1093061.2196907348
2024.0,Criterio propio,vbp_tot,Millones de pesos de 2018,1303256.90547559
2025.0,Criterio propio,vbp_tot,Millones de pesos de 2018,
2026.0,Criterio propio,vbp_tot,Millones de pesos de 2018,
2004.0,CCNN oficial,vbp_extr,Millones de pesos de 2018,546651.9617967373
2005.0,CCNN oficial,vbp_extr,Millones de pesos de 2018,566608.701260557
2006.0,CCNN oficial,vbp_extr,Millones de pesos de 2018,697450.1190216744
2007.0,CCNN oficial,vbp_extr,Millones de pesos de 2018,643381.7019220619
2008.0,CCNN oficial,vbp_extr,Millones de pesos de 2018,599851.870702865
2009.0,CCNN oficial,vbp_extr,Millones de pesos de 2018,561747.2811457918
2010.0,CCNN oficial,vbp_extr,Millones de pesos de 2018,533979.4052794201
2011.0,CCNN oficial,vbp_extr,Millones de pesos de 2018,515246.56511264504
2012.0,CCNN oficial,vbp_extr,Millones de pesos de 2018,503746.26916679187
2013.0,CCNN oficial,vbp_extr,Millones de pesos de 2018,497239.04666478053
2014.0,CCNN oficial,vbp_extr,Millones de pesos de 2018,538557.0735549583
2015.0,CCNN oficial,vbp_extr,Millones de pesos de 2018,467469.54377526307
2016.0,CCNN oficial,vbp_extr,Millones de pesos de 2018,473843.0380520279
2017.0,CCNN oficial,vbp_extr,Millones de pesos de 2018,440732.312227414
2018.0,CCNN oficial,vbp_extr,Millones de pesos de 2018,695724.4583558138
2019.0,CCNN oficial,vbp_extr,Millones de pesos de 2018,668888.8551644171
2020.0,CCNN oficial,vbp_extr,Millones de pesos de 2018,437310.9003033259
1922.0,Criterio CCNN,vbp_extr,Millones de pesos de 2018,
1923.0,Criterio CCNN,vbp_extr,Millones de pesos de 2018,
1924.0,Criterio CCNN,vbp_extr,Millones de pesos de 2018,
1925.0,Criterio CCNN,vbp_extr,Millones de pesos de 2018,
1926.0,Criterio CCNN,vbp_extr,Millones de pesos de 2018,
1927.0,Criterio CCNN,vbp_extr,Millones de pesos de 2018,
1928.0,Criterio CCNN,vbp_extr,Millones de pesos de 2018,
1929.0,Criterio CCNN,vbp_extr,Millones de pesos de 2018,
1930.0,Criterio CCNN,vbp_extr,Millones de pesos de 2018,
1931.0,Criterio CCNN,vbp_extr,Millones de pesos de 2018,
1932.0,Criterio CCNN,vbp_extr,Millones de pesos de 2018,
1933.0,Criterio CCNN,vbp_extr,Millones de pesos de 2018,
1934.0,Criterio CCNN,vbp_extr,Millones de pesos de 2018,
1935.0,Criterio CCNN,vbp_extr,Millones de pesos de 2018,
1936.0,Criterio CCNN,vbp_extr,Millones de pesos de 2018,
1937.0,Criterio CCNN,vbp_extr,Millones de pesos de 2018,
1938.0,Criterio CCNN,vbp_extr,Millones de pesos de 2018,
1939.0,Criterio CCNN,vbp_extr,Millones de pesos de 2018,
1940.0,Criterio CCNN,vbp_extr,Millones de pesos de 2018,
1941.0,Criterio CCNN,vbp_extr,Millones de pesos de 2018,
1942.0,Criterio CCNN,vbp_extr,Millones de pesos de 2018,
1943.0,Criterio CCNN,vbp_extr,Millones de pesos de 2018,
1944.0,Criterio CCNN,vbp_extr,Millones de pesos de 2018,
1945.0,Criterio CCNN,vbp_extr,Millones de pesos de 2018,
1946.0,Criterio CCNN,vbp_extr,Millones de pesos de 2018,
1947.0,Criterio CCNN,vbp_extr,Millones de pesos de 2018,
1948.0,Criterio CCNN,vbp_extr,Millones de pesos de 2018,
1949.0,Criterio CCNN,vbp_extr,Millones de pesos de 2018,
1950.0,Criterio CCNN,vbp_extr,Millones de pesos de 2018,
1951.0,Criterio CCNN,vbp_extr,Millones de pesos de 2018,
1952.0,Criterio CCNN,vbp_extr,Millones de pesos de 2018,
1953.0,Criterio CCNN,vbp_extr,Millones de pesos de 2018,
1954.0,Criterio CCNN,vbp_extr,Millones de pesos de 2018,
1955.0,Criterio CCNN,vbp_extr,Millones de pesos de 2018,
1956.0,Criterio CCNN,vbp_extr,Millones de pesos de 2018,
1957.0,Criterio CCNN,vbp_extr,Millones de pesos de 2018,
1958.0,Criterio CCNN,vbp_extr,Millones de pesos de 2018,
1959.0,Criterio CCNN,vbp_extr,Millones de pesos de 2018,
1960.0,Criterio CCNN,vbp_extr,Millones de pesos de 2018,
1961.0,Criterio CCNN,vbp_extr,Millones de pesos de 2018,
1962.0,Criterio CCNN,vbp_extr,Millones de pesos de 2018,
1963.0,Criterio CCNN,vbp_extr,Millones de pesos de 2018,
1964.0,Criterio CCNN,vbp_extr,Millones de pesos de 2018,
1965.0,Criterio CCNN,vbp_extr,Millones de pesos de 2018,
1966.0,Criterio CCNN,vbp_extr,Millones de pesos de 2018,
1967.0,Criterio CCNN,vbp_extr,Millones de pesos de 2018,
1968.0,Criterio CCNN,vbp_extr,Millones de pesos de 2018,
1969.0,Criterio CCNN,vbp_extr,Millones de pesos de 2018,
1970.0,Criterio CCNN,vbp_extr,Millones de pesos de 2018,
1971.0,Criterio CCNN,vbp_extr,Millones de pesos de 2018,60773.48741881124
1972.0,Criterio CCNN,vbp_extr,Millones de pesos de 2018,52090.8043420129
1973.0,Criterio CCNN,vbp_extr,Millones de pesos de 2018,
1974.0,Criterio CCNN,vbp_extr,Millones de pesos de 2018,113919.33178920875
1975.0,Criterio CCNN,vbp_extr,Millones de pesos de 2018,70707.87796431604
1976.0,Criterio CCNN,vbp_extr,Millones de pesos de 2018,97676.29325618829
1977.0,Criterio CCNN,vbp_extr,Millones de pesos de 2018,95142.78084984694
1978.0,Criterio CCNN,vbp_extr,Millones de pesos de 2018,123641.18307432621
1979.0,Criterio CCNN,vbp_extr,Millones de pesos de 2018,
1980.0,Criterio CCNN,vbp_extr,Millones de pesos de 2018,
1981.0,Criterio CCNN,vbp_extr,Millones de pesos de 2018,
1982.0,Criterio CCNN,vbp_extr,Millones de pesos de 2018,
1983.0,Criterio CCNN,vbp_extr,Millones de pesos de 2018,
1984.0,Criterio CCNN,vbp_extr,Millones de pesos de 2018,168330.88571167167
1985.0,Criterio CCNN,vbp_extr,Millones de pesos de 2018,202154.69938526867
1986.0,Criterio CCNN,vbp_extr,Millones de pesos de 2018,173012.49297148988
1987.0,Criterio CCNN,vbp_extr,Millones de pesos de 2018,138526.31570768112
1988.0,Criterio CCNN,vbp_extr,Millones de pesos de 2018,186816.3136607394
1989.0,Criterio CCNN,vbp_extr,Millones de pesos de 2018,
1990.0,Criterio CCNN,vbp_extr,Millones de pesos de 2018,
1991.0,Criterio CCNN,vbp_extr,Millones de pesos de 2018,
1992.0,Criterio CCNN,vbp_extr,Millones de pesos de 2018,
1993.0,Criterio CCNN,vbp_extr,Millones de pesos de 2018,104956.56383706845
1993.0,Criterio CCNN,vbp_extr,Millones de pesos de 2018,104956.56383706845
1994.0,Criterio CCNN,vbp_extr,Millones de pesos de 2018,108401.0449513797
1994.0,Criterio CCNN,vbp_extr,Millones de pesos de 2018,108401.0449513797
1995.0,Criterio CCNN,vbp_extr,Millones de pesos de 2018,123208.03085770372
1995.0,Criterio CCNN,vbp_extr,Millones de pesos de 2018,123208.03085770372
1996.0,Criterio CCNN,vbp_extr,Millones de pesos de 2018,164211.53584400789
1996.0,Criterio CCNN,vbp_extr,Millones de pesos de 2018,164211.53584400789
1997.0,Criterio CCNN,vbp_extr,Millones de pesos de 2018,165760.15355111216
1997.0,Criterio CCNN,vbp_extr,Millones de pesos de 2018,165760.15355111216
1998.0,Criterio CCNN,vbp_extr,Millones de pesos de 2018,122593.38968974505
1998.0,Criterio CCNN,vbp_extr,Millones de pesos de 2018,122593.38968974505
1999.0,Criterio CCNN,vbp_extr,Millones de pesos de 2018,149764.07325767743
1999.0,Criterio CCNN,vbp_extr,Millones de pesos de 2018,149764.07325767743
2000.0,Criterio CCNN,vbp_extr,Millones de pesos de 2018,225096.07943760886
2000.0,Criterio CCNN,vbp_extr,Millones de pesos de 2018,225096.07943760886
2001.0,Criterio CCNN,vbp_extr,Millones de pesos de 2018,205032.60540158977
2001.0,Criterio CCNN,vbp_extr,Millones de pesos de 2018,205032.60540158977
2002.0,Criterio CCNN,vbp_extr,Millones de pesos de 2018,397459.2373828234
2002.0,Criterio CCNN,vbp_extr,Millones de pesos de 2018,397459.2373828234
2003.0,Criterio CCNN,vbp_extr,Millones de pesos de 2018,388011.0519555918
2003.0,Criterio CCNN,vbp_extr,Millones de pesos de 2018,388011.0519555918
2004.0,Criterio CCNN,vbp_extr,Millones de pesos de 2018,423216.8153561666
2004.0,Criterio CCNN,vbp_extr,Millones de pesos de 2018,423216.8153561666
2005.0,Criterio CCNN,vbp_extr,Millones de pesos de 2018,465238.56525208155
2005.0,Criterio CCNN,vbp_extr,Millones de pesos de 2018,465238.56525208155
2006.0,Criterio CCNN,vbp_extr,Millones de pesos de 2018,502681.56566766015
2006.0,Criterio CCNN,vbp_extr,Millones de pesos de 2018,502681.56566766015
2007.0,Criterio CCNN,vbp_extr,Millones de pesos de 2018,459842.9999469386
2007.0,Criterio CCNN,vbp_extr,Millones de pesos de 2018,459842.9999469386
2008.0,Criterio CCNN,vbp_extr,Millones de pesos de 2018,427501.78385698627
2008.0,Criterio CCNN,vbp_extr,Millones de pesos de 2018,427501.78385698627
2009.0,Criterio CCNN,vbp_extr,Millones de pesos de 2018,407054.9608381833
2009.0,Criterio CCNN,vbp_extr,Millones de pesos de 2018,407054.9608381833
2010.0,Criterio CCNN,vbp_extr,Millones de pesos de 2018,386733.5751095386
2011.0,Criterio CCNN,vbp_extr,Millones de pesos de 2018,361370.6511865164
2012.0,Criterio CCNN,vbp_extr,Millones de pesos de 2018,353820.4541979636
2013.0,Criterio CCNN,vbp_extr,Millones de pesos de 2018,322878.4665051688
2014.0,Criterio CCNN,vbp_extr,Millones de pesos de 2018,350549.10260459903
2015.0,Criterio CCNN,vbp_extr,Millones de pesos de 2018,296379.89823941427
2016.0,Criterio CCNN,vbp_extr,Millones de pesos de 2018,310111.71721079084
2017.0,Criterio CCNN,vbp_extr,Millones de pesos de 2018,269867.6320361598
2018.0,Criterio CCNN,vbp_extr,Millones de pesos de 2018,464309.9601819874
2019.0,Criterio CCNN,vbp_extr,Millones de pesos de 2018,438921.0894132778
2020.0,Criterio CCNN,vbp_extr,Millones de pesos de 2018,309573.06947631994
2021.0,Criterio CCNN,vbp_extr,Millones de pesos de 2018,353539.5930890147
2022.0,Criterio CCNN,vbp_extr,Millones de pesos de 2018,404531.8281350809
2023.0,Criterio CCNN,vbp_extr,Millones de pesos de 2018,411213.82390481204
2024.0,Criterio CCNN,vbp_extr,Millones de pesos de 2018,467440.97803890356
2025.0,Criterio CCNN,vbp_extr,Millones de pesos de 2018,
2026.0,Criterio CCNN,vbp_extr,Millones de pesos de 2018,
1960.0,Empalme CCNN,vbp_extr,Millones de pesos de 2018,
1961.0,Empalme CCNN,vbp_extr,Millones de pesos de 2018,
1962.0,Empalme CCNN,vbp_extr,Millones de pesos de 2018,
1963.0,Empalme CCNN,vbp_extr,Millones de pesos de 2018,
1964.0,Empalme CCNN,vbp_extr,Millones de pesos de 2018,
1965.0,Empalme CCNN,vbp_extr,Millones de pesos de 2018,
1966.0,Empalme CCNN,vbp_extr,Millones de pesos de 2018,
1967.0,Empalme CCNN,vbp_extr,Millones de pesos de 2018,
1968.0,Empalme CCNN,vbp_extr,Millones de pesos de 2018,
1969.0,Empalme CCNN,vbp_extr,Millones de pesos de 2018,
1970.0,Empalme CCNN,vbp_extr,Millones de pesos de 2018,
1971.0,Empalme CCNN,vbp_extr,Millones de pesos de 2018,78498.64399826342
1972.0,Empalme CCNN,vbp_extr,Millones de pesos de 2018,67283.57511307104
1973.0,Empalme CCNN,vbp_extr,Millones de pesos de 2018,
1974.0,Empalme CCNN,vbp_extr,Millones de pesos de 2018,147144.9714414969
1975.0,Empalme CCNN,vbp_extr,Millones de pesos de 2018,91330.49255415048
1976.0,Empalme CCNN,vbp_extr,Millones de pesos de 2018,126164.498649689
1977.0,Empalme CCNN,vbp_extr,Millones de pesos de 2018,122892.06363077949
1978.0,Empalme CCNN,vbp_extr,Millones de pesos de 2018,159702.29167186885
1979.0,Empalme CCNN,vbp_extr,Millones de pesos de 2018,
1980.0,Empalme CCNN,vbp_extr,Millones de pesos de 2018,
1981.0,Empalme CCNN,vbp_extr,Millones de pesos de 2018,
1982.0,Empalme CCNN,vbp_extr,Millones de pesos de 2018,
1983.0,Empalme CCNN,vbp_extr,Millones de pesos de 2018,
1984.0,Empalme CCNN,vbp_extr,Millones de pesos de 2018,217426.164477486
1985.0,Empalme CCNN,vbp_extr,Millones de pesos de 2018,261115.01007441385
1986.0,Empalme CCNN,vbp_extr,Millones de pesos de 2018,223473.20632478996
1987.0,Empalme CCNN,vbp_extr,Millones de pesos de 2018,178928.81259538236
1988.0,Empalme CCNN,vbp_extr,Millones de pesos de 2018,241303.04055223733
1989.0,Empalme CCNN,vbp_extr,Millones de pesos de 2018,
1990.0,Empalme CCNN,vbp_extr,Millones de pesos de 2018,
1991.0,Empalme CCNN,vbp_extr,Millones de pesos de 2018,
1992.0,Empalme CCNN,vbp_extr,Millones de pesos de 2018,
1993.0,Empalme CCNN,vbp_extr,Millones de pesos de 2018,135568.12830485744
1993.0,Empalme CCNN,vbp_extr,Millones de pesos de 2018,135568.12830485744
1993.0,Empalme CCNN,vbp_extr,Millones de pesos de 2018,135568.12830485744
1993.0,Empalme CCNN,vbp_extr,Millones de pesos de 2018,135568.12830485744
1994.0,Empalme CCNN,vbp_extr,Millones de pesos de 2018,140017.2245840907
1994.0,Empalme CCNN,vbp_extr,Millones de pesos de 2018,140017.2245840907
1994.0,Empalme CCNN,vbp_extr,Millones de pesos de 2018,140017.2245840907
1994.0,Empalme CCNN,vbp_extr,Millones de pesos de 2018,140017.2245840907
1995.0,Empalme CCNN,vbp_extr,Millones de pesos de 2018,159142.8065560092
1995.0,Empalme CCNN,vbp_extr,Millones de pesos de 2018,159142.8065560092
1995.0,Empalme CCNN,vbp_extr,Millones de pesos de 2018,159142.8065560092
1995.0,Empalme CCNN,vbp_extr,Millones de pesos de 2018,159142.8065560092
1996.0,Empalme CCNN,vbp_extr,Millones de pesos de 2018,212105.36765472635
1996.0,Empalme CCNN,vbp_extr,Millones de pesos de 2018,212105.36765472635
1996.0,Empalme CCNN,vbp_extr,Millones de pesos de 2018,212105.36765472635
1996.0,Empalme CCNN,vbp_extr,Millones de pesos de 2018,212105.36765472635
1997.0,Empalme CCNN,vbp_extr,Millones de pesos de 2018,214105.65421458168
1997.0,Empalme CCNN,vbp_extr,Millones de pesos de 2018,214105.65421458168
1997.0,Empalme CCNN,vbp_extr,Millones de pesos de 2018,214105.65421458168
1997.0,Empalme CCNN,vbp_extr,Millones de pesos de 2018,214105.65421458168
1998.0,Empalme CCNN,vbp_extr,Millones de pesos de 2018,158348.8995370197
1998.0,Empalme CCNN,vbp_extr,Millones de pesos de 2018,158348.8995370197
1998.0,Empalme CCNN,vbp_extr,Millones de pesos de 2018,158348.8995370197
1998.0,Empalme CCNN,vbp_extr,Millones de pesos de 2018,158348.8995370197
1999.0,Empalme CCNN,vbp_extr,Millones de pesos de 2018,193444.16734500803
1999.0,Empalme CCNN,vbp_extr,Millones de pesos de 2018,193444.16734500803
1999.0,Empalme CCNN,vbp_extr,Millones de pesos de 2018,193444.16734500803
1999.0,Empalme CCNN,vbp_extr,Millones de pesos de 2018,193444.16734500803
2000.0,Empalme CCNN,vbp_extr,Millones de pesos de 2018,290747.4584008874
2000.0,Empalme CCNN,vbp_extr,Millones de pesos de 2018,290747.4584008874
2000.0,Empalme CCNN,vbp_extr,Millones de pesos de 2018,290747.4584008874
2000.0,Empalme CCNN,vbp_extr,Millones de pesos de 2018,290747.4584008874
2001.0,Empalme CCNN,vbp_extr,Millones de pesos de 2018,264832.28432393674
2001.0,Empalme CCNN,vbp_extr,Millones de pesos de 2018,264832.28432393674
2001.0,Empalme CCNN,vbp_extr,Millones de pesos de 2018,264832.28432393674
2001.0,Empalme CCNN,vbp_extr,Millones de pesos de 2018,264832.28432393674
2002.0,Empalme CCNN,vbp_extr,Millones de pesos de 2018,513381.94505978236
2002.0,Empalme CCNN,vbp_extr,Millones de pesos de 2018,513381.94505978236
2002.0,Empalme CCNN,vbp_extr,Millones de pesos de 2018,513381.94505978236
2002.0,Empalme CCNN,vbp_extr,Millones de pesos de 2018,513381.94505978236
2003.0,Empalme CCNN,vbp_extr,Millones de pesos de 2018,501178.107896864
2003.0,Empalme CCNN,vbp_extr,Millones de pesos de 2018,501178.107896864
2003.0,Empalme CCNN,vbp_extr,Millones de pesos de 2018,501178.107896864
2003.0,Empalme CCNN,vbp_extr,Millones de pesos de 2018,501178.107896864
2004.0,Empalme CCNN,vbp_extr,Millones de pesos de 2018,546651.9617967373
2004.0,Empalme CCNN,vbp_extr,Millones de pesos de 2018,546651.9617967373
2004.0,Empalme CCNN,vbp_extr,Millones de pesos de 2018,546651.9617967373
2004.0,Empalme CCNN,vbp_extr,Millones de pesos de 2018,546651.9617967373
2005.0,Empalme CCNN,vbp_extr,Millones de pesos de 2018,566608.701260557
2005.0,Empalme CCNN,vbp_extr,Millones de pesos de 2018,566608.701260557
2005.0,Empalme CCNN,vbp_extr,Millones de pesos de 2018,566608.701260557
2005.0,Empalme CCNN,vbp_extr,Millones de pesos de 2018,566608.701260557
2006.0,Empalme CCNN,vbp_extr,Millones de pesos de 2018,697450.1190216744
2006.0,Empalme CCNN,vbp_extr,Millones de pesos de 2018,697450.1190216744
2006.0,Empalme CCNN,vbp_extr,Millones de pesos de 2018,697450.1190216744
2006.0,Empalme CCNN,vbp_extr,Millones de pesos de 2018,697450.1190216744
2007.0,Empalme CCNN,vbp_extr,Millones de pesos de 2018,643381.7019220619
2007.0,Empalme CCNN,vbp_extr,Millones de pesos de 2018,643381.7019220619
2007.0,Empalme CCNN,vbp_extr,Millones de pesos de 2018,643381.7019220619
2007.0,Empalme CCNN,vbp_extr,Millones de pesos de 2018,643381.7019220619
2008.0,Empalme CCNN,vbp_extr,Millones de pesos de 2018,599851.870702865
2008.0,Empalme CCNN,vbp_extr,Millones de pesos de 2018,599851.870702865
2008.0,Empalme CCNN,vbp_extr,Millones de pesos de 2018,599851.870702865
2008.0,Empalme CCNN,vbp_extr,Millones de pesos de 2018,599851.870702865
2009.0,Empalme CCNN,vbp_extr,Millones de pesos de 2018,561747.2811457918
2009.0,Empalme CCNN,vbp_extr,Millones de pesos de 2018,561747.2811457918
2009.0,Empalme CCNN,vbp_extr,Millones de pesos de 2018,561747.2811457918
2009.0,Empalme CCNN,vbp_extr,Millones de pesos de 2018,561747.2811457918
2010.0,Empalme CCNN,vbp_extr,Millones de pesos de 2018,533979.4052794201
2011.0,Empalme CCNN,vbp_extr,Millones de pesos de 2018,515246.56511264504
2012.0,Empalme CCNN,vbp_extr,Millones de pesos de 2018,503746.26916679187
2013.0,Empalme CCNN,vbp_extr,Millones de pesos de 2018,497239.04666478053
2014.0,Empalme CCNN,vbp_extr,Millones de pesos de 2018,538557.0735549583
2015.0,Empalme CCNN,vbp_extr,Millones de pesos de 2018,467469.54377526307
2016.0,Empalme CCNN,vbp_extr,Millones de pesos de 2018,473843.0380520279
2017.0,Empalme CCNN,vbp_extr,Millones de pesos de 2018,440732.312227414
2018.0,Empalme CCNN,vbp_extr,Millones de pesos de 2018,695724.4583558138
2019.0,Empalme CCNN,vbp_extr,Millones de pesos de 2018,668888.8551644171
2020.0,Empalme CCNN,vbp_extr,Millones de pesos de 2018,437310.9003033259
2021.0,Empalme CCNN,vbp_extr,Millones de pesos de 2018,
2022.0,Empalme CCNN,vbp_extr,Millones de pesos de 2018,
2023.0,Empalme CCNN,vbp_extr,Millones de pesos de 2018,
2024.0,Empalme CCNN,vbp_extr,Millones de pesos de 2018,
2025.0,Empalme CCNN,vbp_extr,Millones de pesos de 2018,
2026.0,Empalme CCNN,vbp_extr,Millones de pesos de 2018,
2027.0,Empalme CCNN,vbp_extr,Millones de pesos de 2018,
2028.0,Empalme CCNN,vbp_extr,Millones de pesos de 2018,
2029.0,Empalme CCNN,vbp_extr,Millones de pesos de 2018,
2030.0,Empalme CCNN,vbp_extr,Millones de pesos de 2018,
1922.0,Criterio propio,vbp_extr,Millones de pesos de 2018,
1923.0,Criterio propio,vbp_extr,Millones de pesos de 2018,
1924.0,Criterio propio,vbp_extr,Millones de pesos de 2018,
1925.0,Criterio propio,vbp_extr,Millones de pesos de 2018,
1926.0,Criterio propio,vbp_extr,Millones de pesos de 2018,
1927.0,Criterio propio,vbp_extr,Millones de pesos de 2018,
1928.0,Criterio propio,vbp_extr,Millones de pesos de 2018,
1929.0,Criterio propio,vbp_extr,Millones de pesos de 2018,
1930.0,Criterio propio,vbp_extr,Millones de pesos de 2018,
1931.0,Criterio propio,vbp_extr,Millones de pesos de 2018,
1932.0,Criterio propio,vbp_extr,Millones de pesos de 2018,
1933.0,Criterio propio,vbp_extr,Millones de pesos de 2018,
1934.0,Criterio propio,vbp_extr,Millones de pesos de 2018,
1935.0,Criterio propio,vbp_extr,Millones de pesos de 2018,
1936.0,Criterio propio,vbp_extr,Millones de pesos de 2018,
1937.0,Criterio propio,vbp_extr,Millones de pesos de 2018,
1938.0,Criterio propio,vbp_extr,Millones de pesos de 2018,
1939.0,Criterio propio,vbp_extr,Millones de pesos de 2018,
1940.0,Criterio propio,vbp_extr,Millones de pesos de 2018,
1941.0,Criterio propio,vbp_extr,Millones de pesos de 2018,
1942.0,Criterio propio,vbp_extr,Millones de pesos de 2018,
1943.0,Criterio propio,vbp_extr,Millones de pesos de 2018,
1944.0,Criterio propio,vbp_extr,Millones de pesos de 2018,
1945.0,Criterio propio,vbp_extr,Millones de pesos de 2018,
1946.0,Criterio propio,vbp_extr,Millones de pesos de 2018,
1947.0,Criterio propio,vbp_extr,Millones de pesos de 2018,
1948.0,Criterio propio,vbp_extr,Millones de pesos de 2018,
1949.0,Criterio propio,vbp_extr,Millones de pesos de 2018,
1950.0,Criterio propio,vbp_extr,Millones de pesos de 2018,
1951.0,Criterio propio,vbp_extr,Millones de pesos de 2018,
1952.0,Criterio propio,vbp_extr,Millones de pesos de 2018,
1953.0,Criterio propio,vbp_extr,Millones de pesos de 2018,
1954.0,Criterio propio,vbp_extr,Millones de pesos de 2018,
1955.0,Criterio propio,vbp_extr,Millones de pesos de 2018,
1956.0,Criterio propio,vbp_extr,Millones de pesos de 2018,
1957.0,Criterio propio,vbp_extr,Millones de pesos de 2018,
1958.0,Criterio propio,vbp_extr,Millones de pesos de 2018,
1959.0,Criterio propio,vbp_extr,Millones de pesos de 2018,
1960.0,Criterio propio,vbp_extr,Millones de pesos de 2018,
1961.0,Criterio propio,vbp_extr,Millones de pesos de 2018,
1962.0,Criterio propio,vbp_extr,Millones de pesos de 2018,
1963.0,Criterio propio,vbp_extr,Millones de pesos de 2018,
1964.0,Criterio propio,vbp_extr,Millones de pesos de 2018,
1965.0,Criterio propio,vbp_extr,Millones de pesos de 2018,
1966.0,Criterio propio,vbp_extr,Millones de pesos de 2018,
1967.0,Criterio propio,vbp_extr,Millones de pesos de 2018,
1968.0,Criterio propio,vbp_extr,Millones de pesos de 2018,
1969.0,Criterio propio,vbp_extr,Millones de pesos de 2018,
1970.0,Criterio propio,vbp_extr,Millones de pesos de 2018,
1971.0,Criterio propio,vbp_extr,Millones de pesos de 2018,
1972.0,Criterio propio,vbp_extr,Millones de pesos de 2018,
1973.0,Criterio propio,vbp_extr,Millones de pesos de 2018,
1974.0,Criterio propio,vbp_extr,Millones de pesos de 2018,
1975.0,Criterio propio,vbp_extr,Millones de pesos de 2018,
1976.0,Criterio propio,vbp_extr,Millones de pesos de 2018,
1977.0,Criterio propio,vbp_extr,Millones de pesos de 2018,
1978.0,Criterio propio,vbp_extr,Millones de pesos de 2018,
1979.0,Criterio propio,vbp_extr,Millones de pesos de 2018,
1980.0,Criterio propio,vbp_extr,Millones de pesos de 2018,
1981.0,Criterio propio,vbp_extr,Millones de pesos de 2018,
1982.0,Criterio propio,vbp_extr,Millones de pesos de 2018,
1983.0,Criterio propio,vbp_extr,Millones de pesos de 2018,
1984.0,Criterio propio,vbp_extr,Millones de pesos de 2018,
1985.0,Criterio propio,vbp_extr,Millones de pesos de 2018,
1986.0,Criterio propio,vbp_extr,Millones de pesos de 2018,
1987.0,Criterio propio,vbp_extr,Millones de pesos de 2018,
1988.0,Criterio propio,vbp_extr,Millones de pesos de 2018,
1989.0,Criterio propio,vbp_extr,Millones de pesos de 2018,
1990.0,Criterio propio,vbp_extr,Millones de pesos de 2018,
1991.0,Criterio propio,vbp_extr,Millones de pesos de 2018,
1992.0,Criterio propio,vbp_extr,Millones de pesos de 2018,
1993.0,Criterio propio,vbp_extr,Millones de pesos de 2018,
1993.0,Criterio propio,vbp_extr,Millones de pesos de 2018,
1993.0,Criterio propio,vbp_extr,Millones de pesos de 2018,
1993.0,Criterio propio,vbp_extr,Millones de pesos de 2018,
1994.0,Criterio propio,vbp_extr,Millones de pesos de 2018,
1994.0,Criterio propio,vbp_extr,Millones de pesos de 2018,
1994.0,Criterio propio,vbp_extr,Millones de pesos de 2018,
1994.0,Criterio propio,vbp_extr,Millones de pesos de 2018,
1995.0,Criterio propio,vbp_extr,Millones de pesos de 2018,
1995.0,Criterio propio,vbp_extr,Millones de pesos de 2018,
1995.0,Criterio propio,vbp_extr,Millones de pesos de 2018,
1995.0,Criterio propio,vbp_extr,Millones de pesos de 2018,
1996.0,Criterio propio,vbp_extr,Millones de pesos de 2018,
1996.0,Criterio propio,vbp_extr,Millones de pesos de 2018,
1996.0,Criterio propio,vbp_extr,Millones de pesos de 2018,
1996.0,Criterio propio,vbp_extr,Millones de pesos de 2018,
1997.0,Criterio propio,vbp_extr,Millones de pesos de 2018,
1997.0,Criterio propio,vbp_extr,Millones de pesos de 2018,
1997.0,Criterio propio,vbp_extr,Millones de pesos de 2018,
1997.0,Criterio propio,vbp_extr,Millones de pesos de 2018,
1998.0,Criterio propio,vbp_extr,Millones de pesos de 2018,
1998.0,Criterio propio,vbp_extr,Millones de pesos de 2018,
1998.0,Criterio propio,vbp_extr,Millones de pesos de 2018,
1998.0,Criterio propio,vbp_extr,Millones de pesos de 2018,
1999.0,Criterio propio,vbp_extr,Millones de pesos de 2018,
1999.0,Criterio propio,vbp_extr,Millones de pesos de 2018,
1999.0,Criterio propio,vbp_extr,Millones de pesos de 2018,
1999.0,Criterio propio,vbp_extr,Millones de pesos de 2018,
2000.0,Criterio propio,vbp_extr,Millones de pesos de 2018,
2000.0,Criterio propio,vbp_extr,Millones de pesos de 2018,
2000.0,Criterio propio,vbp_extr,Millones de pesos de 2018,
2000.0,Criterio propio,vbp_extr,Millones de pesos de 2018,
2001.0,Criterio propio,vbp_extr,Millones de pesos de 2018,
2001.0,Criterio propio,vbp_extr,Millones de pesos de 2018,
2001.0,Criterio propio,vbp_extr,Millones de pesos de 2018,
2001.0,Criterio propio,vbp_extr,Millones de pesos de 2018,
2002.0,Criterio propio,vbp_extr,Millones de pesos de 2018,
2002.0,Criterio propio,vbp_extr,Millones de pesos de 2018,
2002.0,Criterio propio,vbp_extr,Millones de pesos de 2018,
2002.0,Criterio propio,vbp_extr,Millones de pesos de 2018,
2003.0,Criterio propio,vbp_extr,Millones de pesos de 2018,
2003.0,Criterio propio,vbp_extr,Millones de pesos de 2018,
2003.0,Criterio propio,vbp_extr,Millones de pesos de 2018,
2003.0,Criterio propio,vbp_extr,Millones de pesos de 2018,
2004.0,Criterio propio,vbp_extr,Millones de pesos de 2018,
2004.0,Criterio propio,vbp_extr,Millones de pesos de 2018,
2004.0,Criterio propio,vbp_extr,Millones de pesos de 2018,
2004.0,Criterio propio,vbp_extr,Millones de pesos de 2018,
2005.0,Criterio propio,vbp_extr,Millones de pesos de 2018,
2005.0,Criterio propio,vbp_extr,Millones de pesos de 2018,
2005.0,Criterio propio,vbp_extr,Millones de pesos de 2018,
2005.0,Criterio propio,vbp_extr,Millones de pesos de 2018,
2006.0,Criterio propio,vbp_extr,Millones de pesos de 2018,
2006.0,Criterio propio,vbp_extr,Millones de pesos de 2018,
2006.0,Criterio propio,vbp_extr,Millones de pesos de 2018,
2006.0,Criterio propio,vbp_extr,Millones de pesos de 2018,
2007.0,Criterio propio,vbp_extr,Millones de pesos de 2018,
2007.0,Criterio propio,vbp_extr,Millones de pesos de 2018,
2007.0,Criterio propio,vbp_extr,Millones de pesos de 2018,
2007.0,Criterio propio,vbp_extr,Millones de pesos de 2018,
2008.0,Criterio propio,vbp_extr,Millones de pesos de 2018,
2008.0,Criterio propio,vbp_extr,Millones de pesos de 2018,
2008.0,Criterio propio,vbp_extr,Millones de pesos de 2018,
2008.0,Criterio propio,vbp_extr,Millones de pesos de 2018,
2009.0,Criterio propio,vbp_extr,Millones de pesos de 2018,
2009.0,Criterio propio,vbp_extr,Millones de pesos de 2018,
2009.0,Criterio propio,vbp_extr,Millones de pesos de 2018,
2009.0,Criterio propio,vbp_extr,Millones de pesos de 2018,
2010.0,Criterio propio,vbp_extr,Millones de pesos de 2018,
2011.0,Criterio propio,vbp_extr,Millones de pesos de 2018,
2012.0,Criterio propio,vbp_extr,Millones de pesos de 2018,
2013.0,Criterio propio,vbp_extr,Millones de pesos de 2018,
2014.0,Criterio propio,vbp_extr,Millones de pesos de 2018,
2015.0,Criterio propio,vbp_extr,Millones de pesos de 2018,
2016.0,Criterio propio,vbp_extr,Millones de pesos de 2018,
2017.0,Criterio propio,vbp_extr,Millones de pesos de 2018,
2018.0,Criterio propio,vbp_extr,Millones de pesos de 2018,
2019.0,Criterio propio,vbp_extr,Millones de pesos de 2018,
2020.0,Criterio propio,vbp_extr,Millones de pesos de 2018,
2021.0,Criterio propio,vbp_extr,Millones de pesos de 2018,
2022.0,Criterio propio,vbp_extr,Millones de pesos de 2018,
2023.0,Criterio propio,vbp_extr,Millones de pesos de 2018,
2024.0,Criterio propio,vbp_extr,Millones de pesos de 2018,
2025.0,Criterio propio,vbp_extr,Millones de pesos de 2018,
2026.0,Criterio propio,vbp_extr,Millones de pesos de 2018,
2004.0,CCNN oficial,ci_tot,Millones de pesos de 2018,232882.91734333982
2005.0,CCNN oficial,ci_tot,Millones de pesos de 2018,234981.25771871454
2006.0,CCNN oficial,ci_tot,Millones de pesos de 2018,296426.7619227021
2007.0,CCNN oficial,ci_tot,Millones de pesos de 2018,314356.13204595825
2008.0,CCNN oficial,ci_tot,Millones de pesos de 2018,305771.3118931905
2009.0,CCNN oficial,ci_tot,Millones de pesos de 2018,260149.93075427183
2010.0,CCNN oficial,ci_tot,Millones de pesos de 2018,247589.93288740198
2011.0,CCNN oficial,ci_tot,Millones de pesos de 2018,262884.13165798615
2012.0,CCNN oficial,ci_tot,Millones de pesos de 2018,263804.5097327204
2013.0,CCNN oficial,ci_tot,Millones de pesos de 2018,272158.2164501778
2014.0,CCNN oficial,ci_tot,Millones de pesos de 2018,238524.78288168684
2015.0,CCNN oficial,ci_tot,Millones de pesos de 2018,205013.3088296136
2016.0,CCNN oficial,ci_tot,Millones de pesos de 2018,208653.11624626233
2017.0,CCNN oficial,ci_tot,Millones de pesos de 2018,189949.49181775353
2018.0,CCNN oficial,ci_tot,Millones de pesos de 2018,305329.3664788264
2019.0,CCNN oficial,ci_tot,Millones de pesos de 2018,295017.27090073464
2020.0,CCNN oficial,ci_tot,Millones de pesos de 2018,194860.33181668128
1922.0,Criterio CCNN,ci_tot,Millones de pesos de 2018,
1923.0,Criterio CCNN,ci_tot,Millones de pesos de 2018,
1924.0,Criterio CCNN,ci_tot,Millones de pesos de 2018,
1925.0,Criterio CCNN,ci_tot,Millones de pesos de 2018,
1926.0,Criterio CCNN,ci_tot,Millones de pesos de 2018,
1927.0,Criterio CCNN,ci_tot,Millones de pesos de 2018,
1928.0,Criterio CCNN,ci_tot,Millones de pesos de 2018,
1929.0,Criterio CCNN,ci_tot,Millones de pesos de 2018,
1930.0,Criterio CCNN,ci_tot,Millones de pesos de 2018,
1931.0,Criterio CCNN,ci_tot,Millones de pesos de 2018,
1932.0,Criterio CCNN,ci_tot,Millones de pesos de 2018,
1933.0,Criterio CCNN,ci_tot,Millones de pesos de 2018,
1934.0,Criterio CCNN,ci_tot,Millones de pesos de 2018,
1935.0,Criterio CCNN,ci_tot,Millones de pesos de 2018,
1936.0,Criterio CCNN,ci_tot,Millones de pesos de 2018,
1937.0,Criterio CCNN,ci_tot,Millones de pesos de 2018,
1938.0,Criterio CCNN,ci_tot,Millones de pesos de 2018,
1939.0,Criterio CCNN,ci_tot,Millones de pesos de 2018,
1940.0,Criterio CCNN,ci_tot,Millones de pesos de 2018,
1941.0,Criterio CCNN,ci_tot,Millones de pesos de 2018,
1942.0,Criterio CCNN,ci_tot,Millones de pesos de 2018,
1943.0,Criterio CCNN,ci_tot,Millones de pesos de 2018,
1944.0,Criterio CCNN,ci_tot,Millones de pesos de 2018,
1945.0,Criterio CCNN,ci_tot,Millones de pesos de 2018,
1946.0,Criterio CCNN,ci_tot,Millones de pesos de 2018,
1947.0,Criterio CCNN,ci_tot,Millones de pesos de 2018,
1948.0,Criterio CCNN,ci_tot,Millones de pesos de 2018,
1949.0,Criterio CCNN,ci_tot,Millones de pesos de 2018,
1950.0,Criterio CCNN,ci_tot,Millones de pesos de 2018,
1951.0,Criterio CCNN,ci_tot,Millones de pesos de 2018,
1952.0,Criterio CCNN,ci_tot,Millones de pesos de 2018,
1953.0,Criterio CCNN,ci_tot,Millones de pesos de 2018,
1954.0,Criterio CCNN,ci_tot,Millones de pesos de 2018,
1955.0,Criterio CCNN,ci_tot,Millones de pesos de 2018,
1956.0,Criterio CCNN,ci_tot,Millones de pesos de 2018,
1957.0,Criterio CCNN,ci_tot,Millones de pesos de 2018,
1958.0,Criterio CCNN,ci_tot,Millones de pesos de 2018,
1959.0,Criterio CCNN,ci_tot,Millones de pesos de 2018,
1960.0,Criterio CCNN,ci_tot,Millones de pesos de 2018,
1961.0,Criterio CCNN,ci_tot,Millones de pesos de 2018,
1962.0,Criterio CCNN,ci_tot,Millones de pesos de 2018,
1963.0,Criterio CCNN,ci_tot,Millones de pesos de 2018,
1964.0,Criterio CCNN,ci_tot,Millones de pesos de 2018,
1965.0,Criterio CCNN,ci_tot,Millones de pesos de 2018,
1966.0,Criterio CCNN,ci_tot,Millones de pesos de 2018,
1967.0,Criterio CCNN,ci_tot,Millones de pesos de 2018,
1968.0,Criterio CCNN,ci_tot,Millones de pesos de 2018,
1969.0,Criterio CCNN,ci_tot,Millones de pesos de 2018,
1970.0,Criterio CCNN,ci_tot,Millones de pesos de 2018,
1971.0,Criterio CCNN,ci_tot,Millones de pesos de 2018,
1972.0,Criterio CCNN,ci_tot,Millones de pesos de 2018,
1973.0,Criterio CCNN,ci_tot,Millones de pesos de 2018,
1974.0,Criterio CCNN,ci_tot,Millones de pesos de 2018,
1975.0,Criterio CCNN,ci_tot,Millones de pesos de 2018,
1976.0,Criterio CCNN,ci_tot,Millones de pesos de 2018,
1977.0,Criterio CCNN,ci_tot,Millones de pesos de 2018,
1978.0,Criterio CCNN,ci_tot,Millones de pesos de 2018,
1979.0,Criterio CCNN,ci_tot,Millones de pesos de 2018,
1980.0,Criterio CCNN,ci_tot,Millones de pesos de 2018,
1981.0,Criterio CCNN,ci_tot,Millones de pesos de 2018,
1982.0,Criterio CCNN,ci_tot,Millones de pesos de 2018,
1983.0,Criterio CCNN,ci_tot,Millones de pesos de 2018,
1984.0,Criterio CCNN,ci_tot,Millones de pesos de 2018,
1985.0,Criterio CCNN,ci_tot,Millones de pesos de 2018,
1986.0,Criterio CCNN,ci_tot,Millones de pesos de 2018,
1987.0,Criterio CCNN,ci_tot,Millones de pesos de 2018,
1988.0,Criterio CCNN,ci_tot,Millones de pesos de 2018,
1989.0,Criterio CCNN,ci_tot,Millones de pesos de 2018,
1990.0,Criterio CCNN,ci_tot,Millones de pesos de 2018,
1991.0,Criterio CCNN,ci_tot,Millones de pesos de 2018,
1992.0,Criterio CCNN,ci_tot,Millones de pesos de 2018,
1993.0,Criterio CCNN,ci_tot,Millones de pesos de 2018,72137.97825940723
1993.0,Criterio CCNN,ci_tot,Millones de pesos de 2018,72159.0020003438
1994.0,Criterio CCNN,ci_tot,Millones de pesos de 2018,74123.06091620987
1994.0,Criterio CCNN,ci_tot,Millones de pesos de 2018,74142.4775240105
1995.0,Criterio CCNN,ci_tot,Millones de pesos de 2018,84080.83816557715
1995.0,Criterio CCNN,ci_tot,Millones de pesos de 2018,84101.17140942166
1996.0,Criterio CCNN,ci_tot,Millones de pesos de 2018,110787.52641696144
1996.0,Criterio CCNN,ci_tot,Millones de pesos de 2018,110825.90421179349
1997.0,Criterio CCNN,ci_tot,Millones de pesos de 2018,109929.94467775473
1997.0,Criterio CCNN,ci_tot,Millones de pesos de 2018,109966.63227874867
1998.0,Criterio CCNN,ci_tot,Millones de pesos de 2018,72679.82029866938
1998.0,Criterio CCNN,ci_tot,Millones de pesos de 2018,72700.05822712857
1999.0,Criterio CCNN,ci_tot,Millones de pesos de 2018,101638.13782888156
1999.0,Criterio CCNN,ci_tot,Millones de pesos de 2018,101661.23078072007
2000.0,Criterio CCNN,ci_tot,Millones de pesos de 2018,161619.44871289967
2000.0,Criterio CCNN,ci_tot,Millones de pesos de 2018,161641.97163669093
2001.0,Criterio CCNN,ci_tot,Millones de pesos de 2018,135146.1404001908
2001.0,Criterio CCNN,ci_tot,Millones de pesos de 2018,135167.52480704914
2002.0,Criterio CCNN,ci_tot,Millones de pesos de 2018,167949.94954859512
2002.0,Criterio CCNN,ci_tot,Millones de pesos de 2018,167961.51928771762
2003.0,Criterio CCNN,ci_tot,Millones de pesos de 2018,178913.1126156213
2003.0,Criterio CCNN,ci_tot,Millones de pesos de 2018,178927.71026932372
2004.0,Criterio CCNN,ci_tot,Millones de pesos de 2018,180297.47173129037
2004.0,Criterio CCNN,ci_tot,Millones de pesos de 2018,180312.64760335872
2005.0,Criterio CCNN,ci_tot,Millones de pesos de 2018,192941.5184746909
2005.0,Criterio CCNN,ci_tot,Millones de pesos de 2018,192941.5184746909
2006.0,Criterio CCNN,ci_tot,Millones de pesos de 2018,213647.20533436164
2006.0,Criterio CCNN,ci_tot,Millones de pesos de 2018,213647.20533436164
2007.0,Criterio CCNN,ci_tot,Millones de pesos de 2018,224679.17004770596
2007.0,Criterio CCNN,ci_tot,Millones de pesos de 2018,224679.17004770596
2008.0,Criterio CCNN,ci_tot,Millones de pesos de 2018,217916.7685739878
2008.0,Criterio CCNN,ci_tot,Millones de pesos de 2018,217916.7685739878
2009.0,Criterio CCNN,ci_tot,Millones de pesos de 2018,188510.60508782943
2009.0,Criterio CCNN,ci_tot,Millones de pesos de 2018,188510.60508782943
2010.0,Criterio CCNN,ci_tot,Millones de pesos de 2018,179316.54097515438
2011.0,Criterio CCNN,ci_tot,Millones de pesos de 2018,184375.0473583059
2012.0,Criterio CCNN,ci_tot,Millones de pesos de 2018,185290.56623583107
2013.0,Criterio CCNN,ci_tot,Millones de pesos de 2018,176723.90807525723
2014.0,Criterio CCNN,ci_tot,Millones de pesos de 2018,155256.80135663375
2015.0,Criterio CCNN,ci_tot,Millones de pesos de 2018,129980.28303178154
2016.0,Criterio CCNN,ci_tot,Millones de pesos de 2018,136555.2957082942
2017.0,Criterio CCNN,ci_tot,Millones de pesos de 2018,116309.19299803625
2018.0,Criterio CCNN,ci_tot,Millones de pesos de 2018,203769.55889578816
2019.0,Criterio CCNN,ci_tot,Millones de pesos de 2018,193588.66714508686
2020.0,Criterio CCNN,ci_tot,Millones de pesos de 2018,137941.9332969356
2021.0,Criterio CCNN,ci_tot,Millones de pesos de 2018,
2022.0,Criterio CCNN,ci_tot,Millones de pesos de 2018,
2023.0,Criterio CCNN,ci_tot,Millones de pesos de 2018,
2024.0,Criterio CCNN,ci_tot,Millones de pesos de 2018,
2025.0,Criterio CCNN,ci_tot,Millones de pesos de 2018,
2026.0,Criterio CCNN,ci_tot,Millones de pesos de 2018,
1960.0,Empalme CCNN,ci_tot,Millones de pesos de 2018,
1961.0,Empalme CCNN,ci_tot,Millones de pesos de 2018,
1962.0,Empalme CCNN,ci_tot,Millones de pesos de 2018,
1963.0,Empalme CCNN,ci_tot,Millones de pesos de 2018,
1964.0,Empalme CCNN,ci_tot,Millones de pesos de 2018,
1965.0,Empalme CCNN,ci_tot,Millones de pesos de 2018,
1966.0,Empalme CCNN,ci_tot,Millones de pesos de 2018,
1967.0,Empalme CCNN,ci_tot,Millones de pesos de 2018,
1968.0,Empalme CCNN,ci_tot,Millones de pesos de 2018,
1969.0,Empalme CCNN,ci_tot,Millones de pesos de 2018,
1970.0,Empalme CCNN,ci_tot,Millones de pesos de 2018,
1971.0,Empalme CCNN,ci_tot,Millones de pesos de 2018,
1972.0,Empalme CCNN,ci_tot,Millones de pesos de 2018,
1973.0,Empalme CCNN,ci_tot,Millones de pesos de 2018,
1974.0,Empalme CCNN,ci_tot,Millones de pesos de 2018,
1975.0,Empalme CCNN,ci_tot,Millones de pesos de 2018,
1976.0,Empalme CCNN,ci_tot,Millones de pesos de 2018,
1977.0,Empalme CCNN,ci_tot,Millones de pesos de 2018,
1978.0,Empalme CCNN,ci_tot,Millones de pesos de 2018,
1979.0,Empalme CCNN,ci_tot,Millones de pesos de 2018,
1980.0,Empalme CCNN,ci_tot,Millones de pesos de 2018,
1981.0,Empalme CCNN,ci_tot,Millones de pesos de 2018,
1982.0,Empalme CCNN,ci_tot,Millones de pesos de 2018,
1983.0,Empalme CCNN,ci_tot,Millones de pesos de 2018,
1984.0,Empalme CCNN,ci_tot,Millones de pesos de 2018,
1985.0,Empalme CCNN,ci_tot,Millones de pesos de 2018,
1986.0,Empalme CCNN,ci_tot,Millones de pesos de 2018,
1987.0,Empalme CCNN,ci_tot,Millones de pesos de 2018,
1988.0,Empalme CCNN,ci_tot,Millones de pesos de 2018,
1989.0,Empalme CCNN,ci_tot,Millones de pesos de 2018,
1990.0,Empalme CCNN,ci_tot,Millones de pesos de 2018,
1991.0,Empalme CCNN,ci_tot,Millones de pesos de 2018,
1992.0,Empalme CCNN,ci_tot,Millones de pesos de 2018,
1993.0,Empalme CCNN,ci_tot,Millones de pesos de 2018,93177.69498919499
1993.0,Empalme CCNN,ci_tot,Millones de pesos de 2018,93177.69498919499
1993.0,Empalme CCNN,ci_tot,Millones de pesos de 2018,93204.85050100423
1993.0,Empalme CCNN,ci_tot,Millones de pesos de 2018,93204.85050100423
1994.0,Empalme CCNN,ci_tot,Millones de pesos de 2018,95741.7455876019
1994.0,Empalme CCNN,ci_tot,Millones de pesos de 2018,95741.7455876019
1994.0,Empalme CCNN,ci_tot,Millones de pesos de 2018,95766.8252308498
1994.0,Empalme CCNN,ci_tot,Millones de pesos de 2018,95766.8252308498
1995.0,Empalme CCNN,ci_tot,Millones de pesos de 2018,108603.80179848403
1995.0,Empalme CCNN,ci_tot,Millones de pesos de 2018,108603.80179848403
1995.0,Empalme CCNN,ci_tot,Millones de pesos de 2018,108630.06542325974
1995.0,Empalme CCNN,ci_tot,Millones de pesos de 2018,108630.06542325974
1996.0,Empalme CCNN,ci_tot,Millones de pesos de 2018,143099.74571183443
1996.0,Empalme CCNN,ci_tot,Millones de pesos de 2018,143099.74571183443
1996.0,Empalme CCNN,ci_tot,Millones de pesos de 2018,143149.31674982997
1996.0,Empalme CCNN,ci_tot,Millones de pesos de 2018,143149.31674982997
1997.0,Empalme CCNN,ci_tot,Millones de pesos de 2018,141992.0422295333
1997.0,Empalme CCNN,ci_tot,Millones de pesos de 2018,141992.0422295333
1997.0,Empalme CCNN,ci_tot,Millones de pesos de 2018,142039.43011283394
1997.0,Empalme CCNN,ci_tot,Millones de pesos de 2018,142039.43011283394
1998.0,Empalme CCNN,ci_tot,Millones de pesos de 2018,93877.57033204338
1998.0,Empalme CCNN,ci_tot,Millones de pesos de 2018,93877.57033204338
1998.0,Empalme CCNN,ci_tot,Millones de pesos de 2018,93903.7108418093
1998.0,Empalme CCNN,ci_tot,Millones de pesos de 2018,93903.7108418093
1999.0,Empalme CCNN,ci_tot,Millones de pesos de 2018,131281.8522836033
1999.0,Empalme CCNN,ci_tot,Millones de pesos de 2018,131281.8522836033
1999.0,Empalme CCNN,ci_tot,Millones de pesos de 2018,131311.68051104643
1999.0,Empalme CCNN,ci_tot,Millones de pesos de 2018,131311.68051104643
2000.0,Empalme CCNN,ci_tot,Millones de pesos de 2018,208757.27404418323
2000.0,Empalme CCNN,ci_tot,Millones de pesos de 2018,208757.27404418323
2000.0,Empalme CCNN,ci_tot,Millones de pesos de 2018,208786.3659895624
2000.0,Empalme CCNN,ci_tot,Millones de pesos de 2018,208786.3659895624
2001.0,Empalme CCNN,ci_tot,Millones de pesos de 2018,174562.77751357344
2001.0,Empalme CCNN,ci_tot,Millones de pesos de 2018,174562.77751357344
2001.0,Empalme CCNN,ci_tot,Millones de pesos de 2018,174590.3988828972
2001.0,Empalme CCNN,ci_tot,Millones de pesos de 2018,174590.3988828972
2002.0,Empalme CCNN,ci_tot,Millones de pesos de 2018,216934.1247160463
2002.0,Empalme CCNN,ci_tot,Millones de pesos de 2018,216934.1247160463
2002.0,Empalme CCNN,ci_tot,Millones de pesos de 2018,216949.06887790211
2002.0,Empalme CCNN,ci_tot,Millones de pesos de 2018,216949.06887790211
2003.0,Empalme CCNN,ci_tot,Millones de pesos de 2018,231094.79693093413
2003.0,Empalme CCNN,ci_tot,Millones de pesos de 2018,231094.79693093413
2003.0,Empalme CCNN,ci_tot,Millones de pesos de 2018,231113.65212700507
2003.0,Empalme CCNN,ci_tot,Millones de pesos de 2018,231113.65212700507
2004.0,Empalme CCNN,ci_tot,Millones de pesos de 2018,232882.91734333982
2004.0,Empalme CCNN,ci_tot,Millones de pesos de 2018,232882.91734333982
2004.0,Empalme CCNN,ci_tot,Millones de pesos de 2018,232902.51940057657
2004.0,Empalme CCNN,ci_tot,Millones de pesos de 2018,232902.51940057657
2005.0,Empalme CCNN,ci_tot,Millones de pesos de 2018,234981.25771871457
2005.0,Empalme CCNN,ci_tot,Millones de pesos de 2018,234981.25771871457
2005.0,Empalme CCNN,ci_tot,Millones de pesos de 2018,234981.25771871457
2005.0,Empalme CCNN,ci_tot,Millones de pesos de 2018,234981.25771871457
2006.0,Empalme CCNN,ci_tot,Millones de pesos de 2018,296426.7619227021
2006.0,Empalme CCNN,ci_tot,Millones de pesos de 2018,296426.7619227021
2006.0,Empalme CCNN,ci_tot,Millones de pesos de 2018,296426.7619227021
2006.0,Empalme CCNN,ci_tot,Millones de pesos de 2018,296426.7619227021
2007.0,Empalme CCNN,ci_tot,Millones de pesos de 2018,314356.13204595825
2007.0,Empalme CCNN,ci_tot,Millones de pesos de 2018,314356.13204595825
2007.0,Empalme CCNN,ci_tot,Millones de pesos de 2018,314356.13204595825
2007.0,Empalme CCNN,ci_tot,Millones de pesos de 2018,314356.13204595825
2008.0,Empalme CCNN,ci_tot,Millones de pesos de 2018,305771.31189319055
2008.0,Empalme CCNN,ci_tot,Millones de pesos de 2018,305771.31189319055
2008.0,Empalme CCNN,ci_tot,Millones de pesos de 2018,305771.31189319055
2008.0,Empalme CCNN,ci_tot,Millones de pesos de 2018,305771.31189319055
2009.0,Empalme CCNN,ci_tot,Millones de pesos de 2018,260149.93075427186
2009.0,Empalme CCNN,ci_tot,Millones de pesos de 2018,260149.93075427186
2009.0,Empalme CCNN,ci_tot,Millones de pesos de 2018,260149.93075427186
2009.0,Empalme CCNN,ci_tot,Millones de pesos de 2018,260149.93075427186
2010.0,Empalme CCNN,ci_tot,Millones de pesos de 2018,247589.93288740198
2011.0,Empalme CCNN,ci_tot,Millones de pesos de 2018,262884.13165798615
2012.0,Empalme CCNN,ci_tot,Millones de pesos de 2018,263804.5097327204
2013.0,Empalme CCNN,ci_tot,Millones de pesos de 2018,272158.2164501778
2014.0,Empalme CCNN,ci_tot,Millones de pesos de 2018,238524.78288168684
2015.0,Empalme CCNN,ci_tot,Millones de pesos de 2018,205013.3088296136
2016.0,Empalme CCNN,ci_tot,Millones de pesos de 2018,208653.11624626233
2017.0,Empalme CCNN,ci_tot,Millones de pesos de 2018,189949.49181775353
2018.0,Empalme CCNN,ci_tot,Millones de pesos de 2018,305329.3664788263
2019.0,Empalme CCNN,ci_tot,Millones de pesos de 2018,295017.27090073464
2020.0,Empalme CCNN,ci_tot,Millones de pesos de 2018,194860.3318166813
2021.0,Empalme CCNN,ci_tot,Millones de pesos de 2018,
2022.0,Empalme CCNN,ci_tot,Millones de pesos de 2018,
2023.0,Empalme CCNN,ci_tot,Millones de pesos de 2018,
2024.0,Empalme CCNN,ci_tot,Millones de pesos de 2018,
2025.0,Empalme CCNN,ci_tot,Millones de pesos de 2018,
2026.0,Empalme CCNN,ci_tot,Millones de pesos de 2018,
2027.0,Empalme CCNN,ci_tot,Millones de pesos de 2018,
2028.0,Empalme CCNN,ci_tot,Millones de pesos de 2018,
2029.0,Empalme CCNN,ci_tot,Millones de pesos de 2018,
2030.0,Empalme CCNN,ci_tot,Millones de pesos de 2018,
1922.0,Criterio propio,ci_tot,Millones de pesos de 2018,
1923.0,Criterio propio,ci_tot,Millones de pesos de 2018,
1924.0,Criterio propio,ci_tot,Millones de pesos de 2018,
1925.0,Criterio propio,ci_tot,Millones de pesos de 2018,
1926.0,Criterio propio,ci_tot,Millones de pesos de 2018,
1927.0,Criterio propio,ci_tot,Millones de pesos de 2018,
1928.0,Criterio propio,ci_tot,Millones de pesos de 2018,
1929.0,Criterio propio,ci_tot,Millones de pesos de 2018,
1930.0,Criterio propio,ci_tot,Millones de pesos de 2018,
1931.0,Criterio propio,ci_tot,Millones de pesos de 2018,
1932.0,Criterio propio,ci_tot,Millones de pesos de 2018,
1933.0,Criterio propio,ci_tot,Millones de pesos de 2018,
1934.0,Criterio propio,ci_tot,Millones de pesos de 2018,
1935.0,Criterio propio,ci_tot,Millones de pesos de 2018,
1936.0,Criterio propio,ci_tot,Millones de pesos de 2018,
1937.0,Criterio propio,ci_tot,Millones de pesos de 2018,
1938.0,Criterio propio,ci_tot,Millones de pesos de 2018,
1939.0,Criterio propio,ci_tot,Millones de pesos de 2018,
1940.0,Criterio propio,ci_tot,Millones de pesos de 2018,
1941.0,Criterio propio,ci_tot,Millones de pesos de 2018,
1942.0,Criterio propio,ci_tot,Millones de pesos de 2018,
1943.0,Criterio propio,ci_tot,Millones de pesos de 2018,
1944.0,Criterio propio,ci_tot,Millones de pesos de 2018,
1945.0,Criterio propio,ci_tot,Millones de pesos de 2018,
1946.0,Criterio propio,ci_tot,Millones de pesos de 2018,
1947.0,Criterio propio,ci_tot,Millones de pesos de 2018,
1948.0,Criterio propio,ci_tot,Millones de pesos de 2018,
1949.0,Criterio propio,ci_tot,Millones de pesos de 2018,
1950.0,Criterio propio,ci_tot,Millones de pesos de 2018,
1951.0,Criterio propio,ci_tot,Millones de pesos de 2018,
1952.0,Criterio propio,ci_tot,Millones de pesos de 2018,
1953.0,Criterio propio,ci_tot,Millones de pesos de 2018,
1954.0,Criterio propio,ci_tot,Millones de pesos de 2018,
1955.0,Criterio propio,ci_tot,Millones de pesos de 2018,
1956.0,Criterio propio,ci_tot,Millones de pesos de 2018,
1957.0,Criterio propio,ci_tot,Millones de pesos de 2018,
1958.0,Criterio propio,ci_tot,Millones de pesos de 2018,
1959.0,Criterio propio,ci_tot,Millones de pesos de 2018,
1960.0,Criterio propio,ci_tot,Millones de pesos de 2018,
1961.0,Criterio propio,ci_tot,Millones de pesos de 2018,
1962.0,Criterio propio,ci_tot,Millones de pesos de 2018,
1963.0,Criterio propio,ci_tot,Millones de pesos de 2018,
1964.0,Criterio propio,ci_tot,Millones de pesos de 2018,
1965.0,Criterio propio,ci_tot,Millones de pesos de 2018,
1966.0,Criterio propio,ci_tot,Millones de pesos de 2018,
1967.0,Criterio propio,ci_tot,Millones de pesos de 2018,
1968.0,Criterio propio,ci_tot,Millones de pesos de 2018,
1969.0,Criterio propio,ci_tot,Millones de pesos de 2018,
1970.0,Criterio propio,ci_tot,Millones de pesos de 2018,
1971.0,Criterio propio,ci_tot,Millones de pesos de 2018,
1972.0,Criterio propio,ci_tot,Millones de pesos de 2018,
1973.0,Criterio propio,ci_tot,Millones de pesos de 2018,
1974.0,Criterio propio,ci_tot,Millones de pesos de 2018,
1975.0,Criterio propio,ci_tot,Millones de pesos de 2018,
1976.0,Criterio propio,ci_tot,Millones de pesos de 2018,
1977.0,Criterio propio,ci_tot,Millones de pesos de 2018,
1978.0,Criterio propio,ci_tot,Millones de pesos de 2018,
1979.0,Criterio propio,ci_tot,Millones de pesos de 2018,
1980.0,Criterio propio,ci_tot,Millones de pesos de 2018,
1981.0,Criterio propio,ci_tot,Millones de pesos de 2018,
1982.0,Criterio propio,ci_tot,Millones de pesos de 2018,
1983.0,Criterio propio,ci_tot,Millones de pesos de 2018,
1984.0,Criterio propio,ci_tot,Millones de pesos de 2018,
1985.0,Criterio propio,ci_tot,Millones de pesos de 2018,
1986.0,Criterio propio,ci_tot,Millones de pesos de 2018,
1987.0,Criterio propio,ci_tot,Millones de pesos de 2018,
1988.0,Criterio propio,ci_tot,Millones de pesos de 2018,
1989.0,Criterio propio,ci_tot,Millones de pesos de 2018,
1990.0,Criterio propio,ci_tot,Millones de pesos de 2018,
1991.0,Criterio propio,ci_tot,Millones de pesos de 2018,
1992.0,Criterio propio,ci_tot,Millones de pesos de 2018,
1993.0,Criterio propio,ci_tot,Millones de pesos de 2018,93177.69498919499
1993.0,Criterio propio,ci_tot,Millones de pesos de 2018,93177.69498919499
1993.0,Criterio propio,ci_tot,Millones de pesos de 2018,93204.85050100423
1993.0,Criterio propio,ci_tot,Millones de pesos de 2018,93204.85050100423
1994.0,Criterio propio,ci_tot,Millones de pesos de 2018,95741.7455876019
1994.0,Criterio propio,ci_tot,Millones de pesos de 2018,95741.7455876019
1994.0,Criterio propio,ci_tot,Millones de pesos de 2018,95766.8252308498
1994.0,Criterio propio,ci_tot,Millones de pesos de 2018,95766.8252308498
1995.0,Criterio propio,ci_tot,Millones de pesos de 2018,108603.80179848403
1995.0,Criterio propio,ci_tot,Millones de pesos de 2018,108603.80179848403
1995.0,Criterio propio,ci_tot,Millones de pesos de 2018,108630.06542325974
1995.0,Criterio propio,ci_tot,Millones de pesos de 2018,108630.06542325974
1996.0,Criterio propio,ci_tot,Millones de pesos de 2018,143099.74571183443
1996.0,Criterio propio,ci_tot,Millones de pesos de 2018,143099.74571183443
1996.0,Criterio propio,ci_tot,Millones de pesos de 2018,143149.31674982997
1996.0,Criterio propio,ci_tot,Millones de pesos de 2018,143149.31674982997
1997.0,Criterio propio,ci_tot,Millones de pesos de 2018,141992.0422295333
1997.0,Criterio propio,ci_tot,Millones de pesos de 2018,141992.0422295333
1997.0,Criterio propio,ci_tot,Millones de pesos de 2018,142039.43011283394
1997.0,Criterio propio,ci_tot,Millones de pesos de 2018,142039.43011283394
1998.0,Criterio propio,ci_tot,Millones de pesos de 2018,93877.57033204338
1998.0,Criterio propio,ci_tot,Millones de pesos de 2018,93877.57033204338
1998.0,Criterio propio,ci_tot,Millones de pesos de 2018,93903.7108418093
1998.0,Criterio propio,ci_tot,Millones de pesos de 2018,93903.7108418093
1999.0,Criterio propio,ci_tot,Millones de pesos de 2018,131281.8522836033
1999.0,Criterio propio,ci_tot,Millones de pesos de 2018,131281.8522836033
1999.0,Criterio propio,ci_tot,Millones de pesos de 2018,131311.68051104643
1999.0,Criterio propio,ci_tot,Millones de pesos de 2018,131311.68051104643
2000.0,Criterio propio,ci_tot,Millones de pesos de 2018,208757.27404418323
2000.0,Criterio propio,ci_tot,Millones de pesos de 2018,208757.27404418323
2000.0,Criterio propio,ci_tot,Millones de pesos de 2018,208786.3659895624
2000.0,Criterio propio,ci_tot,Millones de pesos de 2018,208786.3659895624
2001.0,Criterio propio,ci_tot,Millones de pesos de 2018,174562.77751357344
2001.0,Criterio propio,ci_tot,Millones de pesos de 2018,174562.77751357344
2001.0,Criterio propio,ci_tot,Millones de pesos de 2018,174590.3988828972
2001.0,Criterio propio,ci_tot,Millones de pesos de 2018,174590.3988828972
2002.0,Criterio propio,ci_tot,Millones de pesos de 2018,216934.1247160463
2002.0,Criterio propio,ci_tot,Millones de pesos de 2018,216934.1247160463
2002.0,Criterio propio,ci_tot,Millones de pesos de 2018,216949.06887790211
2002.0,Criterio propio,ci_tot,Millones de pesos de 2018,216949.06887790211
2003.0,Criterio propio,ci_tot,Millones de pesos de 2018,231094.79693093413
2003.0,Criterio propio,ci_tot,Millones de pesos de 2018,231094.79693093413
2003.0,Criterio propio,ci_tot,Millones de pesos de 2018,231113.65212700507
2003.0,Criterio propio,ci_tot,Millones de pesos de 2018,231113.65212700507
2004.0,Criterio propio,ci_tot,Millones de pesos de 2018,232882.91734333982
2004.0,Criterio propio,ci_tot,Millones de pesos de 2018,232882.91734333982
2004.0,Criterio propio,ci_tot,Millones de pesos de 2018,232902.51940057657
2004.0,Criterio propio,ci_tot,Millones de pesos de 2018,232902.51940057657
2005.0,Criterio propio,ci_tot,Millones de pesos de 2018,234981.25771871457
2005.0,Criterio propio,ci_tot,Millones de pesos de 2018,234981.25771871457
2005.0,Criterio propio,ci_tot,Millones de pesos de 2018,234981.25771871457
2005.0,Criterio propio,ci_tot,Millones de pesos de 2018,234981.25771871457
2006.0,Criterio propio,ci_tot,Millones de pesos de 2018,296426.7619227021
2006.0,Criterio propio,ci_tot,Millones de pesos de 2018,296426.7619227021
2006.0,Criterio propio,ci_tot,Millones de pesos de 2018,296426.7619227021
2006.0,Criterio propio,ci_tot,Millones de pesos de 2018,296426.7619227021
2007.0,Criterio propio,ci_tot,Millones de pesos de 2018,314356.13204595825
2007.0,Criterio propio,ci_tot,Millones de pesos de 2018,314356.13204595825
2007.0,Criterio propio,ci_tot,Millones de pesos de 2018,314356.13204595825
2007.0,Criterio propio,ci_tot,Millones de pesos de 2018,314356.13204595825
2008.0,Criterio propio,ci_tot,Millones de pesos de 2018,305771.31189319055
2008.0,Criterio propio,ci_tot,Millones de pesos de 2018,305771.31189319055
2008.0,Criterio propio,ci_tot,Millones de pesos de 2018,305771.31189319055
2008.0,Criterio propio,ci_tot,Millones de pesos de 2018,305771.31189319055
2009.0,Criterio propio,ci_tot,Millones de pesos de 2018,260149.93075427186
2009.0,Criterio propio,ci_tot,Millones de pesos de 2018,260149.93075427186
2009.0,Criterio propio,ci_tot,Millones de pesos de 2018,260149.93075427186
2009.0,Criterio propio,ci_tot,Millones de pesos de 2018,260149.93075427186
2010.0,Criterio propio,ci_tot,Millones de pesos de 2018,247589.93288740198
2011.0,Criterio propio,ci_tot,Millones de pesos de 2018,262884.13165798615
2012.0,Criterio propio,ci_tot,Millones de pesos de 2018,263804.5097327204
2013.0,Criterio propio,ci_tot,Millones de pesos de 2018,272158.2164501778
2014.0,Criterio propio,ci_tot,Millones de pesos de 2018,238524.78288168684
2015.0,Criterio propio,ci_tot,Millones de pesos de 2018,205013.3088296136
2016.0,Criterio propio,ci_tot,Millones de pesos de 2018,208653.11624626233
2017.0,Criterio propio,ci_tot,Millones de pesos de 2018,189949.49181775353
2018.0,Criterio propio,ci_tot,Millones de pesos de 2018,305329.3664788263
2019.0,Criterio propio,ci_tot,Millones de pesos de 2018,295017.27090073464
2020.0,Criterio propio,ci_tot,Millones de pesos de 2018,194860.3318166813
2021.0,Criterio propio,ci_tot,Millones de pesos de 2018,
2022.0,Criterio propio,ci_tot,Millones de pesos de 2018,
2023.0,Criterio propio,ci_tot,Millones de pesos de 2018,
2024.0,Criterio propio,ci_tot,Millones de pesos de 2018,
2025.0,Criterio propio,ci_tot,Millones de pesos de 2018,
2026.0,Criterio propio,ci_tot,Millones de pesos de 2018,
2004.0,CCNN oficial,ci_extr,Millones de pesos de 2018,210248.67732090852
2005.0,CCNN oficial,ci_extr,Millones de pesos de 2018,212143.07684803728
2006.0,CCNN oficial,ci_extr,Millones de pesos de 2018,267616.6003403526
2007.0,CCNN oficial,ci_extr,Millones de pesos de 2018,283803.3880902418
2008.0,CCNN oficial,ci_extr,Millones de pesos de 2018,276052.9394839309
2009.0,CCNN oficial,ci_extr,Millones de pesos de 2018,234865.56880242476
2010.0,CCNN oficial,ci_extr,Millones de pesos de 2018,223526.29596615405
2011.0,CCNN oficial,ci_extr,Millones de pesos de 2018,237334.02861945826
2012.0,CCNN oficial,ci_extr,Millones de pesos de 2018,238164.95376869428
2013.0,CCNN oficial,ci_extr,Millones de pesos de 2018,245706.75120110455
2014.0,CCNN oficial,ci_extr,Millones de pesos de 2018,215342.201485719
2015.0,CCNN oficial,ci_extr,Millones de pesos de 2018,185087.7578584314
2016.0,CCNN oficial,ci_extr,Millones de pesos de 2018,188373.8069331474
2017.0,CCNN oficial,ci_extr,Millones de pesos de 2018,171488.01581518634
2018.0,CCNN oficial,ci_extr,Millones de pesos de 2018,275653.9474072338
2019.0,CCNN oficial,ci_extr,Millones de pesos de 2018,266344.09986481344
2020.0,CCNN oficial,ci_extr,Millones de pesos de 2018,175921.56390917112
1922.0,Criterio CCNN,ci_extr,Millones de pesos de 2018,
1923.0,Criterio CCNN,ci_extr,Millones de pesos de 2018,
1924.0,Criterio CCNN,ci_extr,Millones de pesos de 2018,
1925.0,Criterio CCNN,ci_extr,Millones de pesos de 2018,
1926.0,Criterio CCNN,ci_extr,Millones de pesos de 2018,
1927.0,Criterio CCNN,ci_extr,Millones de pesos de 2018,
1928.0,Criterio CCNN,ci_extr,Millones de pesos de 2018,
1929.0,Criterio CCNN,ci_extr,Millones de pesos de 2018,
1930.0,Criterio CCNN,ci_extr,Millones de pesos de 2018,
1931.0,Criterio CCNN,ci_extr,Millones de pesos de 2018,
1932.0,Criterio CCNN,ci_extr,Millones de pesos de 2018,
1933.0,Criterio CCNN,ci_extr,Millones de pesos de 2018,
1934.0,Criterio CCNN,ci_extr,Millones de pesos de 2018,
1935.0,Criterio CCNN,ci_extr,Millones de pesos de 2018,
1936.0,Criterio CCNN,ci_extr,Millones de pesos de 2018,
1937.0,Criterio CCNN,ci_extr,Millones de pesos de 2018,
1938.0,Criterio CCNN,ci_extr,Millones de pesos de 2018,
1939.0,Criterio CCNN,ci_extr,Millones de pesos de 2018,
1940.0,Criterio CCNN,ci_extr,Millones de pesos de 2018,
1941.0,Criterio CCNN,ci_extr,Millones de pesos de 2018,
1942.0,Criterio CCNN,ci_extr,Millones de pesos de 2018,
1943.0,Criterio CCNN,ci_extr,Millones de pesos de 2018,
1944.0,Criterio CCNN,ci_extr,Millones de pesos de 2018,
1945.0,Criterio CCNN,ci_extr,Millones de pesos de 2018,
1946.0,Criterio CCNN,ci_extr,Millones de pesos de 2018,
1947.0,Criterio CCNN,ci_extr,Millones de pesos de 2018,
1948.0,Criterio CCNN,ci_extr,Millones de pesos de 2018,
1949.0,Criterio CCNN,ci_extr,Millones de pesos de 2018,
1950.0,Criterio CCNN,ci_extr,Millones de pesos de 2018,
1951.0,Criterio CCNN,ci_extr,Millones de pesos de 2018,
1952.0,Criterio CCNN,ci_extr,Millones de pesos de 2018,
1953.0,Criterio CCNN,ci_extr,Millones de pesos de 2018,
1954.0,Criterio CCNN,ci_extr,Millones de pesos de 2018,
1955.0,Criterio CCNN,ci_extr,Millones de pesos de 2018,
1956.0,Criterio CCNN,ci_extr,Millones de pesos de 2018,
1957.0,Criterio CCNN,ci_extr,Millones de pesos de 2018,
1958.0,Criterio CCNN,ci_extr,Millones de pesos de 2018,
1959.0,Criterio CCNN,ci_extr,Millones de pesos de 2018,
1960.0,Criterio CCNN,ci_extr,Millones de pesos de 2018,
1961.0,Criterio CCNN,ci_extr,Millones de pesos de 2018,
1962.0,Criterio CCNN,ci_extr,Millones de pesos de 2018,
1963.0,Criterio CCNN,ci_extr,Millones de pesos de 2018,
1964.0,Criterio CCNN,ci_extr,Millones de pesos de 2018,
1965.0,Criterio CCNN,ci_extr,Millones de pesos de 2018,
1966.0,Criterio CCNN,ci_extr,Millones de pesos de 2018,
1967.0,Criterio CCNN,ci_extr,Millones de pesos de 2018,
1968.0,Criterio CCNN,ci_extr,Millones de pesos de 2018,
1969.0,Criterio CCNN,ci_extr,Millones de pesos de 2018,
1970.0,Criterio CCNN,ci_extr,Millones de pesos de 2018,
1971.0,Criterio CCNN,ci_extr,Millones de pesos de 2018,
1972.0,Criterio CCNN,ci_extr,Millones de pesos de 2018,
1973.0,Criterio CCNN,ci_extr,Millones de pesos de 2018,
1974.0,Criterio CCNN,ci_extr,Millones de pesos de 2018,
1975.0,Criterio CCNN,ci_extr,Millones de pesos de 2018,
1976.0,Criterio CCNN,ci_extr,Millones de pesos de 2018,
1977.0,Criterio CCNN,ci_extr,Millones de pesos de 2018,
1978.0,Criterio CCNN,ci_extr,Millones de pesos de 2018,
1979.0,Criterio CCNN,ci_extr,Millones de pesos de 2018,
1980.0,Criterio CCNN,ci_extr,Millones de pesos de 2018,
1981.0,Criterio CCNN,ci_extr,Millones de pesos de 2018,
1982.0,Criterio CCNN,ci_extr,Millones de pesos de 2018,
1983.0,Criterio CCNN,ci_extr,Millones de pesos de 2018,
1984.0,Criterio CCNN,ci_extr,Millones de pesos de 2018,
1985.0,Criterio CCNN,ci_extr,Millones de pesos de 2018,
1986.0,Criterio CCNN,ci_extr,Millones de pesos de 2018,
1987.0,Criterio CCNN,ci_extr,Millones de pesos de 2018,
1988.0,Criterio CCNN,ci_extr,Millones de pesos de 2018,
1989.0,Criterio CCNN,ci_extr,Millones de pesos de 2018,
1990.0,Criterio CCNN,ci_extr,Millones de pesos de 2018,
1991.0,Criterio CCNN,ci_extr,Millones de pesos de 2018,
1992.0,Criterio CCNN,ci_extr,Millones de pesos de 2018,
1993.0,Criterio CCNN,ci_extr,Millones de pesos de 2018,65126.77995734742
1993.0,Criterio CCNN,ci_extr,Millones de pesos de 2018,65145.76036937022
1994.0,Criterio CCNN,ci_extr,Millones de pesos de 2018,66918.92945343997
1994.0,Criterio CCNN,ci_extr,Millones de pesos de 2018,66936.45893200676
1995.0,Criterio CCNN,ci_extr,Millones de pesos de 2018,75908.89539692347
1995.0,Criterio CCNN,ci_extr,Millones de pesos de 2018,75927.25242230222
1996.0,Criterio CCNN,ci_extr,Millones de pesos de 2018,100019.92056154349
1996.0,Criterio CCNN,ci_extr,Millones de pesos de 2018,100054.56836093549
1997.0,Criterio CCNN,ci_extr,Millones de pesos de 2018,99245.68847780094
1997.0,Criterio CCNN,ci_extr,Millones de pesos de 2018,99278.81035582894
1998.0,Criterio CCNN,ci_extr,Millones de pesos de 2018,65615.95955614031
1998.0,Criterio CCNN,ci_extr,Millones de pesos de 2018,65634.230529979
1999.0,Criterio CCNN,ci_extr,Millones de pesos de 2018,91759.77477290768
1999.0,Criterio CCNN,ci_extr,Millones de pesos de 2018,91780.62328612141
2000.0,Criterio CCNN,ci_extr,Millones de pesos de 2018,145911.41209006912
2000.0,Criterio CCNN,ci_extr,Millones de pesos de 2018,145931.74597711643
2001.0,Criterio CCNN,ci_extr,Millones de pesos de 2018,122011.08431785337
2001.0,Criterio CCNN,ci_extr,Millones de pesos de 2018,122030.39034213606
2002.0,Criterio CCNN,ci_extr,Millones de pesos de 2018,151626.6420548398
2002.0,Criterio CCNN,ci_extr,Millones de pesos de 2018,151637.08731366426
2003.0,Criterio CCNN,ci_extr,Millones de pesos de 2018,161524.27886045157
2003.0,Criterio CCNN,ci_extr,Millones de pesos de 2018,161537.4577462966
2004.0,Criterio CCNN,ci_extr,Millones de pesos de 2018,162774.09003735924
2004.0,Criterio CCNN,ci_extr,Millones de pesos de 2018,162787.79094366
2005.0,Criterio CCNN,ci_extr,Millones de pesos de 2018,174189.24291379124
2005.0,Criterio CCNN,ci_extr,Millones de pesos de 2018,174189.24291379124
2006.0,Criterio CCNN,ci_extr,Millones de pesos de 2018,192882.51301246724
2006.0,Criterio CCNN,ci_extr,Millones de pesos de 2018,192882.51301246724
2007.0,Criterio CCNN,ci_extr,Millones de pesos de 2018,202842.2645292004
2007.0,Criterio CCNN,ci_extr,Millones de pesos de 2018,202842.2645292004
2008.0,Criterio CCNN,ci_extr,Millones de pesos de 2018,196737.1109971959
2008.0,Criterio CCNN,ci_extr,Millones de pesos de 2018,196737.1109971959
2009.0,Criterio CCNN,ci_extr,Millones de pesos de 2018,170188.97664463555
2009.0,Criterio CCNN,ci_extr,Millones de pesos de 2018,170188.97664463555
2010.0,Criterio CCNN,ci_extr,Millones de pesos de 2018,161888.49741264587
2011.0,Criterio CCNN,ci_extr,Millones de pesos de 2018,166455.35997349652
2012.0,Criterio CCNN,ci_extr,Millones de pesos de 2018,167281.89819818825
2013.0,Criterio CCNN,ci_extr,Millones de pesos de 2018,159547.84639280997
2014.0,Criterio CCNN,ci_extr,Millones de pesos de 2018,140167.1599732766
2015.0,Criterio CCNN,ci_extr,Millones de pesos de 2018,117347.30437501085
2016.0,Criterio CCNN,ci_extr,Millones de pesos de 2018,123283.28170806244
2017.0,Criterio CCNN,ci_extr,Millones de pesos de 2018,105004.92808601764
2018.0,Criterio CCNN,ci_extr,Millones de pesos de 2018,183964.88984609352
2019.0,Criterio CCNN,ci_extr,Millones de pesos de 2018,174773.4942342955
2020.0,Criterio CCNN,ci_extr,Millones de pesos de 2018,124535.14990973692
2021.0,Criterio CCNN,ci_extr,Millones de pesos de 2018,
2022.0,Criterio CCNN,ci_extr,Millones de pesos de 2018,
2023.0,Criterio CCNN,ci_extr,Millones de pesos de 2018,
2024.0,Criterio CCNN,ci_extr,Millones de pesos de 2018,
2025.0,Criterio CCNN,ci_extr,Millones de pesos de 2018,
2026.0,Criterio CCNN,ci_extr,Millones de pesos de 2018,
1960.0,Empalme CCNN,ci_extr,Millones de pesos de 2018,
1961.0,Empalme CCNN,ci_extr,Millones de pesos de 2018,
1962.0,Empalme CCNN,ci_extr,Millones de pesos de 2018,
1963.0,Empalme CCNN,ci_extr,Millones de pesos de 2018,
1964.0,Empalme CCNN,ci_extr,Millones de pesos de 2018,
1965.0,Empalme CCNN,ci_extr,Millones de pesos de 2018,
1966.0,Empalme CCNN,ci_extr,Millones de pesos de 2018,
1967.0,Empalme CCNN,ci_extr,Millones de pesos de 2018,
1968.0,Empalme CCNN,ci_extr,Millones de pesos de 2018,
1969.0,Empalme CCNN,ci_extr,Millones de pesos de 2018,
1970.0,Empalme CCNN,ci_extr,Millones de pesos de 2018,
1971.0,Empalme CCNN,ci_extr,Millones de pesos de 2018,
1972.0,Empalme CCNN,ci_extr,Millones de pesos de 2018,
1973.0,Empalme CCNN,ci_extr,Millones de pesos de 2018,
1974.0,Empalme CCNN,ci_extr,Millones de pesos de 2018,
1975.0,Empalme CCNN,ci_extr,Millones de pesos de 2018,
1976.0,Empalme CCNN,ci_extr,Millones de pesos de 2018,
1977.0,Empalme CCNN,ci_extr,Millones de pesos de 2018,
1978.0,Empalme CCNN,ci_extr,Millones de pesos de 2018,
1979.0,Empalme CCNN,ci_extr,Millones de pesos de 2018,
1980.0,Empalme CCNN,ci_extr,Millones de pesos de 2018,
1981.0,Empalme CCNN,ci_extr,Millones de pesos de 2018,
1982.0,Empalme CCNN,ci_extr,Millones de pesos de 2018,
1983.0,Empalme CCNN,ci_extr,Millones de pesos de 2018,
1984.0,Empalme CCNN,ci_extr,Millones de pesos de 2018,
1985.0,Empalme CCNN,ci_extr,Millones de pesos de 2018,
1986.0,Empalme CCNN,ci_extr,Millones de pesos de 2018,
1987.0,Empalme CCNN,ci_extr,Millones de pesos de 2018,
1988.0,Empalme CCNN,ci_extr,Millones de pesos de 2018,
1989.0,Empalme CCNN,ci_extr,Millones de pesos de 2018,
1990.0,Empalme CCNN,ci_extr,Millones de pesos de 2018,
1991.0,Empalme CCNN,ci_extr,Millones de pesos de 2018,
1992.0,Empalme CCNN,ci_extr,Millones de pesos de 2018,
1993.0,Empalme CCNN,ci_extr,Millones de pesos de 2018,84121.61506207424
1993.0,Empalme CCNN,ci_extr,Millones de pesos de 2018,84121.61506207424
1993.0,Empalme CCNN,ci_extr,Millones de pesos de 2018,84146.13128896196
1993.0,Empalme CCNN,ci_extr,Millones de pesos de 2018,84146.13128896196
1994.0,Empalme CCNN,ci_extr,Millones de pesos de 2018,86436.46173717045
1994.0,Empalme CCNN,ci_extr,Millones de pesos de 2018,86436.46173717045
1994.0,Empalme CCNN,ci_extr,Millones de pesos de 2018,86459.1038522758
1994.0,Empalme CCNN,ci_extr,Millones de pesos de 2018,86459.1038522758
1995.0,Empalme CCNN,ci_extr,Millones de pesos de 2018,98048.43541396142
1995.0,Empalme CCNN,ci_extr,Millones de pesos de 2018,98048.43541396142
1995.0,Empalme CCNN,ci_extr,Millones de pesos de 2018,98072.14643765408
1995.0,Empalme CCNN,ci_extr,Millones de pesos de 2018,98072.14643765408
1996.0,Empalme CCNN,ci_extr,Millones de pesos de 2018,129191.66680016677
1996.0,Empalme CCNN,ci_extr,Millones de pesos de 2018,129191.66680016677
1996.0,Empalme CCNN,ci_extr,Millones de pesos de 2018,129236.41995463119
1996.0,Empalme CCNN,ci_extr,Millones de pesos de 2018,129236.41995463119
1997.0,Empalme CCNN,ci_extr,Millones de pesos de 2018,128191.62268068238
1997.0,Empalme CCNN,ci_extr,Millones de pesos de 2018,128191.62268068238
1997.0,Empalme CCNN,ci_extr,Millones de pesos de 2018,128234.40486453101
1997.0,Empalme CCNN,ci_extr,Millones de pesos de 2018,128234.40486453101
1998.0,Empalme CCNN,ci_extr,Millones de pesos de 2018,84753.46847065403
1998.0,Empalme CCNN,ci_extr,Millones de pesos de 2018,84753.46847065403
1998.0,Empalme CCNN,ci_extr,Millones de pesos de 2018,84777.06834506935
1998.0,Empalme CCNN,ci_extr,Millones de pesos de 2018,84777.06834506935
1999.0,Empalme CCNN,ci_extr,Millones de pesos de 2018,118522.3721591096
1999.0,Empalme CCNN,ci_extr,Millones de pesos de 2018,118522.3721591096
1999.0,Empalme CCNN,ci_extr,Millones de pesos de 2018,118549.30133639014
1999.0,Empalme CCNN,ci_extr,Millones de pesos de 2018,118549.30133639014
2000.0,Empalme CCNN,ci_extr,Millones de pesos de 2018,188467.84147846885
2000.0,Empalme CCNN,ci_extr,Millones de pesos de 2018,188467.84147846885
2000.0,Empalme CCNN,ci_extr,Millones de pesos de 2018,188494.10593404353
2000.0,Empalme CCNN,ci_extr,Millones de pesos de 2018,188494.10593404353
2001.0,Empalme CCNN,ci_extr,Millones de pesos de 2018,157596.7593517544
2001.0,Empalme CCNN,ci_extr,Millones de pesos de 2018,157596.7593517544
2001.0,Empalme CCNN,ci_extr,Millones de pesos de 2018,157621.69615876605
2001.0,Empalme CCNN,ci_extr,Millones de pesos de 2018,157621.69615876605
2002.0,Empalme CCNN,ci_extr,Millones de pesos de 2018,195849.97176961091
2002.0,Empalme CCNN,ci_extr,Millones de pesos de 2018,195849.97176961091
2002.0,Empalme CCNN,ci_extr,Millones de pesos de 2018,195863.4634859622
2002.0,Empalme CCNN,ci_extr,Millones de pesos de 2018,195863.4634859622
2003.0,Empalme CCNN,ci_extr,Millones de pesos de 2018,208634.3470132691
2003.0,Empalme CCNN,ci_extr,Millones de pesos de 2018,208634.3470132691
2003.0,Empalme CCNN,ci_extr,Millones de pesos de 2018,208651.3696445543
2003.0,Empalme CCNN,ci_extr,Millones de pesos de 2018,208651.3696445543
2004.0,Empalme CCNN,ci_extr,Millones de pesos de 2018,210248.6773209085
2004.0,Empalme CCNN,ci_extr,Millones de pesos de 2018,210248.6773209085
2004.0,Empalme CCNN,ci_extr,Millones de pesos de 2018,210266.3742248025
2004.0,Empalme CCNN,ci_extr,Millones de pesos de 2018,210266.3742248025
2005.0,Empalme CCNN,ci_extr,Millones de pesos de 2018,212143.07684803728
2005.0,Empalme CCNN,ci_extr,Millones de pesos de 2018,212143.07684803728
2005.0,Empalme CCNN,ci_extr,Millones de pesos de 2018,212143.07684803728
2005.0,Empalme CCNN,ci_extr,Millones de pesos de 2018,212143.07684803728
2006.0,Empalme CCNN,ci_extr,Millones de pesos de 2018,267616.60034035257
2006.0,Empalme CCNN,ci_extr,Millones de pesos de 2018,267616.60034035257
2006.0,Empalme CCNN,ci_extr,Millones de pesos de 2018,267616.60034035257
2006.0,Empalme CCNN,ci_extr,Millones de pesos de 2018,267616.60034035257
2007.0,Empalme CCNN,ci_extr,Millones de pesos de 2018,283803.3880902418
2007.0,Empalme CCNN,ci_extr,Millones de pesos de 2018,283803.3880902418
2007.0,Empalme CCNN,ci_extr,Millones de pesos de 2018,283803.3880902418
2007.0,Empalme CCNN,ci_extr,Millones de pesos de 2018,283803.3880902418
2008.0,Empalme CCNN,ci_extr,Millones de pesos de 2018,276052.93948393094
2008.0,Empalme CCNN,ci_extr,Millones de pesos de 2018,276052.93948393094
2008.0,Empalme CCNN,ci_extr,Millones de pesos de 2018,276052.93948393094
2008.0,Empalme CCNN,ci_extr,Millones de pesos de 2018,276052.93948393094
2009.0,Empalme CCNN,ci_extr,Millones de pesos de 2018,234865.5688024248
2009.0,Empalme CCNN,ci_extr,Millones de pesos de 2018,234865.5688024248
2009.0,Empalme CCNN,ci_extr,Millones de pesos de 2018,234865.5688024248
2009.0,Empalme CCNN,ci_extr,Millones de pesos de 2018,234865.5688024248
2010.0,Empalme CCNN,ci_extr,Millones de pesos de 2018,223526.29596615402
2011.0,Empalme CCNN,ci_extr,Millones de pesos de 2018,237334.02861945826
2012.0,Empalme CCNN,ci_extr,Millones de pesos de 2018,238164.95376869428
2013.0,Empalme CCNN,ci_extr,Millones de pesos de 2018,245706.75120110455
2014.0,Empalme CCNN,ci_extr,Millones de pesos de 2018,215342.201485719
2015.0,Empalme CCNN,ci_extr,Millones de pesos de 2018,185087.7578584314
2016.0,Empalme CCNN,ci_extr,Millones de pesos de 2018,188373.80693314737
2017.0,Empalme CCNN,ci_extr,Millones de pesos de 2018,171488.01581518637
2018.0,Empalme CCNN,ci_extr,Millones de pesos de 2018,275653.94740723376
2019.0,Empalme CCNN,ci_extr,Millones de pesos de 2018,266344.0998648134
2020.0,Empalme CCNN,ci_extr,Millones de pesos de 2018,175921.56390917115
2021.0,Empalme CCNN,ci_extr,Millones de pesos de 2018,
2022.0,Empalme CCNN,ci_extr,Millones de pesos de 2018,
2023.0,Empalme CCNN,ci_extr,Millones de pesos de 2018,
2024.0,Empalme CCNN,ci_extr,Millones de pesos de 2018,
2025.0,Empalme CCNN,ci_extr,Millones de pesos de 2018,
2026.0,Empalme CCNN,ci_extr,Millones de pesos de 2018,
2027.0,Empalme CCNN,ci_extr,Millones de pesos de 2018,
2028.0,Empalme CCNN,ci_extr,Millones de pesos de 2018,
2029.0,Empalme CCNN,ci_extr,Millones de pesos de 2018,
2030.0,Empalme CCNN,ci_extr,Millones de pesos de 2018,
1922.0,Criterio propio,ci_extr,Millones de pesos de 2018,
1923.0,Criterio propio,ci_extr,Millones de pesos de 2018,
1924.0,Criterio propio,ci_extr,Millones de pesos de 2018,
1925.0,Criterio propio,ci_extr,Millones de pesos de 2018,
1926.0,Criterio propio,ci_extr,Millones de pesos de 2018,
1927.0,Criterio propio,ci_extr,Millones de pesos de 2018,
1928.0,Criterio propio,ci_extr,Millones de pesos de 2018,
1929.0,Criterio propio,ci_extr,Millones de pesos de 2018,
1930.0,Criterio propio,ci_extr,Millones de pesos de 2018,
1931.0,Criterio propio,ci_extr,Millones de pesos de 2018,
1932.0,Criterio propio,ci_extr,Millones de pesos de 2018,
1933.0,Criterio propio,ci_extr,Millones de pesos de 2018,
1934.0,Criterio propio,ci_extr,Millones de pesos de 2018,
1935.0,Criterio propio,ci_extr,Millones de pesos de 2018,
1936.0,Criterio propio,ci_extr,Millones de pesos de 2018,
1937.0,Criterio propio,ci_extr,Millones de pesos de 2018,
1938.0,Criterio propio,ci_extr,Millones de pesos de 2018,
1939.0,Criterio propio,ci_extr,Millones de pesos de 2018,
1940.0,Criterio propio,ci_extr,Millones de pesos de 2018,
1941.0,Criterio propio,ci_extr,Millones de pesos de 2018,
1942.0,Criterio propio,ci_extr,Millones de pesos de 2018,
1943.0,Criterio propio,ci_extr,Millones de pesos de 2018,
1944.0,Criterio propio,ci_extr,Millones de pesos de 2018,
1945.0,Criterio propio,ci_extr,Millones de pesos de 2018,
1946.0,Criterio propio,ci_extr,Millones de pesos de 2018,
1947.0,Criterio propio,ci_extr,Millones de pesos de 2018,
1948.0,Criterio propio,ci_extr,Millones de pesos de 2018,
1949.0,Criterio propio,ci_extr,Millones de pesos de 2018,
1950.0,Criterio propio,ci_extr,Millones de pesos de 2018,
1951.0,Criterio propio,ci_extr,Millones de pesos de 2018,
1952.0,Criterio propio,ci_extr,Millones de pesos de 2018,
1953.0,Criterio propio,ci_extr,Millones de pesos de 2018,
1954.0,Criterio propio,ci_extr,Millones de pesos de 2018,
1955.0,Criterio propio,ci_extr,Millones de pesos de 2018,
1956.0,Criterio propio,ci_extr,Millones de pesos de 2018,
1957.0,Criterio propio,ci_extr,Millones de pesos de 2018,
1958.0,Criterio propio,ci_extr,Millones de pesos de 2018,
1959.0,Criterio propio,ci_extr,Millones de pesos de 2018,
1960.0,Criterio propio,ci_extr,Millones de pesos de 2018,
1961.0,Criterio propio,ci_extr,Millones de pesos de 2018,
1962.0,Criterio propio,ci_extr,Millones de pesos de 2018,
1963.0,Criterio propio,ci_extr,Millones de pesos de 2018,
1964.0,Criterio propio,ci_extr,Millones de pesos de 2018,
1965.0,Criterio propio,ci_extr,Millones de pesos de 2018,
1966.0,Criterio propio,ci_extr,Millones de pesos de 2018,
1967.0,Criterio propio,ci_extr,Millones de pesos de 2018,
1968.0,Criterio propio,ci_extr,Millones de pesos de 2018,
1969.0,Criterio propio,ci_extr,Millones de pesos de 2018,
1970.0,Criterio propio,ci_extr,Millones de pesos de 2018,
1971.0,Criterio propio,ci_extr,Millones de pesos de 2018,
1972.0,Criterio propio,ci_extr,Millones de pesos de 2018,
1973.0,Criterio propio,ci_extr,Millones de pesos de 2018,
1974.0,Criterio propio,ci_extr,Millones de pesos de 2018,
1975.0,Criterio propio,ci_extr,Millones de pesos de 2018,
1976.0,Criterio propio,ci_extr,Millones de pesos de 2018,
1977.0,Criterio propio,ci_extr,Millones de pesos de 2018,
1978.0,Criterio propio,ci_extr,Millones de pesos de 2018,
1979.0,Criterio propio,ci_extr,Millones de pesos de 2018,
1980.0,Criterio propio,ci_extr,Millones de pesos de 2018,
1981.0,Criterio propio,ci_extr,Millones de pesos de 2018,
1982.0,Criterio propio,ci_extr,Millones de pesos de 2018,
1983.0,Criterio propio,ci_extr,Millones de pesos de 2018,
1984.0,Criterio propio,ci_extr,Millones de pesos de 2018,
1985.0,Criterio propio,ci_extr,Millones de pesos de 2018,
1986.0,Criterio propio,ci_extr,Millones de pesos de 2018,
1987.0,Criterio propio,ci_extr,Millones de pesos de 2018,
1988.0,Criterio propio,ci_extr,Millones de pesos de 2018,
1989.0,Criterio propio,ci_extr,Millones de pesos de 2018,
1990.0,Criterio propio,ci_extr,Millones de pesos de 2018,
1991.0,Criterio propio,ci_extr,Millones de pesos de 2018,
1992.0,Criterio propio,ci_extr,Millones de pesos de 2018,
1993.0,Criterio propio,ci_extr,Millones de pesos de 2018,84121.61506207424
1993.0,Criterio propio,ci_extr,Millones de pesos de 2018,84121.61506207424
1993.0,Criterio propio,ci_extr,Millones de pesos de 2018,84146.13128896196
1993.0,Criterio propio,ci_extr,Millones de pesos de 2018,84146.13128896196
1994.0,Criterio propio,ci_extr,Millones de pesos de 2018,86436.46173717045
1994.0,Criterio propio,ci_extr,Millones de pesos de 2018,86436.46173717045
1994.0,Criterio propio,ci_extr,Millones de pesos de 2018,86459.1038522758
1994.0,Criterio propio,ci_extr,Millones de pesos de 2018,86459.1038522758
1995.0,Criterio propio,ci_extr,Millones de pesos de 2018,98048.43541396142
1995.0,Criterio propio,ci_extr,Millones de pesos de 2018,98048.43541396142
1995.0,Criterio propio,ci_extr,Millones de pesos de 2018,98072.14643765408
1995.0,Criterio propio,ci_extr,Millones de pesos de 2018,98072.14643765408
1996.0,Criterio propio,ci_extr,Millones de pesos de 2018,129191.66680016677
1996.0,Criterio propio,ci_extr,Millones de pesos de 2018,129191.66680016677
1996.0,Criterio propio,ci_extr,Millones de pesos de 2018,129236.41995463119
1996.0,Criterio propio,ci_extr,Millones de pesos de 2018,129236.41995463119
1997.0,Criterio propio,ci_extr,Millones de pesos de 2018,128191.62268068238
1997.0,Criterio propio,ci_extr,Millones de pesos de 2018,128191.62268068238
1997.0,Criterio propio,ci_extr,Millones de pesos de 2018,128234.40486453101
1997.0,Criterio propio,ci_extr,Millones de pesos de 2018,128234.40486453101
1998.0,Criterio propio,ci_extr,Millones de pesos de 2018,84753.46847065403
1998.0,Criterio propio,ci_extr,Millones de pesos de 2018,84753.46847065403
1998.0,Criterio propio,ci_extr,Millones de pesos de 2018,84777.06834506935
1998.0,Criterio propio,ci_extr,Millones de pesos de 2018,84777.06834506935
1999.0,Criterio propio,ci_extr,Millones de pesos de 2018,118522.3721591096
1999.0,Criterio propio,ci_extr,Millones de pesos de 2018,118522.3721591096
1999.0,Criterio propio,ci_extr,Millones de pesos de 2018,118549.30133639014
1999.0,Criterio propio,ci_extr,Millones de pesos de 2018,118549.30133639014
2000.0,Criterio propio,ci_extr,Millones de pesos de 2018,188467.84147846885
2000.0,Criterio propio,ci_extr,Millones de pesos de 2018,188467.84147846885
2000.0,Criterio propio,ci_extr,Millones de pesos de 2018,188494.10593404353
2000.0,Criterio propio,ci_extr,Millones de pesos de 2018,188494.10593404353
2001.0,Criterio propio,ci_extr,Millones de pesos de 2018,157596.7593517544
2001.0,Criterio propio,ci_extr,Millones de pesos de 2018,157596.7593517544
2001.0,Criterio propio,ci_extr,Millones de pesos de 2018,157621.69615876605
2001.0,Criterio propio,ci_extr,Millones de pesos de 2018,157621.69615876605
2002.0,Criterio propio,ci_extr,Millones de pesos de 2018,195849.97176961091
2002.0,Criterio propio,ci_extr,Millones de pesos de 2018,195849.97176961091
2002.0,Criterio propio,ci_extr,Millones de pesos de 2018,195863.4634859622
2002.0,Criterio propio,ci_extr,Millones de pesos de 2018,195863.4634859622
2003.0,Criterio propio,ci_extr,Millones de pesos de 2018,208634.3470132691
2003.0,Criterio propio,ci_extr,Millones de pesos de 2018,208634.3470132691
2003.0,Criterio propio,ci_extr,Millones de pesos de 2018,208651.3696445543
2003.0,Criterio propio,ci_extr,Millones de pesos de 2018,208651.3696445543
2004.0,Criterio propio,ci_extr,Millones de pesos de 2018,210248.6773209085
2004.0,Criterio propio,ci_extr,Millones de pesos de 2018,210248.6773209085
2004.0,Criterio propio,ci_extr,Millones de pesos de 2018,210266.3742248025
2004.0,Criterio propio,ci_extr,Millones de pesos de 2018,210266.3742248025
2005.0,Criterio propio,ci_extr,Millones de pesos de 2018,212143.07684803728
2005.0,Criterio propio,ci_extr,Millones de pesos de 2018,212143.07684803728
2005.0,Criterio propio,ci_extr,Millones de pesos de 2018,212143.07684803728
2005.0,Criterio propio,ci_extr,Millones de pesos de 2018,212143.07684803728
2006.0,Criterio propio,ci_extr,Millones de pesos de 2018,267616.60034035257
2006.0,Criterio propio,ci_extr,Millones de pesos de 2018,267616.60034035257
2006.0,Criterio propio,ci_extr,Millones de pesos de 2018,267616.60034035257
2006.0,Criterio propio,ci_extr,Millones de pesos de 2018,267616.60034035257
2007.0,Criterio propio,ci_extr,Millones de pesos de 2018,283803.3880902418
2007.0,Criterio propio,ci_extr,Millones de pesos de 2018,283803.3880902418
2007.0,Criterio propio,ci_extr,Millones de pesos de 2018,283803.3880902418
2007.0,Criterio propio,ci_extr,Millones de pesos de 2018,283803.3880902418
2008.0,Criterio propio,ci_extr,Millones de pesos de 2018,276052.93948393094
2008.0,Criterio propio,ci_extr,Millones de pesos de 2018,276052.93948393094
2008.0,Criterio propio,ci_extr,Millones de pesos de 2018,276052.93948393094
2008.0,Criterio propio,ci_extr,Millones de pesos de 2018,276052.93948393094
2009.0,Criterio propio,ci_extr,Millones de pesos de 2018,234865.5688024248
2009.0,Criterio propio,ci_extr,Millones de pesos de 2018,234865.5688024248
2009.0,Criterio propio,ci_extr,Millones de pesos de 2018,234865.5688024248
2009.0,Criterio propio,ci_extr,Millones de pesos de 2018,234865.5688024248
2010.0,Criterio propio,ci_extr,Millones de pesos de 2018,223526.29596615402
2011.0,Criterio propio,ci_extr,Millones de pesos de 2018,237334.02861945826
2012.0,Criterio propio,ci_extr,Millones de pesos de 2018,238164.95376869428
2013.0,Criterio propio,ci_extr,Millones de pesos de 2018,245706.75120110455
2014.0,Criterio propio,ci_extr,Millones de pesos de 2018,215342.201485719
2015.0,Criterio propio,ci_extr,Millones de pesos de 2018,185087.7578584314
2016.0,Criterio propio,ci_extr,Millones de pesos de 2018,188373.80693314737
2017.0,Criterio propio,ci_extr,Millones de pesos de 2018,171488.01581518637
2018.0,Criterio propio,ci_extr,Millones de pesos de 2018,275653.94740723376
2019.0,Criterio propio,ci_extr,Millones de pesos de 2018,266344.0998648134
2020.0,Criterio propio,ci_extr,Millones de pesos de 2018,175921.56390917115
2021.0,Criterio propio,ci_extr,Millones de pesos de 2018,
2022.0,Criterio propio,ci_extr,Millones de pesos de 2018,
2023.0,Criterio propio,ci_extr,Millones de pesos de 2018,
2024.0,Criterio propio,ci_extr,Millones de pesos de 2018,
2025.0,Criterio propio,ci_extr,Millones de pesos de 2018,
2026.0,Criterio propio,ci_extr,Millones de pesos de 2018,
2004.0,CCNN oficial,ms_tot,Millones de pesos de 2018,29990.50190870374
2005.0,CCNN oficial,ms_tot,Millones de pesos de 2018,38421.802777677105
2006.0,CCNN oficial,ms_tot,Millones de pesos de 2018,47315.71241328667
2007.0,CCNN oficial,ms_tot,Millones de pesos de 2018,58720.24942728902
2008.0,CCNN oficial,ms_tot,Millones de pesos de 2018,72506.37701288881
2009.0,CCNN oficial,ms_tot,Millones de pesos de 2018,75462.27974497832
2010.0,CCNN oficial,ms_tot,Millones de pesos de 2018,78285.48408976044
2011.0,CCNN oficial,ms_tot,Millones de pesos de 2018,89751.57041946737
2012.0,CCNN oficial,ms_tot,Millones de pesos de 2018,90190.90718148378
2013.0,CCNN oficial,ms_tot,Millones de pesos de 2018,93612.32638675901
2014.0,CCNN oficial,ms_tot,Millones de pesos de 2018,96203.37645472011
2015.0,CCNN oficial,ms_tot,Millones de pesos de 2018,102699.39847723974
2016.0,CCNN oficial,ms_tot,Millones de pesos de 2018,84177.29288055027
2017.0,CCNN oficial,ms_tot,Millones de pesos de 2018,79509.63824463551
2018.0,CCNN oficial,ms_tot,Millones de pesos de 2018,90880.60271643594
2019.0,CCNN oficial,ms_tot,Millones de pesos de 2018,95627.12952600345
2020.0,CCNN oficial,ms_tot,Millones de pesos de 2018,76004.24300472913
1922.0,Criterio CCNN,ms_tot,Millones de pesos de 2018,
1923.0,Criterio CCNN,ms_tot,Millones de pesos de 2018,
1924.0,Criterio CCNN,ms_tot,Millones de pesos de 2018,
1925.0,Criterio CCNN,ms_tot,Millones de pesos de 2018,
1926.0,Criterio CCNN,ms_tot,Millones de pesos de 2018,
1927.0,Criterio CCNN,ms_tot,Millones de pesos de 2018,
1928.0,Criterio CCNN,ms_tot,Millones de pesos de 2018,
1929.0,Criterio CCNN,ms_tot,Millones de pesos de 2018,
1930.0,Criterio CCNN,ms_tot,Millones de pesos de 2018,
1931.0,Criterio CCNN,ms_tot,Millones de pesos de 2018,
1932.0,Criterio CCNN,ms_tot,Millones de pesos de 2018,
1933.0,Criterio CCNN,ms_tot,Millones de pesos de 2018,
1934.0,Criterio CCNN,ms_tot,Millones de pesos de 2018,
1935.0,Criterio CCNN,ms_tot,Millones de pesos de 2018,
1936.0,Criterio CCNN,ms_tot,Millones de pesos de 2018,
1937.0,Criterio CCNN,ms_tot,Millones de pesos de 2018,
1938.0,Criterio CCNN,ms_tot,Millones de pesos de 2018,
1939.0,Criterio CCNN,ms_tot,Millones de pesos de 2018,
1940.0,Criterio CCNN,ms_tot,Millones de pesos de 2018,
1941.0,Criterio CCNN,ms_tot,Millones de pesos de 2018,
1942.0,Criterio CCNN,ms_tot,Millones de pesos de 2018,
1943.0,Criterio CCNN,ms_tot,Millones de pesos de 2018,
1944.0,Criterio CCNN,ms_tot,Millones de pesos de 2018,
1945.0,Criterio CCNN,ms_tot,Millones de pesos de 2018,
1946.0,Criterio CCNN,ms_tot,Millones de pesos de 2018,
1947.0,Criterio CCNN,ms_tot,Millones de pesos de 2018,
1948.0,Criterio CCNN,ms_tot,Millones de pesos de 2018,
1949.0,Criterio CCNN,ms_tot,Millones de pesos de 2018,
1950.0,Criterio CCNN,ms_tot,Millones de pesos de 2018,
1951.0,Criterio CCNN,ms_tot,Millones de pesos de 2018,
1952.0,Criterio CCNN,ms_tot,Millones de pesos de 2018,
1953.0,Criterio CCNN,ms_tot,Millones de pesos de 2018,
1954.0,Criterio CCNN,ms_tot,Millones de pesos de 2018,
1955.0,Criterio CCNN,ms_tot,Millones de pesos de 2018,
1956.0,Criterio CCNN,ms_tot,Millones de pesos de 2018,
1957.0,Criterio CCNN,ms_tot,Millones de pesos de 2018,
1958.0,Criterio CCNN,ms_tot,Millones de pesos de 2018,
1959.0,Criterio CCNN,ms_tot,Millones de pesos de 2018,
1960.0,Criterio CCNN,ms_tot,Millones de pesos de 2018,
1961.0,Criterio CCNN,ms_tot,Millones de pesos de 2018,
1962.0,Criterio CCNN,ms_tot,Millones de pesos de 2018,
1963.0,Criterio CCNN,ms_tot,Millones de pesos de 2018,
1964.0,Criterio CCNN,ms_tot,Millones de pesos de 2018,
1965.0,Criterio CCNN,ms_tot,Millones de pesos de 2018,
1966.0,Criterio CCNN,ms_tot,Millones de pesos de 2018,
1967.0,Criterio CCNN,ms_tot,Millones de pesos de 2018,
1968.0,Criterio CCNN,ms_tot,Millones de pesos de 2018,
1969.0,Criterio CCNN,ms_tot,Millones de pesos de 2018,
1970.0,Criterio CCNN,ms_tot,Millones de pesos de 2018,
1971.0,Criterio CCNN,ms_tot,Millones de pesos de 2018,6894.229044019342
1972.0,Criterio CCNN,ms_tot,Millones de pesos de 2018,5909.2533845585085
1973.0,Criterio CCNN,ms_tot,Millones de pesos de 2018,
1974.0,Criterio CCNN,ms_tot,Millones de pesos de 2018,12923.167638613055
1975.0,Criterio CCNN,ms_tot,Millones de pesos de 2018,8021.200141818324
1976.0,Criterio CCNN,ms_tot,Millones de pesos de 2018,11080.534727887369
1977.0,Criterio CCNN,ms_tot,Millones de pesos de 2018,10793.12955242305
1978.0,Criterio CCNN,ms_tot,Millones de pesos de 2018,14026.027986738267
1979.0,Criterio CCNN,ms_tot,Millones de pesos de 2018,
1980.0,Criterio CCNN,ms_tot,Millones de pesos de 2018,
1981.0,Criterio CCNN,ms_tot,Millones de pesos de 2018,
1982.0,Criterio CCNN,ms_tot,Millones de pesos de 2018,
1983.0,Criterio CCNN,ms_tot,Millones de pesos de 2018,
1984.0,Criterio CCNN,ms_tot,Millones de pesos de 2018,19095.690087380004
1985.0,Criterio CCNN,ms_tot,Millones de pesos de 2018,22932.71061248207
1986.0,Criterio CCNN,ms_tot,Millones de pesos de 2018,19626.77813439144
1987.0,Criterio CCNN,ms_tot,Millones de pesos de 2018,15714.618161229242
1988.0,Criterio CCNN,ms_tot,Millones de pesos de 2018,21192.702776142414
1989.0,Criterio CCNN,ms_tot,Millones de pesos de 2018,
1990.0,Criterio CCNN,ms_tot,Millones de pesos de 2018,
1991.0,Criterio CCNN,ms_tot,Millones de pesos de 2018,
1992.0,Criterio CCNN,ms_tot,Millones de pesos de 2018,
1993.0,Criterio CCNN,ms_tot,Millones de pesos de 2018,11906.418760856119
1993.0,Criterio CCNN,ms_tot,Millones de pesos de 2018,11906.418760856119
1994.0,Criterio CCNN,ms_tot,Millones de pesos de 2018,12297.165495138648
1994.0,Criterio CCNN,ms_tot,Millones de pesos de 2018,12297.165495138648
1995.0,Criterio CCNN,ms_tot,Millones de pesos de 2018,13976.890596090583
1995.0,Criterio CCNN,ms_tot,Millones de pesos de 2018,13976.890596090583
1996.0,Criterio CCNN,ms_tot,Millones de pesos de 2018,18628.38530191636
1996.0,Criterio CCNN,ms_tot,Millones de pesos de 2018,18628.38530191636
1997.0,Criterio CCNN,ms_tot,Millones de pesos de 2018,18804.062651166132
1997.0,Criterio CCNN,ms_tot,Millones de pesos de 2018,18804.062651166132
1998.0,Criterio CCNN,ms_tot,Millones de pesos de 2018,13907.164846067575
1998.0,Criterio CCNN,ms_tot,Millones de pesos de 2018,13907.164846067575
1999.0,Criterio CCNN,ms_tot,Millones de pesos de 2018,16989.445027045258
1999.0,Criterio CCNN,ms_tot,Millones de pesos de 2018,16989.445027045258
2000.0,Criterio CCNN,ms_tot,Millones de pesos de 2018,25535.212713057157
2000.0,Criterio CCNN,ms_tot,Millones de pesos de 2018,25535.212713057157
2001.0,Criterio CCNN,ms_tot,Millones de pesos de 2018,23259.184278654102
2001.0,Criterio CCNN,ms_tot,Millones de pesos de 2018,23259.184278654102
2002.0,Criterio CCNN,ms_tot,Millones de pesos de 2018,45088.329377824586
2002.0,Criterio CCNN,ms_tot,Millones de pesos de 2018,45088.329377824586
2003.0,Criterio CCNN,ms_tot,Millones de pesos de 2018,44016.51406571633
2003.0,Criterio CCNN,ms_tot,Millones de pesos de 2018,44016.51406571633
2004.0,Criterio CCNN,ms_tot,Millones de pesos de 2018,48010.30489230607
2004.0,Criterio CCNN,ms_tot,Millones de pesos de 2018,48010.30489230607
2005.0,Criterio CCNN,ms_tot,Millones de pesos de 2018,52777.310718653636
2005.0,Criterio CCNN,ms_tot,Millones de pesos de 2018,52777.310718653636
2006.0,Criterio CCNN,ms_tot,Millones de pesos de 2018,57024.89682773067
2006.0,Criterio CCNN,ms_tot,Millones de pesos de 2018,57024.89682773067
2007.0,Criterio CCNN,ms_tot,Millones de pesos de 2018,52165.23027674525
2007.0,Criterio CCNN,ms_tot,Millones de pesos de 2018,52165.23027674525
2008.0,Criterio CCNN,ms_tot,Millones de pesos de 2018,48496.39768615017
2008.0,Criterio CCNN,ms_tot,Millones de pesos de 2018,48496.39768615017
2009.0,Criterio CCNN,ms_tot,Millones de pesos de 2018,46176.881609300486
2009.0,Criterio CCNN,ms_tot,Millones de pesos de 2018,46176.881609300486
2010.0,Criterio CCNN,ms_tot,Millones de pesos de 2018,43871.59531332635
2011.0,Criterio CCNN,ms_tot,Millones de pesos de 2018,40994.38990389597
2012.0,Criterio CCNN,ms_tot,Millones de pesos de 2018,40137.88504334988
2013.0,Criterio CCNN,ms_tot,Millones de pesos de 2018,36627.782870649404
2014.0,Criterio CCNN,ms_tot,Millones de pesos de 2018,39766.778363018224
2015.0,Criterio CCNN,ms_tot,Millones de pesos de 2018,33621.7483855172
2016.0,Criterio CCNN,ms_tot,Millones de pesos de 2018,35179.505052125365
2017.0,Criterio CCNN,ms_tot,Millones de pesos de 2018,30614.159987279705
2018.0,Criterio CCNN,ms_tot,Millones de pesos de 2018,52671.968466356215
2019.0,Criterio CCNN,ms_tot,Millones de pesos de 2018,49791.81961061832
2020.0,Criterio CCNN,ms_tot,Millones de pesos de 2018,35118.400103023254
2021.0,Criterio CCNN,ms_tot,Millones de pesos de 2018,40106.02376803246
2022.0,Criterio CCNN,ms_tot,Millones de pesos de 2018,45890.653921826044
2023.0,Criterio CCNN,ms_tot,Millones de pesos de 2018,46648.668827079535
2024.0,Criterio CCNN,ms_tot,Millones de pesos de 2018,53027.155492200865
2025.0,Criterio CCNN,ms_tot,Millones de pesos de 2018,
2026.0,Criterio CCNN,ms_tot,Millones de pesos de 2018,
1960.0,Empalme CCNN,ms_tot,Millones de pesos de 2018,
1961.0,Empalme CCNN,ms_tot,Millones de pesos de 2018,
1962.0,Empalme CCNN,ms_tot,Millones de pesos de 2018,
1963.0,Empalme CCNN,ms_tot,Millones de pesos de 2018,
1964.0,Empalme CCNN,ms_tot,Millones de pesos de 2018,
1965.0,Empalme CCNN,ms_tot,Millones de pesos de 2018,
1966.0,Empalme CCNN,ms_tot,Millones de pesos de 2018,
1967.0,Empalme CCNN,ms_tot,Millones de pesos de 2018,
1968.0,Empalme CCNN,ms_tot,Millones de pesos de 2018,
1969.0,Empalme CCNN,ms_tot,Millones de pesos de 2018,
1970.0,Empalme CCNN,ms_tot,Millones de pesos de 2018,
1971.0,Empalme CCNN,ms_tot,Millones de pesos de 2018,8904.995489882784
1972.0,Empalme CCNN,ms_tot,Millones de pesos de 2018,7632.742457797643
1973.0,Empalme CCNN,ms_tot,Millones de pesos de 2018,
1974.0,Empalme CCNN,ms_tot,Millones de pesos de 2018,16692.33046973969
1975.0,Empalme CCNN,ms_tot,Millones de pesos de 2018,10360.658259287578
1976.0,Empalme CCNN,ms_tot,Millones de pesos de 2018,14312.276419496593
1977.0,Empalme CCNN,ms_tot,Millones de pesos de 2018,13941.046833862372
1978.0,Empalme CCNN,ms_tot,Millones de pesos de 2018,18116.850363598616
1979.0,Empalme CCNN,ms_tot,Millones de pesos de 2018,
1980.0,Empalme CCNN,ms_tot,Millones de pesos de 2018,
1981.0,Empalme CCNN,ms_tot,Millones de pesos de 2018,
1982.0,Empalme CCNN,ms_tot,Millones de pesos de 2018,
1983.0,Empalme CCNN,ms_tot,Millones de pesos de 2018,
1984.0,Empalme CCNN,ms_tot,Millones de pesos de 2018,24665.126879100717
1985.0,Empalme CCNN,ms_tot,Millones de pesos de 2018,29621.25036331574
1986.0,Empalme CCNN,ms_tot,Millones de pesos de 2018,25351.111727177402
1987.0,Empalme CCNN,ms_tot,Millones de pesos de 2018,20297.933671404706
1988.0,Empalme CCNN,ms_tot,Millones de pesos de 2018,27373.75295120019
1989.0,Empalme CCNN,ms_tot,Millones de pesos de 2018,
1990.0,Empalme CCNN,ms_tot,Millones de pesos de 2018,
1991.0,Empalme CCNN,ms_tot,Millones de pesos de 2018,
1992.0,Empalme CCNN,ms_tot,Millones de pesos de 2018,
1993.0,Empalme CCNN,ms_tot,Millones de pesos de 2018,15379.037262775053
1993.0,Empalme CCNN,ms_tot,Millones de pesos de 2018,15379.037262775053
1993.0,Empalme CCNN,ms_tot,Millones de pesos de 2018,15379.037262775053
1993.0,Empalme CCNN,ms_tot,Millones de pesos de 2018,15379.037262775053
1994.0,Empalme CCNN,ms_tot,Millones de pesos de 2018,15883.74894036152
1994.0,Empalme CCNN,ms_tot,Millones de pesos de 2018,15883.74894036152
1994.0,Empalme CCNN,ms_tot,Millones de pesos de 2018,15883.74894036152
1994.0,Empalme CCNN,ms_tot,Millones de pesos de 2018,15883.74894036152
1995.0,Empalme CCNN,ms_tot,Millones de pesos de 2018,18053.38159293429
1995.0,Empalme CCNN,ms_tot,Millones de pesos de 2018,18053.38159293429
1995.0,Empalme CCNN,ms_tot,Millones de pesos de 2018,18053.38159293429
1995.0,Empalme CCNN,ms_tot,Millones de pesos de 2018,18053.38159293429
1996.0,Empalme CCNN,ms_tot,Millones de pesos de 2018,24061.52827795411
1996.0,Empalme CCNN,ms_tot,Millones de pesos de 2018,24061.52827795411
1996.0,Empalme CCNN,ms_tot,Millones de pesos de 2018,24061.52827795411
1996.0,Empalme CCNN,ms_tot,Millones de pesos de 2018,24061.52827795411
1997.0,Empalme CCNN,ms_tot,Millones de pesos de 2018,24288.443570839667
1997.0,Empalme CCNN,ms_tot,Millones de pesos de 2018,24288.443570839667
1997.0,Empalme CCNN,ms_tot,Millones de pesos de 2018,24288.443570839667
1997.0,Empalme CCNN,ms_tot,Millones de pesos de 2018,24288.443570839667
1998.0,Empalme CCNN,ms_tot,Millones de pesos de 2018,17963.319675130406
1998.0,Empalme CCNN,ms_tot,Millones de pesos de 2018,17963.319675130406
1998.0,Empalme CCNN,ms_tot,Millones de pesos de 2018,17963.319675130406
1998.0,Empalme CCNN,ms_tot,Millones de pesos de 2018,17963.319675130406
1999.0,Empalme CCNN,ms_tot,Millones de pesos de 2018,21944.57572782449
1999.0,Empalme CCNN,ms_tot,Millones de pesos de 2018,21944.57572782449
1999.0,Empalme CCNN,ms_tot,Millones de pesos de 2018,21944.57572782449
1999.0,Empalme CCNN,ms_tot,Millones de pesos de 2018,21944.57572782449
2000.0,Empalme CCNN,ms_tot,Millones de pesos de 2018,32982.79656667779
2000.0,Empalme CCNN,ms_tot,Millones de pesos de 2018,32982.79656667779
2000.0,Empalme CCNN,ms_tot,Millones de pesos de 2018,32982.79656667779
2000.0,Empalme CCNN,ms_tot,Millones de pesos de 2018,32982.79656667779
2001.0,Empalme CCNN,ms_tot,Millones de pesos de 2018,30042.94313073974
2001.0,Empalme CCNN,ms_tot,Millones de pesos de 2018,30042.94313073974
2001.0,Empalme CCNN,ms_tot,Millones de pesos de 2018,30042.94313073974
2001.0,Empalme CCNN,ms_tot,Millones de pesos de 2018,30042.94313073974
2002.0,Empalme CCNN,ms_tot,Millones de pesos de 2018,58238.76276698168
2002.0,Empalme CCNN,ms_tot,Millones de pesos de 2018,58238.76276698168
2002.0,Empalme CCNN,ms_tot,Millones de pesos de 2018,58238.76276698168
2002.0,Empalme CCNN,ms_tot,Millones de pesos de 2018,58238.76276698168
2003.0,Empalme CCNN,ms_tot,Millones de pesos de 2018,56854.34248454399
2003.0,Empalme CCNN,ms_tot,Millones de pesos de 2018,56854.34248454399
2003.0,Empalme CCNN,ms_tot,Millones de pesos de 2018,56854.34248454399
2003.0,Empalme CCNN,ms_tot,Millones de pesos de 2018,56854.34248454399
2004.0,Empalme CCNN,ms_tot,Millones de pesos de 2018,29990.50190870374
2004.0,Empalme CCNN,ms_tot,Millones de pesos de 2018,29990.50190870374
2004.0,Empalme CCNN,ms_tot,Millones de pesos de 2018,29990.50190870374
2004.0,Empalme CCNN,ms_tot,Millones de pesos de 2018,29990.50190870374
2005.0,Empalme CCNN,ms_tot,Millones de pesos de 2018,38421.802777677105
2005.0,Empalme CCNN,ms_tot,Millones de pesos de 2018,38421.802777677105
2005.0,Empalme CCNN,ms_tot,Millones de pesos de 2018,38421.802777677105
2005.0,Empalme CCNN,ms_tot,Millones de pesos de 2018,38421.802777677105
2006.0,Empalme CCNN,ms_tot,Millones de pesos de 2018,47315.71241328667
2006.0,Empalme CCNN,ms_tot,Millones de pesos de 2018,47315.71241328667
2006.0,Empalme CCNN,ms_tot,Millones de pesos de 2018,47315.71241328667
2006.0,Empalme CCNN,ms_tot,Millones de pesos de 2018,47315.71241328667
2007.0,Empalme CCNN,ms_tot,Millones de pesos de 2018,58720.24942728902
2007.0,Empalme CCNN,ms_tot,Millones de pesos de 2018,58720.24942728902
2007.0,Empalme CCNN,ms_tot,Millones de pesos de 2018,58720.24942728902
2007.0,Empalme CCNN,ms_tot,Millones de pesos de 2018,58720.24942728902
2008.0,Empalme CCNN,ms_tot,Millones de pesos de 2018,72506.37701288881
2008.0,Empalme CCNN,ms_tot,Millones de pesos de 2018,72506.37701288881
2008.0,Empalme CCNN,ms_tot,Millones de pesos de 2018,72506.37701288881
2008.0,Empalme CCNN,ms_tot,Millones de pesos de 2018,72506.37701288881
2009.0,Empalme CCNN,ms_tot,Millones de pesos de 2018,75462.27974497832
2009.0,Empalme CCNN,ms_tot,Millones de pesos de 2018,75462.27974497832
2009.0,Empalme CCNN,ms_tot,Millones de pesos de 2018,75462.27974497832
2009.0,Empalme CCNN,ms_tot,Millones de pesos de 2018,75462.27974497832
2010.0,Empalme CCNN,ms_tot,Millones de pesos de 2018,78285.48408976044
2011.0,Empalme CCNN,ms_tot,Millones de pesos de 2018,89751.57041946737
2012.0,Empalme CCNN,ms_tot,Millones de pesos de 2018,90190.90718148378
2013.0,Empalme CCNN,ms_tot,Millones de pesos de 2018,93612.32638675901
2014.0,Empalme CCNN,ms_tot,Millones de pesos de 2018,96203.37645472011
2015.0,Empalme CCNN,ms_tot,Millones de pesos de 2018,102699.39847723974
2016.0,Empalme CCNN,ms_tot,Millones de pesos de 2018,84177.29288055027
2017.0,Empalme CCNN,ms_tot,Millones de pesos de 2018,79509.63824463551
2018.0,Empalme CCNN,ms_tot,Millones de pesos de 2018,90880.60271643594
2019.0,Empalme CCNN,ms_tot,Millones de pesos de 2018,95627.12952600345
2020.0,Empalme CCNN,ms_tot,Millones de pesos de 2018,76004.24300472913
2021.0,Empalme CCNN,ms_tot,Millones de pesos de 2018,
2022.0,Empalme CCNN,ms_tot,Millones de pesos de 2018,
2023.0,Empalme CCNN,ms_tot,Millones de pesos de 2018,
2024.0,Empalme CCNN,ms_tot,Millones de pesos de 2018,
2025.0,Empalme CCNN,ms_tot,Millones de pesos de 2018,
2026.0,Empalme CCNN,ms_tot,Millones de pesos de 2018,
2027.0,Empalme CCNN,ms_tot,Millones de pesos de 2018,
2028.0,Empalme CCNN,ms_tot,Millones de pesos de 2018,
2029.0,Empalme CCNN,ms_tot,Millones de pesos de 2018,
2030.0,Empalme CCNN,ms_tot,Millones de pesos de 2018,
1922.0,Criterio propio,ms_tot,Millones de pesos de 2018,
1923.0,Criterio propio,ms_tot,Millones de pesos de 2018,
1924.0,Criterio propio,ms_tot,Millones de pesos de 2018,
1925.0,Criterio propio,ms_tot,Millones de pesos de 2018,
1926.0,Criterio propio,ms_tot,Millones de pesos de 2018,
1927.0,Criterio propio,ms_tot,Millones de pesos de 2018,
1928.0,Criterio propio,ms_tot,Millones de pesos de 2018,
1929.0,Criterio propio,ms_tot,Millones de pesos de 2018,
1930.0,Criterio propio,ms_tot,Millones de pesos de 2018,
1931.0,Criterio propio,ms_tot,Millones de pesos de 2018,
1932.0,Criterio propio,ms_tot,Millones de pesos de 2018,
1933.0,Criterio propio,ms_tot,Millones de pesos de 2018,
1934.0,Criterio propio,ms_tot,Millones de pesos de 2018,
1935.0,Criterio propio,ms_tot,Millones de pesos de 2018,
1936.0,Criterio propio,ms_tot,Millones de pesos de 2018,
1937.0,Criterio propio,ms_tot,Millones de pesos de 2018,
1938.0,Criterio propio,ms_tot,Millones de pesos de 2018,
1939.0,Criterio propio,ms_tot,Millones de pesos de 2018,
1940.0,Criterio propio,ms_tot,Millones de pesos de 2018,
1941.0,Criterio propio,ms_tot,Millones de pesos de 2018,
1942.0,Criterio propio,ms_tot,Millones de pesos de 2018,
1943.0,Criterio propio,ms_tot,Millones de pesos de 2018,
1944.0,Criterio propio,ms_tot,Millones de pesos de 2018,
1945.0,Criterio propio,ms_tot,Millones de pesos de 2018,
1946.0,Criterio propio,ms_tot,Millones de pesos de 2018,
1947.0,Criterio propio,ms_tot,Millones de pesos de 2018,
1948.0,Criterio propio,ms_tot,Millones de pesos de 2018,
1949.0,Criterio propio,ms_tot,Millones de pesos de 2018,
1950.0,Criterio propio,ms_tot,Millones de pesos de 2018,
1951.0,Criterio propio,ms_tot,Millones de pesos de 2018,
1952.0,Criterio propio,ms_tot,Millones de pesos de 2018,
1953.0,Criterio propio,ms_tot,Millones de pesos de 2018,
1954.0,Criterio propio,ms_tot,Millones de pesos de 2018,
1955.0,Criterio propio,ms_tot,Millones de pesos de 2018,
1956.0,Criterio propio,ms_tot,Millones de pesos de 2018,
1957.0,Criterio propio,ms_tot,Millones de pesos de 2018,
1958.0,Criterio propio,ms_tot,Millones de pesos de 2018,
1959.0,Criterio propio,ms_tot,Millones de pesos de 2018,
1960.0,Criterio propio,ms_tot,Millones de pesos de 2018,
1961.0,Criterio propio,ms_tot,Millones de pesos de 2018,
1962.0,Criterio propio,ms_tot,Millones de pesos de 2018,
1963.0,Criterio propio,ms_tot,Millones de pesos de 2018,
1964.0,Criterio propio,ms_tot,Millones de pesos de 2018,
1965.0,Criterio propio,ms_tot,Millones de pesos de 2018,
1966.0,Criterio propio,ms_tot,Millones de pesos de 2018,
1967.0,Criterio propio,ms_tot,Millones de pesos de 2018,
1968.0,Criterio propio,ms_tot,Millones de pesos de 2018,
1969.0,Criterio propio,ms_tot,Millones de pesos de 2018,
1970.0,Criterio propio,ms_tot,Millones de pesos de 2018,
1971.0,Criterio propio,ms_tot,Millones de pesos de 2018,8904.995489882784
1972.0,Criterio propio,ms_tot,Millones de pesos de 2018,7632.742457797643
1973.0,Criterio propio,ms_tot,Millones de pesos de 2018,
1974.0,Criterio propio,ms_tot,Millones de pesos de 2018,16692.33046973969
1975.0,Criterio propio,ms_tot,Millones de pesos de 2018,10360.658259287578
1976.0,Criterio propio,ms_tot,Millones de pesos de 2018,14312.276419496593
1977.0,Criterio propio,ms_tot,Millones de pesos de 2018,13941.046833862372
1978.0,Criterio propio,ms_tot,Millones de pesos de 2018,18116.850363598616
1979.0,Criterio propio,ms_tot,Millones de pesos de 2018,
1980.0,Criterio propio,ms_tot,Millones de pesos de 2018,
1981.0,Criterio propio,ms_tot,Millones de pesos de 2018,
1982.0,Criterio propio,ms_tot,Millones de pesos de 2018,
1983.0,Criterio propio,ms_tot,Millones de pesos de 2018,
1984.0,Criterio propio,ms_tot,Millones de pesos de 2018,24665.126879100717
1985.0,Criterio propio,ms_tot,Millones de pesos de 2018,29621.25036331574
1986.0,Criterio propio,ms_tot,Millones de pesos de 2018,25351.111727177402
1987.0,Criterio propio,ms_tot,Millones de pesos de 2018,20297.933671404706
1988.0,Criterio propio,ms_tot,Millones de pesos de 2018,27373.75295120019
1989.0,Criterio propio,ms_tot,Millones de pesos de 2018,
1990.0,Criterio propio,ms_tot,Millones de pesos de 2018,
1991.0,Criterio propio,ms_tot,Millones de pesos de 2018,
1992.0,Criterio propio,ms_tot,Millones de pesos de 2018,
1993.0,Criterio propio,ms_tot,Millones de pesos de 2018,15379.037262775053
1993.0,Criterio propio,ms_tot,Millones de pesos de 2018,15379.037262775053
1993.0,Criterio propio,ms_tot,Millones de pesos de 2018,15379.037262775053
1993.0,Criterio propio,ms_tot,Millones de pesos de 2018,15379.037262775053
1994.0,Criterio propio,ms_tot,Millones de pesos de 2018,15883.74894036152
1994.0,Criterio propio,ms_tot,Millones de pesos de 2018,15883.74894036152
1994.0,Criterio propio,ms_tot,Millones de pesos de 2018,15883.74894036152
1994.0,Criterio propio,ms_tot,Millones de pesos de 2018,15883.74894036152
1995.0,Criterio propio,ms_tot,Millones de pesos de 2018,18053.38159293429
1995.0,Criterio propio,ms_tot,Millones de pesos de 2018,18053.38159293429
1995.0,Criterio propio,ms_tot,Millones de pesos de 2018,18053.38159293429
1995.0,Criterio propio,ms_tot,Millones de pesos de 2018,18053.38159293429
1996.0,Criterio propio,ms_tot,Millones de pesos de 2018,24061.52827795411
1996.0,Criterio propio,ms_tot,Millones de pesos de 2018,24061.52827795411
1996.0,Criterio propio,ms_tot,Millones de pesos de 2018,24061.52827795411
1996.0,Criterio propio,ms_tot,Millones de pesos de 2018,24061.52827795411
1997.0,Criterio propio,ms_tot,Millones de pesos de 2018,24288.443570839667
1997.0,Criterio propio,ms_tot,Millones de pesos de 2018,24288.443570839667
1997.0,Criterio propio,ms_tot,Millones de pesos de 2018,24288.443570839667
1997.0,Criterio propio,ms_tot,Millones de pesos de 2018,24288.443570839667
1998.0,Criterio propio,ms_tot,Millones de pesos de 2018,17963.319675130406
1998.0,Criterio propio,ms_tot,Millones de pesos de 2018,17963.319675130406
1998.0,Criterio propio,ms_tot,Millones de pesos de 2018,17963.319675130406
1998.0,Criterio propio,ms_tot,Millones de pesos de 2018,17963.319675130406
1999.0,Criterio propio,ms_tot,Millones de pesos de 2018,21944.57572782449
1999.0,Criterio propio,ms_tot,Millones de pesos de 2018,21944.57572782449
1999.0,Criterio propio,ms_tot,Millones de pesos de 2018,21944.57572782449
1999.0,Criterio propio,ms_tot,Millones de pesos de 2018,21944.57572782449
2000.0,Criterio propio,ms_tot,Millones de pesos de 2018,32982.79656667779
2000.0,Criterio propio,ms_tot,Millones de pesos de 2018,32982.79656667779
2000.0,Criterio propio,ms_tot,Millones de pesos de 2018,32982.79656667779
2000.0,Criterio propio,ms_tot,Millones de pesos de 2018,32982.79656667779
2001.0,Criterio propio,ms_tot,Millones de pesos de 2018,30042.94313073974
2001.0,Criterio propio,ms_tot,Millones de pesos de 2018,30042.94313073974
2001.0,Criterio propio,ms_tot,Millones de pesos de 2018,30042.94313073974
2001.0,Criterio propio,ms_tot,Millones de pesos de 2018,30042.94313073974
2002.0,Criterio propio,ms_tot,Millones de pesos de 2018,58238.76276698168
2002.0,Criterio propio,ms_tot,Millones de pesos de 2018,58238.76276698168
2002.0,Criterio propio,ms_tot,Millones de pesos de 2018,58238.76276698168
2002.0,Criterio propio,ms_tot,Millones de pesos de 2018,58238.76276698168
2003.0,Criterio propio,ms_tot,Millones de pesos de 2018,56854.34248454399
2003.0,Criterio propio,ms_tot,Millones de pesos de 2018,56854.34248454399
2003.0,Criterio propio,ms_tot,Millones de pesos de 2018,56854.34248454399
2003.0,Criterio propio,ms_tot,Millones de pesos de 2018,56854.34248454399
2004.0,Criterio propio,ms_tot,Millones de pesos de 2018,29990.50190870374
2004.0,Criterio propio,ms_tot,Millones de pesos de 2018,29990.50190870374
2004.0,Criterio propio,ms_tot,Millones de pesos de 2018,29990.50190870374
2004.0,Criterio propio,ms_tot,Millones de pesos de 2018,29990.50190870374
2005.0,Criterio propio,ms_tot,Millones de pesos de 2018,38421.802777677105
2005.0,Criterio propio,ms_tot,Millones de pesos de 2018,38421.802777677105
2005.0,Criterio propio,ms_tot,Millones de pesos de 2018,38421.802777677105
2005.0,Criterio propio,ms_tot,Millones de pesos de 2018,38421.802777677105
2006.0,Criterio propio,ms_tot,Millones de pesos de 2018,47315.71241328667
2006.0,Criterio propio,ms_tot,Millones de pesos de 2018,47315.71241328667
2006.0,Criterio propio,ms_tot,Millones de pesos de 2018,47315.71241328667
2006.0,Criterio propio,ms_tot,Millones de pesos de 2018,47315.71241328667
2007.0,Criterio propio,ms_tot,Millones de pesos de 2018,58720.24942728902
2007.0,Criterio propio,ms_tot,Millones de pesos de 2018,58720.24942728902
2007.0,Criterio propio,ms_tot,Millones de pesos de 2018,58720.24942728902
2007.0,Criterio propio,ms_tot,Millones de pesos de 2018,58720.24942728902
2008.0,Criterio propio,ms_tot,Millones de pesos de 2018,72506.37701288881
2008.0,Criterio propio,ms_tot,Millones de pesos de 2018,72506.37701288881
2008.0,Criterio propio,ms_tot,Millones de pesos de 2018,72506.37701288881
2008.0,Criterio propio,ms_tot,Millones de pesos de 2018,72506.37701288881
2009.0,Criterio propio,ms_tot,Millones de pesos de 2018,75462.27974497832
2009.0,Criterio propio,ms_tot,Millones de pesos de 2018,75462.27974497832
2009.0,Criterio propio,ms_tot,Millones de pesos de 2018,75462.27974497832
2009.0,Criterio propio,ms_tot,Millones de pesos de 2018,75462.27974497832
2010.0,Criterio propio,ms_tot,Millones de pesos de 2018,78285.48408976044
2011.0,Criterio propio,ms_tot,Millones de pesos de 2018,89751.57041946737
2012.0,Criterio propio,ms_tot,Millones de pesos de 2018,90190.90718148378
2013.0,Criterio propio,ms_tot,Millones de pesos de 2018,93612.32638675901
2014.0,Criterio propio,ms_tot,Millones de pesos de 2018,96203.37645472011
2015.0,Criterio propio,ms_tot,Millones de pesos de 2018,102699.39847723974
2016.0,Criterio propio,ms_tot,Millones de pesos de 2018,84177.29288055027
2017.0,Criterio propio,ms_tot,Millones de pesos de 2018,79509.63824463551
2018.0,Criterio propio,ms_tot,Millones de pesos de 2018,90880.60271643594
2019.0,Criterio propio,ms_tot,Millones de pesos de 2018,95627.12952600345
2020.0,Criterio propio,ms_tot,Millones de pesos de 2018,76004.24300472913
2021.0,Criterio propio,ms_tot,Millones de pesos de 2018,
2022.0,Criterio propio,ms_tot,Millones de pesos de 2018,
2023.0,Criterio propio,ms_tot,Millones de pesos de 2018,
2024.0,Criterio propio,ms_tot,Millones de pesos de 2018,
2025.0,Criterio propio,ms_tot,Millones de pesos de 2018,
2026.0,Criterio propio,ms_tot,Millones de pesos de 2018,
2004.0,CCNN oficial,ms_extr,Millones de pesos de 2018,13129.36188485729
2005.0,CCNN oficial,ms_extr,Millones de pesos de 2018,15606.367329198021
2006.0,CCNN oficial,ms_extr,Millones de pesos de 2018,18475.031594031127
2007.0,CCNN oficial,ms_extr,Millones de pesos de 2018,22518.368773514372
2008.0,CCNN oficial,ms_extr,Millones de pesos de 2018,25603.26848930833
2009.0,CCNN oficial,ms_extr,Millones de pesos de 2018,26961.33103436094
2010.0,CCNN oficial,ms_extr,Millones de pesos de 2018,26677.372654997696
2011.0,CCNN oficial,ms_extr,Millones de pesos de 2018,29491.084359317047
2012.0,CCNN oficial,ms_extr,Millones de pesos de 2018,29821.815795529303
2013.0,CCNN oficial,ms_extr,Millones de pesos de 2018,30630.205983783108
2014.0,CCNN oficial,ms_extr,Millones de pesos de 2018,30256.153019074274
2015.0,CCNN oficial,ms_extr,Millones de pesos de 2018,32491.15565239272
2016.0,CCNN oficial,ms_extr,Millones de pesos de 2018,28894.314159637266
2017.0,CCNN oficial,ms_extr,Millones de pesos de 2018,29521.090224044026
2018.0,CCNN oficial,ms_extr,Millones de pesos de 2018,36226.18038688063
2019.0,CCNN oficial,ms_extr,Millones de pesos de 2018,38817.87419600463
2020.0,CCNN oficial,ms_extr,Millones de pesos de 2018,36209.78206746248
1922.0,Criterio CCNN,ms_extr,Millones de pesos de 2018,
1923.0,Criterio CCNN,ms_extr,Millones de pesos de 2018,
1924.0,Criterio CCNN,ms_extr,Millones de pesos de 2018,
1925.0,Criterio CCNN,ms_extr,Millones de pesos de 2018,
1926.0,Criterio CCNN,ms_extr,Millones de pesos de 2018,
1927.0,Criterio CCNN,ms_extr,Millones de pesos de 2018,
1928.0,Criterio CCNN,ms_extr,Millones de pesos de 2018,
1929.0,Criterio CCNN,ms_extr,Millones de pesos de 2018,
1930.0,Criterio CCNN,ms_extr,Millones de pesos de 2018,
1931.0,Criterio CCNN,ms_extr,Millones de pesos de 2018,
1932.0,Criterio CCNN,ms_extr,Millones de pesos de 2018,
1933.0,Criterio CCNN,ms_extr,Millones de pesos de 2018,
1934.0,Criterio CCNN,ms_extr,Millones de pesos de 2018,
1935.0,Criterio CCNN,ms_extr,Millones de pesos de 2018,
1936.0,Criterio CCNN,ms_extr,Millones de pesos de 2018,
1937.0,Criterio CCNN,ms_extr,Millones de pesos de 2018,
1938.0,Criterio CCNN,ms_extr,Millones de pesos de 2018,
1939.0,Criterio CCNN,ms_extr,Millones de pesos de 2018,
1940.0,Criterio CCNN,ms_extr,Millones de pesos de 2018,
1941.0,Criterio CCNN,ms_extr,Millones de pesos de 2018,
1942.0,Criterio CCNN,ms_extr,Millones de pesos de 2018,
1943.0,Criterio CCNN,ms_extr,Millones de pesos de 2018,
1944.0,Criterio CCNN,ms_extr,Millones de pesos de 2018,
1945.0,Criterio CCNN,ms_extr,Millones de pesos de 2018,
1946.0,Criterio CCNN,ms_extr,Millones de pesos de 2018,
1947.0,Criterio CCNN,ms_extr,Millones de pesos de 2018,
1948.0,Criterio CCNN,ms_extr,Millones de pesos de 2018,
1949.0,Criterio CCNN,ms_extr,Millones de pesos de 2018,
1950.0,Criterio CCNN,ms_extr,Millones de pesos de 2018,
1951.0,Criterio CCNN,ms_extr,Millones de pesos de 2018,
1952.0,Criterio CCNN,ms_extr,Millones de pesos de 2018,
1953.0,Criterio CCNN,ms_extr,Millones de pesos de 2018,
1954.0,Criterio CCNN,ms_extr,Millones de pesos de 2018,
1955.0,Criterio CCNN,ms_extr,Millones de pesos de 2018,
1956.0,Criterio CCNN,ms_extr,Millones de pesos de 2018,
1957.0,Criterio CCNN,ms_extr,Millones de pesos de 2018,
1958.0,Criterio CCNN,ms_extr,Millones de pesos de 2018,
1959.0,Criterio CCNN,ms_extr,Millones de pesos de 2018,
1960.0,Criterio CCNN,ms_extr,Millones de pesos de 2018,
1961.0,Criterio CCNN,ms_extr,Millones de pesos de 2018,
1962.0,Criterio CCNN,ms_extr,Millones de pesos de 2018,
1963.0,Criterio CCNN,ms_extr,Millones de pesos de 2018,
1964.0,Criterio CCNN,ms_extr,Millones de pesos de 2018,
1965.0,Criterio CCNN,ms_extr,Millones de pesos de 2018,
1966.0,Criterio CCNN,ms_extr,Millones de pesos de 2018,
1967.0,Criterio CCNN,ms_extr,Millones de pesos de 2018,
1968.0,Criterio CCNN,ms_extr,Millones de pesos de 2018,
1969.0,Criterio CCNN,ms_extr,Millones de pesos de 2018,
1970.0,Criterio CCNN,ms_extr,Millones de pesos de 2018,
1971.0,Criterio CCNN,ms_extr,Millones de pesos de 2018,2461.9582509162697
1972.0,Criterio CCNN,ms_extr,Millones de pesos de 2018,2110.2192912330365
1973.0,Criterio CCNN,ms_extr,Millones de pesos de 2018,
1974.0,Criterio CCNN,ms_extr,Millones de pesos de 2018,4614.917635128148
1975.0,Criterio CCNN,ms_extr,Millones de pesos de 2018,2864.4043801433313
1976.0,Criterio CCNN,ms_extr,Millones de pesos de 2018,3956.9056559778014
1977.0,Criterio CCNN,ms_extr,Millones de pesos de 2018,3854.272056401612
1978.0,Criterio CCNN,ms_extr,Millones de pesos de 2018,5008.753714019472
1979.0,Criterio CCNN,ms_extr,Millones de pesos de 2018,
1980.0,Criterio CCNN,ms_extr,Millones de pesos de 2018,
1981.0,Criterio CCNN,ms_extr,Millones de pesos de 2018,
1982.0,Criterio CCNN,ms_extr,Millones de pesos de 2018,
1983.0,Criterio CCNN,ms_extr,Millones de pesos de 2018,
1984.0,Criterio CCNN,ms_extr,Millones de pesos de 2018,6819.1514188737665
1985.0,Criterio CCNN,ms_extr,Millones de pesos de 2018,8189.367621496873
1986.0,Criterio CCNN,ms_extr,Millones de pesos de 2018,7008.805199007031
1987.0,Criterio CCNN,ms_extr,Millones de pesos de 2018,5611.756382767553
1988.0,Criterio CCNN,ms_extr,Millones de pesos de 2018,7568.003488976275
1989.0,Criterio CCNN,ms_extr,Millones de pesos de 2018,
1990.0,Criterio CCNN,ms_extr,Millones de pesos de 2018,
1991.0,Criterio CCNN,ms_extr,Millones de pesos de 2018,
1992.0,Criterio CCNN,ms_extr,Millones de pesos de 2018,
1993.0,Criterio CCNN,ms_extr,Millones de pesos de 2018,4251.832325266701
1993.0,Criterio CCNN,ms_extr,Millones de pesos de 2018,4251.832325266701
1994.0,Criterio CCNN,ms_extr,Millones de pesos de 2018,4391.369631083367
1994.0,Criterio CCNN,ms_extr,Millones de pesos de 2018,4391.369631083367
1995.0,Criterio CCNN,ms_extr,Millones de pesos de 2018,4991.206544704217
1995.0,Criterio CCNN,ms_extr,Millones de pesos de 2018,4991.206544704217
1996.0,Criterio CCNN,ms_extr,Millones de pesos de 2018,6652.274910286791
1996.0,Criterio CCNN,ms_extr,Millones de pesos de 2018,6652.274910286791
1997.0,Criterio CCNN,ms_extr,Millones de pesos de 2018,6715.010032187008
1997.0,Criterio CCNN,ms_extr,Millones de pesos de 2018,6715.010032187008
1998.0,Criterio CCNN,ms_extr,Millones de pesos de 2018,4966.307185475734
1998.0,Criterio CCNN,ms_extr,Millones de pesos de 2018,4966.307185475734
1999.0,Criterio CCNN,ms_extr,Millones de pesos de 2018,6067.002429968167
1999.0,Criterio CCNN,ms_extr,Millones de pesos de 2018,6067.002429968167
2000.0,Criterio CCNN,ms_extr,Millones de pesos de 2018,9118.73209120447
2000.0,Criterio CCNN,ms_extr,Millones de pesos de 2018,9118.73209120447
2001.0,Criterio CCNN,ms_extr,Millones de pesos de 2018,8305.952743779162
2001.0,Criterio CCNN,ms_extr,Millones de pesos de 2018,8305.952743779162
2002.0,Criterio CCNN,ms_extr,Millones de pesos de 2018,16101.232468924372
2002.0,Criterio CCNN,ms_extr,Millones de pesos de 2018,16101.232468924372
2003.0,Criterio CCNN,ms_extr,Millones de pesos de 2018,15718.482703250078
2003.0,Criterio CCNN,ms_extr,Millones de pesos de 2018,15718.482703250078
2004.0,Criterio CCNN,ms_extr,Millones de pesos de 2018,17144.68224132402
2004.0,Criterio CCNN,ms_extr,Millones de pesos de 2018,17144.68224132402
2005.0,Criterio CCNN,ms_extr,Millones de pesos de 2018,18847.000114926333
2005.0,Criterio CCNN,ms_extr,Millones de pesos de 2018,18847.000114926333
2006.0,Criterio CCNN,ms_extr,Millones de pesos de 2018,20363.831018128072
2006.0,Criterio CCNN,ms_extr,Millones de pesos de 2018,20363.831018128072
2007.0,Criterio CCNN,ms_extr,Millones de pesos de 2018,18628.423609190995
2007.0,Criterio CCNN,ms_extr,Millones de pesos de 2018,18628.423609190995
2008.0,Criterio CCNN,ms_extr,Millones de pesos de 2018,17318.268026895443
2008.0,Criterio CCNN,ms_extr,Millones de pesos de 2018,17318.268026895443
2009.0,Criterio CCNN,ms_extr,Millones de pesos de 2018,16489.959059051263
2009.0,Criterio CCNN,ms_extr,Millones de pesos de 2018,16489.959059051263
2010.0,Criterio CCNN,ms_extr,Millones de pesos de 2018,15666.73160593652
2011.0,Criterio CCNN,ms_extr,Millones de pesos de 2018,14639.269426757406
2012.0,Criterio CCNN,ms_extr,Millones de pesos de 2018,14333.407930873313
2013.0,Criterio CCNN,ms_extr,Millones de pesos de 2018,13079.93564985943
2014.0,Criterio CCNN,ms_extr,Millones de pesos de 2018,14200.884171105676
2015.0,Criterio CCNN,ms_extr,Millones de pesos de 2018,12006.468064730374
2016.0,Criterio CCNN,ms_extr,Millones de pesos de 2018,12562.749536347961
2017.0,Criterio CCNN,ms_extr,Millones de pesos de 2018,10932.445570681644
2018.0,Criterio CCNN,ms_extr,Millones de pesos de 2018,18809.38195261147
2019.0,Criterio CCNN,ms_extr,Millones de pesos de 2018,17780.868656349263
2020.0,Criterio CCNN,ms_extr,Millones de pesos de 2018,12540.928701465156
2021.0,Criterio CCNN,ms_extr,Millones de pesos de 2018,14322.030135161624
2022.0,Criterio CCNN,ms_extr,Millones de pesos de 2018,16387.745945399394
2023.0,Criterio CCNN,ms_extr,Millones de pesos de 2018,16658.436263111606
2024.0,Criterio CCNN,ms_extr,Millones de pesos de 2018,18936.22073666017
2025.0,Criterio CCNN,ms_extr,Millones de pesos de 2018,
2026.0,Criterio CCNN,ms_extr,Millones de pesos de 2018,
1960.0,Empalme CCNN,ms_extr,Millones de pesos de 2018,
1961.0,Empalme CCNN,ms_extr,Millones de pesos de 2018,
1962.0,Empalme CCNN,ms_extr,Millones de pesos de 2018,
1963.0,Empalme CCNN,ms_extr,Millones de pesos de 2018,
1964.0,Empalme CCNN,ms_extr,Millones de pesos de 2018,
1965.0,Empalme CCNN,ms_extr,Millones de pesos de 2018,
1966.0,Empalme CCNN,ms_extr,Millones de pesos de 2018,
1967.0,Empalme CCNN,ms_extr,Millones de pesos de 2018,
1968.0,Empalme CCNN,ms_extr,Millones de pesos de 2018,
1969.0,Empalme CCNN,ms_extr,Millones de pesos de 2018,
1970.0,Empalme CCNN,ms_extr,Millones de pesos de 2018,
1971.0,Empalme CCNN,ms_extr,Millones de pesos de 2018,3522.3543238318507
1972.0,Empalme CCNN,ms_extr,Millones de pesos de 2018,3019.117014653576
1973.0,Empalme CCNN,ms_extr,Millones de pesos de 2018,
1974.0,Empalme CCNN,ms_extr,Millones de pesos de 2018,6602.620121674162
1975.0,Empalme CCNN,ms_extr,Millones de pesos de 2018,4098.139011839763
1976.0,Empalme CCNN,ms_extr,Millones de pesos de 2018,5661.194190088696
1977.0,Empalme CCNN,ms_extr,Millones de pesos de 2018,5514.355021267263
1978.0,Empalme CCNN,ms_extr,Millones de pesos de 2018,7166.086303461587
1979.0,Empalme CCNN,ms_extr,Millones de pesos de 2018,
1980.0,Empalme CCNN,ms_extr,Millones de pesos de 2018,
1981.0,Empalme CCNN,ms_extr,Millones de pesos de 2018,
1982.0,Empalme CCNN,ms_extr,Millones de pesos de 2018,
1983.0,Empalme CCNN,ms_extr,Millones de pesos de 2018,
1984.0,Empalme CCNN,ms_extr,Millones de pesos de 2018,9756.244841355354
1985.0,Empalme CCNN,ms_extr,Millones de pesos de 2018,11716.630223234884
1986.0,Empalme CCNN,ms_extr,Millones de pesos de 2018,10027.584866002335
1987.0,Empalme CCNN,ms_extr,Millones de pesos de 2018,8028.809729724588
1988.0,Empalme CCNN,ms_extr,Millones de pesos de 2018,10827.63682213095
1989.0,Empalme CCNN,ms_extr,Millones de pesos de 2018,
1990.0,Empalme CCNN,ms_extr,Millones de pesos de 2018,
1991.0,Empalme CCNN,ms_extr,Millones de pesos de 2018,
1992.0,Empalme CCNN,ms_extr,Millones de pesos de 2018,
1993.0,Empalme CCNN,ms_extr,Millones de pesos de 2018,6083.149448020651
1993.0,Empalme CCNN,ms_extr,Millones de pesos de 2018,6083.149448020651
1993.0,Empalme CCNN,ms_extr,Millones de pesos de 2018,6083.149448020651
1993.0,Empalme CCNN,ms_extr,Millones de pesos de 2018,6083.149448020651
1994.0,Empalme CCNN,ms_extr,Millones de pesos de 2018,6282.787208854434
1994.0,Empalme CCNN,ms_extr,Millones de pesos de 2018,6282.787208854434
1994.0,Empalme CCNN,ms_extr,Millones de pesos de 2018,6282.787208854434
1994.0,Empalme CCNN,ms_extr,Millones de pesos de 2018,6282.787208854434
1995.0,Empalme CCNN,ms_extr,Millones de pesos de 2018,7140.981349839568
1995.0,Empalme CCNN,ms_extr,Millones de pesos de 2018,7140.981349839568
1995.0,Empalme CCNN,ms_extr,Millones de pesos de 2018,7140.981349839568
1995.0,Empalme CCNN,ms_extr,Millones de pesos de 2018,7140.981349839568
1996.0,Empalme CCNN,ms_extr,Millones de pesos de 2018,9517.492542713191
1996.0,Empalme CCNN,ms_extr,Millones de pesos de 2018,9517.492542713191
1996.0,Empalme CCNN,ms_extr,Millones de pesos de 2018,9517.492542713191
1996.0,Empalme CCNN,ms_extr,Millones de pesos de 2018,9517.492542713191
1997.0,Empalme CCNN,ms_extr,Millones de pesos de 2018,9607.248462741123
1997.0,Empalme CCNN,ms_extr,Millones de pesos de 2018,9607.248462741123
1997.0,Empalme CCNN,ms_extr,Millones de pesos de 2018,9607.248462741123
1997.0,Empalme CCNN,ms_extr,Millones de pesos de 2018,9607.248462741123
1998.0,Empalme CCNN,ms_extr,Millones de pesos de 2018,7105.357526565373
1998.0,Empalme CCNN,ms_extr,Millones de pesos de 2018,7105.357526565373
1998.0,Empalme CCNN,ms_extr,Millones de pesos de 2018,7105.357526565373
1998.0,Empalme CCNN,ms_extr,Millones de pesos de 2018,7105.357526565373
1999.0,Empalme CCNN,ms_extr,Millones de pesos de 2018,8680.1359177977
1999.0,Empalme CCNN,ms_extr,Millones de pesos de 2018,8680.1359177977
1999.0,Empalme CCNN,ms_extr,Millones de pesos de 2018,8680.1359177977
1999.0,Empalme CCNN,ms_extr,Millones de pesos de 2018,8680.1359177977
2000.0,Empalme CCNN,ms_extr,Millones de pesos de 2018,13046.283541714973
2000.0,Empalme CCNN,ms_extr,Millones de pesos de 2018,13046.283541714973
2000.0,Empalme CCNN,ms_extr,Millones de pesos de 2018,13046.283541714973
2000.0,Empalme CCNN,ms_extr,Millones de pesos de 2018,13046.283541714973
2001.0,Empalme CCNN,ms_extr,Millones de pesos de 2018,11883.430009304637
2001.0,Empalme CCNN,ms_extr,Millones de pesos de 2018,11883.430009304637
2001.0,Empalme CCNN,ms_extr,Millones de pesos de 2018,11883.430009304637
2001.0,Empalme CCNN,ms_extr,Millones de pesos de 2018,11883.430009304637
2002.0,Empalme CCNN,ms_extr,Millones de pesos de 2018,23036.233772376174
2002.0,Empalme CCNN,ms_extr,Millones de pesos de 2018,23036.233772376174
2002.0,Empalme CCNN,ms_extr,Millones de pesos de 2018,23036.233772376174
2002.0,Empalme CCNN,ms_extr,Millones de pesos de 2018,23036.233772376174
2003.0,Empalme CCNN,ms_extr,Millones de pesos de 2018,22488.628916945854
2003.0,Empalme CCNN,ms_extr,Millones de pesos de 2018,22488.628916945854
2003.0,Empalme CCNN,ms_extr,Millones de pesos de 2018,22488.628916945854
2003.0,Empalme CCNN,ms_extr,Millones de pesos de 2018,22488.628916945854
2004.0,Empalme CCNN,ms_extr,Millones de pesos de 2018,13129.36188485729
2004.0,Empalme CCNN,ms_extr,Millones de pesos de 2018,13129.36188485729
2004.0,Empalme CCNN,ms_extr,Millones de pesos de 2018,13129.36188485729
2004.0,Empalme CCNN,ms_extr,Millones de pesos de 2018,13129.36188485729
2005.0,Empalme CCNN,ms_extr,Millones de pesos de 2018,15606.367329198021
2005.0,Empalme CCNN,ms_extr,Millones de pesos de 2018,15606.367329198021
2005.0,Empalme CCNN,ms_extr,Millones de pesos de 2018,15606.367329198021
2005.0,Empalme CCNN,ms_extr,Millones de pesos de 2018,15606.367329198021
2006.0,Empalme CCNN,ms_extr,Millones de pesos de 2018,18475.031594031127
2006.0,Empalme CCNN,ms_extr,Millones de pesos de 2018,18475.031594031127
2006.0,Empalme CCNN,ms_extr,Millones de pesos de 2018,18475.031594031127
2006.0,Empalme CCNN,ms_extr,Millones de pesos de 2018,18475.031594031127
2007.0,Empalme CCNN,ms_extr,Millones de pesos de 2018,22518.368773514372
2007.0,Empalme CCNN,ms_extr,Millones de pesos de 2018,22518.368773514372
2007.0,Empalme CCNN,ms_extr,Millones de pesos de 2018,22518.368773514372
2007.0,Empalme CCNN,ms_extr,Millones de pesos de 2018,22518.368773514372
2008.0,Empalme CCNN,ms_extr,Millones de pesos de 2018,25603.26848930833
2008.0,Empalme CCNN,ms_extr,Millones de pesos de 2018,25603.26848930833
2008.0,Empalme CCNN,ms_extr,Millones de pesos de 2018,25603.26848930833
2008.0,Empalme CCNN,ms_extr,Millones de pesos de 2018,25603.26848930833
2009.0,Empalme CCNN,ms_extr,Millones de pesos de 2018,26961.33103436094
2009.0,Empalme CCNN,ms_extr,Millones de pesos de 2018,26961.33103436094
2009.0,Empalme CCNN,ms_extr,Millones de pesos de 2018,26961.33103436094
2009.0,Empalme CCNN,ms_extr,Millones de pesos de 2018,26961.33103436094
2010.0,Empalme CCNN,ms_extr,Millones de pesos de 2018,26677.372654997696
2011.0,Empalme CCNN,ms_extr,Millones de pesos de 2018,29491.084359317047
2012.0,Empalme CCNN,ms_extr,Millones de pesos de 2018,29821.815795529303
2013.0,Empalme CCNN,ms_extr,Millones de pesos de 2018,30630.205983783108
2014.0,Empalme CCNN,ms_extr,Millones de pesos de 2018,30256.153019074274
2015.0,Empalme CCNN,ms_extr,Millones de pesos de 2018,32491.15565239272
2016.0,Empalme CCNN,ms_extr,Millones de pesos de 2018,28894.314159637266
2017.0,Empalme CCNN,ms_extr,Millones de pesos de 2018,29521.090224044026
2018.0,Empalme CCNN,ms_extr,Millones de pesos de 2018,36226.18038688063
2019.0,Empalme CCNN,ms_extr,Millones de pesos de 2018,38817.87419600463
2020.0,Empalme CCNN,ms_extr,Millones de pesos de 2018,36209.78206746248
2021.0,Empalme CCNN,ms_extr,Millones de pesos de 2018,
2022.0,Empalme CCNN,ms_extr,Millones de pesos de 2018,
2023.0,Empalme CCNN,ms_extr,Millones de pesos de 2018,
2024.0,Empalme CCNN,ms_extr,Millones de pesos de 2018,
2025.0,Empalme CCNN,ms_extr,Millones de pesos de 2018,
2026.0,Empalme CCNN,ms_extr,Millones de pesos de 2018,
2027.0,Empalme CCNN,ms_extr,Millones de pesos de 2018,
2028.0,Empalme CCNN,ms_extr,Millones de pesos de 2018,
2029.0,Empalme CCNN,ms_extr,Millones de pesos de 2018,
2030.0,Empalme CCNN,ms_extr,Millones de pesos de 2018,
1922.0,Criterio propio,ms_extr,Millones de pesos de 2018,
1923.0,Criterio propio,ms_extr,Millones de pesos de 2018,
1924.0,Criterio propio,ms_extr,Millones de pesos de 2018,
1925.0,Criterio propio,ms_extr,Millones de pesos de 2018,
1926.0,Criterio propio,ms_extr,Millones de pesos de 2018,
1927.0,Criterio propio,ms_extr,Millones de pesos de 2018,
1928.0,Criterio propio,ms_extr,Millones de pesos de 2018,
1929.0,Criterio propio,ms_extr,Millones de pesos de 2018,
1930.0,Criterio propio,ms_extr,Millones de pesos de 2018,
1931.0,Criterio propio,ms_extr,Millones de pesos de 2018,
1932.0,Criterio propio,ms_extr,Millones de pesos de 2018,
1933.0,Criterio propio,ms_extr,Millones de pesos de 2018,
1934.0,Criterio propio,ms_extr,Millones de pesos de 2018,
1935.0,Criterio propio,ms_extr,Millones de pesos de 2018,
1936.0,Criterio propio,ms_extr,Millones de pesos de 2018,
1937.0,Criterio propio,ms_extr,Millones de pesos de 2018,
1938.0,Criterio propio,ms_extr,Millones de pesos de 2018,
1939.0,Criterio propio,ms_extr,Millones de pesos de 2018,
1940.0,Criterio propio,ms_extr,Millones de pesos de 2018,
1941.0,Criterio propio,ms_extr,Millones de pesos de 2018,
1942.0,Criterio propio,ms_extr,Millones de pesos de 2018,
1943.0,Criterio propio,ms_extr,Millones de pesos de 2018,
1944.0,Criterio propio,ms_extr,Millones de pesos de 2018,
1945.0,Criterio propio,ms_extr,Millones de pesos de 2018,
1946.0,Criterio propio,ms_extr,Millones de pesos de 2018,
1947.0,Criterio propio,ms_extr,Millones de pesos de 2018,
1948.0,Criterio propio,ms_extr,Millones de pesos de 2018,
1949.0,Criterio propio,ms_extr,Millones de pesos de 2018,
1950.0,Criterio propio,ms_extr,Millones de pesos de 2018,
1951.0,Criterio propio,ms_extr,Millones de pesos de 2018,
1952.0,Criterio propio,ms_extr,Millones de pesos de 2018,
1953.0,Criterio propio,ms_extr,Millones de pesos de 2018,
1954.0,Criterio propio,ms_extr,Millones de pesos de 2018,
1955.0,Criterio propio,ms_extr,Millones de pesos de 2018,
1956.0,Criterio propio,ms_extr,Millones de pesos de 2018,
1957.0,Criterio propio,ms_extr,Millones de pesos de 2018,
1958.0,Criterio propio,ms_extr,Millones de pesos de 2018,
1959.0,Criterio propio,ms_extr,Millones de pesos de 2018,
1960.0,Criterio propio,ms_extr,Millones de pesos de 2018,
1961.0,Criterio propio,ms_extr,Millones de pesos de 2018,
1962.0,Criterio propio,ms_extr,Millones de pesos de 2018,
1963.0,Criterio propio,ms_extr,Millones de pesos de 2018,
1964.0,Criterio propio,ms_extr,Millones de pesos de 2018,
1965.0,Criterio propio,ms_extr,Millones de pesos de 2018,
1966.0,Criterio propio,ms_extr,Millones de pesos de 2018,
1967.0,Criterio propio,ms_extr,Millones de pesos de 2018,
1968.0,Criterio propio,ms_extr,Millones de pesos de 2018,
1969.0,Criterio propio,ms_extr,Millones de pesos de 2018,
1970.0,Criterio propio,ms_extr,Millones de pesos de 2018,
1971.0,Criterio propio,ms_extr,Millones de pesos de 2018,3522.3543238318507
1972.0,Criterio propio,ms_extr,Millones de pesos de 2018,3019.117014653576
1973.0,Criterio propio,ms_extr,Millones de pesos de 2018,
1974.0,Criterio propio,ms_extr,Millones de pesos de 2018,6602.620121674162
1975.0,Criterio propio,ms_extr,Millones de pesos de 2018,4098.139011839763
1976.0,Criterio propio,ms_extr,Millones de pesos de 2018,5661.194190088696
1977.0,Criterio propio,ms_extr,Millones de pesos de 2018,5514.355021267263
1978.0,Criterio propio,ms_extr,Millones de pesos de 2018,7166.086303461587
1979.0,Criterio propio,ms_extr,Millones de pesos de 2018,
1980.0,Criterio propio,ms_extr,Millones de pesos de 2018,
1981.0,Criterio propio,ms_extr,Millones de pesos de 2018,
1982.0,Criterio propio,ms_extr,Millones de pesos de 2018,
1983.0,Criterio propio,ms_extr,Millones de pesos de 2018,
1984.0,Criterio propio,ms_extr,Millones de pesos de 2018,9756.244841355354
1985.0,Criterio propio,ms_extr,Millones de pesos de 2018,11716.630223234884
1986.0,Criterio propio,ms_extr,Millones de pesos de 2018,10027.584866002335
1987.0,Criterio propio,ms_extr,Millones de pesos de 2018,8028.809729724588
1988.0,Criterio propio,ms_extr,Millones de pesos de 2018,10827.63682213095
1989.0,Criterio propio,ms_extr,Millones de pesos de 2018,
1990.0,Criterio propio,ms_extr,Millones de pesos de 2018,
1991.0,Criterio propio,ms_extr,Millones de pesos de 2018,
1992.0,Criterio propio,ms_extr,Millones de pesos de 2018,
1993.0,Criterio propio,ms_extr,Millones de pesos de 2018,6083.149448020651
1993.0,Criterio propio,ms_extr,Millones de pesos de 2018,6083.149448020651
1993.0,Criterio propio,ms_extr,Millones de pesos de 2018,6083.149448020651
1993.0,Criterio propio,ms_extr,Millones de pesos de 2018,6083.149448020651
1994.0,Criterio propio,ms_extr,Millones de pesos de 2018,6282.787208854434
1994.0,Criterio propio,ms_extr,Millones de pesos de 2018,6282.787208854434
1994.0,Criterio propio,ms_extr,Millones de pesos de 2018,6282.787208854434
1994.0,Criterio propio,ms_extr,Millones de pesos de 2018,6282.787208854434
1995.0,Criterio propio,ms_extr,Millones de pesos de 2018,7140.981349839568
1995.0,Criterio propio,ms_extr,Millones de pesos de 2018,7140.981349839568
1995.0,Criterio propio,ms_extr,Millones de pesos de 2018,7140.981349839568
1995.0,Criterio propio,ms_extr,Millones de pesos de 2018,7140.981349839568
1996.0,Criterio propio,ms_extr,Millones de pesos de 2018,9517.492542713191
1996.0,Criterio propio,ms_extr,Millones de pesos de 2018,9517.492542713191
1996.0,Criterio propio,ms_extr,Millones de pesos de 2018,9517.492542713191
1996.0,Criterio propio,ms_extr,Millones de pesos de 2018,9517.492542713191
1997.0,Criterio propio,ms_extr,Millones de pesos de 2018,9607.248462741123
1997.0,Criterio propio,ms_extr,Millones de pesos de 2018,9607.248462741123
1997.0,Criterio propio,ms_extr,Millones de pesos de 2018,9607.248462741123
1997.0,Criterio propio,ms_extr,Millones de pesos de 2018,9607.248462741123
1998.0,Criterio propio,ms_extr,Millones de pesos de 2018,7105.357526565373
1998.0,Criterio propio,ms_extr,Millones de pesos de 2018,7105.357526565373
1998.0,Criterio propio,ms_extr,Millones de pesos de 2018,7105.357526565373
1998.0,Criterio propio,ms_extr,Millones de pesos de 2018,7105.357526565373
1999.0,Criterio propio,ms_extr,Millones de pesos de 2018,8680.1359177977
1999.0,Criterio propio,ms_extr,Millones de pesos de 2018,8680.1359177977
1999.0,Criterio propio,ms_extr,Millones de pesos de 2018,8680.1359177977
1999.0,Criterio propio,ms_extr,Millones de pesos de 2018,8680.1359177977
2000.0,Criterio propio,ms_extr,Millones de pesos de 2018,13046.283541714973
2000.0,Criterio propio,ms_extr,Millones de pesos de 2018,13046.283541714973
2000.0,Criterio propio,ms_extr,Millones de pesos de 2018,13046.283541714973
2000.0,Criterio propio,ms_extr,Millones de pesos de 2018,13046.283541714973
2001.0,Criterio propio,ms_extr,Millones de pesos de 2018,11883.430009304637
2001.0,Criterio propio,ms_extr,Millones de pesos de 2018,11883.430009304637
2001.0,Criterio propio,ms_extr,Millones de pesos de 2018,11883.430009304637
2001.0,Criterio propio,ms_extr,Millones de pesos de 2018,11883.430009304637
2002.0,Criterio propio,ms_extr,Millones de pesos de 2018,23036.233772376174
2002.0,Criterio propio,ms_extr,Millones de pesos de 2018,23036.233772376174
2002.0,Criterio propio,ms_extr,Millones de pesos de 2018,23036.233772376174
2002.0,Criterio propio,ms_extr,Millones de pesos de 2018,23036.233772376174
2003.0,Criterio propio,ms_extr,Millones de pesos de 2018,22488.628916945854
2003.0,Criterio propio,ms_extr,Millones de pesos de 2018,22488.628916945854
2003.0,Criterio propio,ms_extr,Millones de pesos de 2018,22488.628916945854
2003.0,Criterio propio,ms_extr,Millones de pesos de 2018,22488.628916945854
2004.0,Criterio propio,ms_extr,Millones de pesos de 2018,13129.36188485729
2004.0,Criterio propio,ms_extr,Millones de pesos de 2018,13129.36188485729
2004.0,Criterio propio,ms_extr,Millones de pesos de 2018,13129.36188485729
2004.0,Criterio propio,ms_extr,Millones de pesos de 2018,13129.36188485729
2005.0,Criterio propio,ms_extr,Millones de pesos de 2018,15606.367329198021
2005.0,Criterio propio,ms_extr,Millones de pesos de 2018,15606.367329198021
2005.0,Criterio propio,ms_extr,Millones de pesos de 2018,15606.367329198021
2005.0,Criterio propio,ms_extr,Millones de pesos de 2018,15606.367329198021
2006.0,Criterio propio,ms_extr,Millones de pesos de 2018,18475.031594031127
2006.0,Criterio propio,ms_extr,Millones de pesos de 2018,18475.031594031127
2006.0,Criterio propio,ms_extr,Millones de pesos de 2018,18475.031594031127
2006.0,Criterio propio,ms_extr,Millones de pesos de 2018,18475.031594031127
2007.0,Criterio propio,ms_extr,Millones de pesos de 2018,22518.368773514372
2007.0,Criterio propio,ms_extr,Millones de pesos de 2018,22518.368773514372
2007.0,Criterio propio,ms_extr,Millones de pesos de 2018,22518.368773514372
2007.0,Criterio propio,ms_extr,Millones de pesos de 2018,22518.368773514372
2008.0,Criterio propio,ms_extr,Millones de pesos de 2018,25603.26848930833
2008.0,Criterio propio,ms_extr,Millones de pesos de 2018,25603.26848930833
2008.0,Criterio propio,ms_extr,Millones de pesos de 2018,25603.26848930833
2008.0,Criterio propio,ms_extr,Millones de pesos de 2018,25603.26848930833
2009.0,Criterio propio,ms_extr,Millones de pesos de 2018,26961.33103436094
2009.0,Criterio propio,ms_extr,Millones de pesos de 2018,26961.33103436094
2009.0,Criterio propio,ms_extr,Millones de pesos de 2018,26961.33103436094
2009.0,Criterio propio,ms_extr,Millones de pesos de 2018,26961.33103436094
2010.0,Criterio propio,ms_extr,Millones de pesos de 2018,26677.372654997696
2011.0,Criterio propio,ms_extr,Millones de pesos de 2018,29491.084359317047
2012.0,Criterio propio,ms_extr,Millones de pesos de 2018,29821.815795529303
2013.0,Criterio propio,ms_extr,Millones de pesos de 2018,30630.205983783108
2014.0,Criterio propio,ms_extr,Millones de pesos de 2018,30256.153019074274
2015.0,Criterio propio,ms_extr,Millones de pesos de 2018,32491.15565239272
2016.0,Criterio propio,ms_extr,Millones de pesos de 2018,28894.314159637266
2017.0,Criterio propio,ms_extr,Millones de pesos de 2018,29521.090224044026
2018.0,Criterio propio,ms_extr,Millones de pesos de 2018,36226.18038688063
2019.0,Criterio propio,ms_extr,Millones de pesos de 2018,38817.87419600463
2020.0,Criterio propio,ms_extr,Millones de pesos de 2018,36209.78206746248
2021.0,Criterio propio,ms_extr,Millones de pesos de 2018,
2022.0,Criterio propio,ms_extr,Millones de pesos de 2018,
2023.0,Criterio propio,ms_extr,Millones de pesos de 2018,
2024.0,Criterio propio,ms_extr,Millones de pesos de 2018,
2025.0,Criterio propio,ms_extr,Millones de pesos de 2018,
2026.0,Criterio propio,ms_extr,Millones de pesos de 2018,
2004.0,CCNN oficial,va_tot,Millones de pesos de 2018,372618.64992870326
2005.0,CCNN oficial,va_tot,Millones de pesos de 2018,392625.4840838753
2006.0,CCNN oficial,va_tot,Millones de pesos de 2018,476107.07985416893
2007.0,CCNN oficial,va_tot,Millones de pesos de 2018,398288.57810477016
2008.0,CCNN oficial,va_tot,Millones de pesos de 2018,358657.37989792257
2009.0,CCNN oficial,va_tot,Millones de pesos de 2018,362072.0366317346
2010.0,CCNN oficial,va_tot,Millones de pesos de 2018,343874.8186978215
2011.0,CCNN oficial,va_tot,Millones de pesos de 2018,307831.10309909406
2012.0,CCNN oficial,va_tot,Millones de pesos de 2018,294172.36916733714
2013.0,CCNN oficial,va_tot,Millones de pesos de 2018,278610.90742672875
2014.0,CCNN oficial,va_tot,Millones de pesos de 2018,358010.4440864103
2015.0,CCNN oficial,va_tot,Millones de pesos de 2018,312781.48784051544
2016.0,CCNN oficial,va_tot,Millones de pesos de 2018,316201.31076141493
2017.0,CCNN oficial,va_tot,Millones de pesos de 2018,298229.68698552175
2018.0,CCNN oficial,va_tot,Millones de pesos de 2018,465293.03930077143
2019.0,CCNN oficial,va_tot,Millones de pesos de 2018,445880.5552072307
2020.0,CCNN oficial,va_tot,Millones de pesos de 2018,289529.10428538895
1922.0,Criterio CCNN,va_tot,Millones de pesos de 2018,
1923.0,Criterio CCNN,va_tot,Millones de pesos de 2018,
1924.0,Criterio CCNN,va_tot,Millones de pesos de 2018,
1925.0,Criterio CCNN,va_tot,Millones de pesos de 2018,
1926.0,Criterio CCNN,va_tot,Millones de pesos de 2018,
1927.0,Criterio CCNN,va_tot,Millones de pesos de 2018,
1928.0,Criterio CCNN,va_tot,Millones de pesos de 2018,
1929.0,Criterio CCNN,va_tot,Millones de pesos de 2018,
1930.0,Criterio CCNN,va_tot,Millones de pesos de 2018,
1931.0,Criterio CCNN,va_tot,Millones de pesos de 2018,
1932.0,Criterio CCNN,va_tot,Millones de pesos de 2018,
1933.0,Criterio CCNN,va_tot,Millones de pesos de 2018,
1934.0,Criterio CCNN,va_tot,Millones de pesos de 2018,
1935.0,Criterio CCNN,va_tot,Millones de pesos de 2018,
1936.0,Criterio CCNN,va_tot,Millones de pesos de 2018,
1937.0,Criterio CCNN,va_tot,Millones de pesos de 2018,
1938.0,Criterio CCNN,va_tot,Millones de pesos de 2018,
1939.0,Criterio CCNN,va_tot,Millones de pesos de 2018,
1940.0,Criterio CCNN,va_tot,Millones de pesos de 2018,
1941.0,Criterio CCNN,va_tot,Millones de pesos de 2018,
1942.0,Criterio CCNN,va_tot,Millones de pesos de 2018,
1943.0,Criterio CCNN,va_tot,Millones de pesos de 2018,
1944.0,Criterio CCNN,va_tot,Millones de pesos de 2018,
1945.0,Criterio CCNN,va_tot,Millones de pesos de 2018,
1946.0,Criterio CCNN,va_tot,Millones de pesos de 2018,
1947.0,Criterio CCNN,va_tot,Millones de pesos de 2018,
1948.0,Criterio CCNN,va_tot,Millones de pesos de 2018,
1949.0,Criterio CCNN,va_tot,Millones de pesos de 2018,
1950.0,Criterio CCNN,va_tot,Millones de pesos de 2018,
1951.0,Criterio CCNN,va_tot,Millones de pesos de 2018,
1952.0,Criterio CCNN,va_tot,Millones de pesos de 2018,
1953.0,Criterio CCNN,va_tot,Millones de pesos de 2018,
1954.0,Criterio CCNN,va_tot,Millones de pesos de 2018,
1955.0,Criterio CCNN,va_tot,Millones de pesos de 2018,
1956.0,Criterio CCNN,va_tot,Millones de pesos de 2018,
1957.0,Criterio CCNN,va_tot,Millones de pesos de 2018,
1958.0,Criterio CCNN,va_tot,Millones de pesos de 2018,
1959.0,Criterio CCNN,va_tot,Millones de pesos de 2018,
1960.0,Criterio CCNN,va_tot,Millones de pesos de 2018,
1961.0,Criterio CCNN,va_tot,Millones de pesos de 2018,
1962.0,Criterio CCNN,va_tot,Millones de pesos de 2018,
1963.0,Criterio CCNN,va_tot,Millones de pesos de 2018,
1964.0,Criterio CCNN,va_tot,Millones de pesos de 2018,
1965.0,Criterio CCNN,va_tot,Millones de pesos de 2018,
1966.0,Criterio CCNN,va_tot,Millones de pesos de 2018,
1967.0,Criterio CCNN,va_tot,Millones de pesos de 2018,
1968.0,Criterio CCNN,va_tot,Millones de pesos de 2018,
1969.0,Criterio CCNN,va_tot,Millones de pesos de 2018,
1970.0,Criterio CCNN,va_tot,Millones de pesos de 2018,
1971.0,Criterio CCNN,va_tot,Millones de pesos de 2018,
1972.0,Criterio CCNN,va_tot,Millones de pesos de 2018,
1973.0,Criterio CCNN,va_tot,Millones de pesos de 2018,
1974.0,Criterio CCNN,va_tot,Millones de pesos de 2018,
1975.0,Criterio CCNN,va_tot,Millones de pesos de 2018,
1976.0,Criterio CCNN,va_tot,Millones de pesos de 2018,
1977.0,Criterio CCNN,va_tot,Millones de pesos de 2018,
1978.0,Criterio CCNN,va_tot,Millones de pesos de 2018,
1979.0,Criterio CCNN,va_tot,Millones de pesos de 2018,
1980.0,Criterio CCNN,va_tot,Millones de pesos de 2018,
1981.0,Criterio CCNN,va_tot,Millones de pesos de 2018,
1982.0,Criterio CCNN,va_tot,Millones de pesos de 2018,
1983.0,Criterio CCNN,va_tot,Millones de pesos de 2018,
1984.0,Criterio CCNN,va_tot,Millones de pesos de 2018,
1985.0,Criterio CCNN,va_tot,Millones de pesos de 2018,
1986.0,Criterio CCNN,va_tot,Millones de pesos de 2018,
1987.0,Criterio CCNN,va_tot,Millones de pesos de 2018,
1988.0,Criterio CCNN,va_tot,Millones de pesos de 2018,
1989.0,Criterio CCNN,va_tot,Millones de pesos de 2018,
1990.0,Criterio CCNN,va_tot,Millones de pesos de 2018,
1991.0,Criterio CCNN,va_tot,Millones de pesos de 2018,
1992.0,Criterio CCNN,va_tot,Millones de pesos de 2018,
1993.0,Criterio CCNN,va_tot,Millones de pesos de 2018,44117.64385516888
1993.0,Criterio CCNN,va_tot,Millones de pesos de 2018,44096.62011423231
1994.0,Criterio CCNN,va_tot,Millones de pesos de 2018,45947.85659454362
1994.0,Criterio CCNN,va_tot,Millones de pesos de 2018,45928.43998674298
1995.0,Criterio CCNN,va_tot,Millones de pesos de 2018,52391.105591173706
1995.0,Criterio CCNN,va_tot,Millones de pesos de 2018,52370.77234732919
1996.0,Criterio CCNN,va_tot,Millones de pesos de 2018,71102.13879321744
1996.0,Criterio CCNN,va_tot,Millones de pesos de 2018,71063.76099838539
1997.0,Criterio CCNN,va_tot,Millones de pesos de 2018,73675.05407970509
1997.0,Criterio CCNN,va_tot,Millones de pesos de 2018,73638.36647871116
1998.0,Criterio CCNN,va_tot,Millones de pesos de 2018,63111.31333295971
1998.0,Criterio CCNN,va_tot,Millones de pesos de 2018,63091.07540450052
1999.0,Criterio CCNN,va_tot,Millones de pesos de 2018,64248.7287992261
1999.0,Criterio CCNN,va_tot,Millones de pesos de 2018,64225.63584738758
2000.0,Criterio CCNN,va_tot,Millones de pesos de 2018,87709.262078307
2000.0,Criterio CCNN,va_tot,Millones de pesos de 2018,87686.73915451574
2001.0,Criterio CCNN,va_tot,Millones de pesos de 2018,91959.17081918976
2001.0,Criterio CCNN,va_tot,Millones de pesos de 2018,91937.78641233144
2002.0,Criterio CCNN,va_tot,Millones de pesos de 2018,272297.6082778534
2002.0,Criterio CCNN,va_tot,Millones de pesos de 2018,272286.0385387309
2003.0,Criterio CCNN,va_tot,Millones de pesos de 2018,250869.11903645075
2003.0,Criterio CCNN,va_tot,Millones de pesos de 2018,250854.52138274832
2004.0,Criterio CCNN,va_tot,Millones de pesos de 2018,288480.58616092085
2004.0,Criterio CCNN,va_tot,Millones de pesos de 2018,288465.4102888525
2005.0,Criterio CCNN,va_tot,Millones de pesos de 2018,322382.124542396
2005.0,Criterio CCNN,va_tot,Millones de pesos de 2018,322382.124542396
2006.0,Criterio CCNN,va_tot,Millones de pesos de 2018,343150.34982324496
2006.0,Criterio CCNN,va_tot,Millones de pesos de 2018,343150.34982324496
2007.0,Criterio CCNN,va_tot,Millones de pesos de 2018,284668.05016858334
2007.0,Criterio CCNN,va_tot,Millones de pesos de 2018,284668.05016858334
2008.0,Criterio CCNN,va_tot,Millones de pesos de 2018,255607.55444536183
2008.0,Criterio CCNN,va_tot,Millones de pesos de 2018,255607.55444536183
2009.0,Criterio CCNN,va_tot,Millones de pesos de 2018,262365.7000904669
2009.0,Criterio CCNN,va_tot,Millones de pesos de 2018,262365.7000904669
2010.0,Criterio CCNN,va_tot,Millones de pesos de 2018,249050.6875551936
2011.0,Criterio CCNN,va_tot,Millones de pesos de 2018,215898.82148571598
2012.0,Criterio CCNN,va_tot,Millones de pesos de 2018,206620.29208362367
2013.0,Criterio CCNN,va_tot,Millones de pesos de 2018,180913.91483622076
2014.0,Criterio CCNN,va_tot,Millones de pesos de 2018,233030.52927919282
2015.0,Criterio CCNN,va_tot,Millones de pesos de 2018,198306.2784982444
2016.0,Criterio CCNN,va_tot,Millones de pesos de 2018,206941.37845232748
2017.0,Criterio CCNN,va_tot,Millones de pesos de 2018,182610.9345668752
2018.0,Criterio CCNN,va_tot,Millones de pesos de 2018,310525.5104316138
2019.0,Criterio CCNN,va_tot,Millones de pesos de 2018,292584.3023526667
2020.0,Criterio CCNN,va_tot,Millones de pesos de 2018,204958.1052157362
2021.0,Criterio CCNN,va_tot,Millones de pesos de 2018,
2022.0,Criterio CCNN,va_tot,Millones de pesos de 2018,
2023.0,Criterio CCNN,va_tot,Millones de pesos de 2018,
2024.0,Criterio CCNN,va_tot,Millones de pesos de 2018,
2025.0,Criterio CCNN,va_tot,Millones de pesos de 2018,
2026.0,Criterio CCNN,va_tot,Millones de pesos de 2018,
1960.0,Empalme CCNN,va_tot,Millones de pesos de 2018,
1961.0,Empalme CCNN,va_tot,Millones de pesos de 2018,
1962.0,Empalme CCNN,va_tot,Millones de pesos de 2018,
1963.0,Empalme CCNN,va_tot,Millones de pesos de 2018,
1964.0,Empalme CCNN,va_tot,Millones de pesos de 2018,
1965.0,Empalme CCNN,va_tot,Millones de pesos de 2018,
1966.0,Empalme CCNN,va_tot,Millones de pesos de 2018,
1967.0,Empalme CCNN,va_tot,Millones de pesos de 2018,
1968.0,Empalme CCNN,va_tot,Millones de pesos de 2018,
1969.0,Empalme CCNN,va_tot,Millones de pesos de 2018,
1970.0,Empalme CCNN,va_tot,Millones de pesos de 2018,
1971.0,Empalme CCNN,va_tot,Millones de pesos de 2018,
1972.0,Empalme CCNN,va_tot,Millones de pesos de 2018,
1973.0,Empalme CCNN,va_tot,Millones de pesos de 2018,
1974.0,Empalme CCNN,va_tot,Millones de pesos de 2018,
1975.0,Empalme CCNN,va_tot,Millones de pesos de 2018,
1976.0,Empalme CCNN,va_tot,Millones de pesos de 2018,
1977.0,Empalme CCNN,va_tot,Millones de pesos de 2018,
1978.0,Empalme CCNN,va_tot,Millones de pesos de 2018,
1979.0,Empalme CCNN,va_tot,Millones de pesos de 2018,
1980.0,Empalme CCNN,va_tot,Millones de pesos de 2018,
1981.0,Empalme CCNN,va_tot,Millones de pesos de 2018,
1982.0,Empalme CCNN,va_tot,Millones de pesos de 2018,
1983.0,Empalme CCNN,va_tot,Millones de pesos de 2018,
1984.0,Empalme CCNN,va_tot,Millones de pesos de 2018,
1985.0,Empalme CCNN,va_tot,Millones de pesos de 2018,
1986.0,Empalme CCNN,va_tot,Millones de pesos de 2018,
1987.0,Empalme CCNN,va_tot,Millones de pesos de 2018,
1988.0,Empalme CCNN,va_tot,Millones de pesos de 2018,
1989.0,Empalme CCNN,va_tot,Millones de pesos de 2018,
1990.0,Empalme CCNN,va_tot,Millones de pesos de 2018,
1991.0,Empalme CCNN,va_tot,Millones de pesos de 2018,
1992.0,Empalme CCNN,va_tot,Millones de pesos de 2018,
1993.0,Empalme CCNN,va_tot,Millones de pesos de 2018,56984.96772388803
1993.0,Empalme CCNN,va_tot,Millones de pesos de 2018,56984.96772388803
1993.0,Empalme CCNN,va_tot,Millones de pesos de 2018,56957.812212078796
1993.0,Empalme CCNN,va_tot,Millones de pesos de 2018,56957.812212078796
1994.0,Empalme CCNN,va_tot,Millones de pesos de 2018,59348.97914352552
1994.0,Empalme CCNN,va_tot,Millones de pesos de 2018,59348.97914352552
1994.0,Empalme CCNN,va_tot,Millones de pesos de 2018,59323.89950027761
1994.0,Empalme CCNN,va_tot,Millones de pesos de 2018,59323.89950027761
1995.0,Empalme CCNN,va_tot,Millones de pesos de 2018,67671.462033031
1995.0,Empalme CCNN,va_tot,Millones de pesos de 2018,67671.462033031
1995.0,Empalme CCNN,va_tot,Millones de pesos de 2018,67645.19840825528
1995.0,Empalme CCNN,va_tot,Millones de pesos de 2018,67645.19840825528
1996.0,Empalme CCNN,va_tot,Millones de pesos de 2018,91839.74324495108
1996.0,Empalme CCNN,va_tot,Millones de pesos de 2018,91839.74324495108
1996.0,Empalme CCNN,va_tot,Millones de pesos de 2018,91790.17220695553
1996.0,Empalme CCNN,va_tot,Millones de pesos de 2018,91790.17220695553
1997.0,Empalme CCNN,va_tot,Millones de pesos de 2018,95163.07336289935
1997.0,Empalme CCNN,va_tot,Millones de pesos de 2018,95163.07336289935
1997.0,Empalme CCNN,va_tot,Millones de pesos de 2018,95115.68547959873
1997.0,Empalme CCNN,va_tot,Millones de pesos de 2018,95115.68547959873
1998.0,Empalme CCNN,va_tot,Millones de pesos de 2018,81518.3187274752
1998.0,Empalme CCNN,va_tot,Millones de pesos de 2018,81518.3187274752
1998.0,Empalme CCNN,va_tot,Millones de pesos de 2018,81492.17821770928
1998.0,Empalme CCNN,va_tot,Millones de pesos de 2018,81492.17821770928
1999.0,Empalme CCNN,va_tot,Millones de pesos de 2018,82987.4720631932
1999.0,Empalme CCNN,va_tot,Millones de pesos de 2018,82987.4720631932
1999.0,Empalme CCNN,va_tot,Millones de pesos de 2018,82957.64383575009
1999.0,Empalme CCNN,va_tot,Millones de pesos de 2018,82957.64383575009
2000.0,Empalme CCNN,va_tot,Millones de pesos de 2018,113290.48951540454
2000.0,Empalme CCNN,va_tot,Millones de pesos de 2018,113290.48951540454
2000.0,Empalme CCNN,va_tot,Millones de pesos de 2018,113261.39757002536
2000.0,Empalme CCNN,va_tot,Millones de pesos de 2018,113261.39757002536
2001.0,Empalme CCNN,va_tot,Millones de pesos de 2018,118779.92392907623
2001.0,Empalme CCNN,va_tot,Millones de pesos de 2018,118779.92392907623
2001.0,Empalme CCNN,va_tot,Millones de pesos de 2018,118752.30255975248
2001.0,Empalme CCNN,va_tot,Millones de pesos de 2018,118752.30255975248
2002.0,Empalme CCNN,va_tot,Millones de pesos de 2018,351715.7550377071
2002.0,Empalme CCNN,va_tot,Millones de pesos de 2018,351715.7550377071
2002.0,Empalme CCNN,va_tot,Millones de pesos de 2018,351700.8108758513
2002.0,Empalme CCNN,va_tot,Millones de pesos de 2018,351700.8108758513
2003.0,Empalme CCNN,va_tot,Millones de pesos de 2018,324037.44629117276
2003.0,Empalme CCNN,va_tot,Millones de pesos de 2018,324037.44629117276
2003.0,Empalme CCNN,va_tot,Millones de pesos de 2018,324018.59109510184
2003.0,Empalme CCNN,va_tot,Millones de pesos de 2018,324018.59109510184
2004.0,Empalme CCNN,va_tot,Millones de pesos de 2018,372618.64992870326
2004.0,Empalme CCNN,va_tot,Millones de pesos de 2018,372618.64992870326
2004.0,Empalme CCNN,va_tot,Millones de pesos de 2018,372618.64992870326
2004.0,Empalme CCNN,va_tot,Millones de pesos de 2018,372618.64992870326
2005.0,Empalme CCNN,va_tot,Millones de pesos de 2018,392625.4840838753
2005.0,Empalme CCNN,va_tot,Millones de pesos de 2018,392625.4840838753
2005.0,Empalme CCNN,va_tot,Millones de pesos de 2018,392625.4840838753
2005.0,Empalme CCNN,va_tot,Millones de pesos de 2018,392625.4840838753
2006.0,Empalme CCNN,va_tot,Millones de pesos de 2018,476107.07985416893
2006.0,Empalme CCNN,va_tot,Millones de pesos de 2018,476107.07985416893
2006.0,Empalme CCNN,va_tot,Millones de pesos de 2018,476107.07985416893
2006.0,Empalme CCNN,va_tot,Millones de pesos de 2018,476107.07985416893
2007.0,Empalme CCNN,va_tot,Millones de pesos de 2018,398288.57810477016
2007.0,Empalme CCNN,va_tot,Millones de pesos de 2018,398288.57810477016
2007.0,Empalme CCNN,va_tot,Millones de pesos de 2018,398288.57810477016
2007.0,Empalme CCNN,va_tot,Millones de pesos de 2018,398288.57810477016
2008.0,Empalme CCNN,va_tot,Millones de pesos de 2018,358657.37989792257
2008.0,Empalme CCNN,va_tot,Millones de pesos de 2018,358657.37989792257
2008.0,Empalme CCNN,va_tot,Millones de pesos de 2018,358657.37989792257
2008.0,Empalme CCNN,va_tot,Millones de pesos de 2018,358657.37989792257
2009.0,Empalme CCNN,va_tot,Millones de pesos de 2018,362072.0366317346
2009.0,Empalme CCNN,va_tot,Millones de pesos de 2018,362072.0366317346
2009.0,Empalme CCNN,va_tot,Millones de pesos de 2018,362072.0366317346
2009.0,Empalme CCNN,va_tot,Millones de pesos de 2018,362072.0366317346
2010.0,Empalme CCNN,va_tot,Millones de pesos de 2018,343874.8186978215
2011.0,Empalme CCNN,va_tot,Millones de pesos de 2018,307831.10309909406
2012.0,Empalme CCNN,va_tot,Millones de pesos de 2018,294172.36916733714
2013.0,Empalme CCNN,va_tot,Millones de pesos de 2018,278610.90742672875
2014.0,Empalme CCNN,va_tot,Millones de pesos de 2018,358010.4440864103
2015.0,Empalme CCNN,va_tot,Millones de pesos de 2018,312781.48784051544
2016.0,Empalme CCNN,va_tot,Millones de pesos de 2018,316201.31076141493
2017.0,Empalme CCNN,va_tot,Millones de pesos de 2018,298229.68698552175
2018.0,Empalme CCNN,va_tot,Millones de pesos de 2018,465293.03930077143
2019.0,Empalme CCNN,va_tot,Millones de pesos de 2018,445880.5552072307
2020.0,Empalme CCNN,va_tot,Millones de pesos de 2018,289529.10428538895
2021.0,Empalme CCNN,va_tot,Millones de pesos de 2018,
2022.0,Empalme CCNN,va_tot,Millones de pesos de 2018,
2023.0,Empalme CCNN,va_tot,Millones de pesos de 2018,
2024.0,Empalme CCNN,va_tot,Millones de pesos de 2018,
2025.0,Empalme CCNN,va_tot,Millones de pesos de 2018,
2026.0,Empalme CCNN,va_tot,Millones de pesos de 2018,
2027.0,Empalme CCNN,va_tot,Millones de pesos de 2018,
2028.0,Empalme CCNN,va_tot,Millones de pesos de 2018,
2029.0,Empalme CCNN,va_tot,Millones de pesos de 2018,
2030.0,Empalme CCNN,va_tot,Millones de pesos de 2018,
1922.0,Criterio propio,va_tot,Millones de pesos de 2018,
1923.0,Criterio propio,va_tot,Millones de pesos de 2018,
1924.0,Criterio propio,va_tot,Millones de pesos de 2018,
1925.0,Criterio propio,va_tot,Millones de pesos de 2018,
1926.0,Criterio propio,va_tot,Millones de pesos de 2018,
1927.0,Criterio propio,va_tot,Millones de pesos de 2018,
1928.0,Criterio propio,va_tot,Millones de pesos de 2018,
1929.0,Criterio propio,va_tot,Millones de pesos de 2018,
1930.0,Criterio propio,va_tot,Millones de pesos de 2018,
1931.0,Criterio propio,va_tot,Millones de pesos de 2018,
1932.0,Criterio propio,va_tot,Millones de pesos de 2018,
1933.0,Criterio propio,va_tot,Millones de pesos de 2018,
1934.0,Criterio propio,va_tot,Millones de pesos de 2018,
1935.0,Criterio propio,va_tot,Millones de pesos de 2018,
1936.0,Criterio propio,va_tot,Millones de pesos de 2018,
1937.0,Criterio propio,va_tot,Millones de pesos de 2018,
1938.0,Criterio propio,va_tot,Millones de pesos de 2018,
1939.0,Criterio propio,va_tot,Millones de pesos de 2018,
1940.0,Criterio propio,va_tot,Millones de pesos de 2018,
1941.0,Criterio propio,va_tot,Millones de pesos de 2018,
1942.0,Criterio propio,va_tot,Millones de pesos de 2018,
1943.0,Criterio propio,va_tot,Millones de pesos de 2018,
1944.0,Criterio propio,va_tot,Millones de pesos de 2018,
1945.0,Criterio propio,va_tot,Millones de pesos de 2018,
1946.0,Criterio propio,va_tot,Millones de pesos de 2018,
1947.0,Criterio propio,va_tot,Millones de pesos de 2018,
1948.0,Criterio propio,va_tot,Millones de pesos de 2018,
1949.0,Criterio propio,va_tot,Millones de pesos de 2018,
1950.0,Criterio propio,va_tot,Millones de pesos de 2018,
1951.0,Criterio propio,va_tot,Millones de pesos de 2018,
1952.0,Criterio propio,va_tot,Millones de pesos de 2018,
1953.0,Criterio propio,va_tot,Millones de pesos de 2018,
1954.0,Criterio propio,va_tot,Millones de pesos de 2018,
1955.0,Criterio propio,va_tot,Millones de pesos de 2018,
1956.0,Criterio propio,va_tot,Millones de pesos de 2018,
1957.0,Criterio propio,va_tot,Millones de pesos de 2018,
1958.0,Criterio propio,va_tot,Millones de pesos de 2018,
1959.0,Criterio propio,va_tot,Millones de pesos de 2018,
1960.0,Criterio propio,va_tot,Millones de pesos de 2018,
1961.0,Criterio propio,va_tot,Millones de pesos de 2018,
1962.0,Criterio propio,va_tot,Millones de pesos de 2018,
1963.0,Criterio propio,va_tot,Millones de pesos de 2018,
1964.0,Criterio propio,va_tot,Millones de pesos de 2018,
1965.0,Criterio propio,va_tot,Millones de pesos de 2018,
1966.0,Criterio propio,va_tot,Millones de pesos de 2018,
1967.0,Criterio propio,va_tot,Millones de pesos de 2018,
1968.0,Criterio propio,va_tot,Millones de pesos de 2018,
1969.0,Criterio propio,va_tot,Millones de pesos de 2018,
1970.0,Criterio propio,va_tot,Millones de pesos de 2018,
1971.0,Criterio propio,va_tot,Millones de pesos de 2018,
1972.0,Criterio propio,va_tot,Millones de pesos de 2018,
1973.0,Criterio propio,va_tot,Millones de pesos de 2018,
1974.0,Criterio propio,va_tot,Millones de pesos de 2018,
1975.0,Criterio propio,va_tot,Millones de pesos de 2018,
1976.0,Criterio propio,va_tot,Millones de pesos de 2018,
1977.0,Criterio propio,va_tot,Millones de pesos de 2018,
1978.0,Criterio propio,va_tot,Millones de pesos de 2018,
1979.0,Criterio propio,va_tot,Millones de pesos de 2018,
1980.0,Criterio propio,va_tot,Millones de pesos de 2018,
1981.0,Criterio propio,va_tot,Millones de pesos de 2018,
1982.0,Criterio propio,va_tot,Millones de pesos de 2018,
1983.0,Criterio propio,va_tot,Millones de pesos de 2018,
1984.0,Criterio propio,va_tot,Millones de pesos de 2018,
1985.0,Criterio propio,va_tot,Millones de pesos de 2018,
1986.0,Criterio propio,va_tot,Millones de pesos de 2018,
1987.0,Criterio propio,va_tot,Millones de pesos de 2018,
1988.0,Criterio propio,va_tot,Millones de pesos de 2018,
1989.0,Criterio propio,va_tot,Millones de pesos de 2018,
1990.0,Criterio propio,va_tot,Millones de pesos de 2018,
1991.0,Criterio propio,va_tot,Millones de pesos de 2018,
1992.0,Criterio propio,va_tot,Millones de pesos de 2018,
1993.0,Criterio propio,va_tot,Millones de pesos de 2018,234854.32471420337
1993.0,Criterio propio,va_tot,Millones de pesos de 2018,234854.32471420337
1993.0,Criterio propio,va_tot,Millones de pesos de 2018,234829.8084873156
1993.0,Criterio propio,va_tot,Millones de pesos de 2018,234829.8084873156
1994.0,Criterio propio,va_tot,Millones de pesos de 2018,
1994.0,Criterio propio,va_tot,Millones de pesos de 2018,
1994.0,Criterio propio,va_tot,Millones de pesos de 2018,
1994.0,Criterio propio,va_tot,Millones de pesos de 2018,
1995.0,Criterio propio,va_tot,Millones de pesos de 2018,
1995.0,Criterio propio,va_tot,Millones de pesos de 2018,
1995.0,Criterio propio,va_tot,Millones de pesos de 2018,
1995.0,Criterio propio,va_tot,Millones de pesos de 2018,
1996.0,Criterio propio,va_tot,Millones de pesos de 2018,
1996.0,Criterio propio,va_tot,Millones de pesos de 2018,
1996.0,Criterio propio,va_tot,Millones de pesos de 2018,
1996.0,Criterio propio,va_tot,Millones de pesos de 2018,
1997.0,Criterio propio,va_tot,Millones de pesos de 2018,
1997.0,Criterio propio,va_tot,Millones de pesos de 2018,
1997.0,Criterio propio,va_tot,Millones de pesos de 2018,
1997.0,Criterio propio,va_tot,Millones de pesos de 2018,
1998.0,Criterio propio,va_tot,Millones de pesos de 2018,159994.17588188415
1998.0,Criterio propio,va_tot,Millones de pesos de 2018,159994.17588188415
1998.0,Criterio propio,va_tot,Millones de pesos de 2018,159970.5760074688
1998.0,Criterio propio,va_tot,Millones de pesos de 2018,159970.5760074688
1999.0,Criterio propio,va_tot,Millones de pesos de 2018,176800.78061745947
1999.0,Criterio propio,va_tot,Millones de pesos de 2018,176800.78061745947
1999.0,Criterio propio,va_tot,Millones de pesos de 2018,176773.85144017893
1999.0,Criterio propio,va_tot,Millones de pesos de 2018,176773.85144017893
2000.0,Criterio propio,va_tot,Millones de pesos de 2018,285466.7963005471
2000.0,Criterio propio,va_tot,Millones de pesos de 2018,285466.7963005471
2000.0,Criterio propio,va_tot,Millones de pesos de 2018,285440.5318449724
2000.0,Criterio propio,va_tot,Millones de pesos de 2018,285440.5318449724
2001.0,Criterio propio,va_tot,Millones de pesos de 2018,296821.77094676543
2001.0,Criterio propio,va_tot,Millones de pesos de 2018,296821.77094676543
2001.0,Criterio propio,va_tot,Millones de pesos de 2018,296796.8341397538
2001.0,Criterio propio,va_tot,Millones de pesos de 2018,296796.8341397538
2002.0,Criterio propio,va_tot,Millones de pesos de 2018,339183.60502364783
2002.0,Criterio propio,va_tot,Millones de pesos de 2018,339183.60502364783
2002.0,Criterio propio,va_tot,Millones de pesos de 2018,339170.11330729653
2002.0,Criterio propio,va_tot,Millones de pesos de 2018,339170.11330729653
2003.0,Criterio propio,va_tot,Millones de pesos de 2018,392488.00609672675
2003.0,Criterio propio,va_tot,Millones de pesos de 2018,392488.00609672675
2003.0,Criterio propio,va_tot,Millones de pesos de 2018,392470.9834654416
2003.0,Criterio propio,va_tot,Millones de pesos de 2018,392470.9834654416
2004.0,Criterio propio,va_tot,Millones de pesos de 2018,547545.6010177145
2004.0,Criterio propio,va_tot,Millones de pesos de 2018,547545.6010177145
2004.0,Criterio propio,va_tot,Millones de pesos de 2018,547527.9041138204
2004.0,Criterio propio,va_tot,Millones de pesos de 2018,547527.9041138204
2005.0,Criterio propio,va_tot,Millones de pesos de 2018,797425.6962081587
2005.0,Criterio propio,va_tot,Millones de pesos de 2018,797425.6962081587
2005.0,Criterio propio,va_tot,Millones de pesos de 2018,797425.6962081587
2005.0,Criterio propio,va_tot,Millones de pesos de 2018,797425.6962081587
2006.0,Criterio propio,va_tot,Millones de pesos de 2018,911833.7740027114
2006.0,Criterio propio,va_tot,Millones de pesos de 2018,911833.7740027114
2006.0,Criterio propio,va_tot,Millones de pesos de 2018,911833.7740027114
2006.0,Criterio propio,va_tot,Millones de pesos de 2018,911833.7740027114
2007.0,Criterio propio,va_tot,Millones de pesos de 2018,788572.4917811846
2007.0,Criterio propio,va_tot,Millones de pesos de 2018,788572.4917811846
2007.0,Criterio propio,va_tot,Millones de pesos de 2018,788572.4917811846
2007.0,Criterio propio,va_tot,Millones de pesos de 2018,788572.4917811846
2008.0,Criterio propio,va_tot,Millones de pesos de 2018,1089315.082457316
2008.0,Criterio propio,va_tot,Millones de pesos de 2018,1089315.082457316
2008.0,Criterio propio,va_tot,Millones de pesos de 2018,1089315.082457316
2008.0,Criterio propio,va_tot,Millones de pesos de 2018,1089315.082457316
2009.0,Criterio propio,va_tot,Millones de pesos de 2018,801128.0735250231
2009.0,Criterio propio,va_tot,Millones de pesos de 2018,801128.0735250231
2009.0,Criterio propio,va_tot,Millones de pesos de 2018,801128.0735250231
2009.0,Criterio propio,va_tot,Millones de pesos de 2018,801128.0735250231
2010.0,Criterio propio,va_tot,Millones de pesos de 2018,1053611.8184240377
2011.0,Criterio propio,va_tot,Millones de pesos de 2018,1369512.3039323194
2012.0,Criterio propio,va_tot,Millones de pesos de 2018,1667518.2799890847
2013.0,Criterio propio,va_tot,Millones de pesos de 2018,1721974.3051545299
2014.0,Criterio propio,va_tot,Millones de pesos de 2018,1669311.7396916682
2015.0,Criterio propio,va_tot,Millones de pesos de 2018,1037637.4315725451
2016.0,Criterio propio,va_tot,Millones de pesos de 2018,679533.8194233996
2017.0,Criterio propio,va_tot,Millones de pesos de 2018,773447.2059803334
2018.0,Criterio propio,va_tot,Millones de pesos de 2018,1064311.7067434434
2019.0,Criterio propio,va_tot,Millones de pesos de 2018,1083462.8356635282
2020.0,Criterio propio,va_tot,Millones de pesos de 2018,579445.8325452204
2021.0,Criterio propio,va_tot,Millones de pesos de 2018,
2022.0,Criterio propio,va_tot,Millones de pesos de 2018,
2023.0,Criterio propio,va_tot,Millones de pesos de 2018,
2024.0,Criterio propio,va_tot,Millones de pesos de 2018,
2025.0,Criterio propio,va_tot,Millones de pesos de 2018,
2026.0,Criterio propio,va_tot,Millones de pesos de 2018,
2004.0,CCNN oficial,va_extr,Millones de pesos de 2018,336403.2844758288
2005.0,CCNN oficial,va_extr,Millones de pesos de 2018,354465.62441251974
2006.0,CCNN oficial,va_extr,Millones de pesos de 2018,429833.5186813217
2007.0,CCNN oficial,va_extr,Millones de pesos de 2018,359578.3138318201
2008.0,CCNN oficial,va_extr,Millones de pesos de 2018,323798.93121893407
2009.0,CCNN oficial,va_extr,Millones de pesos de 2018,326881.71234336693
2010.0,CCNN oficial,va_extr,Millones de pesos de 2018,310453.10931326606
2011.0,CCNN oficial,va_extr,Millones de pesos de 2018,277912.5364931867
2012.0,CCNN oficial,va_extr,Millones de pesos de 2018,265581.3153980976
2013.0,CCNN oficial,va_extr,Millones de pesos de 2018,251532.295463676
2014.0,CCNN oficial,va_extr,Millones de pesos de 2018,323214.8720692393
2015.0,CCNN oficial,va_extr,Millones de pesos de 2018,282381.78591683164
2016.0,CCNN oficial,va_extr,Millones de pesos de 2018,285469.2311188805
2017.0,CCNN oficial,va_extr,Millones de pesos de 2018,269244.2964122277
2018.0,CCNN oficial,va_extr,Millones de pesos de 2018,420070.51094857993
2019.0,CCNN oficial,va_extr,Millones de pesos de 2018,402544.7552996036
2020.0,CCNN oficial,va_extr,Millones de pesos de 2018,261389.3363941548
1922.0,Criterio CCNN,va_extr,Millones de pesos de 2018,
1923.0,Criterio CCNN,va_extr,Millones de pesos de 2018,
1924.0,Criterio CCNN,va_extr,Millones de pesos de 2018,
1925.0,Criterio CCNN,va_extr,Millones de pesos de 2018,
1926.0,Criterio CCNN,va_extr,Millones de pesos de 2018,
1927.0,Criterio CCNN,va_extr,Millones de pesos de 2018,
1928.0,Criterio CCNN,va_extr,Millones de pesos de 2018,
1929.0,Criterio CCNN,va_extr,Millones de pesos de 2018,
1930.0,Criterio CCNN,va_extr,Millones de pesos de 2018,
1931.0,Criterio CCNN,va_extr,Millones de pesos de 2018,
1932.0,Criterio CCNN,va_extr,Millones de pesos de 2018,
1933.0,Criterio CCNN,va_extr,Millones de pesos de 2018,
1934.0,Criterio CCNN,va_extr,Millones de pesos de 2018,
1935.0,Criterio CCNN,va_extr,Millones de pesos de 2018,
1936.0,Criterio CCNN,va_extr,Millones de pesos de 2018,
1937.0,Criterio CCNN,va_extr,Millones de pesos de 2018,
1938.0,Criterio CCNN,va_extr,Millones de pesos de 2018,
1939.0,Criterio CCNN,va_extr,Millones de pesos de 2018,
1940.0,Criterio CCNN,va_extr,Millones de pesos de 2018,
1941.0,Criterio CCNN,va_extr,Millones de pesos de 2018,
1942.0,Criterio CCNN,va_extr,Millones de pesos de 2018,
1943.0,Criterio CCNN,va_extr,Millones de pesos de 2018,
1944.0,Criterio CCNN,va_extr,Millones de pesos de 2018,
1945.0,Criterio CCNN,va_extr,Millones de pesos de 2018,
1946.0,Criterio CCNN,va_extr,Millones de pesos de 2018,
1947.0,Criterio CCNN,va_extr,Millones de pesos de 2018,
1948.0,Criterio CCNN,va_extr,Millones de pesos de 2018,
1949.0,Criterio CCNN,va_extr,Millones de pesos de 2018,
1950.0,Criterio CCNN,va_extr,Millones de pesos de 2018,
1951.0,Criterio CCNN,va_extr,Millones de pesos de 2018,
1952.0,Criterio CCNN,va_extr,Millones de pesos de 2018,
1953.0,Criterio CCNN,va_extr,Millones de pesos de 2018,
1954.0,Criterio CCNN,va_extr,Millones de pesos de 2018,
1955.0,Criterio CCNN,va_extr,Millones de pesos de 2018,
1956.0,Criterio CCNN,va_extr,Millones de pesos de 2018,
1957.0,Criterio CCNN,va_extr,Millones de pesos de 2018,
1958.0,Criterio CCNN,va_extr,Millones de pesos de 2018,
1959.0,Criterio CCNN,va_extr,Millones de pesos de 2018,
1960.0,Criterio CCNN,va_extr,Millones de pesos de 2018,
1961.0,Criterio CCNN,va_extr,Millones de pesos de 2018,
1962.0,Criterio CCNN,va_extr,Millones de pesos de 2018,
1963.0,Criterio CCNN,va_extr,Millones de pesos de 2018,
1964.0,Criterio CCNN,va_extr,Millones de pesos de 2018,
1965.0,Criterio CCNN,va_extr,Millones de pesos de 2018,
1966.0,Criterio CCNN,va_extr,Millones de pesos de 2018,
1967.0,Criterio CCNN,va_extr,Millones de pesos de 2018,
1968.0,Criterio CCNN,va_extr,Millones de pesos de 2018,
1969.0,Criterio CCNN,va_extr,Millones de pesos de 2018,
1970.0,Criterio CCNN,va_extr,Millones de pesos de 2018,
1971.0,Criterio CCNN,va_extr,Millones de pesos de 2018,
1972.0,Criterio CCNN,va_extr,Millones de pesos de 2018,
1973.0,Criterio CCNN,va_extr,Millones de pesos de 2018,
1974.0,Criterio CCNN,va_extr,Millones de pesos de 2018,
1975.0,Criterio CCNN,va_extr,Millones de pesos de 2018,
1976.0,Criterio CCNN,va_extr,Millones de pesos de 2018,
1977.0,Criterio CCNN,va_extr,Millones de pesos de 2018,
1978.0,Criterio CCNN,va_extr,Millones de pesos de 2018,
1979.0,Criterio CCNN,va_extr,Millones de pesos de 2018,
1980.0,Criterio CCNN,va_extr,Millones de pesos de 2018,
1981.0,Criterio CCNN,va_extr,Millones de pesos de 2018,
1982.0,Criterio CCNN,va_extr,Millones de pesos de 2018,
1983.0,Criterio CCNN,va_extr,Millones de pesos de 2018,
1984.0,Criterio CCNN,va_extr,Millones de pesos de 2018,
1985.0,Criterio CCNN,va_extr,Millones de pesos de 2018,
1986.0,Criterio CCNN,va_extr,Millones de pesos de 2018,
1987.0,Criterio CCNN,va_extr,Millones de pesos de 2018,
1988.0,Criterio CCNN,va_extr,Millones de pesos de 2018,
1989.0,Criterio CCNN,va_extr,Millones de pesos de 2018,
1990.0,Criterio CCNN,va_extr,Millones de pesos de 2018,
1991.0,Criterio CCNN,va_extr,Millones de pesos de 2018,
1992.0,Criterio CCNN,va_extr,Millones de pesos de 2018,
1993.0,Criterio CCNN,va_extr,Millones de pesos de 2018,39829.78387972103
1993.0,Criterio CCNN,va_extr,Millones de pesos de 2018,39810.80346769822
1994.0,Criterio CCNN,va_extr,Millones de pesos de 2018,41482.11549793975
1994.0,Criterio CCNN,va_extr,Millones de pesos de 2018,41464.58601937295
1995.0,Criterio CCNN,va_extr,Millones de pesos de 2018,47299.13546078026
1995.0,Criterio CCNN,va_extr,Millones de pesos de 2018,47280.77843540151
1996.0,Criterio CCNN,va_extr,Millones de pesos de 2018,64191.61528246438
1996.0,Criterio CCNN,va_extr,Millones de pesos de 2018,64156.96748307238
1997.0,Criterio CCNN,va_extr,Millones de pesos de 2018,66514.4650733112
1997.0,Criterio CCNN,va_extr,Millones de pesos de 2018,66481.3431952832
1998.0,Criterio CCNN,va_extr,Millones de pesos de 2018,56977.430133604736
1998.0,Criterio CCNN,va_extr,Millones de pesos de 2018,56959.159159766044
1999.0,Criterio CCNN,va_extr,Millones de pesos de 2018,58004.29848476976
1999.0,Criterio CCNN,va_extr,Millones de pesos de 2018,57983.44997155603
2000.0,Criterio CCNN,va_extr,Millones de pesos de 2018,79184.66734753977
2000.0,Criterio CCNN,va_extr,Millones de pesos de 2018,79164.33346049245
2001.0,Criterio CCNN,va_extr,Millones de pesos de 2018,83021.52108373641
2001.0,Criterio CCNN,va_extr,Millones de pesos de 2018,83002.21505945371
2002.0,Criterio CCNN,va_extr,Millones de pesos de 2018,245832.59532798367
2002.0,Criterio CCNN,va_extr,Millones de pesos de 2018,245822.15006915916
2003.0,Criterio CCNN,va_extr,Millones de pesos de 2018,226486.77309514026
2003.0,Criterio CCNN,va_extr,Millones de pesos de 2018,226473.5942092952
2004.0,Criterio CCNN,va_extr,Millones de pesos de 2018,260442.72531880738
2004.0,Criterio CCNN,va_extr,Millones de pesos de 2018,260429.02441250664
2005.0,Criterio CCNN,va_extr,Millones de pesos de 2018,291049.32233829034
2005.0,Criterio CCNN,va_extr,Millones de pesos de 2018,291049.32233829034
2006.0,Criterio CCNN,va_extr,Millones de pesos de 2018,309799.0526551929
2006.0,Criterio CCNN,va_extr,Millones de pesos de 2018,309799.0526551929
2007.0,Criterio CCNN,va_extr,Millones de pesos de 2018,257000.7354177382
2007.0,Criterio CCNN,va_extr,Millones de pesos de 2018,257000.7354177382
2008.0,Criterio CCNN,va_extr,Millones de pesos de 2018,230764.6728597904
2008.0,Criterio CCNN,va_extr,Millones de pesos de 2018,230764.6728597904
2009.0,Criterio CCNN,va_extr,Millones de pesos de 2018,236865.98419354775
2009.0,Criterio CCNN,va_extr,Millones de pesos de 2018,236865.98419354775
2010.0,Criterio CCNN,va_extr,Millones de pesos de 2018,224845.07769689275
2011.0,Criterio CCNN,va_extr,Millones de pesos de 2018,194915.29121301987
2012.0,Criterio CCNN,va_extr,Millones de pesos de 2018,186538.55599977533
2013.0,Criterio CCNN,va_extr,Millones de pesos de 2018,163330.62011235883
2014.0,Criterio CCNN,va_extr,Millones de pesos de 2018,210381.94263132242
2015.0,Criterio CCNN,va_extr,Millones de pesos de 2018,179032.59386440343
2016.0,Criterio CCNN,va_extr,Millones de pesos de 2018,186828.43550272842
2017.0,Criterio CCNN,va_extr,Millones de pesos de 2018,164862.7039501422
2018.0,Criterio CCNN,va_extr,Millones de pesos de 2018,280345.0703358939
2019.0,Criterio CCNN,va_extr,Millones de pesos de 2018,264147.5951789823
2020.0,Criterio CCNN,va_extr,Millones de pesos de 2018,185037.91956658303
2021.0,Criterio CCNN,va_extr,Millones de pesos de 2018,
2022.0,Criterio CCNN,va_extr,Millones de pesos de 2018,
2023.0,Criterio CCNN,va_extr,Millones de pesos de 2018,
2024.0,Criterio CCNN,va_extr,Millones de pesos de 2018,
2025.0,Criterio CCNN,va_extr,Millones de pesos de 2018,
2026.0,Criterio CCNN,va_extr,Millones de pesos de 2018,
1960.0,Empalme CCNN,va_extr,Millones de pesos de 2018,
1961.0,Empalme CCNN,va_extr,Millones de pesos de 2018,
1962.0,Empalme CCNN,va_extr,Millones de pesos de 2018,
1963.0,Empalme CCNN,va_extr,Millones de pesos de 2018,
1964.0,Empalme CCNN,va_extr,Millones de pesos de 2018,
1965.0,Empalme CCNN,va_extr,Millones de pesos de 2018,
1966.0,Empalme CCNN,va_extr,Millones de pesos de 2018,
1967.0,Empalme CCNN,va_extr,Millones de pesos de 2018,
1968.0,Empalme CCNN,va_extr,Millones de pesos de 2018,
1969.0,Empalme CCNN,va_extr,Millones de pesos de 2018,
1970.0,Empalme CCNN,va_extr,Millones de pesos de 2018,
1971.0,Empalme CCNN,va_extr,Millones de pesos de 2018,
1972.0,Empalme CCNN,va_extr,Millones de pesos de 2018,
1973.0,Empalme CCNN,va_extr,Millones de pesos de 2018,
1974.0,Empalme CCNN,va_extr,Millones de pesos de 2018,
1975.0,Empalme CCNN,va_extr,Millones de pesos de 2018,
1976.0,Empalme CCNN,va_extr,Millones de pesos de 2018,
1977.0,Empalme CCNN,va_extr,Millones de pesos de 2018,
1978.0,Empalme CCNN,va_extr,Millones de pesos de 2018,
1979.0,Empalme CCNN,va_extr,Millones de pesos de 2018,
1980.0,Empalme CCNN,va_extr,Millones de pesos de 2018,
1981.0,Empalme CCNN,va_extr,Millones de pesos de 2018,
1982.0,Empalme CCNN,va_extr,Millones de pesos de 2018,
1983.0,Empalme CCNN,va_extr,Millones de pesos de 2018,
1984.0,Empalme CCNN,va_extr,Millones de pesos de 2018,
1985.0,Empalme CCNN,va_extr,Millones de pesos de 2018,
1986.0,Empalme CCNN,va_extr,Millones de pesos de 2018,
1987.0,Empalme CCNN,va_extr,Millones de pesos de 2018,
1988.0,Empalme CCNN,va_extr,Millones de pesos de 2018,
1989.0,Empalme CCNN,va_extr,Millones de pesos de 2018,
1990.0,Empalme CCNN,va_extr,Millones de pesos de 2018,
1991.0,Empalme CCNN,va_extr,Millones de pesos de 2018,
1992.0,Empalme CCNN,va_extr,Millones de pesos de 2018,
1993.0,Empalme CCNN,va_extr,Millones de pesos de 2018,51446.51324278321
1993.0,Empalme CCNN,va_extr,Millones de pesos de 2018,51446.51324278321
1993.0,Empalme CCNN,va_extr,Millones de pesos de 2018,51421.99701589548
1993.0,Empalme CCNN,va_extr,Millones de pesos de 2018,51421.99701589548
1994.0,Empalme CCNN,va_extr,Millones de pesos de 2018,53580.76284692026
1994.0,Empalme CCNN,va_extr,Millones de pesos de 2018,53580.76284692026
1994.0,Empalme CCNN,va_extr,Millones de pesos de 2018,53558.12073181492
1994.0,Empalme CCNN,va_extr,Millones de pesos de 2018,53558.12073181492
1995.0,Empalme CCNN,va_extr,Millones de pesos de 2018,61094.371142047785
1995.0,Empalme CCNN,va_extr,Millones de pesos de 2018,61094.371142047785
1995.0,Empalme CCNN,va_extr,Millones de pesos de 2018,61070.66011835511
1995.0,Empalme CCNN,va_extr,Millones de pesos de 2018,61070.66011835511
1996.0,Empalme CCNN,va_extr,Millones de pesos de 2018,82913.70085455957
1996.0,Empalme CCNN,va_extr,Millones de pesos de 2018,82913.70085455957
1996.0,Empalme CCNN,va_extr,Millones de pesos de 2018,82868.94770009516
1996.0,Empalme CCNN,va_extr,Millones de pesos de 2018,82868.94770009516
1997.0,Empalme CCNN,va_extr,Millones de pesos de 2018,85914.0315338993
1997.0,Empalme CCNN,va_extr,Millones de pesos de 2018,85914.0315338993
1997.0,Empalme CCNN,va_extr,Millones de pesos de 2018,85871.24935005065
1997.0,Empalme CCNN,va_extr,Millones de pesos de 2018,85871.24935005065
1998.0,Empalme CCNN,va_extr,Millones de pesos de 2018,73595.43106636568
1998.0,Empalme CCNN,va_extr,Millones de pesos de 2018,73595.43106636568
1998.0,Empalme CCNN,va_extr,Millones de pesos de 2018,73571.83119195036
1998.0,Empalme CCNN,va_extr,Millones de pesos de 2018,73571.83119195036
1999.0,Empalme CCNN,va_extr,Millones de pesos de 2018,74921.79518589843
1999.0,Empalme CCNN,va_extr,Millones de pesos de 2018,74921.79518589843
1999.0,Empalme CCNN,va_extr,Millones de pesos de 2018,74894.86600861789
1999.0,Empalme CCNN,va_extr,Millones de pesos de 2018,74894.86600861789
2000.0,Empalme CCNN,va_extr,Millones de pesos de 2018,102279.61692241853
2000.0,Empalme CCNN,va_extr,Millones de pesos de 2018,102279.61692241853
2000.0,Empalme CCNN,va_extr,Millones de pesos de 2018,102253.35246684385
2000.0,Empalme CCNN,va_extr,Millones de pesos de 2018,102253.35246684385
2001.0,Empalme CCNN,va_extr,Millones de pesos de 2018,107235.52497218235
2001.0,Empalme CCNN,va_extr,Millones de pesos de 2018,107235.52497218235
2001.0,Empalme CCNN,va_extr,Millones de pesos de 2018,107210.58816517069
2001.0,Empalme CCNN,va_extr,Millones de pesos de 2018,107210.58816517069
2002.0,Empalme CCNN,va_extr,Millones de pesos de 2018,317531.9732901715
2002.0,Empalme CCNN,va_extr,Millones de pesos de 2018,317531.9732901715
2002.0,Empalme CCNN,va_extr,Millones de pesos de 2018,317518.4815738202
2002.0,Empalme CCNN,va_extr,Millones de pesos de 2018,317518.4815738202
2003.0,Empalme CCNN,va_extr,Millones de pesos de 2018,292543.76088359486
2003.0,Empalme CCNN,va_extr,Millones de pesos de 2018,292543.76088359486
2003.0,Empalme CCNN,va_extr,Millones de pesos de 2018,292526.7382523097
2003.0,Empalme CCNN,va_extr,Millones de pesos de 2018,292526.7382523097
2004.0,Empalme CCNN,va_extr,Millones de pesos de 2018,336403.2844758288
2004.0,Empalme CCNN,va_extr,Millones de pesos de 2018,336403.2844758288
2004.0,Empalme CCNN,va_extr,Millones de pesos de 2018,336403.2844758288
2004.0,Empalme CCNN,va_extr,Millones de pesos de 2018,336403.2844758288
2005.0,Empalme CCNN,va_extr,Millones de pesos de 2018,354465.62441251974
2005.0,Empalme CCNN,va_extr,Millones de pesos de 2018,354465.62441251974
2005.0,Empalme CCNN,va_extr,Millones de pesos de 2018,354465.62441251974
2005.0,Empalme CCNN,va_extr,Millones de pesos de 2018,354465.62441251974
2006.0,Empalme CCNN,va_extr,Millones de pesos de 2018,429833.5186813217
2006.0,Empalme CCNN,va_extr,Millones de pesos de 2018,429833.5186813217
2006.0,Empalme CCNN,va_extr,Millones de pesos de 2018,429833.5186813217
2006.0,Empalme CCNN,va_extr,Millones de pesos de 2018,429833.5186813217
2007.0,Empalme CCNN,va_extr,Millones de pesos de 2018,359578.3138318201
2007.0,Empalme CCNN,va_extr,Millones de pesos de 2018,359578.3138318201
2007.0,Empalme CCNN,va_extr,Millones de pesos de 2018,359578.3138318201
2007.0,Empalme CCNN,va_extr,Millones de pesos de 2018,359578.3138318201
2008.0,Empalme CCNN,va_extr,Millones de pesos de 2018,323798.93121893407
2008.0,Empalme CCNN,va_extr,Millones de pesos de 2018,323798.93121893407
2008.0,Empalme CCNN,va_extr,Millones de pesos de 2018,323798.93121893407
2008.0,Empalme CCNN,va_extr,Millones de pesos de 2018,323798.93121893407
2009.0,Empalme CCNN,va_extr,Millones de pesos de 2018,326881.71234336693
2009.0,Empalme CCNN,va_extr,Millones de pesos de 2018,326881.71234336693
2009.0,Empalme CCNN,va_extr,Millones de pesos de 2018,326881.71234336693
2009.0,Empalme CCNN,va_extr,Millones de pesos de 2018,326881.71234336693
2010.0,Empalme CCNN,va_extr,Millones de pesos de 2018,310453.10931326606
2011.0,Empalme CCNN,va_extr,Millones de pesos de 2018,277912.5364931867
2012.0,Empalme CCNN,va_extr,Millones de pesos de 2018,265581.3153980976
2013.0,Empalme CCNN,va_extr,Millones de pesos de 2018,251532.295463676
2014.0,Empalme CCNN,va_extr,Millones de pesos de 2018,323214.8720692393
2015.0,Empalme CCNN,va_extr,Millones de pesos de 2018,282381.78591683164
2016.0,Empalme CCNN,va_extr,Millones de pesos de 2018,285469.2311188805
2017.0,Empalme CCNN,va_extr,Millones de pesos de 2018,269244.2964122277
2018.0,Empalme CCNN,va_extr,Millones de pesos de 2018,420070.51094857993
2019.0,Empalme CCNN,va_extr,Millones de pesos de 2018,402544.7552996036
2020.0,Empalme CCNN,va_extr,Millones de pesos de 2018,261389.3363941548
2021.0,Empalme CCNN,va_extr,Millones de pesos de 2018,
2022.0,Empalme CCNN,va_extr,Millones de pesos de 2018,
2023.0,Empalme CCNN,va_extr,Millones de pesos de 2018,
2024.0,Empalme CCNN,va_extr,Millones de pesos de 2018,
2025.0,Empalme CCNN,va_extr,Millones de pesos de 2018,
2026.0,Empalme CCNN,va_extr,Millones de pesos de 2018,
2027.0,Empalme CCNN,va_extr,Millones de pesos de 2018,
2028.0,Empalme CCNN,va_extr,Millones de pesos de 2018,
2029.0,Empalme CCNN,va_extr,Millones de pesos de 2018,
2030.0,Empalme CCNN,va_extr,Millones de pesos de 2018,
1922.0,Criterio propio,va_extr,Millones de pesos de 2018,
1923.0,Criterio propio,va_extr,Millones de pesos de 2018,
1924.0,Criterio propio,va_extr,Millones de pesos de 2018,
1925.0,Criterio propio,va_extr,Millones de pesos de 2018,
1926.0,Criterio propio,va_extr,Millones de pesos de 2018,
1927.0,Criterio propio,va_extr,Millones de pesos de 2018,
1928.0,Criterio propio,va_extr,Millones de pesos de 2018,
1929.0,Criterio propio,va_extr,Millones de pesos de 2018,
1930.0,Criterio propio,va_extr,Millones de pesos de 2018,
1931.0,Criterio propio,va_extr,Millones de pesos de 2018,
1932.0,Criterio propio,va_extr,Millones de pesos de 2018,
1933.0,Criterio propio,va_extr,Millones de pesos de 2018,
1934.0,Criterio propio,va_extr,Millones de pesos de 2018,
1935.0,Criterio propio,va_extr,Millones de pesos de 2018,
1936.0,Criterio propio,va_extr,Millones de pesos de 2018,
1937.0,Criterio propio,va_extr,Millones de pesos de 2018,
1938.0,Criterio propio,va_extr,Millones de pesos de 2018,
1939.0,Criterio propio,va_extr,Millones de pesos de 2018,
1940.0,Criterio propio,va_extr,Millones de pesos de 2018,
1941.0,Criterio propio,va_extr,Millones de pesos de 2018,
1942.0,Criterio propio,va_extr,Millones de pesos de 2018,
1943.0,Criterio propio,va_extr,Millones de pesos de 2018,
1944.0,Criterio propio,va_extr,Millones de pesos de 2018,
1945.0,Criterio propio,va_extr,Millones de pesos de 2018,
1946.0,Criterio propio,va_extr,Millones de pesos de 2018,
1947.0,Criterio propio,va_extr,Millones de pesos de 2018,
1948.0,Criterio propio,va_extr,Millones de pesos de 2018,
1949.0,Criterio propio,va_extr,Millones de pesos de 2018,
1950.0,Criterio propio,va_extr,Millones de pesos de 2018,
1951.0,Criterio propio,va_extr,Millones de pesos de 2018,
1952.0,Criterio propio,va_extr,Millones de pesos de 2018,
1953.0,Criterio propio,va_extr,Millones de pesos de 2018,
1954.0,Criterio propio,va_extr,Millones de pesos de 2018,
1955.0,Criterio propio,va_extr,Millones de pesos de 2018,
1956.0,Criterio propio,va_extr,Millones de pesos de 2018,
1957.0,Criterio propio,va_extr,Millones de pesos de 2018,
1958.0,Criterio propio,va_extr,Millones de pesos de 2018,
1959.0,Criterio propio,va_extr,Millones de pesos de 2018,
1960.0,Criterio propio,va_extr,Millones de pesos de 2018,
1961.0,Criterio propio,va_extr,Millones de pesos de 2018,
1962.0,Criterio propio,va_extr,Millones de pesos de 2018,
1963.0,Criterio propio,va_extr,Millones de pesos de 2018,
1964.0,Criterio propio,va_extr,Millones de pesos de 2018,
1965.0,Criterio propio,va_extr,Millones de pesos de 2018,
1966.0,Criterio propio,va_extr,Millones de pesos de 2018,
1967.0,Criterio propio,va_extr,Millones de pesos de 2018,
1968.0,Criterio propio,va_extr,Millones de pesos de 2018,
1969.0,Criterio propio,va_extr,Millones de pesos de 2018,
1970.0,Criterio propio,va_extr,Millones de pesos de 2018,
1971.0,Criterio propio,va_extr,Millones de pesos de 2018,
1972.0,Criterio propio,va_extr,Millones de pesos de 2018,
1973.0,Criterio propio,va_extr,Millones de pesos de 2018,
1974.0,Criterio propio,va_extr,Millones de pesos de 2018,
1975.0,Criterio propio,va_extr,Millones de pesos de 2018,
1976.0,Criterio propio,va_extr,Millones de pesos de 2018,
1977.0,Criterio propio,va_extr,Millones de pesos de 2018,
1978.0,Criterio propio,va_extr,Millones de pesos de 2018,
1979.0,Criterio propio,va_extr,Millones de pesos de 2018,
1980.0,Criterio propio,va_extr,Millones de pesos de 2018,
1981.0,Criterio propio,va_extr,Millones de pesos de 2018,
1982.0,Criterio propio,va_extr,Millones de pesos de 2018,
1983.0,Criterio propio,va_extr,Millones de pesos de 2018,
1984.0,Criterio propio,va_extr,Millones de pesos de 2018,
1985.0,Criterio propio,va_extr,Millones de pesos de 2018,
1986.0,Criterio propio,va_extr,Millones de pesos de 2018,
1987.0,Criterio propio,va_extr,Millones de pesos de 2018,
1988.0,Criterio propio,va_extr,Millones de pesos de 2018,
1989.0,Criterio propio,va_extr,Millones de pesos de 2018,
1990.0,Criterio propio,va_extr,Millones de pesos de 2018,
1991.0,Criterio propio,va_extr,Millones de pesos de 2018,
1992.0,Criterio propio,va_extr,Millones de pesos de 2018,
1993.0,Criterio propio,va_extr,Millones de pesos de 2018,
1993.0,Criterio propio,va_extr,Millones de pesos de 2018,
1993.0,Criterio propio,va_extr,Millones de pesos de 2018,
1993.0,Criterio propio,va_extr,Millones de pesos de 2018,
1994.0,Criterio propio,va_extr,Millones de pesos de 2018,
1994.0,Criterio propio,va_extr,Millones de pesos de 2018,
1994.0,Criterio propio,va_extr,Millones de pesos de 2018,
1994.0,Criterio propio,va_extr,Millones de pesos de 2018,
1995.0,Criterio propio,va_extr,Millones de pesos de 2018,
1995.0,Criterio propio,va_extr,Millones de pesos de 2018,
1995.0,Criterio propio,va_extr,Millones de pesos de 2018,
1995.0,Criterio propio,va_extr,Millones de pesos de 2018,
1996.0,Criterio propio,va_extr,Millones de pesos de 2018,
1996.0,Criterio propio,va_extr,Millones de pesos de 2018,
1996.0,Criterio propio,va_extr,Millones de pesos de 2018,
1996.0,Criterio propio,va_extr,Millones de pesos de 2018,
1997.0,Criterio propio,va_extr,Millones de pesos de 2018,
1997.0,Criterio propio,va_extr,Millones de pesos de 2018,
1997.0,Criterio propio,va_extr,Millones de pesos de 2018,
1997.0,Criterio propio,va_extr,Millones de pesos de 2018,
1998.0,Criterio propio,va_extr,Millones de pesos de 2018,
1998.0,Criterio propio,va_extr,Millones de pesos de 2018,
1998.0,Criterio propio,va_extr,Millones de pesos de 2018,
1998.0,Criterio propio,va_extr,Millones de pesos de 2018,
1999.0,Criterio propio,va_extr,Millones de pesos de 2018,
1999.0,Criterio propio,va_extr,Millones de pesos de 2018,
1999.0,Criterio propio,va_extr,Millones de pesos de 2018,
1999.0,Criterio propio,va_extr,Millones de pesos de 2018,
2000.0,Criterio propio,va_extr,Millones de pesos de 2018,
2000.0,Criterio propio,va_extr,Millones de pesos de 2018,
2000.0,Criterio propio,va_extr,Millones de pesos de 2018,
2000.0,Criterio propio,va_extr,Millones de pesos de 2018,
2001.0,Criterio propio,va_extr,Millones de pesos de 2018,
2001.0,Criterio propio,va_extr,Millones de pesos de 2018,
2001.0,Criterio propio,va_extr,Millones de pesos de 2018,
2001.0,Criterio propio,va_extr,Millones de pesos de 2018,
2002.0,Criterio propio,va_extr,Millones de pesos de 2018,
2002.0,Criterio propio,va_extr,Millones de pesos de 2018,
2002.0,Criterio propio,va_extr,Millones de pesos de 2018,
2002.0,Criterio propio,va_extr,Millones de pesos de 2018,
2003.0,Criterio propio,va_extr,Millones de pesos de 2018,
2003.0,Criterio propio,va_extr,Millones de pesos de 2018,
2003.0,Criterio propio,va_extr,Millones de pesos de 2018,
2003.0,Criterio propio,va_extr,Millones de pesos de 2018,
2004.0,Criterio propio,va_extr,Millones de pesos de 2018,
2004.0,Criterio propio,va_extr,Millones de pesos de 2018,
2004.0,Criterio propio,va_extr,Millones de pesos de 2018,
2004.0,Criterio propio,va_extr,Millones de pesos de 2018,
2005.0,Criterio propio,va_extr,Millones de pesos de 2018,
2005.0,Criterio propio,va_extr,Millones de pesos de 2018,
2005.0,Criterio propio,va_extr,Millones de pesos de 2018,
2005.0,Criterio propio,va_extr,Millones de pesos de 2018,
2006.0,Criterio propio,va_extr,Millones de pesos de 2018,
2006.0,Criterio propio,va_extr,Millones de pesos de 2018,
2006.0,Criterio propio,va_extr,Millones de pesos de 2018,
2006.0,Criterio propio,va_extr,Millones de pesos de 2018,
2007.0,Criterio propio,va_extr,Millones de pesos de 2018,
2007.0,Criterio propio,va_extr,Millones de pesos de 2018,
2007.0,Criterio propio,va_extr,Millones de pesos de 2018,
2007.0,Criterio propio,va_extr,Millones de pesos de 2018,
2008.0,Criterio propio,va_extr,Millones de pesos de 2018,
2008.0,Criterio propio,va_extr,Millones de pesos de 2018,
2008.0,Criterio propio,va_extr,Millones de pesos de 2018,
2008.0,Criterio propio,va_extr,Millones de pesos de 2018,
2009.0,Criterio propio,va_extr,Millones de pesos de 2018,
2009.0,Criterio propio,va_extr,Millones de pesos de 2018,
2009.0,Criterio propio,va_extr,Millones de pesos de 2018,
2009.0,Criterio propio,va_extr,Millones de pesos de 2018,
2010.0,Criterio propio,va_extr,Millones de pesos de 2018,
2011.0,Criterio propio,va_extr,Millones de pesos de 2018,
2012.0,Criterio propio,va_extr,Millones de pesos de 2018,
2013.0,Criterio propio,va_extr,Millones de pesos de 2018,
2014.0,Criterio propio,va_extr,Millones de pesos de 2018,
2015.0,Criterio propio,va_extr,Millones de pesos de 2018,
2016.0,Criterio propio,va_extr,Millones de pesos de 2018,
2017.0,Criterio propio,va_extr,Millones de pesos de 2018,
2018.0,Criterio propio,va_extr,Millones de pesos de 2018,
2019.0,Criterio propio,va_extr,Millones de pesos de 2018,
2020.0,Criterio propio,va_extr,Millones de pesos de 2018,
2021.0,Criterio propio,va_extr,Millones de pesos de 2018,
2022.0,Criterio propio,va_extr,Millones de pesos de 2018,
2023.0,Criterio propio,va_extr,Millones de pesos de 2018,
2024.0,Criterio propio,va_extr,Millones de pesos de 2018,
2025.0,Criterio propio,va_extr,Millones de pesos de 2018,
2026.0,Criterio propio,va_extr,Millones de pesos de 2018,
2004.0,CCNN oficial,ebe_tot,Millones de pesos de 2018,342628.1480199995
2005.0,CCNN oficial,ebe_tot,Millones de pesos de 2018,354203.6813061982
2006.0,CCNN oficial,ebe_tot,Millones de pesos de 2018,428791.36744088226
2007.0,CCNN oficial,ebe_tot,Millones de pesos de 2018,339568.32867748116
2008.0,CCNN oficial,ebe_tot,Millones de pesos de 2018,286151.0028850337
2009.0,CCNN oficial,ebe_tot,Millones de pesos de 2018,286609.7568867563
2010.0,CCNN oficial,ebe_tot,Millones de pesos de 2018,265589.33460806106
2011.0,CCNN oficial,ebe_tot,Millones de pesos de 2018,218079.53267962663
2012.0,CCNN oficial,ebe_tot,Millones de pesos de 2018,203981.4619858534
2013.0,CCNN oficial,ebe_tot,Millones de pesos de 2018,184998.58103996972
2014.0,CCNN oficial,ebe_tot,Millones de pesos de 2018,261807.0676316902
2015.0,CCNN oficial,ebe_tot,Millones de pesos de 2018,210082.08936327574
2016.0,CCNN oficial,ebe_tot,Millones de pesos de 2018,232024.01788086465
2017.0,CCNN oficial,ebe_tot,Millones de pesos de 2018,218720.04874088624
2018.0,CCNN oficial,ebe_tot,Millones de pesos de 2018,374412.4365843355
2019.0,CCNN oficial,ebe_tot,Millones de pesos de 2018,350253.4256812272
2020.0,CCNN oficial,ebe_tot,Millones de pesos de 2018,213524.86128065982
1922.0,Criterio CCNN,ebe_tot,Millones de pesos de 2018,
1923.0,Criterio CCNN,ebe_tot,Millones de pesos de 2018,
1924.0,Criterio CCNN,ebe_tot,Millones de pesos de 2018,
1925.0,Criterio CCNN,ebe_tot,Millones de pesos de 2018,
1926.0,Criterio CCNN,ebe_tot,Millones de pesos de 2018,
1927.0,Criterio CCNN,ebe_tot,Millones de pesos de 2018,
1928.0,Criterio CCNN,ebe_tot,Millones de pesos de 2018,
1929.0,Criterio CCNN,ebe_tot,Millones de pesos de 2018,
1930.0,Criterio CCNN,ebe_tot,Millones de pesos de 2018,
1931.0,Criterio CCNN,ebe_tot,Millones de pesos de 2018,
1932.0,Criterio CCNN,ebe_tot,Millones de pesos de 2018,
1933.0,Criterio CCNN,ebe_tot,Millones de pesos de 2018,
1934.0,Criterio CCNN,ebe_tot,Millones de pesos de 2018,
1935.0,Criterio CCNN,ebe_tot,Millones de pesos de 2018,
1936.0,Criterio CCNN,ebe_tot,Millones de pesos de 2018,
1937.0,Criterio CCNN,ebe_tot,Millones de pesos de 2018,
1938.0,Criterio CCNN,ebe_tot,Millones de pesos de 2018,
1939.0,Criterio CCNN,ebe_tot,Millones de pesos de 2018,
1940.0,Criterio CCNN,ebe_tot,Millones de pesos de 2018,
1941.0,Criterio CCNN,ebe_tot,Millones de pesos de 2018,
1942.0,Criterio CCNN,ebe_tot,Millones de pesos de 2018,
1943.0,Criterio CCNN,ebe_tot,Millones de pesos de 2018,
1944.0,Criterio CCNN,ebe_tot,Millones de pesos de 2018,
1945.0,Criterio CCNN,ebe_tot,Millones de pesos de 2018,
1946.0,Criterio CCNN,ebe_tot,Millones de pesos de 2018,
1947.0,Criterio CCNN,ebe_tot,Millones de pesos de 2018,
1948.0,Criterio CCNN,ebe_tot,Millones de pesos de 2018,
1949.0,Criterio CCNN,ebe_tot,Millones de pesos de 2018,
1950.0,Criterio CCNN,ebe_tot,Millones de pesos de 2018,
1951.0,Criterio CCNN,ebe_tot,Millones de pesos de 2018,
1952.0,Criterio CCNN,ebe_tot,Millones de pesos de 2018,
1953.0,Criterio CCNN,ebe_tot,Millones de pesos de 2018,
1954.0,Criterio CCNN,ebe_tot,Millones de pesos de 2018,
1955.0,Criterio CCNN,ebe_tot,Millones de pesos de 2018,
1956.0,Criterio CCNN,ebe_tot,Millones de pesos de 2018,
1957.0,Criterio CCNN,ebe_tot,Millones de pesos de 2018,
1958.0,Criterio CCNN,ebe_tot,Millones de pesos de 2018,
1959.0,Criterio CCNN,ebe_tot,Millones de pesos de 2018,
1960.0,Criterio CCNN,ebe_tot,Millones de pesos de 2018,
1961.0,Criterio CCNN,ebe_tot,Millones de pesos de 2018,
1962.0,Criterio CCNN,ebe_tot,Millones de pesos de 2018,
1963.0,Criterio CCNN,ebe_tot,Millones de pesos de 2018,
1964.0,Criterio CCNN,ebe_tot,Millones de pesos de 2018,
1965.0,Criterio CCNN,ebe_tot,Millones de pesos de 2018,
1966.0,Criterio CCNN,ebe_tot,Millones de pesos de 2018,
1967.0,Criterio CCNN,ebe_tot,Millones de pesos de 2018,
1968.0,Criterio CCNN,ebe_tot,Millones de pesos de 2018,
1969.0,Criterio CCNN,ebe_tot,Millones de pesos de 2018,
1970.0,Criterio CCNN,ebe_tot,Millones de pesos de 2018,
1971.0,Criterio CCNN,ebe_tot,Millones de pesos de 2018,
1972.0,Criterio CCNN,ebe_tot,Millones de pesos de 2018,
1973.0,Criterio CCNN,ebe_tot,Millones de pesos de 2018,
1974.0,Criterio CCNN,ebe_tot,Millones de pesos de 2018,
1975.0,Criterio CCNN,ebe_tot,Millones de pesos de 2018,
1976.0,Criterio CCNN,ebe_tot,Millones de pesos de 2018,
1977.0,Criterio CCNN,ebe_tot,Millones de pesos de 2018,
1978.0,Criterio CCNN,ebe_tot,Millones de pesos de 2018,
1979.0,Criterio CCNN,ebe_tot,Millones de pesos de 2018,
1980.0,Criterio CCNN,ebe_tot,Millones de pesos de 2018,
1981.0,Criterio CCNN,ebe_tot,Millones de pesos de 2018,
1982.0,Criterio CCNN,ebe_tot,Millones de pesos de 2018,
1983.0,Criterio CCNN,ebe_tot,Millones de pesos de 2018,
1984.0,Criterio CCNN,ebe_tot,Millones de pesos de 2018,
1985.0,Criterio CCNN,ebe_tot,Millones de pesos de 2018,
1986.0,Criterio CCNN,ebe_tot,Millones de pesos de 2018,
1987.0,Criterio CCNN,ebe_tot,Millones de pesos de 2018,
1988.0,Criterio CCNN,ebe_tot,Millones de pesos de 2018,
1989.0,Criterio CCNN,ebe_tot,Millones de pesos de 2018,
1990.0,Criterio CCNN,ebe_tot,Millones de pesos de 2018,
1991.0,Criterio CCNN,ebe_tot,Millones de pesos de 2018,
1992.0,Criterio CCNN,ebe_tot,Millones de pesos de 2018,
1993.0,Criterio CCNN,ebe_tot,Millones de pesos de 2018,32211.22509431276
1993.0,Criterio CCNN,ebe_tot,Millones de pesos de 2018,32190.201353376196
1994.0,Criterio CCNN,ebe_tot,Millones de pesos de 2018,33650.69109940497
1994.0,Criterio CCNN,ebe_tot,Millones de pesos de 2018,33631.27449160434
1995.0,Criterio CCNN,ebe_tot,Millones de pesos de 2018,38414.21499508312
1995.0,Criterio CCNN,ebe_tot,Millones de pesos de 2018,38393.881751238616
1996.0,Criterio CCNN,ebe_tot,Millones de pesos de 2018,52473.753491301075
1996.0,Criterio CCNN,ebe_tot,Millones de pesos de 2018,52435.37569646902
1997.0,Criterio CCNN,ebe_tot,Millones de pesos de 2018,54870.99142853895
1997.0,Criterio CCNN,ebe_tot,Millones de pesos de 2018,54834.30382754502
1998.0,Criterio CCNN,ebe_tot,Millones de pesos de 2018,49204.14848689213
1998.0,Criterio CCNN,ebe_tot,Millones de pesos de 2018,49183.91055843295
1999.0,Criterio CCNN,ebe_tot,Millones de pesos de 2018,47259.28377218085
1999.0,Criterio CCNN,ebe_tot,Millones de pesos de 2018,47236.19082034233
2000.0,Criterio CCNN,ebe_tot,Millones de pesos de 2018,62174.04936524985
2000.0,Criterio CCNN,ebe_tot,Millones de pesos de 2018,62151.5264414586
2001.0,Criterio CCNN,ebe_tot,Millones de pesos de 2018,68699.98654053567
2001.0,Criterio CCNN,ebe_tot,Millones de pesos de 2018,68678.60213367734
2002.0,Criterio CCNN,ebe_tot,Millones de pesos de 2018,227209.2789000288
2002.0,Criterio CCNN,ebe_tot,Millones de pesos de 2018,227197.7091609063
2003.0,Criterio CCNN,ebe_tot,Millones de pesos de 2018,206852.60497073442
2003.0,Criterio CCNN,ebe_tot,Millones de pesos de 2018,206838.007317032
2004.0,Criterio CCNN,ebe_tot,Millones de pesos de 2018,240470.28126861478
2004.0,Criterio CCNN,ebe_tot,Millones de pesos de 2018,240455.10539654642
2005.0,Criterio CCNN,ebe_tot,Millones de pesos de 2018,269604.8138237423
2005.0,Criterio CCNN,ebe_tot,Millones de pesos de 2018,269604.8138237423
2006.0,Criterio CCNN,ebe_tot,Millones de pesos de 2018,286125.4529955143
2006.0,Criterio CCNN,ebe_tot,Millones de pesos de 2018,286125.4529955143
2007.0,Criterio CCNN,ebe_tot,Millones de pesos de 2018,232502.8198918381
2007.0,Criterio CCNN,ebe_tot,Millones de pesos de 2018,232502.8198918381
2008.0,Criterio CCNN,ebe_tot,Millones de pesos de 2018,207111.15675921168
2008.0,Criterio CCNN,ebe_tot,Millones de pesos de 2018,207111.15675921168
2009.0,Criterio CCNN,ebe_tot,Millones de pesos de 2018,216188.81848116638
2009.0,Criterio CCNN,ebe_tot,Millones de pesos de 2018,216188.81848116638
2010.0,Criterio CCNN,ebe_tot,Millones de pesos de 2018,205179.09224186724
2011.0,Criterio CCNN,ebe_tot,Millones de pesos de 2018,174904.43158182
2012.0,Criterio CCNN,ebe_tot,Millones de pesos de 2018,166482.4070402738
2013.0,Criterio CCNN,ebe_tot,Millones de pesos de 2018,144286.13196557137
2014.0,Criterio CCNN,ebe_tot,Millones de pesos de 2018,193263.7509161746
2015.0,Criterio CCNN,ebe_tot,Millones de pesos de 2018,164684.5301127272
2016.0,Criterio CCNN,ebe_tot,Millones de pesos de 2018,171761.8734002021
2017.0,Criterio CCNN,ebe_tot,Millones de pesos de 2018,151996.77457959548
2018.0,Criterio CCNN,ebe_tot,Millones de pesos de 2018,257853.54196525755
2019.0,Criterio CCNN,ebe_tot,Millones de pesos de 2018,242792.48274204836
2020.0,Criterio CCNN,ebe_tot,Millones de pesos de 2018,169839.70511271295
2021.0,Criterio CCNN,ebe_tot,Millones de pesos de 2018,
2022.0,Criterio CCNN,ebe_tot,Millones de pesos de 2018,
2023.0,Criterio CCNN,ebe_tot,Millones de pesos de 2018,
2024.0,Criterio CCNN,ebe_tot,Millones de pesos de 2018,
2025.0,Criterio CCNN,ebe_tot,Millones de pesos de 2018,
2026.0,Criterio CCNN,ebe_tot,Millones de pesos de 2018,
1960.0,Empalme CCNN,ebe_tot,Millones de pesos de 2018,
1961.0,Empalme CCNN,ebe_tot,Millones de pesos de 2018,
1962.0,Empalme CCNN,ebe_tot,Millones de pesos de 2018,
1963.0,Empalme CCNN,ebe_tot,Millones de pesos de 2018,
1964.0,Empalme CCNN,ebe_tot,Millones de pesos de 2018,
1965.0,Empalme CCNN,ebe_tot,Millones de pesos de 2018,
1966.0,Empalme CCNN,ebe_tot,Millones de pesos de 2018,
1967.0,Empalme CCNN,ebe_tot,Millones de pesos de 2018,
1968.0,Empalme CCNN,ebe_tot,Millones de pesos de 2018,
1969.0,Empalme CCNN,ebe_tot,Millones de pesos de 2018,
1970.0,Empalme CCNN,ebe_tot,Millones de pesos de 2018,
1971.0,Empalme CCNN,ebe_tot,Millones de pesos de 2018,
1972.0,Empalme CCNN,ebe_tot,Millones de pesos de 2018,
1973.0,Empalme CCNN,ebe_tot,Millones de pesos de 2018,
1974.0,Empalme CCNN,ebe_tot,Millones de pesos de 2018,
1975.0,Empalme CCNN,ebe_tot,Millones de pesos de 2018,
1976.0,Empalme CCNN,ebe_tot,Millones de pesos de 2018,
1977.0,Empalme CCNN,ebe_tot,Millones de pesos de 2018,
1978.0,Empalme CCNN,ebe_tot,Millones de pesos de 2018,
1979.0,Empalme CCNN,ebe_tot,Millones de pesos de 2018,
1980.0,Empalme CCNN,ebe_tot,Millones de pesos de 2018,
1981.0,Empalme CCNN,ebe_tot,Millones de pesos de 2018,
1982.0,Empalme CCNN,ebe_tot,Millones de pesos de 2018,
1983.0,Empalme CCNN,ebe_tot,Millones de pesos de 2018,
1984.0,Empalme CCNN,ebe_tot,Millones de pesos de 2018,
1985.0,Empalme CCNN,ebe_tot,Millones de pesos de 2018,
1986.0,Empalme CCNN,ebe_tot,Millones de pesos de 2018,
1987.0,Empalme CCNN,ebe_tot,Millones de pesos de 2018,
1988.0,Empalme CCNN,ebe_tot,Millones de pesos de 2018,
1989.0,Empalme CCNN,ebe_tot,Millones de pesos de 2018,
1990.0,Empalme CCNN,ebe_tot,Millones de pesos de 2018,
1991.0,Empalme CCNN,ebe_tot,Millones de pesos de 2018,
1992.0,Empalme CCNN,ebe_tot,Millones de pesos de 2018,
1993.0,Empalme CCNN,ebe_tot,Millones de pesos de 2018,41605.93046111298
1993.0,Empalme CCNN,ebe_tot,Millones de pesos de 2018,41605.93046111298
1993.0,Empalme CCNN,ebe_tot,Millones de pesos de 2018,41578.77494930374
1993.0,Empalme CCNN,ebe_tot,Millones de pesos de 2018,41578.77494930374
1994.0,Empalme CCNN,ebe_tot,Millones de pesos de 2018,43465.230203164
1994.0,Empalme CCNN,ebe_tot,Millones de pesos de 2018,43465.230203164
1994.0,Empalme CCNN,ebe_tot,Millones de pesos de 2018,43440.15055991608
1994.0,Empalme CCNN,ebe_tot,Millones de pesos de 2018,43440.15055991608
1995.0,Empalme CCNN,ebe_tot,Millones de pesos de 2018,49618.08044009671
1995.0,Empalme CCNN,ebe_tot,Millones de pesos de 2018,49618.08044009671
1995.0,Empalme CCNN,ebe_tot,Millones de pesos de 2018,49591.81681532099
1995.0,Empalme CCNN,ebe_tot,Millones de pesos de 2018,49591.81681532099
1996.0,Empalme CCNN,ebe_tot,Millones de pesos de 2018,67778.21496699697
1996.0,Empalme CCNN,ebe_tot,Millones de pesos de 2018,67778.21496699697
1996.0,Empalme CCNN,ebe_tot,Millones de pesos de 2018,67728.64392900142
1996.0,Empalme CCNN,ebe_tot,Millones de pesos de 2018,67728.64392900142
1997.0,Empalme CCNN,ebe_tot,Millones de pesos de 2018,70874.62979205968
1997.0,Empalme CCNN,ebe_tot,Millones de pesos de 2018,70874.62979205968
1997.0,Empalme CCNN,ebe_tot,Millones de pesos de 2018,70827.24190875907
1997.0,Empalme CCNN,ebe_tot,Millones de pesos de 2018,70827.24190875907
1998.0,Empalme CCNN,ebe_tot,Millones de pesos de 2018,63554.99905234479
1998.0,Empalme CCNN,ebe_tot,Millones de pesos de 2018,63554.99905234479
1998.0,Empalme CCNN,ebe_tot,Millones de pesos de 2018,63528.85854257888
1998.0,Empalme CCNN,ebe_tot,Millones de pesos de 2018,63528.85854257888
1999.0,Empalme CCNN,ebe_tot,Millones de pesos de 2018,61042.89633536872
1999.0,Empalme CCNN,ebe_tot,Millones de pesos de 2018,61042.89633536872
1999.0,Empalme CCNN,ebe_tot,Millones de pesos de 2018,61013.0681079256
1999.0,Empalme CCNN,ebe_tot,Millones de pesos de 2018,61013.0681079256
2000.0,Empalme CCNN,ebe_tot,Millones de pesos de 2018,80307.69294872675
2000.0,Empalme CCNN,ebe_tot,Millones de pesos de 2018,80307.69294872675
2000.0,Empalme CCNN,ebe_tot,Millones de pesos de 2018,80278.60100334759
2000.0,Empalme CCNN,ebe_tot,Millones de pesos de 2018,80278.60100334759
2001.0,Empalme CCNN,ebe_tot,Millones de pesos de 2018,88736.9807983365
2001.0,Empalme CCNN,ebe_tot,Millones de pesos de 2018,88736.9807983365
2001.0,Empalme CCNN,ebe_tot,Millones de pesos de 2018,88709.35942901275
2001.0,Empalme CCNN,ebe_tot,Millones de pesos de 2018,88709.35942901275
2002.0,Empalme CCNN,ebe_tot,Millones de pesos de 2018,293476.99227072543
2002.0,Empalme CCNN,ebe_tot,Millones de pesos de 2018,293476.99227072543
2002.0,Empalme CCNN,ebe_tot,Millones de pesos de 2018,293462.04810886964
2002.0,Empalme CCNN,ebe_tot,Millones de pesos de 2018,293462.04810886964
2003.0,Empalme CCNN,ebe_tot,Millones de pesos de 2018,267183.1038066288
2003.0,Empalme CCNN,ebe_tot,Millones de pesos de 2018,267183.1038066288
2003.0,Empalme CCNN,ebe_tot,Millones de pesos de 2018,267164.2486105579
2003.0,Empalme CCNN,ebe_tot,Millones de pesos de 2018,267164.2486105579
2004.0,Empalme CCNN,ebe_tot,Millones de pesos de 2018,342628.1480199995
2004.0,Empalme CCNN,ebe_tot,Millones de pesos de 2018,342628.1480199995
2004.0,Empalme CCNN,ebe_tot,Millones de pesos de 2018,342628.1480199995
2004.0,Empalme CCNN,ebe_tot,Millones de pesos de 2018,342628.1480199995
2005.0,Empalme CCNN,ebe_tot,Millones de pesos de 2018,354203.6813061982
2005.0,Empalme CCNN,ebe_tot,Millones de pesos de 2018,354203.6813061982
2005.0,Empalme CCNN,ebe_tot,Millones de pesos de 2018,354203.6813061982
2005.0,Empalme CCNN,ebe_tot,Millones de pesos de 2018,354203.6813061982
2006.0,Empalme CCNN,ebe_tot,Millones de pesos de 2018,428791.36744088226
2006.0,Empalme CCNN,ebe_tot,Millones de pesos de 2018,428791.36744088226
2006.0,Empalme CCNN,ebe_tot,Millones de pesos de 2018,428791.36744088226
2006.0,Empalme CCNN,ebe_tot,Millones de pesos de 2018,428791.36744088226
2007.0,Empalme CCNN,ebe_tot,Millones de pesos de 2018,339568.32867748116
2007.0,Empalme CCNN,ebe_tot,Millones de pesos de 2018,339568.32867748116
2007.0,Empalme CCNN,ebe_tot,Millones de pesos de 2018,339568.32867748116
2007.0,Empalme CCNN,ebe_tot,Millones de pesos de 2018,339568.32867748116
2008.0,Empalme CCNN,ebe_tot,Millones de pesos de 2018,286151.0028850337
2008.0,Empalme CCNN,ebe_tot,Millones de pesos de 2018,286151.0028850337
2008.0,Empalme CCNN,ebe_tot,Millones de pesos de 2018,286151.0028850337
2008.0,Empalme CCNN,ebe_tot,Millones de pesos de 2018,286151.0028850337
2009.0,Empalme CCNN,ebe_tot,Millones de pesos de 2018,286609.7568867563
2009.0,Empalme CCNN,ebe_tot,Millones de pesos de 2018,286609.7568867563
2009.0,Empalme CCNN,ebe_tot,Millones de pesos de 2018,286609.7568867563
2009.0,Empalme CCNN,ebe_tot,Millones de pesos de 2018,286609.7568867563
2010.0,Empalme CCNN,ebe_tot,Millones de pesos de 2018,265589.33460806106
2011.0,Empalme CCNN,ebe_tot,Millones de pesos de 2018,218079.53267962663
2012.0,Empalme CCNN,ebe_tot,Millones de pesos de 2018,203981.4619858534
2013.0,Empalme CCNN,ebe_tot,Millones de pesos de 2018,184998.58103996972
2014.0,Empalme CCNN,ebe_tot,Millones de pesos de 2018,261807.0676316902
2015.0,Empalme CCNN,ebe_tot,Millones de pesos de 2018,210082.08936327574
2016.0,Empalme CCNN,ebe_tot,Millones de pesos de 2018,232024.01788086465
2017.0,Empalme CCNN,ebe_tot,Millones de pesos de 2018,218720.04874088624
2018.0,Empalme CCNN,ebe_tot,Millones de pesos de 2018,374412.4365843355
2019.0,Empalme CCNN,ebe_tot,Millones de pesos de 2018,350253.4256812272
2020.0,Empalme CCNN,ebe_tot,Millones de pesos de 2018,213524.86128065982
2021.0,Empalme CCNN,ebe_tot,Millones de pesos de 2018,
2022.0,Empalme CCNN,ebe_tot,Millones de pesos de 2018,
2023.0,Empalme CCNN,ebe_tot,Millones de pesos de 2018,
2024.0,Empalme CCNN,ebe_tot,Millones de pesos de 2018,
2025.0,Empalme CCNN,ebe_tot,Millones de pesos de 2018,
2026.0,Empalme CCNN,ebe_tot,Millones de pesos de 2018,
2027.0,Empalme CCNN,ebe_tot,Millones de pesos de 2018,
2028.0,Empalme CCNN,ebe_tot,Millones de pesos de 2018,
2029.0,Empalme CCNN,ebe_tot,Millones de pesos de 2018,
2030.0,Empalme CCNN,ebe_tot,Millones de pesos de 2018,
1922.0,Criterio propio,ebe_tot,Millones de pesos de 2018,
1923.0,Criterio propio,ebe_tot,Millones de pesos de 2018,
1924.0,Criterio propio,ebe_tot,Millones de pesos de 2018,
1925.0,Criterio propio,ebe_tot,Millones de pesos de 2018,
1926.0,Criterio propio,ebe_tot,Millones de pesos de 2018,
1927.0,Criterio propio,ebe_tot,Millones de pesos de 2018,
1928.0,Criterio propio,ebe_tot,Millones de pesos de 2018,
1929.0,Criterio propio,ebe_tot,Millones de pesos de 2018,
1930.0,Criterio propio,ebe_tot,Millones de pesos de 2018,
1931.0,Criterio propio,ebe_tot,Millones de pesos de 2018,
1932.0,Criterio propio,ebe_tot,Millones de pesos de 2018,
1933.0,Criterio propio,ebe_tot,Millones de pesos de 2018,
1934.0,Criterio propio,ebe_tot,Millones de pesos de 2018,
1935.0,Criterio propio,ebe_tot,Millones de pesos de 2018,
1936.0,Criterio propio,ebe_tot,Millones de pesos de 2018,
1937.0,Criterio propio,ebe_tot,Millones de pesos de 2018,
1938.0,Criterio propio,ebe_tot,Millones de pesos de 2018,
1939.0,Criterio propio,ebe_tot,Millones de pesos de 2018,
1940.0,Criterio propio,ebe_tot,Millones de pesos de 2018,
1941.0,Criterio propio,ebe_tot,Millones de pesos de 2018,
1942.0,Criterio propio,ebe_tot,Millones de pesos de 2018,
1943.0,Criterio propio,ebe_tot,Millones de pesos de 2018,
1944.0,Criterio propio,ebe_tot,Millones de pesos de 2018,
1945.0,Criterio propio,ebe_tot,Millones de pesos de 2018,
1946.0,Criterio propio,ebe_tot,Millones de pesos de 2018,
1947.0,Criterio propio,ebe_tot,Millones de pesos de 2018,
1948.0,Criterio propio,ebe_tot,Millones de pesos de 2018,
1949.0,Criterio propio,ebe_tot,Millones de pesos de 2018,
1950.0,Criterio propio,ebe_tot,Millones de pesos de 2018,
1951.0,Criterio propio,ebe_tot,Millones de pesos de 2018,
1952.0,Criterio propio,ebe_tot,Millones de pesos de 2018,
1953.0,Criterio propio,ebe_tot,Millones de pesos de 2018,
1954.0,Criterio propio,ebe_tot,Millones de pesos de 2018,
1955.0,Criterio propio,ebe_tot,Millones de pesos de 2018,
1956.0,Criterio propio,ebe_tot,Millones de pesos de 2018,
1957.0,Criterio propio,ebe_tot,Millones de pesos de 2018,
1958.0,Criterio propio,ebe_tot,Millones de pesos de 2018,
1959.0,Criterio propio,ebe_tot,Millones de pesos de 2018,
1960.0,Criterio propio,ebe_tot,Millones de pesos de 2018,
1961.0,Criterio propio,ebe_tot,Millones de pesos de 2018,
1962.0,Criterio propio,ebe_tot,Millones de pesos de 2018,
1963.0,Criterio propio,ebe_tot,Millones de pesos de 2018,
1964.0,Criterio propio,ebe_tot,Millones de pesos de 2018,
1965.0,Criterio propio,ebe_tot,Millones de pesos de 2018,
1966.0,Criterio propio,ebe_tot,Millones de pesos de 2018,
1967.0,Criterio propio,ebe_tot,Millones de pesos de 2018,
1968.0,Criterio propio,ebe_tot,Millones de pesos de 2018,
1969.0,Criterio propio,ebe_tot,Millones de pesos de 2018,
1970.0,Criterio propio,ebe_tot,Millones de pesos de 2018,
1971.0,Criterio propio,ebe_tot,Millones de pesos de 2018,
1972.0,Criterio propio,ebe_tot,Millones de pesos de 2018,
1973.0,Criterio propio,ebe_tot,Millones de pesos de 2018,
1974.0,Criterio propio,ebe_tot,Millones de pesos de 2018,
1975.0,Criterio propio,ebe_tot,Millones de pesos de 2018,
1976.0,Criterio propio,ebe_tot,Millones de pesos de 2018,
1977.0,Criterio propio,ebe_tot,Millones de pesos de 2018,
1978.0,Criterio propio,ebe_tot,Millones de pesos de 2018,
1979.0,Criterio propio,ebe_tot,Millones de pesos de 2018,
1980.0,Criterio propio,ebe_tot,Millones de pesos de 2018,
1981.0,Criterio propio,ebe_tot,Millones de pesos de 2018,
1982.0,Criterio propio,ebe_tot,Millones de pesos de 2018,
1983.0,Criterio propio,ebe_tot,Millones de pesos de 2018,
1984.0,Criterio propio,ebe_tot,Millones de pesos de 2018,
1985.0,Criterio propio,ebe_tot,Millones de pesos de 2018,
1986.0,Criterio propio,ebe_tot,Millones de pesos de 2018,
1987.0,Criterio propio,ebe_tot,Millones de pesos de 2018,
1988.0,Criterio propio,ebe_tot,Millones de pesos de 2018,
1989.0,Criterio propio,ebe_tot,Millones de pesos de 2018,
1990.0,Criterio propio,ebe_tot,Millones de pesos de 2018,
1991.0,Criterio propio,ebe_tot,Millones de pesos de 2018,
1992.0,Criterio propio,ebe_tot,Millones de pesos de 2018,
1993.0,Criterio propio,ebe_tot,Millones de pesos de 2018,228771.17526618272
1993.0,Criterio propio,ebe_tot,Millones de pesos de 2018,228771.17526618272
1993.0,Criterio propio,ebe_tot,Millones de pesos de 2018,228746.659039295
1993.0,Criterio propio,ebe_tot,Millones de pesos de 2018,228746.659039295
1994.0,Criterio propio,ebe_tot,Millones de pesos de 2018,
1994.0,Criterio propio,ebe_tot,Millones de pesos de 2018,
1994.0,Criterio propio,ebe_tot,Millones de pesos de 2018,
1994.0,Criterio propio,ebe_tot,Millones de pesos de 2018,
1995.0,Criterio propio,ebe_tot,Millones de pesos de 2018,
1995.0,Criterio propio,ebe_tot,Millones de pesos de 2018,
1995.0,Criterio propio,ebe_tot,Millones de pesos de 2018,
1995.0,Criterio propio,ebe_tot,Millones de pesos de 2018,
1996.0,Criterio propio,ebe_tot,Millones de pesos de 2018,
1996.0,Criterio propio,ebe_tot,Millones de pesos de 2018,
1996.0,Criterio propio,ebe_tot,Millones de pesos de 2018,
1996.0,Criterio propio,ebe_tot,Millones de pesos de 2018,
1997.0,Criterio propio,ebe_tot,Millones de pesos de 2018,
1997.0,Criterio propio,ebe_tot,Millones de pesos de 2018,
1997.0,Criterio propio,ebe_tot,Millones de pesos de 2018,
1997.0,Criterio propio,ebe_tot,Millones de pesos de 2018,
1998.0,Criterio propio,ebe_tot,Millones de pesos de 2018,152888.81835531874
1998.0,Criterio propio,ebe_tot,Millones de pesos de 2018,152888.81835531874
1998.0,Criterio propio,ebe_tot,Millones de pesos de 2018,152865.21848090342
1998.0,Criterio propio,ebe_tot,Millones de pesos de 2018,152865.21848090342
1999.0,Criterio propio,ebe_tot,Millones de pesos de 2018,168120.6446996618
1999.0,Criterio propio,ebe_tot,Millones de pesos de 2018,168120.6446996618
1999.0,Criterio propio,ebe_tot,Millones de pesos de 2018,168093.71552238124
1999.0,Criterio propio,ebe_tot,Millones de pesos de 2018,168093.71552238124
2000.0,Criterio propio,ebe_tot,Millones de pesos de 2018,272420.51275883213
2000.0,Criterio propio,ebe_tot,Millones de pesos de 2018,272420.51275883213
2000.0,Criterio propio,ebe_tot,Millones de pesos de 2018,272394.24830325745
2000.0,Criterio propio,ebe_tot,Millones de pesos de 2018,272394.24830325745
2001.0,Criterio propio,ebe_tot,Millones de pesos de 2018,284938.3409374608
2001.0,Criterio propio,ebe_tot,Millones de pesos de 2018,284938.3409374608
2001.0,Criterio propio,ebe_tot,Millones de pesos de 2018,284913.4041304491
2001.0,Criterio propio,ebe_tot,Millones de pesos de 2018,284913.4041304491
2002.0,Criterio propio,ebe_tot,Millones de pesos de 2018,316147.37125127163
2002.0,Criterio propio,ebe_tot,Millones de pesos de 2018,316147.37125127163
2002.0,Criterio propio,ebe_tot,Millones de pesos de 2018,316133.8795349203
2002.0,Criterio propio,ebe_tot,Millones de pesos de 2018,316133.8795349203
2003.0,Criterio propio,ebe_tot,Millones de pesos de 2018,369999.3771797809
2003.0,Criterio propio,ebe_tot,Millones de pesos de 2018,369999.3771797809
2003.0,Criterio propio,ebe_tot,Millones de pesos de 2018,369982.3545484958
2003.0,Criterio propio,ebe_tot,Millones de pesos de 2018,369982.3545484958
2004.0,Criterio propio,ebe_tot,Millones de pesos de 2018,534416.2391328572
2004.0,Criterio propio,ebe_tot,Millones de pesos de 2018,534416.2391328572
2004.0,Criterio propio,ebe_tot,Millones de pesos de 2018,534398.5422289631
2004.0,Criterio propio,ebe_tot,Millones de pesos de 2018,534398.5422289631
2005.0,Criterio propio,ebe_tot,Millones de pesos de 2018,781819.3288789607
2005.0,Criterio propio,ebe_tot,Millones de pesos de 2018,781819.3288789607
2005.0,Criterio propio,ebe_tot,Millones de pesos de 2018,781819.3288789607
2005.0,Criterio propio,ebe_tot,Millones de pesos de 2018,781819.3288789607
2006.0,Criterio propio,ebe_tot,Millones de pesos de 2018,893358.7424086803
2006.0,Criterio propio,ebe_tot,Millones de pesos de 2018,893358.7424086803
2006.0,Criterio propio,ebe_tot,Millones de pesos de 2018,893358.7424086803
2006.0,Criterio propio,ebe_tot,Millones de pesos de 2018,893358.7424086803
2007.0,Criterio propio,ebe_tot,Millones de pesos de 2018,766054.1230076702
2007.0,Criterio propio,ebe_tot,Millones de pesos de 2018,766054.1230076702
2007.0,Criterio propio,ebe_tot,Millones de pesos de 2018,766054.1230076702
2007.0,Criterio propio,ebe_tot,Millones de pesos de 2018,766054.1230076702
2008.0,Criterio propio,ebe_tot,Millones de pesos de 2018,1063711.813968008
2008.0,Criterio propio,ebe_tot,Millones de pesos de 2018,1063711.813968008
2008.0,Criterio propio,ebe_tot,Millones de pesos de 2018,1063711.813968008
2008.0,Criterio propio,ebe_tot,Millones de pesos de 2018,1063711.813968008
2009.0,Criterio propio,ebe_tot,Millones de pesos de 2018,774166.7424906621
2009.0,Criterio propio,ebe_tot,Millones de pesos de 2018,774166.7424906621
2009.0,Criterio propio,ebe_tot,Millones de pesos de 2018,774166.7424906621
2009.0,Criterio propio,ebe_tot,Millones de pesos de 2018,774166.7424906621
2010.0,Criterio propio,ebe_tot,Millones de pesos de 2018,1026934.4457690399
2011.0,Criterio propio,ebe_tot,Millones de pesos de 2018,1340021.2195730023
2012.0,Criterio propio,ebe_tot,Millones de pesos de 2018,1637696.4641935555
2013.0,Criterio propio,ebe_tot,Millones de pesos de 2018,1691344.0991707465
2014.0,Criterio propio,ebe_tot,Millones de pesos de 2018,1639055.586672594
2015.0,Criterio propio,ebe_tot,Millones de pesos de 2018,1005146.2759201524
2016.0,Criterio propio,ebe_tot,Millones de pesos de 2018,650639.5052637624
2017.0,Criterio propio,ebe_tot,Millones de pesos de 2018,743926.1157562892
2018.0,Criterio propio,ebe_tot,Millones de pesos de 2018,1028085.5263565627
2019.0,Criterio propio,ebe_tot,Millones de pesos de 2018,1044644.9614675236
2020.0,Criterio propio,ebe_tot,Millones de pesos de 2018,543236.0504777579
2021.0,Criterio propio,ebe_tot,Millones de pesos de 2018,
2022.0,Criterio propio,ebe_tot,Millones de pesos de 2018,
2023.0,Criterio propio,ebe_tot,Millones de pesos de 2018,
2024.0,Criterio propio,ebe_tot,Millones de pesos de 2018,
2025.0,Criterio propio,ebe_tot,Millones de pesos de 2018,
2026.0,Criterio propio,ebe_tot,Millones de pesos de 2018,
2004.0,CCNN oficial,ebe_extr,Millones de pesos de 2018,323273.9225909715
2005.0,CCNN oficial,ebe_extr,Millones de pesos de 2018,338859.2570833217
2006.0,CCNN oficial,ebe_extr,Millones de pesos de 2018,411358.4870872906
2007.0,CCNN oficial,ebe_extr,Millones de pesos de 2018,337059.9450583057
2008.0,CCNN oficial,ebe_extr,Millones de pesos de 2018,298195.66272962576
2009.0,CCNN oficial,ebe_extr,Millones de pesos de 2018,299920.381309006
2010.0,CCNN oficial,ebe_extr,Millones de pesos de 2018,283775.7366582684
2011.0,CCNN oficial,ebe_extr,Millones de pesos de 2018,248421.4521338697
2012.0,CCNN oficial,ebe_extr,Millones de pesos de 2018,235759.4996025683
2013.0,CCNN oficial,ebe_extr,Millones de pesos de 2018,220902.0894798929
2014.0,CCNN oficial,ebe_extr,Millones de pesos de 2018,292958.71905016503
2015.0,CCNN oficial,ebe_extr,Millones de pesos de 2018,249890.63026443892
2016.0,CCNN oficial,ebe_extr,Millones de pesos de 2018,256574.91695924327
2017.0,CCNN oficial,ebe_extr,Millones de pesos de 2018,239723.20618818363
2018.0,CCNN oficial,ebe_extr,Millones de pesos de 2018,383844.3305616993
2019.0,CCNN oficial,ebe_extr,Millones de pesos de 2018,363726.881103599
2020.0,CCNN oficial,ebe_extr,Millones de pesos de 2018,225179.5543266923
1922.0,Criterio CCNN,ebe_extr,Millones de pesos de 2018,
1923.0,Criterio CCNN,ebe_extr,Millones de pesos de 2018,
1924.0,Criterio CCNN,ebe_extr,Millones de pesos de 2018,
1925.0,Criterio CCNN,ebe_extr,Millones de pesos de 2018,
1926.0,Criterio CCNN,ebe_extr,Millones de pesos de 2018,
1927.0,Criterio CCNN,ebe_extr,Millones de pesos de 2018,
1928.0,Criterio CCNN,ebe_extr,Millones de pesos de 2018,
1929.0,Criterio CCNN,ebe_extr,Millones de pesos de 2018,
1930.0,Criterio CCNN,ebe_extr,Millones de pesos de 2018,
1931.0,Criterio CCNN,ebe_extr,Millones de pesos de 2018,
1932.0,Criterio CCNN,ebe_extr,Millones de pesos de 2018,
1933.0,Criterio CCNN,ebe_extr,Millones de pesos de 2018,
1934.0,Criterio CCNN,ebe_extr,Millones de pesos de 2018,
1935.0,Criterio CCNN,ebe_extr,Millones de pesos de 2018,
1936.0,Criterio CCNN,ebe_extr,Millones de pesos de 2018,
1937.0,Criterio CCNN,ebe_extr,Millones de pesos de 2018,
1938.0,Criterio CCNN,ebe_extr,Millones de pesos de 2018,
1939.0,Criterio CCNN,ebe_extr,Millones de pesos de 2018,
1940.0,Criterio CCNN,ebe_extr,Millones de pesos de 2018,
1941.0,Criterio CCNN,ebe_extr,Millones de pesos de 2018,
1942.0,Criterio CCNN,ebe_extr,Millones de pesos de 2018,
1943.0,Criterio CCNN,ebe_extr,Millones de pesos de 2018,
1944.0,Criterio CCNN,ebe_extr,Millones de pesos de 2018,
1945.0,Criterio CCNN,ebe_extr,Millones de pesos de 2018,
1946.0,Criterio CCNN,ebe_extr,Millones de pesos de 2018,
1947.0,Criterio CCNN,ebe_extr,Millones de pesos de 2018,
1948.0,Criterio CCNN,ebe_extr,Millones de pesos de 2018,
1949.0,Criterio CCNN,ebe_extr,Millones de pesos de 2018,
1950.0,Criterio CCNN,ebe_extr,Millones de pesos de 2018,
1951.0,Criterio CCNN,ebe_extr,Millones de pesos de 2018,
1952.0,Criterio CCNN,ebe_extr,Millones de pesos de 2018,
1953.0,Criterio CCNN,ebe_extr,Millones de pesos de 2018,
1954.0,Criterio CCNN,ebe_extr,Millones de pesos de 2018,
1955.0,Criterio CCNN,ebe_extr,Millones de pesos de 2018,
1956.0,Criterio CCNN,ebe_extr,Millones de pesos de 2018,
1957.0,Criterio CCNN,ebe_extr,Millones de pesos de 2018,
1958.0,Criterio CCNN,ebe_extr,Millones de pesos de 2018,
1959.0,Criterio CCNN,ebe_extr,Millones de pesos de 2018,
1960.0,Criterio CCNN,ebe_extr,Millones de pesos de 2018,
1961.0,Criterio CCNN,ebe_extr,Millones de pesos de 2018,
1962.0,Criterio CCNN,ebe_extr,Millones de pesos de 2018,
1963.0,Criterio CCNN,ebe_extr,Millones de pesos de 2018,
1964.0,Criterio CCNN,ebe_extr,Millones de pesos de 2018,
1965.0,Criterio CCNN,ebe_extr,Millones de pesos de 2018,
1966.0,Criterio CCNN,ebe_extr,Millones de pesos de 2018,
1967.0,Criterio CCNN,ebe_extr,Millones de pesos de 2018,
1968.0,Criterio CCNN,ebe_extr,Millones de pesos de 2018,
1969.0,Criterio CCNN,ebe_extr,Millones de pesos de 2018,
1970.0,Criterio CCNN,ebe_extr,Millones de pesos de 2018,
1971.0,Criterio CCNN,ebe_extr,Millones de pesos de 2018,
1972.0,Criterio CCNN,ebe_extr,Millones de pesos de 2018,
1973.0,Criterio CCNN,ebe_extr,Millones de pesos de 2018,
1974.0,Criterio CCNN,ebe_extr,Millones de pesos de 2018,
1975.0,Criterio CCNN,ebe_extr,Millones de pesos de 2018,
1976.0,Criterio CCNN,ebe_extr,Millones de pesos de 2018,
1977.0,Criterio CCNN,ebe_extr,Millones de pesos de 2018,
1978.0,Criterio CCNN,ebe_extr,Millones de pesos de 2018,
1979.0,Criterio CCNN,ebe_extr,Millones de pesos de 2018,
1980.0,Criterio CCNN,ebe_extr,Millones de pesos de 2018,
1981.0,Criterio CCNN,ebe_extr,Millones de pesos de 2018,
1982.0,Criterio CCNN,ebe_extr,Millones de pesos de 2018,
1983.0,Criterio CCNN,ebe_extr,Millones de pesos de 2018,
1984.0,Criterio CCNN,ebe_extr,Millones de pesos de 2018,
1985.0,Criterio CCNN,ebe_extr,Millones de pesos de 2018,
1986.0,Criterio CCNN,ebe_extr,Millones de pesos de 2018,
1987.0,Criterio CCNN,ebe_extr,Millones de pesos de 2018,
1988.0,Criterio CCNN,ebe_extr,Millones de pesos de 2018,
1989.0,Criterio CCNN,ebe_extr,Millones de pesos de 2018,
1990.0,Criterio CCNN,ebe_extr,Millones de pesos de 2018,
1991.0,Criterio CCNN,ebe_extr,Millones de pesos de 2018,
1992.0,Criterio CCNN,ebe_extr,Millones de pesos de 2018,
1993.0,Criterio CCNN,ebe_extr,Millones de pesos de 2018,27923.36511886491
1993.0,Criterio CCNN,ebe_extr,Millones de pesos de 2018,27904.384706842102
1994.0,Criterio CCNN,ebe_extr,Millones de pesos de 2018,29184.950002801095
1994.0,Criterio CCNN,ebe_extr,Millones de pesos de 2018,29167.4205242343
1995.0,Criterio CCNN,ebe_extr,Millones de pesos de 2018,33322.244864689674
1995.0,Criterio CCNN,ebe_extr,Millones de pesos de 2018,33303.887839310926
1996.0,Criterio CCNN,ebe_extr,Millones de pesos de 2018,45563.229980548014
1996.0,Criterio CCNN,ebe_extr,Millones de pesos de 2018,45528.582181156016
1997.0,Criterio CCNN,ebe_extr,Millones de pesos de 2018,47710.40242214507
1997.0,Criterio CCNN,ebe_extr,Millones de pesos de 2018,47677.280544117064
1998.0,Criterio CCNN,ebe_extr,Millones de pesos de 2018,43070.265287537164
1998.0,Criterio CCNN,ebe_extr,Millones de pesos de 2018,43051.994313698466
1999.0,Criterio CCNN,ebe_extr,Millones de pesos de 2018,41014.8534577245
1999.0,Criterio CCNN,ebe_extr,Millones de pesos de 2018,40994.00494451077
2000.0,Criterio CCNN,ebe_extr,Millones de pesos de 2018,53649.45463448261
2000.0,Criterio CCNN,ebe_extr,Millones de pesos de 2018,53629.12074743529
2001.0,Criterio CCNN,ebe_extr,Millones de pesos de 2018,59762.33680508231
2001.0,Criterio CCNN,ebe_extr,Millones de pesos de 2018,59743.030780799614
2002.0,Criterio CCNN,ebe_extr,Millones de pesos de 2018,200744.26595015908
2002.0,Criterio CCNN,ebe_extr,Millones de pesos de 2018,200733.82069133458
2003.0,Criterio CCNN,ebe_extr,Millones de pesos de 2018,182470.25902942393
2003.0,Criterio CCNN,ebe_extr,Millones de pesos de 2018,182457.0801435789
2004.0,Criterio CCNN,ebe_extr,Millones de pesos de 2018,212432.4204265013
2004.0,Criterio CCNN,ebe_extr,Millones de pesos de 2018,212418.71952020054
2005.0,Criterio CCNN,ebe_extr,Millones de pesos de 2018,238272.0116196367
2005.0,Criterio CCNN,ebe_extr,Millones de pesos de 2018,238272.0116196367
2006.0,Criterio CCNN,ebe_extr,Millones de pesos de 2018,252774.15582746227
2006.0,Criterio CCNN,ebe_extr,Millones de pesos de 2018,252774.15582746227
2007.0,Criterio CCNN,ebe_extr,Millones de pesos de 2018,204835.50514099296
2007.0,Criterio CCNN,ebe_extr,Millones de pesos de 2018,204835.50514099296
2008.0,Criterio CCNN,ebe_extr,Millones de pesos de 2018,182268.27517364023
2008.0,Criterio CCNN,ebe_extr,Millones de pesos de 2018,182268.27517364023
2009.0,Criterio CCNN,ebe_extr,Millones de pesos de 2018,190689.10258424727
2009.0,Criterio CCNN,ebe_extr,Millones de pesos de 2018,190689.10258424727
2010.0,Criterio CCNN,ebe_extr,Millones de pesos de 2018,180973.4823835664
2011.0,Criterio CCNN,ebe_extr,Millones de pesos de 2018,153920.9013091239
2012.0,Criterio CCNN,ebe_extr,Millones de pesos de 2018,146400.67095642546
2013.0,Criterio CCNN,ebe_extr,Millones de pesos de 2018,126702.83724170944
2014.0,Criterio CCNN,ebe_extr,Millones de pesos de 2018,170615.16426830422
2015.0,Criterio CCNN,ebe_extr,Millones de pesos de 2018,145410.8454788862
2016.0,Criterio CCNN,ebe_extr,Millones de pesos de 2018,151648.93045060307
2017.0,Criterio CCNN,ebe_extr,Millones de pesos de 2018,134248.5439628625
2018.0,Criterio CCNN,ebe_extr,Millones de pesos de 2018,227673.10186953767
2019.0,Criterio CCNN,ebe_extr,Millones de pesos de 2018,214355.775568364
2020.0,Criterio CCNN,ebe_extr,Millones de pesos de 2018,149919.5194635598
2021.0,Criterio CCNN,ebe_extr,Millones de pesos de 2018,
2022.0,Criterio CCNN,ebe_extr,Millones de pesos de 2018,
2023.0,Criterio CCNN,ebe_extr,Millones de pesos de 2018,
2024.0,Criterio CCNN,ebe_extr,Millones de pesos de 2018,
2025.0,Criterio CCNN,ebe_extr,Millones de pesos de 2018,
2026.0,Criterio CCNN,ebe_extr,Millones de pesos de 2018,
1960.0,Empalme CCNN,ebe_extr,Millones de pesos de 2018,
1961.0,Empalme CCNN,ebe_extr,Millones de pesos de 2018,
1962.0,Empalme CCNN,ebe_extr,Millones de pesos de 2018,
1963.0,Empalme CCNN,ebe_extr,Millones de pesos de 2018,
1964.0,Empalme CCNN,ebe_extr,Millones de pesos de 2018,
1965.0,Empalme CCNN,ebe_extr,Millones de pesos de 2018,
1966.0,Empalme CCNN,ebe_extr,Millones de pesos de 2018,
1967.0,Empalme CCNN,ebe_extr,Millones de pesos de 2018,
1968.0,Empalme CCNN,ebe_extr,Millones de pesos de 2018,
1969.0,Empalme CCNN,ebe_extr,Millones de pesos de 2018,
1970.0,Empalme CCNN,ebe_extr,Millones de pesos de 2018,
1971.0,Empalme CCNN,ebe_extr,Millones de pesos de 2018,
1972.0,Empalme CCNN,ebe_extr,Millones de pesos de 2018,
1973.0,Empalme CCNN,ebe_extr,Millones de pesos de 2018,
1974.0,Empalme CCNN,ebe_extr,Millones de pesos de 2018,
1975.0,Empalme CCNN,ebe_extr,Millones de pesos de 2018,
1976.0,Empalme CCNN,ebe_extr,Millones de pesos de 2018,
1977.0,Empalme CCNN,ebe_extr,Millones de pesos de 2018,
1978.0,Empalme CCNN,ebe_extr,Millones de pesos de 2018,
1979.0,Empalme CCNN,ebe_extr,Millones de pesos de 2018,
1980.0,Empalme CCNN,ebe_extr,Millones de pesos de 2018,
1981.0,Empalme CCNN,ebe_extr,Millones de pesos de 2018,
1982.0,Empalme CCNN,ebe_extr,Millones de pesos de 2018,
1983.0,Empalme CCNN,ebe_extr,Millones de pesos de 2018,
1984.0,Empalme CCNN,ebe_extr,Millones de pesos de 2018,
1985.0,Empalme CCNN,ebe_extr,Millones de pesos de 2018,
1986.0,Empalme CCNN,ebe_extr,Millones de pesos de 2018,
1987.0,Empalme CCNN,ebe_extr,Millones de pesos de 2018,
1988.0,Empalme CCNN,ebe_extr,Millones de pesos de 2018,
1989.0,Empalme CCNN,ebe_extr,Millones de pesos de 2018,
1990.0,Empalme CCNN,ebe_extr,Millones de pesos de 2018,
1991.0,Empalme CCNN,ebe_extr,Millones de pesos de 2018,
1992.0,Empalme CCNN,ebe_extr,Millones de pesos de 2018,
1993.0,Empalme CCNN,ebe_extr,Millones de pesos de 2018,45363.363794762554
1993.0,Empalme CCNN,ebe_extr,Millones de pesos de 2018,45363.363794762554
1993.0,Empalme CCNN,ebe_extr,Millones de pesos de 2018,45338.84756787483
1993.0,Empalme CCNN,ebe_extr,Millones de pesos de 2018,45338.84756787483
1994.0,Empalme CCNN,ebe_extr,Millones de pesos de 2018,47297.97563806582
1994.0,Empalme CCNN,ebe_extr,Millones de pesos de 2018,47297.97563806582
1994.0,Empalme CCNN,ebe_extr,Millones de pesos de 2018,47275.33352296048
1994.0,Empalme CCNN,ebe_extr,Millones de pesos de 2018,47275.33352296048
1995.0,Empalme CCNN,ebe_extr,Millones de pesos de 2018,53953.38979220821
1995.0,Empalme CCNN,ebe_extr,Millones de pesos de 2018,53953.38979220821
1995.0,Empalme CCNN,ebe_extr,Millones de pesos de 2018,53929.67876851554
1995.0,Empalme CCNN,ebe_extr,Millones de pesos de 2018,53929.67876851554
1996.0,Empalme CCNN,ebe_extr,Millones de pesos de 2018,73396.20831184639
1996.0,Empalme CCNN,ebe_extr,Millones de pesos de 2018,73396.20831184639
1996.0,Empalme CCNN,ebe_extr,Millones de pesos de 2018,73351.45515738198
1996.0,Empalme CCNN,ebe_extr,Millones de pesos de 2018,73351.45515738198
1997.0,Empalme CCNN,ebe_extr,Millones de pesos de 2018,76306.78307115818
1997.0,Empalme CCNN,ebe_extr,Millones de pesos de 2018,76306.78307115818
1997.0,Empalme CCNN,ebe_extr,Millones de pesos de 2018,76264.00088730954
1997.0,Empalme CCNN,ebe_extr,Millones de pesos de 2018,76264.00088730954
1998.0,Empalme CCNN,ebe_extr,Millones de pesos de 2018,66490.07353980032
1998.0,Empalme CCNN,ebe_extr,Millones de pesos de 2018,66490.07353980032
1998.0,Empalme CCNN,ebe_extr,Millones de pesos de 2018,66466.47366538498
1998.0,Empalme CCNN,ebe_extr,Millones de pesos de 2018,66466.47366538498
1999.0,Empalme CCNN,ebe_extr,Millones de pesos de 2018,66241.65926810073
1999.0,Empalme CCNN,ebe_extr,Millones de pesos de 2018,66241.65926810073
1999.0,Empalme CCNN,ebe_extr,Millones de pesos de 2018,66214.73009082019
1999.0,Empalme CCNN,ebe_extr,Millones de pesos de 2018,66214.73009082019
2000.0,Empalme CCNN,ebe_extr,Millones de pesos de 2018,89233.33338070355
2000.0,Empalme CCNN,ebe_extr,Millones de pesos de 2018,89233.33338070355
2000.0,Empalme CCNN,ebe_extr,Millones de pesos de 2018,89207.06892512889
2000.0,Empalme CCNN,ebe_extr,Millones de pesos de 2018,89207.06892512889
2001.0,Empalme CCNN,ebe_extr,Millones de pesos de 2018,95352.09496287772
2001.0,Empalme CCNN,ebe_extr,Millones de pesos de 2018,95352.09496287772
2001.0,Empalme CCNN,ebe_extr,Millones de pesos de 2018,95327.15815586605
2001.0,Empalme CCNN,ebe_extr,Millones de pesos de 2018,95327.15815586605
2002.0,Empalme CCNN,ebe_extr,Millones de pesos de 2018,294495.7395177953
2002.0,Empalme CCNN,ebe_extr,Millones de pesos de 2018,294495.7395177953
2002.0,Empalme CCNN,ebe_extr,Millones de pesos de 2018,294482.24780144397
2002.0,Empalme CCNN,ebe_extr,Millones de pesos de 2018,294482.24780144397
2003.0,Empalme CCNN,ebe_extr,Millones de pesos de 2018,270055.13196664903
2003.0,Empalme CCNN,ebe_extr,Millones de pesos de 2018,270055.13196664903
2003.0,Empalme CCNN,ebe_extr,Millones de pesos de 2018,270038.10933536384
2003.0,Empalme CCNN,ebe_extr,Millones de pesos de 2018,270038.10933536384
2004.0,Empalme CCNN,ebe_extr,Millones de pesos de 2018,323273.9225909715
2004.0,Empalme CCNN,ebe_extr,Millones de pesos de 2018,323273.9225909715
2004.0,Empalme CCNN,ebe_extr,Millones de pesos de 2018,323273.9225909715
2004.0,Empalme CCNN,ebe_extr,Millones de pesos de 2018,323273.9225909715
2005.0,Empalme CCNN,ebe_extr,Millones de pesos de 2018,338859.2570833217
2005.0,Empalme CCNN,ebe_extr,Millones de pesos de 2018,338859.2570833217
2005.0,Empalme CCNN,ebe_extr,Millones de pesos de 2018,338859.2570833217
2005.0,Empalme CCNN,ebe_extr,Millones de pesos de 2018,338859.2570833217
2006.0,Empalme CCNN,ebe_extr,Millones de pesos de 2018,411358.4870872906
2006.0,Empalme CCNN,ebe_extr,Millones de pesos de 2018,411358.4870872906
2006.0,Empalme CCNN,ebe_extr,Millones de pesos de 2018,411358.4870872906
2006.0,Empalme CCNN,ebe_extr,Millones de pesos de 2018,411358.4870872906
2007.0,Empalme CCNN,ebe_extr,Millones de pesos de 2018,337059.9450583057
2007.0,Empalme CCNN,ebe_extr,Millones de pesos de 2018,337059.9450583057
2007.0,Empalme CCNN,ebe_extr,Millones de pesos de 2018,337059.9450583057
2007.0,Empalme CCNN,ebe_extr,Millones de pesos de 2018,337059.9450583057
2008.0,Empalme CCNN,ebe_extr,Millones de pesos de 2018,298195.66272962576
2008.0,Empalme CCNN,ebe_extr,Millones de pesos de 2018,298195.66272962576
2008.0,Empalme CCNN,ebe_extr,Millones de pesos de 2018,298195.66272962576
2008.0,Empalme CCNN,ebe_extr,Millones de pesos de 2018,298195.66272962576
2009.0,Empalme CCNN,ebe_extr,Millones de pesos de 2018,299920.381309006
2009.0,Empalme CCNN,ebe_extr,Millones de pesos de 2018,299920.381309006
2009.0,Empalme CCNN,ebe_extr,Millones de pesos de 2018,299920.381309006
2009.0,Empalme CCNN,ebe_extr,Millones de pesos de 2018,299920.381309006
2010.0,Empalme CCNN,ebe_extr,Millones de pesos de 2018,283775.7366582684
2011.0,Empalme CCNN,ebe_extr,Millones de pesos de 2018,248421.4521338697
2012.0,Empalme CCNN,ebe_extr,Millones de pesos de 2018,235759.4996025683
2013.0,Empalme CCNN,ebe_extr,Millones de pesos de 2018,220902.0894798929
2014.0,Empalme CCNN,ebe_extr,Millones de pesos de 2018,292958.71905016503
2015.0,Empalme CCNN,ebe_extr,Millones de pesos de 2018,249890.63026443892
2016.0,Empalme CCNN,ebe_extr,Millones de pesos de 2018,256574.91695924327
2017.0,Empalme CCNN,ebe_extr,Millones de pesos de 2018,239723.20618818363
2018.0,Empalme CCNN,ebe_extr,Millones de pesos de 2018,383844.3305616993
2019.0,Empalme CCNN,ebe_extr,Millones de pesos de 2018,363726.881103599
2020.0,Empalme CCNN,ebe_extr,Millones de pesos de 2018,225179.5543266923
2021.0,Empalme CCNN,ebe_extr,Millones de pesos de 2018,
2022.0,Empalme CCNN,ebe_extr,Millones de pesos de 2018,
2023.0,Empalme CCNN,ebe_extr,Millones de pesos de 2018,
2024.0,Empalme CCNN,ebe_extr,Millones de pesos de 2018,
2025.0,Empalme CCNN,ebe_extr,Millones de pesos de 2018,
2026.0,Empalme CCNN,ebe_extr,Millones de pesos de 2018,
2027.0,Empalme CCNN,ebe_extr,Millones de pesos de 2018,
2028.0,Empalme CCNN,ebe_extr,Millones de pesos de 2018,
2029.0,Empalme CCNN,ebe_extr,Millones de pesos de 2018,
2030.0,Empalme CCNN,ebe_extr,Millones de pesos de 2018,
1922.0,Criterio propio,ebe_extr,Millones de pesos de 2018,
1923.0,Criterio propio,ebe_extr,Millones de pesos de 2018,
1924.0,Criterio propio,ebe_extr,Millones de pesos de 2018,
1925.0,Criterio propio,ebe_extr,Millones de pesos de 2018,
1926.0,Criterio propio,ebe_extr,Millones de pesos de 2018,
1927.0,Criterio propio,ebe_extr,Millones de pesos de 2018,
1928.0,Criterio propio,ebe_extr,Millones de pesos de 2018,
1929.0,Criterio propio,ebe_extr,Millones de pesos de 2018,
1930.0,Criterio propio,ebe_extr,Millones de pesos de 2018,
1931.0,Criterio propio,ebe_extr,Millones de pesos de 2018,
1932.0,Criterio propio,ebe_extr,Millones de pesos de 2018,
1933.0,Criterio propio,ebe_extr,Millones de pesos de 2018,
1934.0,Criterio propio,ebe_extr,Millones de pesos de 2018,
1935.0,Criterio propio,ebe_extr,Millones de pesos de 2018,
1936.0,Criterio propio,ebe_extr,Millones de pesos de 2018,
1937.0,Criterio propio,ebe_extr,Millones de pesos de 2018,
1938.0,Criterio propio,ebe_extr,Millones de pesos de 2018,
1939.0,Criterio propio,ebe_extr,Millones de pesos de 2018,
1940.0,Criterio propio,ebe_extr,Millones de pesos de 2018,
1941.0,Criterio propio,ebe_extr,Millones de pesos de 2018,
1942.0,Criterio propio,ebe_extr,Millones de pesos de 2018,
1943.0,Criterio propio,ebe_extr,Millones de pesos de 2018,
1944.0,Criterio propio,ebe_extr,Millones de pesos de 2018,
1945.0,Criterio propio,ebe_extr,Millones de pesos de 2018,
1946.0,Criterio propio,ebe_extr,Millones de pesos de 2018,
1947.0,Criterio propio,ebe_extr,Millones de pesos de 2018,
1948.0,Criterio propio,ebe_extr,Millones de pesos de 2018,
1949.0,Criterio propio,ebe_extr,Millones de pesos de 2018,
1950.0,Criterio propio,ebe_extr,Millones de pesos de 2018,
1951.0,Criterio propio,ebe_extr,Millones de pesos de 2018,
1952.0,Criterio propio,ebe_extr,Millones de pesos de 2018,
1953.0,Criterio propio,ebe_extr,Millones de pesos de 2018,
1954.0,Criterio propio,ebe_extr,Millones de pesos de 2018,
1955.0,Criterio propio,ebe_extr,Millones de pesos de 2018,
1956.0,Criterio propio,ebe_extr,Millones de pesos de 2018,
1957.0,Criterio propio,ebe_extr,Millones de pesos de 2018,
1958.0,Criterio propio,ebe_extr,Millones de pesos de 2018,
1959.0,Criterio propio,ebe_extr,Millones de pesos de 2018,
1960.0,Criterio propio,ebe_extr,Millones de pesos de 2018,
1961.0,Criterio propio,ebe_extr,Millones de pesos de 2018,
1962.0,Criterio propio,ebe_extr,Millones de pesos de 2018,
1963.0,Criterio propio,ebe_extr,Millones de pesos de 2018,
1964.0,Criterio propio,ebe_extr,Millones de pesos de 2018,
1965.0,Criterio propio,ebe_extr,Millones de pesos de 2018,
1966.0,Criterio propio,ebe_extr,Millones de pesos de 2018,
1967.0,Criterio propio,ebe_extr,Millones de pesos de 2018,
1968.0,Criterio propio,ebe_extr,Millones de pesos de 2018,
1969.0,Criterio propio,ebe_extr,Millones de pesos de 2018,
1970.0,Criterio propio,ebe_extr,Millones de pesos de 2018,
1971.0,Criterio propio,ebe_extr,Millones de pesos de 2018,
1972.0,Criterio propio,ebe_extr,Millones de pesos de 2018,
1973.0,Criterio propio,ebe_extr,Millones de pesos de 2018,
1974.0,Criterio propio,ebe_extr,Millones de pesos de 2018,
1975.0,Criterio propio,ebe_extr,Millones de pesos de 2018,
1976.0,Criterio propio,ebe_extr,Millones de pesos de 2018,
1977.0,Criterio propio,ebe_extr,Millones de pesos de 2018,
1978.0,Criterio propio,ebe_extr,Millones de pesos de 2018,
1979.0,Criterio propio,ebe_extr,Millones de pesos de 2018,
1980.0,Criterio propio,ebe_extr,Millones de pesos de 2018,
1981.0,Criterio propio,ebe_extr,Millones de pesos de 2018,
1982.0,Criterio propio,ebe_extr,Millones de pesos de 2018,
1983.0,Criterio propio,ebe_extr,Millones de pesos de 2018,
1984.0,Criterio propio,ebe_extr,Millones de pesos de 2018,
1985.0,Criterio propio,ebe_extr,Millones de pesos de 2018,
1986.0,Criterio propio,ebe_extr,Millones de pesos de 2018,
1987.0,Criterio propio,ebe_extr,Millones de pesos de 2018,
1988.0,Criterio propio,ebe_extr,Millones de pesos de 2018,
1989.0,Criterio propio,ebe_extr,Millones de pesos de 2018,
1990.0,Criterio propio,ebe_extr,Millones de pesos de 2018,
1991.0,Criterio propio,ebe_extr,Millones de pesos de 2018,
1992.0,Criterio propio,ebe_extr,Millones de pesos de 2018,
1993.0,Criterio propio,ebe_extr,Millones de pesos de 2018,
1993.0,Criterio propio,ebe_extr,Millones de pesos de 2018,
1993.0,Criterio propio,ebe_extr,Millones de pesos de 2018,
1993.0,Criterio propio,ebe_extr,Millones de pesos de 2018,
1994.0,Criterio propio,ebe_extr,Millones de pesos de 2018,
1994.0,Criterio propio,ebe_extr,Millones de pesos de 2018,
1994.0,Criterio propio,ebe_extr,Millones de pesos de 2018,
1994.0,Criterio propio,ebe_extr,Millones de pesos de 2018,
1995.0,Criterio propio,ebe_extr,Millones de pesos de 2018,
1995.0,Criterio propio,ebe_extr,Millones de pesos de 2018,
1995.0,Criterio propio,ebe_extr,Millones de pesos de 2018,
1995.0,Criterio propio,ebe_extr,Millones de pesos de 2018,
1996.0,Criterio propio,ebe_extr,Millones de pesos de 2018,
1996.0,Criterio propio,ebe_extr,Millones de pesos de 2018,
1996.0,Criterio propio,ebe_extr,Millones de pesos de 2018,
1996.0,Criterio propio,ebe_extr,Millones de pesos de 2018,
1997.0,Criterio propio,ebe_extr,Millones de pesos de 2018,
1997.0,Criterio propio,ebe_extr,Millones de pesos de 2018,
1997.0,Criterio propio,ebe_extr,Millones de pesos de 2018,
1997.0,Criterio propio,ebe_extr,Millones de pesos de 2018,
1998.0,Criterio propio,ebe_extr,Millones de pesos de 2018,
1998.0,Criterio propio,ebe_extr,Millones de pesos de 2018,
1998.0,Criterio propio,ebe_extr,Millones de pesos de 2018,
1998.0,Criterio propio,ebe_extr,Millones de pesos de 2018,
1999.0,Criterio propio,ebe_extr,Millones de pesos de 2018,
1999.0,Criterio propio,ebe_extr,Millones de pesos de 2018,
1999.0,Criterio propio,ebe_extr,Millones de pesos de 2018,
1999.0,Criterio propio,ebe_extr,Millones de pesos de 2018,
2000.0,Criterio propio,ebe_extr,Millones de pesos de 2018,
2000.0,Criterio propio,ebe_extr,Millones de pesos de 2018,
2000.0,Criterio propio,ebe_extr,Millones de pesos de 2018,
2000.0,Criterio propio,ebe_extr,Millones de pesos de 2018,
2001.0,Criterio propio,ebe_extr,Millones de pesos de 2018,
2001.0,Criterio propio,ebe_extr,Millones de pesos de 2018,
2001.0,Criterio propio,ebe_extr,Millones de pesos de 2018,
2001.0,Criterio propio,ebe_extr,Millones de pesos de 2018,
2002.0,Criterio propio,ebe_extr,Millones de pesos de 2018,
2002.0,Criterio propio,ebe_extr,Millones de pesos de 2018,
2002.0,Criterio propio,ebe_extr,Millones de pesos de 2018,
2002.0,Criterio propio,ebe_extr,Millones de pesos de 2018,
2003.0,Criterio propio,ebe_extr,Millones de pesos de 2018,
2003.0,Criterio propio,ebe_extr,Millones de pesos de 2018,
2003.0,Criterio propio,ebe_extr,Millones de pesos de 2018,
2003.0,Criterio propio,ebe_extr,Millones de pesos de 2018,
2004.0,Criterio propio,ebe_extr,Millones de pesos de 2018,
2004.0,Criterio propio,ebe_extr,Millones de pesos de 2018,
2004.0,Criterio propio,ebe_extr,Millones de pesos de 2018,
2004.0,Criterio propio,ebe_extr,Millones de pesos de 2018,
2005.0,Criterio propio,ebe_extr,Millones de pesos de 2018,
2005.0,Criterio propio,ebe_extr,Millones de pesos de 2018,
2005.0,Criterio propio,ebe_extr,Millones de pesos de 2018,
2005.0,Criterio propio,ebe_extr,Millones de pesos de 2018,
2006.0,Criterio propio,ebe_extr,Millones de pesos de 2018,
2006.0,Criterio propio,ebe_extr,Millones de pesos de 2018,
2006.0,Criterio propio,ebe_extr,Millones de pesos de 2018,
2006.0,Criterio propio,ebe_extr,Millones de pesos de 2018,
2007.0,Criterio propio,ebe_extr,Millones de pesos de 2018,
2007.0,Criterio propio,ebe_extr,Millones de pesos de 2018,
2007.0,Criterio propio,ebe_extr,Millones de pesos de 2018,
2007.0,Criterio propio,ebe_extr,Millones de pesos de 2018,
2008.0,Criterio propio,ebe_extr,Millones de pesos de 2018,
2008.0,Criterio propio,ebe_extr,Millones de pesos de 2018,
2008.0,Criterio propio,ebe_extr,Millones de pesos de 2018,
2008.0,Criterio propio,ebe_extr,Millones de pesos de 2018,
2009.0,Criterio propio,ebe_extr,Millones de pesos de 2018,
2009.0,Criterio propio,ebe_extr,Millones de pesos de 2018,
2009.0,Criterio propio,ebe_extr,Millones de pesos de 2018,
2009.0,Criterio propio,ebe_extr,Millones de pesos de 2018,
2010.0,Criterio propio,ebe_extr,Millones de pesos de 2018,
2011.0,Criterio propio,ebe_extr,Millones de pesos de 2018,
2012.0,Criterio propio,ebe_extr,Millones de pesos de 2018,
2013.0,Criterio propio,ebe_extr,Millones de pesos de 2018,
2014.0,Criterio propio,ebe_extr,Millones de pesos de 2018,
2015.0,Criterio propio,ebe_extr,Millones de pesos de 2018,
2016.0,Criterio propio,ebe_extr,Millones de pesos de 2018,
2017.0,Criterio propio,ebe_extr,Millones de pesos de 2018,
2018.0,Criterio propio,ebe_extr,Millones de pesos de 2018,
2019.0,Criterio propio,ebe_extr,Millones de pesos de 2018,
2020.0,Criterio propio,ebe_extr,Millones de pesos de 2018,
2021.0,Criterio propio,ebe_extr,Millones de pesos de 2018,
2022.0,Criterio propio,ebe_extr,Millones de pesos de 2018,
2023.0,Criterio propio,ebe_extr,Millones de pesos de 2018,
2024.0,Criterio propio,ebe_extr,Millones de pesos de 2018,
2025.0,Criterio propio,ebe_extr,Millones de pesos de 2018,
2026.0,Criterio propio,ebe_extr,Millones de pesos de 2018,
