anio,empresa,fuente,sector,unidad,variable,valor
1997,PAE,Bolsar,produccion,Millones de pesos corrientes,KTA,982.0
1997,PAE,Bolsar,produccion,Millones de pesos corrientes,activo,0.0
1997,PAE,Bolsar,produccion,Millones de pesos corrientes,activo_no_corr,477.0
1997,PAE,Bolsar,produccion,Millones de pesos corrientes,gcia_ant,22.0
1997,PAE,Bolsar,produccion,Millones de pesos corrientes,gcia_desp,12.0
1997,PAE,Bolsar,produccion,Millones de pesos corrientes,inventarios,0.0
1997,PAE,Bolsar,produccion,Millones de pesos corrientes,ppye,1088.0
1997,PAE,Bolsar,produccion,Millones de pesos corrientes,ppye_neta,982.0
1997,PAE,Bolsar,produccion,Millones de pesos corrientes,tg_ant,0.0224032586558045
1997,PAE,Bolsar,produccion,Millones de pesos corrientes,tg_desp,0.0132382892057026
1997,Petrobras,Bolsar,integrada,Millones de pesos corrientes,KTA,1387.0
1997,Petrobras,Bolsar,integrada,Millones de pesos corrientes,activo,4144.0
1997,Petrobras,Bolsar,integrada,Millones de pesos corrientes,activo_no_corr,0.0
1997,Petrobras,Bolsar,integrada,Millones de pesos corrientes,gcia_ant,0.0
1997,Petrobras,Bolsar,integrada,Millones de pesos corrientes,gcia_desp,361.0
1997,Petrobras,Bolsar,integrada,Millones de pesos corrientes,inventarios,26.0
1997,Petrobras,Bolsar,integrada,Millones de pesos corrientes,ppye,1361.0
1997,Petrobras,Bolsar,integrada,Millones de pesos corrientes,ppye_neta,1361.0
1997,Petrobras,Bolsar,integrada,Millones de pesos corrientes,tg_ant,0.0
1997,Petrobras,Bolsar,integrada,Millones de pesos corrientes,tg_desp,0.0
1997,Tecpetrol,Bolsar,produccion,Millones de pesos corrientes,KTA,0.0
1997,Tecpetrol,Bolsar,produccion,Millones de pesos corrientes,activo,0.0
1997,Tecpetrol,Bolsar,produccion,Millones de pesos corrientes,activo_no_corr,0.0
1997,Tecpetrol,Bolsar,produccion,Millones de pesos corrientes,gcia_ant,0.0
1997,Tecpetrol,Bolsar,produccion,Millones de pesos corrientes,gcia_desp,0.0
1997,Tecpetrol,Bolsar,produccion,Millones de pesos corrientes,inventarios,0.0
1997,Tecpetrol,Bolsar,produccion,Millones de pesos corrientes,ppye,0.0
1997,Tecpetrol,Bolsar,produccion,Millones de pesos corrientes,ppye_neta,0.0
1997,Tecpetrol,Bolsar,produccion,Millones de pesos corrientes,tg_ant,0.0
1997,Tecpetrol,Bolsar,produccion,Millones de pesos corrientes,tg_desp,0.0
1998,Camuzzi Gas Pampeana,Bolsar,distribucion,Millones de pesos corrientes,KTA,475.344899
1998,Camuzzi Gas Pampeana,Bolsar,distribucion,Millones de pesos corrientes,activo,596.73632
1998,Camuzzi Gas Pampeana,Bolsar,distribucion,Millones de pesos corrientes,activo_no_corr,517.261122
1998,Camuzzi Gas Pampeana,Bolsar,distribucion,Millones de pesos corrientes,gcia_ant,46.32973
1998,Camuzzi Gas Pampeana,Bolsar,distribucion,Millones de pesos corrientes,gcia_desp,24.207064
1998,Camuzzi Gas Pampeana,Bolsar,distribucion,Millones de pesos corrientes,inventarios,0.0
1998,Camuzzi Gas Pampeana,Bolsar,distribucion,Millones de pesos corrientes,ppye,487.639816
1998,Camuzzi Gas Pampeana,Bolsar,distribucion,Millones de pesos corrientes,ppye_neta,475.344899
1998,Camuzzi Gas Pampeana,Bolsar,distribucion,Millones de pesos corrientes,tg_ant,0.0974655036742069
1998,Camuzzi Gas Pampeana,Bolsar,distribucion,Millones de pesos corrientes,tg_desp,0.0509252630057149
1998,Metrogas,Bolsar,distribucion,Millones de pesos corrientes,KTA,861.093
1998,Metrogas,Bolsar,distribucion,Millones de pesos corrientes,activo,0.0
1998,Metrogas,Bolsar,distribucion,Millones de pesos corrientes,activo_no_corr,889.966
1998,Metrogas,Bolsar,distribucion,Millones de pesos corrientes,gcia_ant,37.153
1998,Metrogas,Bolsar,distribucion,Millones de pesos corrientes,gcia_desp,23.232
1998,Metrogas,Bolsar,distribucion,Millones de pesos corrientes,inventarios,0.0
1998,Metrogas,Bolsar,distribucion,Millones de pesos corrientes,ppye,861.093
1998,Metrogas,Bolsar,distribucion,Millones de pesos corrientes,ppye_neta,861.093
1998,Metrogas,Bolsar,distribucion,Millones de pesos corrientes,tg_ant,0.0431463268195189
1998,Metrogas,Bolsar,distribucion,Millones de pesos corrientes,tg_desp,0.0431463268195189
1998,PAE,Bolsar,produccion,Millones de pesos corrientes,KTA,1000.0
1998,PAE,Bolsar,produccion,Millones de pesos corrientes,activo,0.0
1998,PAE,Bolsar,produccion,Millones de pesos corrientes,activo_no_corr,1215.0
1998,PAE,Bolsar,produccion,Millones de pesos corrientes,gcia_ant,-6.0
1998,PAE,Bolsar,produccion,Millones de pesos corrientes,gcia_desp,-6.0
1998,PAE,Bolsar,produccion,Millones de pesos corrientes,inventarios,0.0
1998,PAE,Bolsar,produccion,Millones de pesos corrientes,ppye,1184.0
1998,PAE,Bolsar,produccion,Millones de pesos corrientes,ppye_neta,1000.0
1998,PAE,Bolsar,produccion,Millones de pesos corrientes,tg_ant,-0.006
1998,PAE,Bolsar,produccion,Millones de pesos corrientes,tg_desp,-0.006
1998,Petrobras,Bolsar,integrada,Millones de pesos corrientes,KTA,1605.0
1998,Petrobras,Bolsar,integrada,Millones de pesos corrientes,activo,4607.0
1998,Petrobras,Bolsar,integrada,Millones de pesos corrientes,activo_no_corr,0.0
1998,Petrobras,Bolsar,integrada,Millones de pesos corrientes,gcia_ant,0.0
1998,Petrobras,Bolsar,integrada,Millones de pesos corrientes,gcia_desp,205.0
1998,Petrobras,Bolsar,integrada,Millones de pesos corrientes,inventarios,26.0
1998,Petrobras,Bolsar,integrada,Millones de pesos corrientes,ppye,1579.0
1998,Petrobras,Bolsar,integrada,Millones de pesos corrientes,ppye_neta,1579.0
1998,Petrobras,Bolsar,integrada,Millones de pesos corrientes,tg_ant,0.0
1998,Petrobras,Bolsar,integrada,Millones de pesos corrientes,tg_desp,0.0
1998,TGN,Bolsar,transporte,Millones de pesos corrientes,KTA,1029.173
1998,TGN,Bolsar,transporte,Millones de pesos corrientes,activo,0.0
1998,TGN,Bolsar,transporte,Millones de pesos corrientes,activo_no_corr,1058.704
1998,TGN,Bolsar,transporte,Millones de pesos corrientes,gcia_ant,83.113
1998,TGN,Bolsar,transporte,Millones de pesos corrientes,gcia_desp,58.813
1998,TGN,Bolsar,transporte,Millones de pesos corrientes,inventarios,0.0
1998,TGN,Bolsar,transporte,Millones de pesos corrientes,ppye,1040.557
1998,TGN,Bolsar,transporte,Millones de pesos corrientes,ppye_neta,1029.173
1998,TGN,Bolsar,transporte,Millones de pesos corrientes,tg_ant,0.0807570738835939
1998,TGN,Bolsar,transporte,Millones de pesos corrientes,tg_desp,0.0807570738835939
1998,TGS,Bolsar,transporte,Millones de pesos corrientes,KTA,1705.854
1998,TGS,Bolsar,transporte,Millones de pesos corrientes,activo,0.0
1998,TGS,Bolsar,transporte,Millones de pesos corrientes,activo_no_corr,1883.169
1998,TGS,Bolsar,transporte,Millones de pesos corrientes,gcia_ant,230.333
1998,TGS,Bolsar,transporte,Millones de pesos corrientes,gcia_desp,156.482
1998,TGS,Bolsar,transporte,Millones de pesos corrientes,inventarios,0.0
1998,TGS,Bolsar,transporte,Millones de pesos corrientes,ppye,1848.022
1998,TGS,Bolsar,transporte,Millones de pesos corrientes,ppye_neta,1705.854
1998,TGS,Bolsar,transporte,Millones de pesos corrientes,tg_ant,0.135025037312689
1998,TGS,Bolsar,transporte,Millones de pesos corrientes,tg_desp,0.135025037312689
1998,Tecpetrol,Bolsar,produccion,Millones de pesos corrientes,KTA,0.0
1998,Tecpetrol,Bolsar,produccion,Millones de pesos corrientes,activo,0.0
1998,Tecpetrol,Bolsar,produccion,Millones de pesos corrientes,activo_no_corr,0.0
1998,Tecpetrol,Bolsar,produccion,Millones de pesos corrientes,gcia_ant,0.0
1998,Tecpetrol,Bolsar,produccion,Millones de pesos corrientes,gcia_desp,0.0
1998,Tecpetrol,Bolsar,produccion,Millones de pesos corrientes,inventarios,0.0
1998,Tecpetrol,Bolsar,produccion,Millones de pesos corrientes,ppye,0.0
1998,Tecpetrol,Bolsar,produccion,Millones de pesos corrientes,ppye_neta,0.0
1998,Tecpetrol,Bolsar,produccion,Millones de pesos corrientes,tg_ant,0.0
1998,Tecpetrol,Bolsar,produccion,Millones de pesos corrientes,tg_desp,0.0
1998,YPF,Bolsar,integrada,Millones de pesos corrientes,KTA,6920.79285714286
1998,YPF,Bolsar,integrada,Millones de pesos corrientes,activo,0.0
1998,YPF,Bolsar,integrada,Millones de pesos corrientes,activo_no_corr,10920.0
1998,YPF,Bolsar,integrada,Millones de pesos corrientes,gcia_ant,802.0
1998,YPF,Bolsar,integrada,Millones de pesos corrientes,gcia_desp,580.0
1998,YPF,Bolsar,integrada,Millones de pesos corrientes,inventarios,242.0
1998,YPF,Bolsar,integrada,Millones de pesos corrientes,ppye,7542.0
1998,YPF,Bolsar,integrada,Millones de pesos corrientes,ppye_neta,6652.0
1998,YPF,Bolsar,integrada,Millones de pesos corrientes,tg_ant,0.115882676530662
1998,YPF,Bolsar,integrada,Millones de pesos corrientes,tg_desp,0.0838054269174362
1999,Camuzzi Gas Pampeana,Bolsar,distribucion,Millones de pesos corrientes,KTA,473.075402
1999,Camuzzi Gas Pampeana,Bolsar,distribucion,Millones de pesos corrientes,activo,591.298843
1999,Camuzzi Gas Pampeana,Bolsar,distribucion,Millones de pesos corrientes,activo_no_corr,534.081498
1999,Camuzzi Gas Pampeana,Bolsar,distribucion,Millones de pesos corrientes,gcia_ant,50.063744
1999,Camuzzi Gas Pampeana,Bolsar,distribucion,Millones de pesos corrientes,gcia_desp,31.288223
1999,Camuzzi Gas Pampeana,Bolsar,distribucion,Millones de pesos corrientes,inventarios,0.0
1999,Camuzzi Gas Pampeana,Bolsar,distribucion,Millones de pesos corrientes,ppye,501.732629
1999,Camuzzi Gas Pampeana,Bolsar,distribucion,Millones de pesos corrientes,ppye_neta,473.075402
1999,Camuzzi Gas Pampeana,Bolsar,distribucion,Millones de pesos corrientes,tg_ant,0.105826140586358
1999,Camuzzi Gas Pampeana,Bolsar,distribucion,Millones de pesos corrientes,tg_desp,0.0661379198067035
1999,Metrogas,Bolsar,distribucion,Millones de pesos corrientes,KTA,819.089
1999,Metrogas,Bolsar,distribucion,Millones de pesos corrientes,activo,0.0
1999,Metrogas,Bolsar,distribucion,Millones de pesos corrientes,activo_no_corr,892.065
1999,Metrogas,Bolsar,distribucion,Millones de pesos corrientes,gcia_ant,66.232
1999,Metrogas,Bolsar,distribucion,Millones de pesos corrientes,gcia_desp,42.041
1999,Metrogas,Bolsar,distribucion,Millones de pesos corrientes,inventarios,0.0
1999,Metrogas,Bolsar,distribucion,Millones de pesos corrientes,ppye,870.127
1999,Metrogas,Bolsar,distribucion,Millones de pesos corrientes,ppye_neta,819.089
1999,Metrogas,Bolsar,distribucion,Millones de pesos corrientes,tg_ant,0.0808605658237383
1999,Metrogas,Bolsar,distribucion,Millones de pesos corrientes,tg_desp,0.0808605658237383
1999,PAE,Bolsar,produccion,Millones de pesos corrientes,KTA,1270.00602409639
1999,PAE,Bolsar,produccion,Millones de pesos corrientes,activo,0.0
1999,PAE,Bolsar,produccion,Millones de pesos corrientes,activo_no_corr,1151.0
1999,PAE,Bolsar,produccion,Millones de pesos corrientes,gcia_ant,17.0
1999,PAE,Bolsar,produccion,Millones de pesos corrientes,gcia_desp,17.0
1999,PAE,Bolsar,produccion,Millones de pesos corrientes,inventarios,18.0
1999,PAE,Bolsar,produccion,Millones de pesos corrientes,ppye,1358.0
1999,PAE,Bolsar,produccion,Millones de pesos corrientes,ppye_neta,1250.0
1999,PAE,Bolsar,produccion,Millones de pesos corrientes,tg_ant,0.0133857632778518
1999,PAE,Bolsar,produccion,Millones de pesos corrientes,tg_desp,0.0133857632778518
1999,Petrobras,Bolsar,integrada,Millones de pesos corrientes,KTA,1352.0
1999,Petrobras,Bolsar,integrada,Millones de pesos corrientes,activo,4363.0
1999,Petrobras,Bolsar,integrada,Millones de pesos corrientes,activo_no_corr,0.0
1999,Petrobras,Bolsar,integrada,Millones de pesos corrientes,gcia_ant,0.0
1999,Petrobras,Bolsar,integrada,Millones de pesos corrientes,gcia_desp,338.0
1999,Petrobras,Bolsar,integrada,Millones de pesos corrientes,inventarios,27.0
1999,Petrobras,Bolsar,integrada,Millones de pesos corrientes,ppye,1325.0
1999,Petrobras,Bolsar,integrada,Millones de pesos corrientes,ppye_neta,1325.0
1999,Petrobras,Bolsar,integrada,Millones de pesos corrientes,tg_ant,0.0
1999,Petrobras,Bolsar,integrada,Millones de pesos corrientes,tg_desp,0.0
1999,TGN,Bolsar,transporte,Millones de pesos corrientes,KTA,1015.278
1999,TGN,Bolsar,transporte,Millones de pesos corrientes,activo,0.0
1999,TGN,Bolsar,transporte,Millones de pesos corrientes,activo_no_corr,1154.313
1999,TGN,Bolsar,transporte,Millones de pesos corrientes,gcia_ant,70.565
1999,TGN,Bolsar,transporte,Millones de pesos corrientes,gcia_desp,47.685
1999,TGN,Bolsar,transporte,Millones de pesos corrientes,inventarios,0.0
1999,TGN,Bolsar,transporte,Millones de pesos corrientes,ppye,1131.769
1999,TGN,Bolsar,transporte,Millones de pesos corrientes,ppye_neta,1015.278
1999,TGN,Bolsar,transporte,Millones de pesos corrientes,tg_ant,0.0695031311621054
1999,TGN,Bolsar,transporte,Millones de pesos corrientes,tg_desp,0.0695031311621054
1999,TGS,Bolsar,transporte,Millones de pesos corrientes,KTA,1847.225
1999,TGS,Bolsar,transporte,Millones de pesos corrientes,activo,0.0
1999,TGS,Bolsar,transporte,Millones de pesos corrientes,activo_no_corr,2006.298
1999,TGS,Bolsar,transporte,Millones de pesos corrientes,gcia_ant,212.482
1999,TGS,Bolsar,transporte,Millones de pesos corrientes,gcia_desp,145.724
1999,TGS,Bolsar,transporte,Millones de pesos corrientes,inventarios,0.0
1999,TGS,Bolsar,transporte,Millones de pesos corrientes,ppye,1949.773
1999,TGS,Bolsar,transporte,Millones de pesos corrientes,ppye_neta,1847.225
1999,TGS,Bolsar,transporte,Millones de pesos corrientes,tg_ant,0.11502767665011
1999,TGS,Bolsar,transporte,Millones de pesos corrientes,tg_desp,0.11502767665011
1999,Tecpetrol,Bolsar,produccion,Millones de pesos corrientes,KTA,194.067024602282
1999,Tecpetrol,Bolsar,produccion,Millones de pesos corrientes,activo,0.0
1999,Tecpetrol,Bolsar,produccion,Millones de pesos corrientes,activo_no_corr,422.109
1999,Tecpetrol,Bolsar,produccion,Millones de pesos corrientes,gcia_ant,12.309
1999,Tecpetrol,Bolsar,produccion,Millones de pesos corrientes,gcia_desp,13.097
1999,Tecpetrol,Bolsar,produccion,Millones de pesos corrientes,inventarios,2.098
1999,Tecpetrol,Bolsar,produccion,Millones de pesos corrientes,ppye,201.395
1999,Tecpetrol,Bolsar,produccion,Millones de pesos corrientes,ppye_neta,191.46
1999,Tecpetrol,Bolsar,produccion,Millones de pesos corrientes,tg_ant,0.0634265405224091
1999,Tecpetrol,Bolsar,produccion,Millones de pesos corrientes,tg_desp,0.0481843838187543
1999,YPF,Bolsar,integrada,Millones de pesos corrientes,KTA,6459.86883408072
1999,YPF,Bolsar,integrada,Millones de pesos corrientes,activo,0.0
1999,YPF,Bolsar,integrada,Millones de pesos corrientes,activo_no_corr,10486.0
1999,YPF,Bolsar,integrada,Millones de pesos corrientes,gcia_ant,788.0
1999,YPF,Bolsar,integrada,Millones de pesos corrientes,gcia_desp,477.0
1999,YPF,Bolsar,integrada,Millones de pesos corrientes,inventarios,249.0
1999,YPF,Bolsar,integrada,Millones de pesos corrientes,ppye,7165.0
1999,YPF,Bolsar,integrada,Millones de pesos corrientes,ppye_neta,6181.0
1999,YPF,Bolsar,integrada,Millones de pesos corrientes,tg_ant,0.121983900948995
1999,YPF,Bolsar,integrada,Millones de pesos corrientes,tg_desp,0.0738405085693788
2000,Camuzzi Gas Pampeana,Bolsar,distribucion,Millones de pesos corrientes,KTA,488.247533
2000,Camuzzi Gas Pampeana,Bolsar,distribucion,Millones de pesos corrientes,activo,614.73206
2000,Camuzzi Gas Pampeana,Bolsar,distribucion,Millones de pesos corrientes,activo_no_corr,545.982208
2000,Camuzzi Gas Pampeana,Bolsar,distribucion,Millones de pesos corrientes,gcia_ant,47.041936
2000,Camuzzi Gas Pampeana,Bolsar,distribucion,Millones de pesos corrientes,gcia_desp,29.80318
2000,Camuzzi Gas Pampeana,Bolsar,distribucion,Millones de pesos corrientes,inventarios,0.0
2000,Camuzzi Gas Pampeana,Bolsar,distribucion,Millones de pesos corrientes,ppye,509.754085
2000,Camuzzi Gas Pampeana,Bolsar,distribucion,Millones de pesos corrientes,ppye_neta,488.247533
2000,Camuzzi Gas Pampeana,Bolsar,distribucion,Millones de pesos corrientes,tg_ant,0.0963485380273289
2000,Camuzzi Gas Pampeana,Bolsar,distribucion,Millones de pesos corrientes,tg_desp,0.0610411276773415
2000,Metrogas,Bolsar,distribucion,Millones de pesos corrientes,KTA,829.264
2000,Metrogas,Bolsar,distribucion,Millones de pesos corrientes,activo,0.0
2000,Metrogas,Bolsar,distribucion,Millones de pesos corrientes,activo_no_corr,903.309
2000,Metrogas,Bolsar,distribucion,Millones de pesos corrientes,gcia_ant,79.474
2000,Metrogas,Bolsar,distribucion,Millones de pesos corrientes,gcia_desp,48.043
2000,Metrogas,Bolsar,distribucion,Millones de pesos corrientes,inventarios,0.0
2000,Metrogas,Bolsar,distribucion,Millones de pesos corrientes,ppye,878.961
2000,Metrogas,Bolsar,distribucion,Millones de pesos corrientes,ppye_neta,829.264
2000,Metrogas,Bolsar,distribucion,Millones de pesos corrientes,tg_ant,0.0958367902139729
2000,Metrogas,Bolsar,distribucion,Millones de pesos corrientes,tg_desp,0.0958367902139729
2000,PAE,Bolsar,produccion,Millones de pesos corrientes,KTA,3882.58754863813
2000,PAE,Bolsar,produccion,Millones de pesos corrientes,activo,0.0
2000,PAE,Bolsar,produccion,Millones de pesos corrientes,activo_no_corr,1209.0
2000,PAE,Bolsar,produccion,Millones de pesos corrientes,gcia_ant,263.0
2000,PAE,Bolsar,produccion,Millones de pesos corrientes,gcia_desp,213.0
2000,PAE,Bolsar,produccion,Millones de pesos corrientes,inventarios,19.0
2000,PAE,Bolsar,produccion,Millones de pesos corrientes,ppye,4353.0
2000,PAE,Bolsar,produccion,Millones de pesos corrientes,ppye_neta,3861.0
2000,PAE,Bolsar,produccion,Millones de pesos corrientes,tg_ant,0.0677383308696415
2000,PAE,Bolsar,produccion,Millones de pesos corrientes,tg_desp,0.054860321198607
2000,Petrobras,Bolsar,integrada,Millones de pesos corrientes,KTA,6945.84853775644
2000,Petrobras,Bolsar,integrada,Millones de pesos corrientes,activo,11986.0
2000,Petrobras,Bolsar,integrada,Millones de pesos corrientes,activo_no_corr,9649.0
2000,Petrobras,Bolsar,integrada,Millones de pesos corrientes,gcia_ant,666.0
2000,Petrobras,Bolsar,integrada,Millones de pesos corrientes,gcia_desp,618.0
2000,Petrobras,Bolsar,integrada,Millones de pesos corrientes,inventarios,371.0
2000,Petrobras,Bolsar,integrada,Millones de pesos corrientes,ppye,6524.0
2000,Petrobras,Bolsar,integrada,Millones de pesos corrientes,ppye_neta,6524.0
2000,Petrobras,Bolsar,integrada,Millones de pesos corrientes,tg_ant,0.0958846131440584
2000,Petrobras,Bolsar,integrada,Millones de pesos corrientes,tg_desp,0.089981806629184
2000,TGN,Bolsar,transporte,Millones de pesos corrientes,KTA,1165.271
2000,TGN,Bolsar,transporte,Millones de pesos corrientes,activo,0.0
2000,TGN,Bolsar,transporte,Millones de pesos corrientes,activo_no_corr,1253.442
2000,TGN,Bolsar,transporte,Millones de pesos corrientes,gcia_ant,56.221
2000,TGN,Bolsar,transporte,Millones de pesos corrientes,gcia_desp,39.421
2000,TGN,Bolsar,transporte,Millones de pesos corrientes,inventarios,0.0
2000,TGN,Bolsar,transporte,Millones de pesos corrientes,ppye,1224.185
2000,TGN,Bolsar,transporte,Millones de pesos corrientes,ppye_neta,1165.271
2000,TGN,Bolsar,transporte,Millones de pesos corrientes,tg_ant,0.0482471459428751
2000,TGN,Bolsar,transporte,Millones de pesos corrientes,tg_desp,0.0482471459428751
2000,TGS,Bolsar,transporte,Millones de pesos corrientes,KTA,1833.032
2000,TGS,Bolsar,transporte,Millones de pesos corrientes,activo,0.0
2000,TGS,Bolsar,transporte,Millones de pesos corrientes,activo_no_corr,2016.281
2000,TGS,Bolsar,transporte,Millones de pesos corrientes,gcia_ant,196.238
2000,TGS,Bolsar,transporte,Millones de pesos corrientes,gcia_desp,126.263
2000,TGS,Bolsar,transporte,Millones de pesos corrientes,inventarios,0.0
2000,TGS,Bolsar,transporte,Millones de pesos corrientes,ppye,1937.539
2000,TGS,Bolsar,transporte,Millones de pesos corrientes,ppye_neta,1833.032
2000,TGS,Bolsar,transporte,Millones de pesos corrientes,tg_ant,0.107056505287415
2000,TGS,Bolsar,transporte,Millones de pesos corrientes,tg_desp,0.107056505287415
2000,Tecpetrol,Bolsar,produccion,Millones de pesos corrientes,KTA,199.602845955833
2000,Tecpetrol,Bolsar,produccion,Millones de pesos corrientes,activo,0.0
2000,Tecpetrol,Bolsar,produccion,Millones de pesos corrientes,activo_no_corr,423.647
2000,Tecpetrol,Bolsar,produccion,Millones de pesos corrientes,gcia_ant,48.739
2000,Tecpetrol,Bolsar,produccion,Millones de pesos corrientes,gcia_desp,32.774
2000,Tecpetrol,Bolsar,produccion,Millones de pesos corrientes,inventarios,5.187
2000,Tecpetrol,Bolsar,produccion,Millones de pesos corrientes,ppye,212.88
2000,Tecpetrol,Bolsar,produccion,Millones de pesos corrientes,ppye_neta,193.612
2000,Tecpetrol,Bolsar,produccion,Millones de pesos corrientes,tg_ant,0.244179885144447
2000,Tecpetrol,Bolsar,produccion,Millones de pesos corrientes,tg_desp,0.164196055637664
2000,YPF,Bolsar,integrada,Millones de pesos corrientes,KTA,6814.54776859504
2000,YPF,Bolsar,integrada,Millones de pesos corrientes,activo,0.0
2000,YPF,Bolsar,integrada,Millones de pesos corrientes,activo_no_corr,10736.0
2000,YPF,Bolsar,integrada,Millones de pesos corrientes,gcia_ant,2057.0
2000,YPF,Bolsar,integrada,Millones de pesos corrientes,gcia_desp,1229.0
2000,YPF,Bolsar,integrada,Millones de pesos corrientes,inventarios,307.0
2000,YPF,Bolsar,integrada,Millones de pesos corrientes,ppye,7443.0
2000,YPF,Bolsar,integrada,Millones de pesos corrientes,ppye_neta,6477.0
2000,YPF,Bolsar,integrada,Millones de pesos corrientes,tg_ant,0.301854219803069
2000,YPF,Bolsar,integrada,Millones de pesos corrientes,tg_desp,0.180349458501688
2001,Camuzzi Gas Pampeana,Bolsar,distribucion,Millones de pesos corrientes,KTA,467.995995
2001,Camuzzi Gas Pampeana,Bolsar,distribucion,Millones de pesos corrientes,activo,611.224119
2001,Camuzzi Gas Pampeana,Bolsar,distribucion,Millones de pesos corrientes,activo_no_corr,534.651591
2001,Camuzzi Gas Pampeana,Bolsar,distribucion,Millones de pesos corrientes,gcia_ant,18.329085
2001,Camuzzi Gas Pampeana,Bolsar,distribucion,Millones de pesos corrientes,gcia_desp,13.29445
2001,Camuzzi Gas Pampeana,Bolsar,distribucion,Millones de pesos corrientes,inventarios,0.0
2001,Camuzzi Gas Pampeana,Bolsar,distribucion,Millones de pesos corrientes,ppye,508.226807
2001,Camuzzi Gas Pampeana,Bolsar,distribucion,Millones de pesos corrientes,ppye_neta,467.995995
2001,Camuzzi Gas Pampeana,Bolsar,distribucion,Millones de pesos corrientes,tg_ant,0.0391650467008804
2001,Camuzzi Gas Pampeana,Bolsar,distribucion,Millones de pesos corrientes,tg_desp,0.0284071875444148
2001,Metrogas,Bolsar,distribucion,Millones de pesos corrientes,KTA,846.854510520799
2001,Metrogas,Bolsar,distribucion,Millones de pesos corrientes,activo,0.0
2001,Metrogas,Bolsar,distribucion,Millones de pesos corrientes,activo_no_corr,964.827
2001,Metrogas,Bolsar,distribucion,Millones de pesos corrientes,gcia_ant,-139.466
2001,Metrogas,Bolsar,distribucion,Millones de pesos corrientes,gcia_desp,-91.565
2001,Metrogas,Bolsar,distribucion,Millones de pesos corrientes,inventarios,0.691
2001,Metrogas,Bolsar,distribucion,Millones de pesos corrientes,ppye,907.707
2001,Metrogas,Bolsar,distribucion,Millones de pesos corrientes,ppye_neta,846.11
2001,Metrogas,Bolsar,distribucion,Millones de pesos corrientes,tg_ant,-0.164687084106373
2001,Metrogas,Bolsar,distribucion,Millones de pesos corrientes,tg_desp,-0.164687084106373
2001,PAE,Bolsar,produccion,Millones de pesos corrientes,KTA,3813.43373493976
2001,PAE,Bolsar,produccion,Millones de pesos corrientes,activo,0.0
2001,PAE,Bolsar,produccion,Millones de pesos corrientes,activo_no_corr,1408.0
2001,PAE,Bolsar,produccion,Millones de pesos corrientes,gcia_ant,158.0
2001,PAE,Bolsar,produccion,Millones de pesos corrientes,gcia_desp,87.0
2001,PAE,Bolsar,produccion,Millones de pesos corrientes,inventarios,30.0
2001,PAE,Bolsar,produccion,Millones de pesos corrientes,ppye,3876.0
2001,PAE,Bolsar,produccion,Millones de pesos corrientes,ppye_neta,3780.0
2001,PAE,Bolsar,produccion,Millones de pesos corrientes,tg_ant,0.0414324755540812
2001,PAE,Bolsar,produccion,Millones de pesos corrientes,tg_desp,0.0228140846405384
2001,Petrobras,Bolsar,integrada,Millones de pesos corrientes,KTA,8134.16901408451
2001,Petrobras,Bolsar,integrada,Millones de pesos corrientes,activo,13514.0
2001,Petrobras,Bolsar,integrada,Millones de pesos corrientes,activo_no_corr,10672.0
2001,Petrobras,Bolsar,integrada,Millones de pesos corrientes,gcia_ant,364.0
2001,Petrobras,Bolsar,integrada,Millones de pesos corrientes,gcia_desp,222.0
2001,Petrobras,Bolsar,integrada,Millones de pesos corrientes,inventarios,340.0
2001,Petrobras,Bolsar,integrada,Millones de pesos corrientes,ppye,7746.0
2001,Petrobras,Bolsar,integrada,Millones de pesos corrientes,ppye_neta,7746.0
2001,Petrobras,Bolsar,integrada,Millones de pesos corrientes,tg_ant,0.0447495004553908
2001,Petrobras,Bolsar,integrada,Millones de pesos corrientes,tg_desp,0.0283987214428441
2001,TGN,Bolsar,transporte,Millones de pesos corrientes,KTA,1173.328
2001,TGN,Bolsar,transporte,Millones de pesos corrientes,activo,0.0
2001,TGN,Bolsar,transporte,Millones de pesos corrientes,activo_no_corr,1225.212
2001,TGN,Bolsar,transporte,Millones de pesos corrientes,gcia_ant,46.295
2001,TGN,Bolsar,transporte,Millones de pesos corrientes,gcia_desp,27.18
2001,TGN,Bolsar,transporte,Millones de pesos corrientes,inventarios,0.0
2001,TGN,Bolsar,transporte,Millones de pesos corrientes,ppye,1196.941
2001,TGN,Bolsar,transporte,Millones de pesos corrientes,ppye_neta,1173.328
2001,TGN,Bolsar,transporte,Millones de pesos corrientes,tg_ant,0.0394561452552057
2001,TGN,Bolsar,transporte,Millones de pesos corrientes,tg_desp,0.0394561452552057
2001,TGS,Bolsar,transporte,Millones de pesos corrientes,KTA,2019.597
2001,TGS,Bolsar,transporte,Millones de pesos corrientes,activo,0.0
2001,TGS,Bolsar,transporte,Millones de pesos corrientes,activo_no_corr,2118.92
2001,TGS,Bolsar,transporte,Millones de pesos corrientes,gcia_ant,170.191
2001,TGS,Bolsar,transporte,Millones de pesos corrientes,gcia_desp,108.438
2001,TGS,Bolsar,transporte,Millones de pesos corrientes,inventarios,0.0
2001,TGS,Bolsar,transporte,Millones de pesos corrientes,ppye,2050.494
2001,TGS,Bolsar,transporte,Millones de pesos corrientes,ppye_neta,2019.597
2001,TGS,Bolsar,transporte,Millones de pesos corrientes,tg_ant,0.0842697825358227
2001,TGS,Bolsar,transporte,Millones de pesos corrientes,tg_desp,0.0842697825358227
2001,Tecpetrol,Bolsar,produccion,Millones de pesos corrientes,KTA,228.396436734809
2001,Tecpetrol,Bolsar,produccion,Millones de pesos corrientes,activo,0.0
2001,Tecpetrol,Bolsar,produccion,Millones de pesos corrientes,activo_no_corr,466.949
2001,Tecpetrol,Bolsar,produccion,Millones de pesos corrientes,gcia_ant,86.033
2001,Tecpetrol,Bolsar,produccion,Millones de pesos corrientes,gcia_desp,56.512
2001,Tecpetrol,Bolsar,produccion,Millones de pesos corrientes,inventarios,7.629
2001,Tecpetrol,Bolsar,produccion,Millones de pesos corrientes,ppye,236.268
2001,Tecpetrol,Bolsar,produccion,Millones de pesos corrientes,ppye_neta,219.415
2001,Tecpetrol,Bolsar,produccion,Millones de pesos corrientes,tg_ant,0.376682759284432
2001,Tecpetrol,Bolsar,produccion,Millones de pesos corrientes,tg_desp,0.247433807671953
2001,YPF,Bolsar,integrada,Millones de pesos corrientes,KTA,7764.54806902219
2001,YPF,Bolsar,integrada,Millones de pesos corrientes,activo,0.0
2001,YPF,Bolsar,integrada,Millones de pesos corrientes,activo_no_corr,10877.0
2001,YPF,Bolsar,integrada,Millones de pesos corrientes,gcia_ant,1526.0
2001,YPF,Bolsar,integrada,Millones de pesos corrientes,gcia_desp,819.0
2001,YPF,Bolsar,integrada,Millones de pesos corrientes,inventarios,274.0
2001,YPF,Bolsar,integrada,Millones de pesos corrientes,ppye,8739.0
2001,YPF,Bolsar,integrada,Millones de pesos corrientes,ppye_neta,7474.0
2001,YPF,Bolsar,integrada,Millones de pesos corrientes,tg_ant,0.196534297480648
2001,YPF,Bolsar,integrada,Millones de pesos corrientes,tg_desp,0.105608207034162
2002,Camuzzi Gas Pampeana,Bolsar,distribucion,Millones de pesos corrientes,KTA,1021.007016
2002,Camuzzi Gas Pampeana,Bolsar,distribucion,Millones de pesos corrientes,activo,1202.082912
2002,Camuzzi Gas Pampeana,Bolsar,distribucion,Millones de pesos corrientes,activo_no_corr,1078.980595
2002,Camuzzi Gas Pampeana,Bolsar,distribucion,Millones de pesos corrientes,gcia_ant,-132.461726
2002,Camuzzi Gas Pampeana,Bolsar,distribucion,Millones de pesos corrientes,gcia_desp,-131.024792
2002,Camuzzi Gas Pampeana,Bolsar,distribucion,Millones de pesos corrientes,inventarios,0.0
2002,Camuzzi Gas Pampeana,Bolsar,distribucion,Millones de pesos corrientes,ppye,1052.262685
2002,Camuzzi Gas Pampeana,Bolsar,distribucion,Millones de pesos corrientes,ppye_neta,1021.007016
2002,Camuzzi Gas Pampeana,Bolsar,distribucion,Millones de pesos corrientes,tg_ant,-0.129736352369982
2002,Camuzzi Gas Pampeana,Bolsar,distribucion,Millones de pesos corrientes,tg_desp,-0.129736352369982
2002,Metrogas,Bolsar,distribucion,Millones de pesos corrientes,KTA,1826.595
2002,Metrogas,Bolsar,distribucion,Millones de pesos corrientes,activo,0.0
2002,Metrogas,Bolsar,distribucion,Millones de pesos corrientes,activo_no_corr,2096.934
2002,Metrogas,Bolsar,distribucion,Millones de pesos corrientes,gcia_ant,-685.49
2002,Metrogas,Bolsar,distribucion,Millones de pesos corrientes,gcia_desp,-489.433
2002,Metrogas,Bolsar,distribucion,Millones de pesos corrientes,inventarios,0.0
2002,Metrogas,Bolsar,distribucion,Millones de pesos corrientes,ppye,1883.481
2002,Metrogas,Bolsar,distribucion,Millones de pesos corrientes,ppye_neta,1826.595
2002,Metrogas,Bolsar,distribucion,Millones de pesos corrientes,tg_ant,-0.375282971868422
2002,Metrogas,Bolsar,distribucion,Millones de pesos corrientes,tg_desp,-0.375282971868422
2002,PAE,Bolsar,produccion,Millones de pesos corrientes,KTA,4114.98128898129
2002,PAE,Bolsar,produccion,Millones de pesos corrientes,activo,0.0
2002,PAE,Bolsar,produccion,Millones de pesos corrientes,activo_no_corr,4433.0
2002,PAE,Bolsar,produccion,Millones de pesos corrientes,gcia_ant,333.0
2002,PAE,Bolsar,produccion,Millones de pesos corrientes,gcia_desp,154.0
2002,PAE,Bolsar,produccion,Millones de pesos corrientes,inventarios,120.0
2002,PAE,Bolsar,produccion,Millones de pesos corrientes,ppye,4130.0
2002,PAE,Bolsar,produccion,Millones de pesos corrientes,ppye_neta,3986.0
2002,PAE,Bolsar,produccion,Millones de pesos corrientes,tg_ant,0.0809238187526335
2002,PAE,Bolsar,produccion,Millones de pesos corrientes,tg_desp,0.0493319375579117
2002,Petrobras,Bolsar,integrada,Millones de pesos corrientes,KTA,9212.89688164422
2002,Petrobras,Bolsar,integrada,Millones de pesos corrientes,activo,13657.0
2002,Petrobras,Bolsar,integrada,Millones de pesos corrientes,activo_no_corr,10785.0
2002,Petrobras,Bolsar,integrada,Millones de pesos corrientes,gcia_ant,-1123.0
2002,Petrobras,Bolsar,integrada,Millones de pesos corrientes,gcia_desp,-1193.0
2002,Petrobras,Bolsar,integrada,Millones de pesos corrientes,inventarios,353.0
2002,Petrobras,Bolsar,integrada,Millones de pesos corrientes,ppye,8829.0
2002,Petrobras,Bolsar,integrada,Millones de pesos corrientes,ppye_neta,8829.0
2002,Petrobras,Bolsar,integrada,Millones de pesos corrientes,tg_ant,-0.121894341641603
2002,Petrobras,Bolsar,integrada,Millones de pesos corrientes,tg_desp,-0.129058212120985
2002,TGN,Bolsar,transporte,Millones de pesos corrientes,KTA,2957.747
2002,TGN,Bolsar,transporte,Millones de pesos corrientes,activo,0.0
2002,TGN,Bolsar,transporte,Millones de pesos corrientes,activo_no_corr,3031.063
2002,TGN,Bolsar,transporte,Millones de pesos corrientes,gcia_ant,-198.496
2002,TGN,Bolsar,transporte,Millones de pesos corrientes,gcia_desp,-198.496
2002,TGN,Bolsar,transporte,Millones de pesos corrientes,inventarios,0.0
2002,TGN,Bolsar,transporte,Millones de pesos corrientes,ppye,2979.55
2002,TGN,Bolsar,transporte,Millones de pesos corrientes,ppye_neta,2957.747
2002,TGN,Bolsar,transporte,Millones de pesos corrientes,tg_ant,-0.0671105405567143
2002,TGN,Bolsar,transporte,Millones de pesos corrientes,tg_desp,-0.0671105405567143
2002,TGS,Bolsar,transporte,Millones de pesos corrientes,KTA,4893.63
2002,TGS,Bolsar,transporte,Millones de pesos corrientes,activo,0.0
2002,TGS,Bolsar,transporte,Millones de pesos corrientes,activo_no_corr,5053.737
2002,TGS,Bolsar,transporte,Millones de pesos corrientes,gcia_ant,-633.434
2002,TGS,Bolsar,transporte,Millones de pesos corrientes,gcia_desp,-633.434
2002,TGS,Bolsar,transporte,Millones de pesos corrientes,inventarios,0.0
2002,TGS,Bolsar,transporte,Millones de pesos corrientes,ppye,4924.148
2002,TGS,Bolsar,transporte,Millones de pesos corrientes,ppye_neta,4893.63
2002,TGS,Bolsar,transporte,Millones de pesos corrientes,tg_ant,-0.129440517570801
2002,TGS,Bolsar,transporte,Millones de pesos corrientes,tg_desp,-0.129440517570801
2002,Tecpetrol,Bolsar,produccion,Millones de pesos corrientes,KTA,469.255092590246
2002,Tecpetrol,Bolsar,produccion,Millones de pesos corrientes,activo,0.0
2002,Tecpetrol,Bolsar,produccion,Millones de pesos corrientes,activo_no_corr,1038.848
2002,Tecpetrol,Bolsar,produccion,Millones de pesos corrientes,gcia_ant,105.631
2002,Tecpetrol,Bolsar,produccion,Millones de pesos corrientes,gcia_desp,100.624
2002,Tecpetrol,Bolsar,produccion,Millones de pesos corrientes,inventarios,19.588
2002,Tecpetrol,Bolsar,produccion,Millones de pesos corrientes,ppye,472.907
2002,Tecpetrol,Bolsar,produccion,Millones de pesos corrientes,ppye_neta,448.063
2002,Tecpetrol,Bolsar,produccion,Millones de pesos corrientes,tg_ant,0.225103577282297
2002,Tecpetrol,Bolsar,produccion,Millones de pesos corrientes,tg_desp,0.211505429705938
2002,YPF,Bolsar,integrada,Millones de pesos corrientes,KTA,16995.0820294836
2002,YPF,Bolsar,integrada,Millones de pesos corrientes,activo,0.0
2002,YPF,Bolsar,integrada,Millones de pesos corrientes,activo_no_corr,21201.0
2002,YPF,Bolsar,integrada,Millones de pesos corrientes,gcia_ant,3759.0
2002,YPF,Bolsar,integrada,Millones de pesos corrientes,gcia_desp,3344.0
2002,YPF,Bolsar,integrada,Millones de pesos corrientes,inventarios,626.0
2002,YPF,Bolsar,integrada,Millones de pesos corrientes,ppye,19025.0
2002,YPF,Bolsar,integrada,Millones de pesos corrientes,ppye_neta,16338.0
2002,YPF,Bolsar,integrada,Millones de pesos corrientes,tg_ant,0.221181633220644
2002,YPF,Bolsar,integrada,Millones de pesos corrientes,tg_desp,0.196762804333555
2003,Camuzzi Gas Pampeana,Bolsar,distribucion,Millones de pesos corrientes,KTA,1001.79873
2003,Camuzzi Gas Pampeana,Bolsar,distribucion,Millones de pesos corrientes,activo,1199.268023
2003,Camuzzi Gas Pampeana,Bolsar,distribucion,Millones de pesos corrientes,activo_no_corr,1107.438474
2003,Camuzzi Gas Pampeana,Bolsar,distribucion,Millones de pesos corrientes,gcia_ant,36.576306
2003,Camuzzi Gas Pampeana,Bolsar,distribucion,Millones de pesos corrientes,gcia_desp,14.441476
2003,Camuzzi Gas Pampeana,Bolsar,distribucion,Millones de pesos corrientes,inventarios,0.0
2003,Camuzzi Gas Pampeana,Bolsar,distribucion,Millones de pesos corrientes,ppye,1027.228525
2003,Camuzzi Gas Pampeana,Bolsar,distribucion,Millones de pesos corrientes,ppye_neta,1001.79873
2003,Camuzzi Gas Pampeana,Bolsar,distribucion,Millones de pesos corrientes,tg_ant,0.0365106332286926
2003,Camuzzi Gas Pampeana,Bolsar,distribucion,Millones de pesos corrientes,tg_desp,0.01441554632436
2003,Metrogas,Bolsar,distribucion,Millones de pesos corrientes,KTA,1791.054
2003,Metrogas,Bolsar,distribucion,Millones de pesos corrientes,activo,0.0
2003,Metrogas,Bolsar,distribucion,Millones de pesos corrientes,activo_no_corr,2007.439
2003,Metrogas,Bolsar,distribucion,Millones de pesos corrientes,gcia_ant,35.661
2003,Metrogas,Bolsar,distribucion,Millones de pesos corrientes,gcia_desp,-10.246
2003,Metrogas,Bolsar,distribucion,Millones de pesos corrientes,inventarios,0.0
2003,Metrogas,Bolsar,distribucion,Millones de pesos corrientes,ppye,1827.345
2003,Metrogas,Bolsar,distribucion,Millones de pesos corrientes,ppye_neta,1791.054
2003,Metrogas,Bolsar,distribucion,Millones de pesos corrientes,tg_ant,0.0199106224602943
2003,Metrogas,Bolsar,distribucion,Millones de pesos corrientes,tg_desp,0.0199106224602943
2003,PAE,Bolsar,produccion,Millones de pesos corrientes,KTA,4451.41025641026
2003,PAE,Bolsar,produccion,Millones de pesos corrientes,activo,0.0
2003,PAE,Bolsar,produccion,Millones de pesos corrientes,activo_no_corr,3912.0
2003,PAE,Bolsar,produccion,Millones de pesos corrientes,gcia_ant,597.0
2003,PAE,Bolsar,produccion,Millones de pesos corrientes,gcia_desp,394.0
2003,PAE,Bolsar,produccion,Millones de pesos corrientes,inventarios,86.0
2003,PAE,Bolsar,produccion,Millones de pesos corrientes,ppye,4798.0
2003,PAE,Bolsar,produccion,Millones de pesos corrientes,ppye_neta,4361.0
2003,PAE,Bolsar,produccion,Millones de pesos corrientes,tg_ant,0.13411480084099
2003,PAE,Bolsar,produccion,Millones de pesos corrientes,tg_desp,0.0887359235045073
2003,Petrobras,Bolsar,integrada,Millones de pesos corrientes,KTA,11906.5460720614
2003,Petrobras,Bolsar,integrada,Millones de pesos corrientes,activo,16144.0
2003,Petrobras,Bolsar,integrada,Millones de pesos corrientes,activo_no_corr,13144.0
2003,Petrobras,Bolsar,integrada,Millones de pesos corrientes,gcia_ant,557.0
2003,Petrobras,Bolsar,integrada,Millones de pesos corrientes,gcia_desp,388.0
2003,Petrobras,Bolsar,integrada,Millones de pesos corrientes,inventarios,319.0
2003,Petrobras,Bolsar,integrada,Millones de pesos corrientes,ppye,11559.0
2003,Petrobras,Bolsar,integrada,Millones de pesos corrientes,ppye_neta,11559.0
2003,Petrobras,Bolsar,integrada,Millones de pesos corrientes,tg_ant,0.0467809889307021
2003,Petrobras,Bolsar,integrada,Millones de pesos corrientes,tg_desp,0.0452692155002665
2003,TGN,Bolsar,transporte,Millones de pesos corrientes,KTA,2396.747
2003,TGN,Bolsar,transporte,Millones de pesos corrientes,activo,0.0
2003,TGN,Bolsar,transporte,Millones de pesos corrientes,activo_no_corr,2573.392
2003,TGN,Bolsar,transporte,Millones de pesos corrientes,gcia_ant,-325.724
2003,TGN,Bolsar,transporte,Millones de pesos corrientes,gcia_desp,-237.531
2003,TGN,Bolsar,transporte,Millones de pesos corrientes,inventarios,0.0
2003,TGN,Bolsar,transporte,Millones de pesos corrientes,ppye,2441.014
2003,TGN,Bolsar,transporte,Millones de pesos corrientes,ppye_neta,2396.747
2003,TGN,Bolsar,transporte,Millones de pesos corrientes,tg_ant,-0.135902537898243
2003,TGN,Bolsar,transporte,Millones de pesos corrientes,tg_desp,-0.135902537898243
2003,TGS,Bolsar,transporte,Millones de pesos corrientes,KTA,4353.511
2003,TGS,Bolsar,transporte,Millones de pesos corrientes,activo,0.0
2003,TGS,Bolsar,transporte,Millones de pesos corrientes,activo_no_corr,4642.704
2003,TGS,Bolsar,transporte,Millones de pesos corrientes,gcia_ant,164.642
2003,TGS,Bolsar,transporte,Millones de pesos corrientes,gcia_desp,286.174
2003,TGS,Bolsar,transporte,Millones de pesos corrientes,inventarios,0.0
2003,TGS,Bolsar,transporte,Millones de pesos corrientes,ppye,4408.468
2003,TGS,Bolsar,transporte,Millones de pesos corrientes,ppye_neta,4353.511
2003,TGS,Bolsar,transporte,Millones de pesos corrientes,tg_ant,0.037818211553847
2003,TGS,Bolsar,transporte,Millones de pesos corrientes,tg_desp,0.037818211553847
2003,Tecpetrol,Bolsar,produccion,Millones de pesos corrientes,KTA,610.105802649279
2003,Tecpetrol,Bolsar,produccion,Millones de pesos corrientes,activo,0.0
2003,Tecpetrol,Bolsar,produccion,Millones de pesos corrientes,activo_no_corr,1292.741
2003,Tecpetrol,Bolsar,produccion,Millones de pesos corrientes,gcia_ant,363.097
2003,Tecpetrol,Bolsar,produccion,Millones de pesos corrientes,gcia_desp,355.734
2003,Tecpetrol,Bolsar,produccion,Millones de pesos corrientes,inventarios,28.352
2003,Tecpetrol,Bolsar,produccion,Millones de pesos corrientes,ppye,611.029
2003,Tecpetrol,Bolsar,produccion,Millones de pesos corrientes,ppye_neta,579.486
2003,Tecpetrol,Bolsar,produccion,Millones de pesos corrientes,tg_ant,0.595137758767928
2003,Tecpetrol,Bolsar,produccion,Millones de pesos corrientes,tg_desp,0.580838599569446
2003,YPF,Bolsar,integrada,Millones de pesos corrientes,KTA,18819.7734699285
2003,YPF,Bolsar,integrada,Millones de pesos corrientes,activo,0.0
2003,YPF,Bolsar,integrada,Millones de pesos corrientes,activo_no_corr,22600.0
2003,YPF,Bolsar,integrada,Millones de pesos corrientes,gcia_ant,7921.0
2003,YPF,Bolsar,integrada,Millones de pesos corrientes,gcia_desp,4628.0
2003,YPF,Bolsar,integrada,Millones de pesos corrientes,inventarios,974.0
2003,YPF,Bolsar,integrada,Millones de pesos corrientes,ppye,20530.0
2003,YPF,Bolsar,integrada,Millones de pesos corrientes,ppye_neta,17813.0
2003,YPF,Bolsar,integrada,Millones de pesos corrientes,tg_ant,0.420887106460485
2003,YPF,Bolsar,integrada,Millones de pesos corrientes,tg_desp,0.245911567819609
2004,Camuzzi Gas Pampeana,Bolsar,distribucion,Millones de pesos corrientes,KTA,972.666784
2004,Camuzzi Gas Pampeana,Bolsar,distribucion,Millones de pesos corrientes,activo,1156.690141
2004,Camuzzi Gas Pampeana,Bolsar,distribucion,Millones de pesos corrientes,activo_no_corr,1070.386868
2004,Camuzzi Gas Pampeana,Bolsar,distribucion,Millones de pesos corrientes,gcia_ant,23.688277
2004,Camuzzi Gas Pampeana,Bolsar,distribucion,Millones de pesos corrientes,gcia_desp,5.407824
2004,Camuzzi Gas Pampeana,Bolsar,distribucion,Millones de pesos corrientes,inventarios,0.0
2004,Camuzzi Gas Pampeana,Bolsar,distribucion,Millones de pesos corrientes,ppye,1012.6054
2004,Camuzzi Gas Pampeana,Bolsar,distribucion,Millones de pesos corrientes,ppye_neta,972.666784
2004,Camuzzi Gas Pampeana,Bolsar,distribucion,Millones de pesos corrientes,tg_ant,0.0243539487414017
2004,Camuzzi Gas Pampeana,Bolsar,distribucion,Millones de pesos corrientes,tg_desp,0.0055597909674275
2004,Metrogas,Bolsar,distribucion,Millones de pesos corrientes,KTA,1720.423
2004,Metrogas,Bolsar,distribucion,Millones de pesos corrientes,activo,0.0
2004,Metrogas,Bolsar,distribucion,Millones de pesos corrientes,activo_no_corr,1946.486
2004,Metrogas,Bolsar,distribucion,Millones de pesos corrientes,gcia_ant,-122.977
2004,Metrogas,Bolsar,distribucion,Millones de pesos corrientes,gcia_desp,-122.977
2004,Metrogas,Bolsar,distribucion,Millones de pesos corrientes,inventarios,0.0
2004,Metrogas,Bolsar,distribucion,Millones de pesos corrientes,ppye,1760.039
2004,Metrogas,Bolsar,distribucion,Millones de pesos corrientes,ppye_neta,1720.423
2004,Metrogas,Bolsar,distribucion,Millones de pesos corrientes,tg_ant,-0.071480676554545
2004,Metrogas,Bolsar,distribucion,Millones de pesos corrientes,tg_desp,-0.071480676554545
2004,PAE,Bolsar,produccion,Millones de pesos corrientes,KTA,5351.30514385353
2004,PAE,Bolsar,produccion,Millones de pesos corrientes,activo,0.0
2004,PAE,Bolsar,produccion,Millones de pesos corrientes,activo_no_corr,4198.0
2004,PAE,Bolsar,produccion,Millones de pesos corrientes,gcia_ant,1088.0
2004,PAE,Bolsar,produccion,Millones de pesos corrientes,gcia_desp,679.0
2004,PAE,Bolsar,produccion,Millones de pesos corrientes,inventarios,113.0
2004,PAE,Bolsar,produccion,Millones de pesos corrientes,ppye,5870.0
2004,PAE,Bolsar,produccion,Millones de pesos corrientes,ppye_neta,5232.0
2004,PAE,Bolsar,produccion,Millones de pesos corrientes,tg_ant,0.203314886883187
2004,PAE,Bolsar,produccion,Millones de pesos corrientes,tg_desp,0.126884934001548
2004,Petrobras,Bolsar,integrada,Millones de pesos corrientes,KTA,11805.057719715
2004,Petrobras,Bolsar,integrada,Millones de pesos corrientes,activo,18287.0
2004,Petrobras,Bolsar,integrada,Millones de pesos corrientes,activo_no_corr,13365.0
2004,Petrobras,Bolsar,integrada,Millones de pesos corrientes,gcia_ant,526.0
2004,Petrobras,Bolsar,integrada,Millones de pesos corrientes,gcia_desp,697.0
2004,Petrobras,Bolsar,integrada,Millones de pesos corrientes,inventarios,487.0
2004,Petrobras,Bolsar,integrada,Millones de pesos corrientes,ppye,11280.0
2004,Petrobras,Bolsar,integrada,Millones de pesos corrientes,ppye_neta,11280.0
2004,Petrobras,Bolsar,integrada,Millones de pesos corrientes,tg_ant,0.0445571730768886
2004,Petrobras,Bolsar,integrada,Millones de pesos corrientes,tg_desp,0.061329645071611
2004,TGN,Bolsar,transporte,Millones de pesos corrientes,KTA,2309.182
2004,TGN,Bolsar,transporte,Millones de pesos corrientes,activo,0.0
2004,TGN,Bolsar,transporte,Millones de pesos corrientes,activo_no_corr,2531.627
2004,TGN,Bolsar,transporte,Millones de pesos corrientes,gcia_ant,-58.536
2004,TGN,Bolsar,transporte,Millones de pesos corrientes,gcia_desp,-32.389
2004,TGN,Bolsar,transporte,Millones de pesos corrientes,inventarios,0.0
2004,TGN,Bolsar,transporte,Millones de pesos corrientes,ppye,2355.065
2004,TGN,Bolsar,transporte,Millones de pesos corrientes,ppye_neta,2309.182
2004,TGN,Bolsar,transporte,Millones de pesos corrientes,tg_ant,-0.0253492362230435
2004,TGN,Bolsar,transporte,Millones de pesos corrientes,tg_desp,-0.0253492362230435
2004,TGS,Bolsar,transporte,Millones de pesos corrientes,KTA,4239.333
2004,TGS,Bolsar,transporte,Millones de pesos corrientes,activo,0.0
2004,TGS,Bolsar,transporte,Millones de pesos corrientes,activo_no_corr,4534.812
2004,TGS,Bolsar,transporte,Millones de pesos corrientes,gcia_ant,158.494
2004,TGS,Bolsar,transporte,Millones de pesos corrientes,gcia_desp,147.928
2004,TGS,Bolsar,transporte,Millones de pesos corrientes,inventarios,0.0
2004,TGS,Bolsar,transporte,Millones de pesos corrientes,ppye,4318.15
2004,TGS,Bolsar,transporte,Millones de pesos corrientes,ppye_neta,4239.333
2004,TGS,Bolsar,transporte,Millones de pesos corrientes,tg_ant,0.0373865417036123
2004,TGS,Bolsar,transporte,Millones de pesos corrientes,tg_desp,0.0373865417036123
2004,Tecpetrol,Bolsar,produccion,Millones de pesos corrientes,KTA,616.507317932933
2004,Tecpetrol,Bolsar,produccion,Millones de pesos corrientes,activo,0.0
2004,Tecpetrol,Bolsar,produccion,Millones de pesos corrientes,activo_no_corr,1242.44
2004,Tecpetrol,Bolsar,produccion,Millones de pesos corrientes,gcia_ant,188.646
2004,Tecpetrol,Bolsar,produccion,Millones de pesos corrientes,gcia_desp,112.136
2004,Tecpetrol,Bolsar,produccion,Millones de pesos corrientes,inventarios,22.196
2004,Tecpetrol,Bolsar,produccion,Millones de pesos corrientes,ppye,625.247
2004,Tecpetrol,Bolsar,produccion,Millones de pesos corrientes,ppye_neta,592.387
2004,Tecpetrol,Bolsar,produccion,Millones de pesos corrientes,tg_ant,0.305991501662145
2004,Tecpetrol,Bolsar,produccion,Millones de pesos corrientes,tg_desp,0.184653120390672
2004,YPF,Bolsar,integrada,Millones de pesos corrientes,KTA,18957.2902735562
2004,YPF,Bolsar,integrada,Millones de pesos corrientes,activo,0.0
2004,YPF,Bolsar,integrada,Millones de pesos corrientes,activo_no_corr,22588.0
2004,YPF,Bolsar,integrada,Millones de pesos corrientes,gcia_ant,7751.0
2004,YPF,Bolsar,integrada,Millones de pesos corrientes,gcia_desp,4734.0
2004,YPF,Bolsar,integrada,Millones de pesos corrientes,inventarios,1134.0
2004,YPF,Bolsar,integrada,Millones de pesos corrientes,ppye,20617.0
2004,YPF,Bolsar,integrada,Millones de pesos corrientes,ppye_neta,17753.0
2004,YPF,Bolsar,integrada,Millones de pesos corrientes,tg_ant,0.408866451278217
2004,YPF,Bolsar,integrada,Millones de pesos corrientes,tg_desp,0.249719233692566
2005,Camuzzi Gas Pampeana,Bolsar,distribucion,Millones de pesos corrientes,KTA,950.425766
2005,Camuzzi Gas Pampeana,Bolsar,distribucion,Millones de pesos corrientes,activo,1176.581826
2005,Camuzzi Gas Pampeana,Bolsar,distribucion,Millones de pesos corrientes,activo_no_corr,1037.060457
2005,Camuzzi Gas Pampeana,Bolsar,distribucion,Millones de pesos corrientes,gcia_ant,30.308283
2005,Camuzzi Gas Pampeana,Bolsar,distribucion,Millones de pesos corrientes,gcia_desp,8.505428
2005,Camuzzi Gas Pampeana,Bolsar,distribucion,Millones de pesos corrientes,inventarios,0.0
2005,Camuzzi Gas Pampeana,Bolsar,distribucion,Millones de pesos corrientes,ppye,1001.816508
2005,Camuzzi Gas Pampeana,Bolsar,distribucion,Millones de pesos corrientes,ppye_neta,950.425766
2005,Camuzzi Gas Pampeana,Bolsar,distribucion,Millones de pesos corrientes,tg_ant,0.0318891638718473
2005,Camuzzi Gas Pampeana,Bolsar,distribucion,Millones de pesos corrientes,tg_desp,0.0089490713575625
2005,Metrogas,Bolsar,distribucion,Millones de pesos corrientes,KTA,1629.794
2005,Metrogas,Bolsar,distribucion,Millones de pesos corrientes,activo,0.0
2005,Metrogas,Bolsar,distribucion,Millones de pesos corrientes,activo_no_corr,1928.322
2005,Metrogas,Bolsar,distribucion,Millones de pesos corrientes,gcia_ant,29.278
2005,Metrogas,Bolsar,distribucion,Millones de pesos corrientes,gcia_desp,28.411
2005,Metrogas,Bolsar,distribucion,Millones de pesos corrientes,inventarios,0.0
2005,Metrogas,Bolsar,distribucion,Millones de pesos corrientes,ppye,1704.104
2005,Metrogas,Bolsar,distribucion,Millones de pesos corrientes,ppye_neta,1629.794
2005,Metrogas,Bolsar,distribucion,Millones de pesos corrientes,tg_ant,0.0179642335166285
2005,Metrogas,Bolsar,distribucion,Millones de pesos corrientes,tg_desp,0.0174322644456907
2005,PAE,Bolsar,produccion,Millones de pesos corrientes,KTA,6673.14700755375
2005,PAE,Bolsar,produccion,Millones de pesos corrientes,activo,0.0
2005,PAE,Bolsar,produccion,Millones de pesos corrientes,activo_no_corr,4879.0
2005,PAE,Bolsar,produccion,Millones de pesos corrientes,gcia_ant,1681.0
2005,PAE,Bolsar,produccion,Millones de pesos corrientes,gcia_desp,1104.0
2005,PAE,Bolsar,produccion,Millones de pesos corrientes,inventarios,123.0
2005,PAE,Bolsar,produccion,Millones de pesos corrientes,ppye,7383.0
2005,PAE,Bolsar,produccion,Millones de pesos corrientes,ppye_neta,6543.0
2005,PAE,Bolsar,produccion,Millones de pesos corrientes,tg_ant,0.25190513532778
2005,PAE,Bolsar,produccion,Millones de pesos corrientes,tg_desp,0.16558903898703
2005,Petrobras,Bolsar,integrada,Millones de pesos corrientes,KTA,13685.1737035988
2005,Petrobras,Bolsar,integrada,Millones de pesos corrientes,activo,18885.0
2005,Petrobras,Bolsar,integrada,Millones de pesos corrientes,activo_no_corr,14895.0
2005,Petrobras,Bolsar,integrada,Millones de pesos corrientes,gcia_ant,1236.0
2005,Petrobras,Bolsar,integrada,Millones de pesos corrientes,gcia_desp,819.0
2005,Petrobras,Bolsar,integrada,Millones de pesos corrientes,inventarios,782.0
2005,Petrobras,Bolsar,integrada,Millones de pesos corrientes,ppye,12847.0
2005,Petrobras,Bolsar,integrada,Millones de pesos corrientes,ppye_neta,12847.0
2005,Petrobras,Bolsar,integrada,Millones de pesos corrientes,tg_ant,0.0903167198875212
2005,Petrobras,Bolsar,integrada,Millones de pesos corrientes,tg_desp,0.0624763717668533
2005,TGN,Bolsar,transporte,Millones de pesos corrientes,KTA,2289.162
2005,TGN,Bolsar,transporte,Millones de pesos corrientes,activo,0.0
2005,TGN,Bolsar,transporte,Millones de pesos corrientes,activo_no_corr,2525.56
2005,TGN,Bolsar,transporte,Millones de pesos corrientes,gcia_ant,-71.565
2005,TGN,Bolsar,transporte,Millones de pesos corrientes,gcia_desp,-46.104
2005,TGN,Bolsar,transporte,Millones de pesos corrientes,inventarios,0.0
2005,TGN,Bolsar,transporte,Millones de pesos corrientes,ppye,2316.373
2005,TGN,Bolsar,transporte,Millones de pesos corrientes,ppye_neta,2289.162
2005,TGN,Bolsar,transporte,Millones de pesos corrientes,tg_ant,-0.0312625318784778
2005,TGN,Bolsar,transporte,Millones de pesos corrientes,tg_desp,-0.0312625318784778
2005,TGS,Bolsar,transporte,Millones de pesos corrientes,KTA,4169.526
2005,TGS,Bolsar,transporte,Millones de pesos corrientes,activo,0.0
2005,TGS,Bolsar,transporte,Millones de pesos corrientes,activo_no_corr,4476.968
2005,TGS,Bolsar,transporte,Millones de pesos corrientes,gcia_ant,230.322
2005,TGS,Bolsar,transporte,Millones de pesos corrientes,gcia_desp,217.507
2005,TGS,Bolsar,transporte,Millones de pesos corrientes,inventarios,0.0
2005,TGS,Bolsar,transporte,Millones de pesos corrientes,ppye,4274.721
2005,TGS,Bolsar,transporte,Millones de pesos corrientes,ppye_neta,4169.526
2005,TGS,Bolsar,transporte,Millones de pesos corrientes,tg_ant,0.055239372532993
2005,TGS,Bolsar,transporte,Millones de pesos corrientes,tg_desp,0.055239372532993
2005,Tecpetrol,Bolsar,produccion,Millones de pesos corrientes,KTA,671.871268061085
2005,Tecpetrol,Bolsar,produccion,Millones de pesos corrientes,activo,0.0
2005,Tecpetrol,Bolsar,produccion,Millones de pesos corrientes,activo_no_corr,1164.83
2005,Tecpetrol,Bolsar,produccion,Millones de pesos corrientes,gcia_ant,132.054
2005,Tecpetrol,Bolsar,produccion,Millones de pesos corrientes,gcia_desp,77.807
2005,Tecpetrol,Bolsar,produccion,Millones de pesos corrientes,inventarios,22.304
2005,Tecpetrol,Bolsar,produccion,Millones de pesos corrientes,ppye,708.088
2005,Tecpetrol,Bolsar,produccion,Millones de pesos corrientes,ppye_neta,646.861
2005,Tecpetrol,Bolsar,produccion,Millones de pesos corrientes,tg_ant,0.196546580092771
2005,Tecpetrol,Bolsar,produccion,Millones de pesos corrientes,tg_desp,0.112814766166052
2005,YPF,Bolsar,integrada,Millones de pesos corrientes,KTA,19367.2801563333
2005,YPF,Bolsar,integrada,Millones de pesos corrientes,activo,0.0
2005,YPF,Bolsar,integrada,Millones de pesos corrientes,activo_no_corr,23734.0
2005,YPF,Bolsar,integrada,Millones de pesos corrientes,gcia_ant,8747.0
2005,YPF,Bolsar,integrada,Millones de pesos corrientes,gcia_desp,5337.0
2005,YPF,Bolsar,integrada,Millones de pesos corrientes,inventarios,1315.0
2005,YPF,Bolsar,integrada,Millones de pesos corrientes,ppye,22009.0
2005,YPF,Bolsar,integrada,Millones de pesos corrientes,ppye_neta,17985.0
2005,YPF,Bolsar,integrada,Millones de pesos corrientes,tg_ant,0.451638016768176
2005,YPF,Bolsar,integrada,Millones de pesos corrientes,tg_desp,0.275567862752001
2006,Camuzzi Gas Pampeana,Bolsar,distribucion,Millones de pesos corrientes,KTA,926.632815
2006,Camuzzi Gas Pampeana,Bolsar,distribucion,Millones de pesos corrientes,activo,1159.236839
2006,Camuzzi Gas Pampeana,Bolsar,distribucion,Millones de pesos corrientes,activo_no_corr,1011.147211
2006,Camuzzi Gas Pampeana,Bolsar,distribucion,Millones de pesos corrientes,gcia_ant,43.248383
2006,Camuzzi Gas Pampeana,Bolsar,distribucion,Millones de pesos corrientes,gcia_desp,18.99346
2006,Camuzzi Gas Pampeana,Bolsar,distribucion,Millones de pesos corrientes,inventarios,0.0
2006,Camuzzi Gas Pampeana,Bolsar,distribucion,Millones de pesos corrientes,ppye,993.840401
2006,Camuzzi Gas Pampeana,Bolsar,distribucion,Millones de pesos corrientes,ppye_neta,926.632815
2006,Camuzzi Gas Pampeana,Bolsar,distribucion,Millones de pesos corrientes,tg_ant,0.0466726218842142
2006,Camuzzi Gas Pampeana,Bolsar,distribucion,Millones de pesos corrientes,tg_desp,0.0204972883460856
2006,Metrogas,Bolsar,distribucion,Millones de pesos corrientes,KTA,1592.085
2006,Metrogas,Bolsar,distribucion,Millones de pesos corrientes,activo,0.0
2006,Metrogas,Bolsar,distribucion,Millones de pesos corrientes,activo_no_corr,1797.325
2006,Metrogas,Bolsar,distribucion,Millones de pesos corrientes,gcia_ant,445.576
2006,Metrogas,Bolsar,distribucion,Millones de pesos corrientes,gcia_desp,292.553
2006,Metrogas,Bolsar,distribucion,Millones de pesos corrientes,inventarios,0.0
2006,Metrogas,Bolsar,distribucion,Millones de pesos corrientes,ppye,1674.4
2006,Metrogas,Bolsar,distribucion,Millones de pesos corrientes,ppye_neta,1592.085
2006,Metrogas,Bolsar,distribucion,Millones de pesos corrientes,tg_ant,0.279869479330563
2006,Metrogas,Bolsar,distribucion,Millones de pesos corrientes,tg_desp,0.279869479330563
2006,PAE,Bolsar,produccion,Millones de pesos corrientes,KTA,8606.59579831933
2006,PAE,Bolsar,produccion,Millones de pesos corrientes,activo,0.0
2006,PAE,Bolsar,produccion,Millones de pesos corrientes,activo_no_corr,5910.0
2006,PAE,Bolsar,produccion,Millones de pesos corrientes,gcia_ant,2544.0
2006,PAE,Bolsar,produccion,Millones de pesos corrientes,gcia_desp,1645.0
2006,PAE,Bolsar,produccion,Millones de pesos corrientes,inventarios,131.0
2006,PAE,Bolsar,produccion,Millones de pesos corrientes,ppye,9698.0
2006,PAE,Bolsar,produccion,Millones de pesos corrientes,ppye_neta,8468.0
2006,PAE,Bolsar,produccion,Millones de pesos corrientes,tg_ant,0.295587251872196
2006,PAE,Bolsar,produccion,Millones de pesos corrientes,tg_desp,0.191132480082454
2006,Petrobras,Bolsar,integrada,Millones de pesos corrientes,KTA,11793.4798206278
2006,Petrobras,Bolsar,integrada,Millones de pesos corrientes,activo,20489.0
2006,Petrobras,Bolsar,integrada,Millones de pesos corrientes,activo_no_corr,15405.0
2006,Petrobras,Bolsar,integrada,Millones de pesos corrientes,gcia_ant,1964.0
2006,Petrobras,Bolsar,integrada,Millones de pesos corrientes,gcia_desp,1416.0
2006,Petrobras,Bolsar,integrada,Millones de pesos corrientes,inventarios,888.0
2006,Petrobras,Bolsar,integrada,Millones de pesos corrientes,ppye,10838.0
2006,Petrobras,Bolsar,integrada,Millones de pesos corrientes,ppye_neta,10838.0
2006,Petrobras,Bolsar,integrada,Millones de pesos corrientes,tg_ant,0.166532696869061
2006,Petrobras,Bolsar,integrada,Millones de pesos corrientes,tg_desp,0.127104130655154
2006,TGN,Bolsar,transporte,Millones de pesos corrientes,KTA,2220.151
2006,TGN,Bolsar,transporte,Millones de pesos corrientes,activo,0.0
2006,TGN,Bolsar,transporte,Millones de pesos corrientes,activo_no_corr,2479.506
2006,TGN,Bolsar,transporte,Millones de pesos corrientes,gcia_ant,231.583
2006,TGN,Bolsar,transporte,Millones de pesos corrientes,gcia_desp,215.246
2006,TGN,Bolsar,transporte,Millones de pesos corrientes,inventarios,0.0
2006,TGN,Bolsar,transporte,Millones de pesos corrientes,ppye,2257.148
2006,TGN,Bolsar,transporte,Millones de pesos corrientes,ppye_neta,2220.151
2006,TGN,Bolsar,transporte,Millones de pesos corrientes,tg_ant,0.104309571736337
2006,TGN,Bolsar,transporte,Millones de pesos corrientes,tg_desp,0.104309571736337
2006,TGS,Bolsar,transporte,Millones de pesos corrientes,KTA,4124.753
2006,TGS,Bolsar,transporte,Millones de pesos corrientes,activo,0.0
2006,TGS,Bolsar,transporte,Millones de pesos corrientes,activo_no_corr,4427.401
2006,TGS,Bolsar,transporte,Millones de pesos corrientes,gcia_ant,379.914
2006,TGS,Bolsar,transporte,Millones de pesos corrientes,gcia_desp,358.022
2006,TGS,Bolsar,transporte,Millones de pesos corrientes,inventarios,0.0
2006,TGS,Bolsar,transporte,Millones de pesos corrientes,ppye,4217.871
2006,TGS,Bolsar,transporte,Millones de pesos corrientes,ppye_neta,4124.753
2006,TGS,Bolsar,transporte,Millones de pesos corrientes,tg_ant,0.0921058788247442
2006,TGS,Bolsar,transporte,Millones de pesos corrientes,tg_desp,0.0921058788247442
2006,Tecpetrol,Bolsar,produccion,Millones de pesos corrientes,KTA,805.708604236852
2006,Tecpetrol,Bolsar,produccion,Millones de pesos corrientes,activo,0.0
2006,Tecpetrol,Bolsar,produccion,Millones de pesos corrientes,activo_no_corr,1146.426
2006,Tecpetrol,Bolsar,produccion,Millones de pesos corrientes,gcia_ant,221.243
2006,Tecpetrol,Bolsar,produccion,Millones de pesos corrientes,gcia_desp,134.721
2006,Tecpetrol,Bolsar,produccion,Millones de pesos corrientes,inventarios,31.092
2006,Tecpetrol,Bolsar,produccion,Millones de pesos corrientes,ppye,791.19
2006,Tecpetrol,Bolsar,produccion,Millones de pesos corrientes,ppye_neta,771.135
2006,Tecpetrol,Bolsar,produccion,Millones de pesos corrientes,tg_ant,0.274594312182574
2006,Tecpetrol,Bolsar,produccion,Millones de pesos corrientes,tg_desp,0.167224228823542
2006,YPF,Bolsar,integrada,Millones de pesos corrientes,KTA,19492.1910119461
2006,YPF,Bolsar,integrada,Millones de pesos corrientes,activo,0.0
2006,YPF,Bolsar,integrada,Millones de pesos corrientes,activo_no_corr,24205.0
2006,YPF,Bolsar,integrada,Millones de pesos corrientes,gcia_ant,7258.0
2006,YPF,Bolsar,integrada,Millones de pesos corrientes,gcia_desp,4457.0
2006,YPF,Bolsar,integrada,Millones de pesos corrientes,inventarios,1697.0
2006,YPF,Bolsar,integrada,Millones de pesos corrientes,ppye,22562.0
2006,YPF,Bolsar,integrada,Millones de pesos corrientes,ppye_neta,17720.0
2006,YPF,Bolsar,integrada,Millones de pesos corrientes,tg_ant,0.372354241529431
2006,YPF,Bolsar,integrada,Millones de pesos corrientes,tg_desp,0.228655670225499
2007,Camuzzi Gas Pampeana,Bolsar,distribucion,Millones de pesos corrientes,KTA,904.95988
2007,Camuzzi Gas Pampeana,Bolsar,distribucion,Millones de pesos corrientes,activo,1172.216473
2007,Camuzzi Gas Pampeana,Bolsar,distribucion,Millones de pesos corrientes,activo_no_corr,992.912858
2007,Camuzzi Gas Pampeana,Bolsar,distribucion,Millones de pesos corrientes,gcia_ant,30.039071
2007,Camuzzi Gas Pampeana,Bolsar,distribucion,Millones de pesos corrientes,gcia_desp,5.641492
2007,Camuzzi Gas Pampeana,Bolsar,distribucion,Millones de pesos corrientes,inventarios,0.0
2007,Camuzzi Gas Pampeana,Bolsar,distribucion,Millones de pesos corrientes,ppye,976.653718
2007,Camuzzi Gas Pampeana,Bolsar,distribucion,Millones de pesos corrientes,ppye_neta,904.95988
2007,Camuzzi Gas Pampeana,Bolsar,distribucion,Millones de pesos corrientes,tg_ant,0.0331938151777513
2007,Camuzzi Gas Pampeana,Bolsar,distribucion,Millones de pesos corrientes,tg_desp,0.0062339691788325
2007,Metrogas,Bolsar,distribucion,Millones de pesos corrientes,KTA,1589.091
2007,Metrogas,Bolsar,distribucion,Millones de pesos corrientes,activo,0.0
2007,Metrogas,Bolsar,distribucion,Millones de pesos corrientes,activo_no_corr,1807.342
2007,Metrogas,Bolsar,distribucion,Millones de pesos corrientes,gcia_ant,11.233
2007,Metrogas,Bolsar,distribucion,Millones de pesos corrientes,gcia_desp,15.787
2007,Metrogas,Bolsar,distribucion,Millones de pesos corrientes,inventarios,0.0
2007,Metrogas,Bolsar,distribucion,Millones de pesos corrientes,ppye,1653.273
2007,Metrogas,Bolsar,distribucion,Millones de pesos corrientes,ppye_neta,1589.091
2007,Metrogas,Bolsar,distribucion,Millones de pesos corrientes,tg_ant,0.0070688211059026
2007,Metrogas,Bolsar,distribucion,Millones de pesos corrientes,tg_desp,0.0070688211059026
2007,PAE,Bolsar,produccion,Millones de pesos corrientes,KTA,10931.4682274247
2007,PAE,Bolsar,produccion,Millones de pesos corrientes,activo,0.0
2007,PAE,Bolsar,produccion,Millones de pesos corrientes,activo_no_corr,7446.0
2007,PAE,Bolsar,produccion,Millones de pesos corrientes,gcia_ant,2214.0
2007,PAE,Bolsar,produccion,Millones de pesos corrientes,gcia_desp,1435.0
2007,PAE,Bolsar,produccion,Millones de pesos corrientes,inventarios,189.0
2007,PAE,Bolsar,produccion,Millones de pesos corrientes,ppye,11857.0
2007,PAE,Bolsar,produccion,Millones de pesos corrientes,ppye_neta,10728.0
2007,PAE,Bolsar,produccion,Millones de pesos corrientes,tg_ant,0.202534550157274
2007,PAE,Bolsar,produccion,Millones de pesos corrientes,tg_desp,0.131272393620455
2007,Petrobras,Bolsar,integrada,Millones de pesos corrientes,KTA,11672.0422424003
2007,Petrobras,Bolsar,integrada,Millones de pesos corrientes,activo,21357.0
2007,Petrobras,Bolsar,integrada,Millones de pesos corrientes,activo_no_corr,14905.0
2007,Petrobras,Bolsar,integrada,Millones de pesos corrientes,gcia_ant,1348.0
2007,Petrobras,Bolsar,integrada,Millones de pesos corrientes,gcia_desp,762.0
2007,Petrobras,Bolsar,integrada,Millones de pesos corrientes,inventarios,996.0
2007,Petrobras,Bolsar,integrada,Millones de pesos corrientes,ppye,10609.0
2007,Petrobras,Bolsar,integrada,Millones de pesos corrientes,ppye_neta,10609.0
2007,Petrobras,Bolsar,integrada,Millones de pesos corrientes,tg_ant,0.115489643714894
2007,Petrobras,Bolsar,integrada,Millones de pesos corrientes,tg_desp,0.0731662876353999
2007,TGN,Bolsar,transporte,Millones de pesos corrientes,KTA,2149.014
2007,TGN,Bolsar,transporte,Millones de pesos corrientes,activo,0.0
2007,TGN,Bolsar,transporte,Millones de pesos corrientes,activo_no_corr,2434.683
2007,TGN,Bolsar,transporte,Millones de pesos corrientes,gcia_ant,73.374
2007,TGN,Bolsar,transporte,Millones de pesos corrientes,gcia_desp,59.651
2007,TGN,Bolsar,transporte,Millones de pesos corrientes,inventarios,0.0
2007,TGN,Bolsar,transporte,Millones de pesos corrientes,ppye,2196.075
2007,TGN,Bolsar,transporte,Millones de pesos corrientes,ppye_neta,2149.014
2007,TGN,Bolsar,transporte,Millones de pesos corrientes,tg_ant,0.0341431000449509
2007,TGN,Bolsar,transporte,Millones de pesos corrientes,tg_desp,0.0341431000449509
2007,TGS,Bolsar,transporte,Millones de pesos corrientes,KTA,4067.685
2007,TGS,Bolsar,transporte,Millones de pesos corrientes,activo,0.0
2007,TGS,Bolsar,transporte,Millones de pesos corrientes,activo_no_corr,4318.511
2007,TGS,Bolsar,transporte,Millones de pesos corrientes,gcia_ant,294.52
2007,TGS,Bolsar,transporte,Millones de pesos corrientes,gcia_desp,147.508
2007,TGS,Bolsar,transporte,Millones de pesos corrientes,inventarios,0.0
2007,TGS,Bolsar,transporte,Millones de pesos corrientes,ppye,4170.6
2007,TGS,Bolsar,transporte,Millones de pesos corrientes,ppye_neta,4067.685
2007,TGS,Bolsar,transporte,Millones de pesos corrientes,tg_ant,0.0724048199405804
2007,TGS,Bolsar,transporte,Millones de pesos corrientes,tg_desp,0.0724048199405804
2007,Tecpetrol,Bolsar,produccion,Millones de pesos corrientes,KTA,811.883414172951
2007,Tecpetrol,Bolsar,produccion,Millones de pesos corrientes,activo,0.0
2007,Tecpetrol,Bolsar,produccion,Millones de pesos corrientes,activo_no_corr,1103.957
2007,Tecpetrol,Bolsar,produccion,Millones de pesos corrientes,gcia_ant,269.551
2007,Tecpetrol,Bolsar,produccion,Millones de pesos corrientes,gcia_desp,155.646
2007,Tecpetrol,Bolsar,produccion,Millones de pesos corrientes,inventarios,11.24
2007,Tecpetrol,Bolsar,produccion,Millones de pesos corrientes,ppye,866.103
2007,Tecpetrol,Bolsar,produccion,Millones de pesos corrientes,ppye_neta,799.209
2007,Tecpetrol,Bolsar,produccion,Millones de pesos corrientes,tg_ant,0.332007028711858
2007,Tecpetrol,Bolsar,produccion,Millones de pesos corrientes,tg_desp,0.191711023138161
2007,YPF,Bolsar,integrada,Millones de pesos corrientes,KTA,22272.8907894737
2007,YPF,Bolsar,integrada,Millones de pesos corrientes,activo,0.0
2007,YPF,Bolsar,integrada,Millones de pesos corrientes,activo_no_corr,27082.0
2007,YPF,Bolsar,integrada,Millones de pesos corrientes,gcia_ant,6844.0
2007,YPF,Bolsar,integrada,Millones de pesos corrientes,gcia_desp,4086.0
2007,YPF,Bolsar,integrada,Millones de pesos corrientes,inventarios,2573.0
2007,YPF,Bolsar,integrada,Millones de pesos corrientes,ppye,25434.0
2007,YPF,Bolsar,integrada,Millones de pesos corrientes,ppye_neta,19534.0
2007,YPF,Bolsar,integrada,Millones de pesos corrientes,tg_ant,0.307279376740558
2007,YPF,Bolsar,integrada,Millones de pesos corrientes,tg_desp,0.183451714401216
2008,Camuzzi Gas Pampeana,Bolsar,distribucion,Millones de pesos corrientes,KTA,901.873026
2008,Camuzzi Gas Pampeana,Bolsar,distribucion,Millones de pesos corrientes,activo,1159.713928
2008,Camuzzi Gas Pampeana,Bolsar,distribucion,Millones de pesos corrientes,activo_no_corr,972.211315
2008,Camuzzi Gas Pampeana,Bolsar,distribucion,Millones de pesos corrientes,gcia_ant,50.18119
2008,Camuzzi Gas Pampeana,Bolsar,distribucion,Millones de pesos corrientes,gcia_desp,28.353816
2008,Camuzzi Gas Pampeana,Bolsar,distribucion,Millones de pesos corrientes,inventarios,0.0
2008,Camuzzi Gas Pampeana,Bolsar,distribucion,Millones de pesos corrientes,ppye,961.132765
2008,Camuzzi Gas Pampeana,Bolsar,distribucion,Millones de pesos corrientes,ppye_neta,901.873026
2008,Camuzzi Gas Pampeana,Bolsar,distribucion,Millones de pesos corrientes,tg_ant,0.0556410808986763
2008,Camuzzi Gas Pampeana,Bolsar,distribucion,Millones de pesos corrientes,tg_desp,0.0314388114319765
2008,Metrogas,Bolsar,distribucion,Millones de pesos corrientes,KTA,1606.116
2008,Metrogas,Bolsar,distribucion,Millones de pesos corrientes,activo,0.0
2008,Metrogas,Bolsar,distribucion,Millones de pesos corrientes,activo_no_corr,1852.759
2008,Metrogas,Bolsar,distribucion,Millones de pesos corrientes,gcia_ant,-11.743
2008,Metrogas,Bolsar,distribucion,Millones de pesos corrientes,gcia_desp,-13.549
2008,Metrogas,Bolsar,distribucion,Millones de pesos corrientes,inventarios,0.0
2008,Metrogas,Bolsar,distribucion,Millones de pesos corrientes,ppye,1661.201
2008,Metrogas,Bolsar,distribucion,Millones de pesos corrientes,ppye_neta,1606.116
2008,Metrogas,Bolsar,distribucion,Millones de pesos corrientes,tg_ant,-0.0073114270700248
2008,Metrogas,Bolsar,distribucion,Millones de pesos corrientes,tg_desp,-0.0073114270700248
2008,PAE,Bolsar,produccion,Millones de pesos corrientes,KTA,12877.9701744513
2008,PAE,Bolsar,produccion,Millones de pesos corrientes,activo,0.0
2008,PAE,Bolsar,produccion,Millones de pesos corrientes,activo_no_corr,9768.0
2008,PAE,Bolsar,produccion,Millones de pesos corrientes,gcia_ant,1498.0
2008,PAE,Bolsar,produccion,Millones de pesos corrientes,gcia_desp,977.0
2008,PAE,Bolsar,produccion,Millones de pesos corrientes,inventarios,272.0
2008,PAE,Bolsar,produccion,Millones de pesos corrientes,ppye,14000.0
2008,PAE,Bolsar,produccion,Millones de pesos corrientes,ppye_neta,12585.0
2008,PAE,Bolsar,produccion,Millones de pesos corrientes,tg_ant,0.116322679716396
2008,PAE,Bolsar,produccion,Millones de pesos corrientes,tg_desp,0.0758659933797856
2008,Petrobras,Bolsar,integrada,Millones de pesos corrientes,KTA,12754.5556363636
2008,Petrobras,Bolsar,integrada,Millones de pesos corrientes,activo,23091.0
2008,Petrobras,Bolsar,integrada,Millones de pesos corrientes,activo_no_corr,16839.0
2008,Petrobras,Bolsar,integrada,Millones de pesos corrientes,gcia_ant,1378.0
2008,Petrobras,Bolsar,integrada,Millones de pesos corrientes,gcia_desp,776.0
2008,Petrobras,Bolsar,integrada,Millones de pesos corrientes,inventarios,1536.0
2008,Petrobras,Bolsar,integrada,Millones de pesos corrientes,ppye,12556.0
2008,Petrobras,Bolsar,integrada,Millones de pesos corrientes,ppye_neta,11094.0
2008,Petrobras,Bolsar,integrada,Millones de pesos corrientes,tg_ant,0.108039828221948
2008,Petrobras,Bolsar,integrada,Millones de pesos corrientes,tg_desp,0.0665644514952347
2008,TGN,Bolsar,transporte,Millones de pesos corrientes,KTA,2057.791
2008,TGN,Bolsar,transporte,Millones de pesos corrientes,activo,0.0
2008,TGN,Bolsar,transporte,Millones de pesos corrientes,activo_no_corr,2394.163
2008,TGN,Bolsar,transporte,Millones de pesos corrientes,gcia_ant,-26.098
2008,TGN,Bolsar,transporte,Millones de pesos corrientes,gcia_desp,-33.534
2008,TGN,Bolsar,transporte,Millones de pesos corrientes,inventarios,0.0
2008,TGN,Bolsar,transporte,Millones de pesos corrientes,ppye,2115.686
2008,TGN,Bolsar,transporte,Millones de pesos corrientes,ppye_neta,2057.791
2008,TGN,Bolsar,transporte,Millones de pesos corrientes,tg_ant,-0.0126825318994981
2008,TGN,Bolsar,transporte,Millones de pesos corrientes,tg_desp,-0.0126825318994981
2008,TGS,Bolsar,transporte,Millones de pesos corrientes,KTA,4000.179
2008,TGS,Bolsar,transporte,Millones de pesos corrientes,activo,0.0
2008,TGS,Bolsar,transporte,Millones de pesos corrientes,activo_no_corr,4203.94
2008,TGS,Bolsar,transporte,Millones de pesos corrientes,gcia_ant,318.48
2008,TGS,Bolsar,transporte,Millones de pesos corrientes,gcia_desp,175.091
2008,TGS,Bolsar,transporte,Millones de pesos corrientes,inventarios,0.0
2008,TGS,Bolsar,transporte,Millones de pesos corrientes,ppye,4171.763
2008,TGS,Bolsar,transporte,Millones de pesos corrientes,ppye_neta,4000.179
2008,TGS,Bolsar,transporte,Millones de pesos corrientes,tg_ant,0.0796164371644369
2008,TGS,Bolsar,transporte,Millones de pesos corrientes,tg_desp,0.0796164371644369
2008,Tecpetrol,Bolsar,produccion,Millones de pesos corrientes,KTA,0.0
2008,Tecpetrol,Bolsar,produccion,Millones de pesos corrientes,activo,0.0
2008,Tecpetrol,Bolsar,produccion,Millones de pesos corrientes,activo_no_corr,0.0
2008,Tecpetrol,Bolsar,produccion,Millones de pesos corrientes,gcia_ant,0.0
2008,Tecpetrol,Bolsar,produccion,Millones de pesos corrientes,gcia_desp,0.0
2008,Tecpetrol,Bolsar,produccion,Millones de pesos corrientes,inventarios,0.0
2008,Tecpetrol,Bolsar,produccion,Millones de pesos corrientes,ppye,0.0
2008,Tecpetrol,Bolsar,produccion,Millones de pesos corrientes,ppye_neta,0.0
2008,Tecpetrol,Bolsar,produccion,Millones de pesos corrientes,tg_ant,0.0
2008,Tecpetrol,Bolsar,produccion,Millones de pesos corrientes,tg_desp,0.0
2008,YPF,Bolsar,integrada,Millones de pesos corrientes,KTA,24267.6005913464
2008,YPF,Bolsar,integrada,Millones de pesos corrientes,activo,0.0
2008,YPF,Bolsar,integrada,Millones de pesos corrientes,activo_no_corr,29851.0
2008,YPF,Bolsar,integrada,Millones de pesos corrientes,gcia_ant,6198.0
2008,YPF,Bolsar,integrada,Millones de pesos corrientes,gcia_desp,3640.0
2008,YPF,Bolsar,integrada,Millones de pesos corrientes,inventarios,3449.0
2008,YPF,Bolsar,integrada,Millones de pesos corrientes,ppye,26168.0
2008,YPF,Bolsar,integrada,Millones de pesos corrientes,ppye_neta,20654.0
2008,YPF,Bolsar,integrada,Millones de pesos corrientes,tg_ant,0.255402258524486
2008,YPF,Bolsar,integrada,Millones de pesos corrientes,tg_desp,0.149994227336097
2009,Camuzzi Gas Pampeana,Bolsar,distribucion,Millones de pesos corrientes,KTA,902.507485
2009,Camuzzi Gas Pampeana,Bolsar,distribucion,Millones de pesos corrientes,activo,1087.155856
2009,Camuzzi Gas Pampeana,Bolsar,distribucion,Millones de pesos corrientes,activo_no_corr,974.983574
2009,Camuzzi Gas Pampeana,Bolsar,distribucion,Millones de pesos corrientes,gcia_ant,16.011412
2009,Camuzzi Gas Pampeana,Bolsar,distribucion,Millones de pesos corrientes,gcia_desp,1.877995
2009,Camuzzi Gas Pampeana,Bolsar,distribucion,Millones de pesos corrientes,inventarios,0.0
2009,Camuzzi Gas Pampeana,Bolsar,distribucion,Millones de pesos corrientes,ppye,958.385616
2009,Camuzzi Gas Pampeana,Bolsar,distribucion,Millones de pesos corrientes,ppye_neta,902.507485
2009,Camuzzi Gas Pampeana,Bolsar,distribucion,Millones de pesos corrientes,tg_ant,0.0177410295937878
2009,Camuzzi Gas Pampeana,Bolsar,distribucion,Millones de pesos corrientes,tg_desp,0.002080863628516
2009,Metrogas,Bolsar,distribucion,Millones de pesos corrientes,KTA,1586.014
2009,Metrogas,Bolsar,distribucion,Millones de pesos corrientes,activo,0.0
2009,Metrogas,Bolsar,distribucion,Millones de pesos corrientes,activo_no_corr,1910.787
2009,Metrogas,Bolsar,distribucion,Millones de pesos corrientes,gcia_ant,-68.95
2009,Metrogas,Bolsar,distribucion,Millones de pesos corrientes,gcia_desp,-78.342
2009,Metrogas,Bolsar,distribucion,Millones de pesos corrientes,inventarios,0.0
2009,Metrogas,Bolsar,distribucion,Millones de pesos corrientes,ppye,1688.43
2009,Metrogas,Bolsar,distribucion,Millones de pesos corrientes,ppye_neta,1586.014
2009,Metrogas,Bolsar,distribucion,Millones de pesos corrientes,tg_ant,-0.0434737650487322
2009,Metrogas,Bolsar,distribucion,Millones de pesos corrientes,tg_desp,-0.0434737650487322
2009,PAE,Bolsar,produccion,Millones de pesos corrientes,KTA,13889.9051858446
2009,PAE,Bolsar,produccion,Millones de pesos corrientes,activo,0.0
2009,PAE,Bolsar,produccion,Millones de pesos corrientes,activo_no_corr,12076.0
2009,PAE,Bolsar,produccion,Millones de pesos corrientes,gcia_ant,3321.0
2009,PAE,Bolsar,produccion,Millones de pesos corrientes,gcia_desp,2155.0
2009,PAE,Bolsar,produccion,Millones de pesos corrientes,inventarios,266.0
2009,PAE,Bolsar,produccion,Millones de pesos corrientes,ppye,16543.0
2009,PAE,Bolsar,produccion,Millones de pesos corrientes,ppye_neta,13602.0
2009,PAE,Bolsar,produccion,Millones de pesos corrientes,tg_ant,0.239094504646761
2009,PAE,Bolsar,produccion,Millones de pesos corrientes,tg_desp,0.239094504646761
2009,Petrobras,Bolsar,integrada,Millones de pesos corrientes,KTA,11716.3623842854
2009,Petrobras,Bolsar,integrada,Millones de pesos corrientes,activo,23083.0
2009,Petrobras,Bolsar,integrada,Millones de pesos corrientes,activo_no_corr,15974.0
2009,Petrobras,Bolsar,integrada,Millones de pesos corrientes,gcia_ant,1715.0
2009,Petrobras,Bolsar,integrada,Millones de pesos corrientes,gcia_desp,925.0
2009,Petrobras,Bolsar,integrada,Millones de pesos corrientes,inventarios,1011.0
2009,Petrobras,Bolsar,integrada,Millones de pesos corrientes,ppye,11128.0
2009,Petrobras,Bolsar,integrada,Millones de pesos corrientes,ppye_neta,10591.0
2009,Petrobras,Bolsar,integrada,Millones de pesos corrientes,tg_ant,0.146376489882239
2009,Petrobras,Bolsar,integrada,Millones de pesos corrientes,tg_desp,0.0844118650108074
2009,TGN,Bolsar,transporte,Millones de pesos corrientes,KTA,2001.125
2009,TGN,Bolsar,transporte,Millones de pesos corrientes,activo,0.0
2009,TGN,Bolsar,transporte,Millones de pesos corrientes,activo_no_corr,2416.09
2009,TGN,Bolsar,transporte,Millones de pesos corrientes,gcia_ant,-53.537
2009,TGN,Bolsar,transporte,Millones de pesos corrientes,gcia_desp,-51.546
2009,TGN,Bolsar,transporte,Millones de pesos corrientes,inventarios,0.0
2009,TGN,Bolsar,transporte,Millones de pesos corrientes,ppye,2066.353
2009,TGN,Bolsar,transporte,Millones de pesos corrientes,ppye_neta,2001.125
2009,TGN,Bolsar,transporte,Millones de pesos corrientes,tg_ant,-0.0267534511837092
2009,TGN,Bolsar,transporte,Millones de pesos corrientes,tg_desp,-0.0267534511837092
2009,TGS,Bolsar,transporte,Millones de pesos corrientes,KTA,4018.846
2009,TGS,Bolsar,transporte,Millones de pesos corrientes,activo,0.0
2009,TGS,Bolsar,transporte,Millones de pesos corrientes,activo_no_corr,4151.15
2009,TGS,Bolsar,transporte,Millones de pesos corrientes,gcia_ant,321.712
2009,TGS,Bolsar,transporte,Millones de pesos corrientes,gcia_desp,178.38
2009,TGS,Bolsar,transporte,Millones de pesos corrientes,inventarios,0.0
2009,TGS,Bolsar,transporte,Millones de pesos corrientes,ppye,4123.41
2009,TGS,Bolsar,transporte,Millones de pesos corrientes,ppye_neta,4018.846
2009,TGS,Bolsar,transporte,Millones de pesos corrientes,tg_ant,0.0800508404651484
2009,TGS,Bolsar,transporte,Millones de pesos corrientes,tg_desp,0.0800508404651484
2009,Tecpetrol,Bolsar,produccion,Millones de pesos corrientes,KTA,0.0
2009,Tecpetrol,Bolsar,produccion,Millones de pesos corrientes,activo,0.0
2009,Tecpetrol,Bolsar,produccion,Millones de pesos corrientes,activo_no_corr,0.0
2009,Tecpetrol,Bolsar,produccion,Millones de pesos corrientes,gcia_ant,0.0
2009,Tecpetrol,Bolsar,produccion,Millones de pesos corrientes,gcia_desp,0.0
2009,Tecpetrol,Bolsar,produccion,Millones de pesos corrientes,inventarios,0.0
2009,Tecpetrol,Bolsar,produccion,Millones de pesos corrientes,ppye,0.0
2009,Tecpetrol,Bolsar,produccion,Millones de pesos corrientes,ppye_neta,0.0
2009,Tecpetrol,Bolsar,produccion,Millones de pesos corrientes,tg_ant,0.0
2009,Tecpetrol,Bolsar,produccion,Millones de pesos corrientes,tg_desp,0.0
2009,YPF,Bolsar,integrada,Millones de pesos corrientes,KTA,25647.5439444277
2009,YPF,Bolsar,integrada,Millones de pesos corrientes,activo,0.0
2009,YPF,Bolsar,integrada,Millones de pesos corrientes,activo_no_corr,10532.0
2009,YPF,Bolsar,integrada,Millones de pesos corrientes,gcia_ant,5894.0
2009,YPF,Bolsar,integrada,Millones de pesos corrientes,gcia_desp,3486.0
2009,YPF,Bolsar,integrada,Millones de pesos corrientes,inventarios,3066.0
2009,YPF,Bolsar,integrada,Millones de pesos corrientes,ppye,28033.0
2009,YPF,Bolsar,integrada,Millones de pesos corrientes,ppye_neta,22406.0
2009,YPF,Bolsar,integrada,Millones de pesos corrientes,tg_ant,0.229807579734377
2009,YPF,Bolsar,integrada,Millones de pesos corrientes,tg_desp,0.135919447396342
2010,Camuzzi Gas Pampeana,Bolsar,distribucion,Millones de pesos corrientes,KTA,900.725775
2010,Camuzzi Gas Pampeana,Bolsar,distribucion,Millones de pesos corrientes,activo,1114.872006
2010,Camuzzi Gas Pampeana,Bolsar,distribucion,Millones de pesos corrientes,activo_no_corr,955.239302
2010,Camuzzi Gas Pampeana,Bolsar,distribucion,Millones de pesos corrientes,gcia_ant,3.327437
2010,Camuzzi Gas Pampeana,Bolsar,distribucion,Millones de pesos corrientes,gcia_desp,-6.358799
2010,Camuzzi Gas Pampeana,Bolsar,distribucion,Millones de pesos corrientes,inventarios,0.0
2010,Camuzzi Gas Pampeana,Bolsar,distribucion,Millones de pesos corrientes,ppye,937.360458
2010,Camuzzi Gas Pampeana,Bolsar,distribucion,Millones de pesos corrientes,ppye_neta,900.725775
2010,Camuzzi Gas Pampeana,Bolsar,distribucion,Millones de pesos corrientes,tg_ant,0.0036941731794008
2010,Camuzzi Gas Pampeana,Bolsar,distribucion,Millones de pesos corrientes,tg_desp,-0.0070596392115014
2010,Metrogas,Bolsar,distribucion,Millones de pesos corrientes,KTA,1635.581
2010,Metrogas,Bolsar,distribucion,Millones de pesos corrientes,activo,0.0
2010,Metrogas,Bolsar,distribucion,Millones de pesos corrientes,activo_no_corr,1974.336
2010,Metrogas,Bolsar,distribucion,Millones de pesos corrientes,gcia_ant,-84.522
2010,Metrogas,Bolsar,distribucion,Millones de pesos corrientes,gcia_desp,-71.697
2010,Metrogas,Bolsar,distribucion,Millones de pesos corrientes,inventarios,0.0
2010,Metrogas,Bolsar,distribucion,Millones de pesos corrientes,ppye,1722.877
2010,Metrogas,Bolsar,distribucion,Millones de pesos corrientes,ppye_neta,1635.581
2010,Metrogas,Bolsar,distribucion,Millones de pesos corrientes,tg_ant,-0.0516770493176431
2010,Metrogas,Bolsar,distribucion,Millones de pesos corrientes,tg_desp,-0.0516770493176431
2010,PAE,Bolsar,produccion,Millones de pesos corrientes,KTA,26066.2310570627
2010,PAE,Bolsar,produccion,Millones de pesos corrientes,activo,0.0
2010,PAE,Bolsar,produccion,Millones de pesos corrientes,activo_no_corr,14254.0
2010,PAE,Bolsar,produccion,Millones de pesos corrientes,gcia_ant,3213.0
2010,PAE,Bolsar,produccion,Millones de pesos corrientes,gcia_desp,2111.0
2010,PAE,Bolsar,produccion,Millones de pesos corrientes,inventarios,245.0
2010,PAE,Bolsar,produccion,Millones de pesos corrientes,ppye,29175.0
2010,PAE,Bolsar,produccion,Millones de pesos corrientes,ppye_neta,25799.0
2010,PAE,Bolsar,produccion,Millones de pesos corrientes,tg_ant,0.123262929457131
2010,PAE,Bolsar,produccion,Millones de pesos corrientes,tg_desp,0.123262929457131
2010,Petrobras,Bolsar,integrada,Millones de pesos corrientes,KTA,11039.6992411623
2010,Petrobras,Bolsar,integrada,Millones de pesos corrientes,activo,22759.0
2010,Petrobras,Bolsar,integrada,Millones de pesos corrientes,activo_no_corr,14986.0
2010,Petrobras,Bolsar,integrada,Millones de pesos corrientes,gcia_ant,840.0
2010,Petrobras,Bolsar,integrada,Millones de pesos corrientes,gcia_desp,610.0
2010,Petrobras,Bolsar,integrada,Millones de pesos corrientes,inventarios,1052.0
2010,Petrobras,Bolsar,integrada,Millones de pesos corrientes,ppye,10789.0
2010,Petrobras,Bolsar,integrada,Millones de pesos corrientes,ppye_neta,9881.0
2010,Petrobras,Bolsar,integrada,Millones de pesos corrientes,tg_ant,0.0760890293884093
2010,Petrobras,Bolsar,integrada,Millones de pesos corrientes,tg_desp,0.0578820116418971
2010,TGN,Bolsar,transporte,Millones de pesos corrientes,KTA,1922.405
2010,TGN,Bolsar,transporte,Millones de pesos corrientes,activo,0.0
2010,TGN,Bolsar,transporte,Millones de pesos corrientes,activo_no_corr,2463.533
2010,TGN,Bolsar,transporte,Millones de pesos corrientes,gcia_ant,141.021
2010,TGN,Bolsar,transporte,Millones de pesos corrientes,gcia_desp,73.064
2010,TGN,Bolsar,transporte,Millones de pesos corrientes,inventarios,0.0
2010,TGN,Bolsar,transporte,Millones de pesos corrientes,ppye,2011.501
2010,TGN,Bolsar,transporte,Millones de pesos corrientes,ppye_neta,1922.405
2010,TGN,Bolsar,transporte,Millones de pesos corrientes,tg_ant,0.0733565507788421
2010,TGN,Bolsar,transporte,Millones de pesos corrientes,tg_desp,0.0733565507788421
2010,TGS,Bolsar,transporte,Millones de pesos corrientes,KTA,3921.3
2010,TGS,Bolsar,transporte,Millones de pesos corrientes,activo,0.0
2010,TGS,Bolsar,transporte,Millones de pesos corrientes,activo_no_corr,4139.59
2010,TGS,Bolsar,transporte,Millones de pesos corrientes,gcia_ant,201.425
2010,TGS,Bolsar,transporte,Millones de pesos corrientes,gcia_desp,102.236
2010,TGS,Bolsar,transporte,Millones de pesos corrientes,inventarios,0.0
2010,TGS,Bolsar,transporte,Millones de pesos corrientes,ppye,4059.222
2010,TGS,Bolsar,transporte,Millones de pesos corrientes,ppye_neta,3921.3
2010,TGS,Bolsar,transporte,Millones de pesos corrientes,tg_ant,0.0513668936322138
2010,TGS,Bolsar,transporte,Millones de pesos corrientes,tg_desp,0.0513668936322138
2010,Tecpetrol,Bolsar,produccion,Millones de pesos corrientes,KTA,0.0
2010,Tecpetrol,Bolsar,produccion,Millones de pesos corrientes,activo,0.0
2010,Tecpetrol,Bolsar,produccion,Millones de pesos corrientes,activo_no_corr,0.0
2010,Tecpetrol,Bolsar,produccion,Millones de pesos corrientes,gcia_ant,0.0
2010,Tecpetrol,Bolsar,produccion,Millones de pesos corrientes,gcia_desp,0.0
2010,Tecpetrol,Bolsar,produccion,Millones de pesos corrientes,inventarios,0.0
2010,Tecpetrol,Bolsar,produccion,Millones de pesos corrientes,ppye,0.0
2010,Tecpetrol,Bolsar,produccion,Millones de pesos corrientes,ppye_neta,0.0
2010,Tecpetrol,Bolsar,produccion,Millones de pesos corrientes,tg_ant,0.0
2010,Tecpetrol,Bolsar,produccion,Millones de pesos corrientes,tg_desp,0.0
2010,YPF,Bolsar,integrada,Millones de pesos corrientes,KTA,27982.6418943777
2010,YPF,Bolsar,integrada,Millones de pesos corrientes,activo,0.0
2010,YPF,Bolsar,integrada,Millones de pesos corrientes,activo_no_corr,33786.0
2010,YPF,Bolsar,integrada,Millones de pesos corrientes,gcia_ant,9020.0
2010,YPF,Bolsar,integrada,Millones de pesos corrientes,gcia_desp,5790.0
2010,YPF,Bolsar,integrada,Millones de pesos corrientes,inventarios,3865.0
2010,YPF,Bolsar,integrada,Millones de pesos corrientes,ppye,31567.0
2010,YPF,Bolsar,integrada,Millones de pesos corrientes,ppye_neta,23890.0
2010,YPF,Bolsar,integrada,Millones de pesos corrientes,tg_ant,0.322342687800765
2010,YPF,Bolsar,integrada,Millones de pesos corrientes,tg_desp,0.206913986958584
2011,Camuzzi Gas Pampeana,Bolsar,distribucion,Millones de pesos corrientes,KTA,870.860941
2011,Camuzzi Gas Pampeana,Bolsar,distribucion,Millones de pesos corrientes,activo,1141.529747
2011,Camuzzi Gas Pampeana,Bolsar,distribucion,Millones de pesos corrientes,activo_no_corr,951.398558
2011,Camuzzi Gas Pampeana,Bolsar,distribucion,Millones de pesos corrientes,gcia_ant,-7.225934
2011,Camuzzi Gas Pampeana,Bolsar,distribucion,Millones de pesos corrientes,gcia_desp,-13.009273
2011,Camuzzi Gas Pampeana,Bolsar,distribucion,Millones de pesos corrientes,inventarios,0.0
2011,Camuzzi Gas Pampeana,Bolsar,distribucion,Millones de pesos corrientes,ppye,941.673028
2011,Camuzzi Gas Pampeana,Bolsar,distribucion,Millones de pesos corrientes,ppye_neta,870.860941
2011,Camuzzi Gas Pampeana,Bolsar,distribucion,Millones de pesos corrientes,tg_ant,-0.0082974602026616
2011,Camuzzi Gas Pampeana,Bolsar,distribucion,Millones de pesos corrientes,tg_desp,-0.0149384045001049
2011,Metrogas,Bolsar,distribucion,Millones de pesos corrientes,KTA,1667.124
2011,Metrogas,Bolsar,distribucion,Millones de pesos corrientes,activo,0.0
2011,Metrogas,Bolsar,distribucion,Millones de pesos corrientes,activo_no_corr,2032.981
2011,Metrogas,Bolsar,distribucion,Millones de pesos corrientes,gcia_ant,-64.37
2011,Metrogas,Bolsar,distribucion,Millones de pesos corrientes,gcia_desp,-73.121
2011,Metrogas,Bolsar,distribucion,Millones de pesos corrientes,inventarios,0.0
2011,Metrogas,Bolsar,distribucion,Millones de pesos corrientes,ppye,1752.923
2011,Metrogas,Bolsar,distribucion,Millones de pesos corrientes,ppye_neta,1667.124
2011,Metrogas,Bolsar,distribucion,Millones de pesos corrientes,tg_ant,-0.0386114050304596
2011,Metrogas,Bolsar,distribucion,Millones de pesos corrientes,tg_desp,-0.0386114050304596
2011,PAE,Bolsar,produccion,Millones de pesos corrientes,KTA,38938.8214285714
2011,PAE,Bolsar,produccion,Millones de pesos corrientes,activo,0.0
2011,PAE,Bolsar,produccion,Millones de pesos corrientes,activo_no_corr,16862.0
2011,PAE,Bolsar,produccion,Millones de pesos corrientes,gcia_ant,5013.0
2011,PAE,Bolsar,produccion,Millones de pesos corrientes,gcia_desp,3261.0
2011,PAE,Bolsar,produccion,Millones de pesos corrientes,inventarios,360.0
2011,PAE,Bolsar,produccion,Millones de pesos corrientes,ppye,43263.0
2011,PAE,Bolsar,produccion,Millones de pesos corrientes,ppye_neta,38544.0
2011,PAE,Bolsar,produccion,Millones de pesos corrientes,tg_ant,0.12874041422121
2011,PAE,Bolsar,produccion,Millones de pesos corrientes,tg_desp,0.12874041422121
2011,Petrobras,Bolsar,integrada,Millones de pesos corrientes,KTA,10791.2240362812
2011,Petrobras,Bolsar,integrada,Millones de pesos corrientes,activo,22170.0
2011,Petrobras,Bolsar,integrada,Millones de pesos corrientes,activo_no_corr,15994.0
2011,Petrobras,Bolsar,integrada,Millones de pesos corrientes,gcia_ant,689.0
2011,Petrobras,Bolsar,integrada,Millones de pesos corrientes,gcia_desp,704.0
2011,Petrobras,Bolsar,integrada,Millones de pesos corrientes,inventarios,970.0
2011,Petrobras,Bolsar,integrada,Millones de pesos corrientes,ppye,10726.0
2011,Petrobras,Bolsar,integrada,Millones de pesos corrientes,ppye_neta,9705.0
2011,Petrobras,Bolsar,integrada,Millones de pesos corrientes,tg_ant,0.0638481786388192
2011,Petrobras,Bolsar,integrada,Millones de pesos corrientes,tg_desp,0.0644968538934951
2011,TGN,Bolsar,transporte,Millones de pesos corrientes,KTA,1894.407
2011,TGN,Bolsar,transporte,Millones de pesos corrientes,activo,0.0
2011,TGN,Bolsar,transporte,Millones de pesos corrientes,activo_no_corr,2383.054
2011,TGN,Bolsar,transporte,Millones de pesos corrientes,gcia_ant,-207.86
2011,TGN,Bolsar,transporte,Millones de pesos corrientes,gcia_desp,-154.078
2011,TGN,Bolsar,transporte,Millones de pesos corrientes,inventarios,0.0
2011,TGN,Bolsar,transporte,Millones de pesos corrientes,ppye,1937.935
2011,TGN,Bolsar,transporte,Millones de pesos corrientes,ppye_neta,1894.407
2011,TGN,Bolsar,transporte,Millones de pesos corrientes,tg_ant,-0.109722989832702
2011,TGN,Bolsar,transporte,Millones de pesos corrientes,tg_desp,-0.109722989832702
2011,TGS,Bolsar,transporte,Millones de pesos corrientes,KTA,3820.302
2011,TGS,Bolsar,transporte,Millones de pesos corrientes,activo,0.0
2011,TGS,Bolsar,transporte,Millones de pesos corrientes,activo_no_corr,4145.301
2011,TGS,Bolsar,transporte,Millones de pesos corrientes,gcia_ant,359.473
2011,TGS,Bolsar,transporte,Millones de pesos corrientes,gcia_desp,230.679
2011,TGS,Bolsar,transporte,Millones de pesos corrientes,inventarios,0.0
2011,TGS,Bolsar,transporte,Millones de pesos corrientes,ppye,4012.556
2011,TGS,Bolsar,transporte,Millones de pesos corrientes,ppye_neta,3820.302
2011,TGS,Bolsar,transporte,Millones de pesos corrientes,tg_ant,0.0940954406222335
2011,TGS,Bolsar,transporte,Millones de pesos corrientes,tg_desp,0.0940954406222335
2011,Tecpetrol,Bolsar,produccion,Millones de pesos corrientes,KTA,0.0
2011,Tecpetrol,Bolsar,produccion,Millones de pesos corrientes,activo,0.0
2011,Tecpetrol,Bolsar,produccion,Millones de pesos corrientes,activo_no_corr,0.0
2011,Tecpetrol,Bolsar,produccion,Millones de pesos corrientes,gcia_ant,0.0
2011,Tecpetrol,Bolsar,produccion,Millones de pesos corrientes,gcia_desp,0.0
2011,Tecpetrol,Bolsar,produccion,Millones de pesos corrientes,inventarios,0.0
2011,Tecpetrol,Bolsar,produccion,Millones de pesos corrientes,ppye,0.0
2011,Tecpetrol,Bolsar,produccion,Millones de pesos corrientes,ppye_neta,0.0
2011,Tecpetrol,Bolsar,produccion,Millones de pesos corrientes,tg_ant,0.0
2011,Tecpetrol,Bolsar,produccion,Millones de pesos corrientes,tg_desp,0.0
2011,YPF,Bolsar,integrada,Millones de pesos corrientes,KTA,33234.692341346
2011,YPF,Bolsar,integrada,Millones de pesos corrientes,activo,0.0
2011,YPF,Bolsar,integrada,Millones de pesos corrientes,activo_no_corr,47769.0
2011,YPF,Bolsar,integrada,Millones de pesos corrientes,gcia_ant,7586.0
2011,YPF,Bolsar,integrada,Millones de pesos corrientes,gcia_desp,4445.0
2011,YPF,Bolsar,integrada,Millones de pesos corrientes,inventarios,6006.0
2011,YPF,Bolsar,integrada,Millones de pesos corrientes,ppye,38098.0
2011,YPF,Bolsar,integrada,Millones de pesos corrientes,ppye_neta,26889.0
2011,YPF,Bolsar,integrada,Millones de pesos corrientes,tg_ant,0.228255460351066
2011,YPF,Bolsar,integrada,Millones de pesos corrientes,tg_desp,0.133745784505733
2012,Camuzzi Gas Pampeana,Bolsar,distribucion,Millones de pesos corrientes,KTA,856.625245
2012,Camuzzi Gas Pampeana,Bolsar,distribucion,Millones de pesos corrientes,activo,1110.729105
2012,Camuzzi Gas Pampeana,Bolsar,distribucion,Millones de pesos corrientes,activo_no_corr,941.548585
2012,Camuzzi Gas Pampeana,Bolsar,distribucion,Millones de pesos corrientes,gcia_ant,-72.871732
2012,Camuzzi Gas Pampeana,Bolsar,distribucion,Millones de pesos corrientes,gcia_desp,-48.131123
2012,Camuzzi Gas Pampeana,Bolsar,distribucion,Millones de pesos corrientes,inventarios,0.0
2012,Camuzzi Gas Pampeana,Bolsar,distribucion,Millones de pesos corrientes,ppye,910.543975
2012,Camuzzi Gas Pampeana,Bolsar,distribucion,Millones de pesos corrientes,ppye_neta,856.625245
2012,Camuzzi Gas Pampeana,Bolsar,distribucion,Millones de pesos corrientes,tg_ant,-0.0850683918380201
2012,Camuzzi Gas Pampeana,Bolsar,distribucion,Millones de pesos corrientes,tg_desp,-0.0561869070295728
2012,Metrogas,Bolsar,distribucion,Millones de pesos corrientes,KTA,1687.014
2012,Metrogas,Bolsar,distribucion,Millones de pesos corrientes,activo,0.0
2012,Metrogas,Bolsar,distribucion,Millones de pesos corrientes,activo_no_corr,1994.082
2012,Metrogas,Bolsar,distribucion,Millones de pesos corrientes,gcia_ant,-229.539
2012,Metrogas,Bolsar,distribucion,Millones de pesos corrientes,gcia_desp,-142.805
2012,Metrogas,Bolsar,distribucion,Millones de pesos corrientes,inventarios,0.0
2012,Metrogas,Bolsar,distribucion,Millones de pesos corrientes,ppye,1787.576
2012,Metrogas,Bolsar,distribucion,Millones de pesos corrientes,ppye_neta,1687.014
2012,Metrogas,Bolsar,distribucion,Millones de pesos corrientes,tg_ant,-0.136062297052662
2012,Metrogas,Bolsar,distribucion,Millones de pesos corrientes,tg_desp,-0.136062297052662
2012,PAE,Bolsar,produccion,Millones de pesos corrientes,KTA,58704.779752612
2012,PAE,Bolsar,produccion,Millones de pesos corrientes,activo,0.0
2012,PAE,Bolsar,produccion,Millones de pesos corrientes,activo_no_corr,29594.0
2012,PAE,Bolsar,produccion,Millones de pesos corrientes,gcia_ant,2767.0
2012,PAE,Bolsar,produccion,Millones de pesos corrientes,gcia_desp,1387.0
2012,PAE,Bolsar,produccion,Millones de pesos corrientes,inventarios,654.0
2012,PAE,Bolsar,produccion,Millones de pesos corrientes,ppye,65777.0
2012,PAE,Bolsar,produccion,Millones de pesos corrientes,ppye_neta,57983.0
2012,PAE,Bolsar,produccion,Millones de pesos corrientes,tg_ant,0.0471341517958235
2012,PAE,Bolsar,produccion,Millones de pesos corrientes,tg_desp,0.0471341517958235
2012,Petrobras,Bolsar,integrada,Millones de pesos corrientes,KTA,8572.69030044703
2012,Petrobras,Bolsar,integrada,Millones de pesos corrientes,activo,18847.0
2012,Petrobras,Bolsar,integrada,Millones de pesos corrientes,activo_no_corr,12823.0
2012,Petrobras,Bolsar,integrada,Millones de pesos corrientes,gcia_ant,1162.0
2012,Petrobras,Bolsar,integrada,Millones de pesos corrientes,gcia_desp,670.0
2012,Petrobras,Bolsar,integrada,Millones de pesos corrientes,inventarios,1023.0
2012,Petrobras,Bolsar,integrada,Millones de pesos corrientes,ppye,8480.0
2012,Petrobras,Bolsar,integrada,Millones de pesos corrientes,ppye_neta,7436.0
2012,Petrobras,Bolsar,integrada,Millones de pesos corrientes,tg_ant,0.135546713957392
2012,Petrobras,Bolsar,integrada,Millones de pesos corrientes,tg_desp,0.078155162092472
2012,TGN,Bolsar,transporte,Millones de pesos corrientes,KTA,1820.963
2012,TGN,Bolsar,transporte,Millones de pesos corrientes,activo,0.0
2012,TGN,Bolsar,transporte,Millones de pesos corrientes,activo_no_corr,2208.409
2012,TGN,Bolsar,transporte,Millones de pesos corrientes,gcia_ant,333.609
2012,TGN,Bolsar,transporte,Millones de pesos corrientes,gcia_desp,217.765
2012,TGN,Bolsar,transporte,Millones de pesos corrientes,inventarios,0.0
2012,TGN,Bolsar,transporte,Millones de pesos corrientes,ppye,1848.14
2012,TGN,Bolsar,transporte,Millones de pesos corrientes,ppye_neta,1820.963
2012,TGN,Bolsar,transporte,Millones de pesos corrientes,tg_ant,0.18320471091395
2012,TGN,Bolsar,transporte,Millones de pesos corrientes,tg_desp,0.18320471091395
2012,TGS,Bolsar,transporte,Millones de pesos corrientes,KTA,3853.953
2012,TGS,Bolsar,transporte,Millones de pesos corrientes,activo,0.0
2012,TGS,Bolsar,transporte,Millones de pesos corrientes,activo_no_corr,4105.251
2012,TGS,Bolsar,transporte,Millones de pesos corrientes,gcia_ant,369.561
2012,TGS,Bolsar,transporte,Millones de pesos corrientes,gcia_desp,239.218
2012,TGS,Bolsar,transporte,Millones de pesos corrientes,inventarios,0.0
2012,TGS,Bolsar,transporte,Millones de pesos corrientes,ppye,4000.519
2012,TGS,Bolsar,transporte,Millones de pesos corrientes,ppye_neta,3853.953
2012,TGS,Bolsar,transporte,Millones de pesos corrientes,tg_ant,0.0958914133099184
2012,TGS,Bolsar,transporte,Millones de pesos corrientes,tg_desp,0.0958914133099184
2012,Tecpetrol,Bolsar,produccion,Millones de pesos corrientes,KTA,0.0
2012,Tecpetrol,Bolsar,produccion,Millones de pesos corrientes,activo,0.0
2012,Tecpetrol,Bolsar,produccion,Millones de pesos corrientes,activo_no_corr,0.0
2012,Tecpetrol,Bolsar,produccion,Millones de pesos corrientes,gcia_ant,0.0
2012,Tecpetrol,Bolsar,produccion,Millones de pesos corrientes,gcia_desp,0.0
2012,Tecpetrol,Bolsar,produccion,Millones de pesos corrientes,inventarios,0.0
2012,Tecpetrol,Bolsar,produccion,Millones de pesos corrientes,ppye,0.0
2012,Tecpetrol,Bolsar,produccion,Millones de pesos corrientes,ppye_neta,0.0
2012,Tecpetrol,Bolsar,produccion,Millones de pesos corrientes,tg_ant,0.0
2012,Tecpetrol,Bolsar,produccion,Millones de pesos corrientes,tg_desp,0.0
2012,YPF,Bolsar,integrada,Millones de pesos corrientes,KTA,48126.0185012036
2012,YPF,Bolsar,integrada,Millones de pesos corrientes,activo,0.0
2012,YPF,Bolsar,integrada,Millones de pesos corrientes,activo_no_corr,61601.0
2012,YPF,Bolsar,integrada,Millones de pesos corrientes,gcia_ant,8565.0
2012,YPF,Bolsar,integrada,Millones de pesos corrientes,gcia_desp,3902.0
2012,YPF,Bolsar,integrada,Millones de pesos corrientes,inventarios,6922.0
2012,YPF,Bolsar,integrada,Millones de pesos corrientes,ppye,56971.0
2012,YPF,Bolsar,integrada,Millones de pesos corrientes,ppye_neta,40586.0
2012,YPF,Bolsar,integrada,Millones de pesos corrientes,tg_ant,0.17797025947172
2012,YPF,Bolsar,integrada,Millones de pesos corrientes,tg_desp,0.0810788035561765
2013,Camuzzi Gas Pampeana,Bolsar,distribucion,Millones de pesos corrientes,KTA,881.451054572006
2013,Camuzzi Gas Pampeana,Bolsar,distribucion,Millones de pesos corrientes,activo,1259.478735
2013,Camuzzi Gas Pampeana,Bolsar,distribucion,Millones de pesos corrientes,activo_no_corr,948.317085
2013,Camuzzi Gas Pampeana,Bolsar,distribucion,Millones de pesos corrientes,gcia_ant,23.621654
2013,Camuzzi Gas Pampeana,Bolsar,distribucion,Millones de pesos corrientes,gcia_desp,15.348844
2013,Camuzzi Gas Pampeana,Bolsar,distribucion,Millones de pesos corrientes,inventarios,6.66248
2013,Camuzzi Gas Pampeana,Bolsar,distribucion,Millones de pesos corrientes,ppye,926.191814
2013,Camuzzi Gas Pampeana,Bolsar,distribucion,Millones de pesos corrientes,ppye_neta,872.273689
2013,Camuzzi Gas Pampeana,Bolsar,distribucion,Millones de pesos corrientes,tg_ant,0.0267985997378716
2013,Camuzzi Gas Pampeana,Bolsar,distribucion,Millones de pesos corrientes,tg_desp,0.0174642073659718
2013,Metrogas,Bolsar,distribucion,Millones de pesos corrientes,KTA,1756.673
2013,Metrogas,Bolsar,distribucion,Millones de pesos corrientes,activo,0.0
2013,Metrogas,Bolsar,distribucion,Millones de pesos corrientes,activo_no_corr,1860.591
2013,Metrogas,Bolsar,distribucion,Millones de pesos corrientes,gcia_ant,478.74
2013,Metrogas,Bolsar,distribucion,Millones de pesos corrientes,gcia_desp,256.83
2013,Metrogas,Bolsar,distribucion,Millones de pesos corrientes,inventarios,0.0
2013,Metrogas,Bolsar,distribucion,Millones de pesos corrientes,ppye,1849.603
2013,Metrogas,Bolsar,distribucion,Millones de pesos corrientes,ppye_neta,1756.673
2013,Metrogas,Bolsar,distribucion,Millones de pesos corrientes,tg_ant,0.272526531688026
2013,Metrogas,Bolsar,distribucion,Millones de pesos corrientes,tg_desp,0.272526531688026
2013,PAE,Bolsar,produccion,Millones de pesos corrientes,KTA,105434.297967956
2013,PAE,Bolsar,produccion,Millones de pesos corrientes,activo,0.0
2013,PAE,Bolsar,produccion,Millones de pesos corrientes,activo_no_corr,43385.0
2013,PAE,Bolsar,produccion,Millones de pesos corrientes,gcia_ant,5615.0
2013,PAE,Bolsar,produccion,Millones de pesos corrientes,gcia_desp,2486.0
2013,PAE,Bolsar,produccion,Millones de pesos corrientes,inventarios,677.0
2013,PAE,Bolsar,produccion,Millones de pesos corrientes,ppye,113086.0
2013,PAE,Bolsar,produccion,Millones de pesos corrientes,ppye_neta,104686.0
2013,PAE,Bolsar,produccion,Millones de pesos corrientes,tg_ant,0.0532559148988361
2013,PAE,Bolsar,produccion,Millones de pesos corrientes,tg_desp,0.0532559148988361
2013,Petrobras,Bolsar,integrada,Millones de pesos corrientes,KTA,9716.63676731794
2013,Petrobras,Bolsar,integrada,Millones de pesos corrientes,activo,20862.0
2013,Petrobras,Bolsar,integrada,Millones de pesos corrientes,activo_no_corr,14266.0
2013,Petrobras,Bolsar,integrada,Millones de pesos corrientes,gcia_ant,1404.0
2013,Petrobras,Bolsar,integrada,Millones de pesos corrientes,gcia_desp,852.0
2013,Petrobras,Bolsar,integrada,Millones de pesos corrientes,inventarios,1310.0
2013,Petrobras,Bolsar,integrada,Millones de pesos corrientes,ppye,9524.0
2013,Petrobras,Bolsar,integrada,Millones de pesos corrientes,ppye_neta,8259.0
2013,Petrobras,Bolsar,integrada,Millones de pesos corrientes,tg_ant,0.144494441196194
2013,Petrobras,Bolsar,integrada,Millones de pesos corrientes,tg_desp,0.0876846608968358
2013,TGN,Bolsar,transporte,Millones de pesos corrientes,KTA,1725.171
2013,TGN,Bolsar,transporte,Millones de pesos corrientes,activo,0.0
2013,TGN,Bolsar,transporte,Millones de pesos corrientes,activo_no_corr,2328.952
2013,TGN,Bolsar,transporte,Millones de pesos corrientes,gcia_ant,49.334
2013,TGN,Bolsar,transporte,Millones de pesos corrientes,gcia_desp,28.876
2013,TGN,Bolsar,transporte,Millones de pesos corrientes,inventarios,0.0
2013,TGN,Bolsar,transporte,Millones de pesos corrientes,ppye,1794.381
2013,TGN,Bolsar,transporte,Millones de pesos corrientes,ppye_neta,1725.171
2013,TGN,Bolsar,transporte,Millones de pesos corrientes,tg_ant,0.0285965854979014
2013,TGN,Bolsar,transporte,Millones de pesos corrientes,tg_desp,0.0285965854979014
2013,TGS,Bolsar,transporte,Millones de pesos corrientes,KTA,3830.474
2013,TGS,Bolsar,transporte,Millones de pesos corrientes,activo,0.0
2013,TGS,Bolsar,transporte,Millones de pesos corrientes,activo_no_corr,4269.847
2013,TGS,Bolsar,transporte,Millones de pesos corrientes,gcia_ant,173.387
2013,TGS,Bolsar,transporte,Millones de pesos corrientes,gcia_desp,107.506
2013,TGS,Bolsar,transporte,Millones de pesos corrientes,inventarios,0.0
2013,TGS,Bolsar,transporte,Millones de pesos corrientes,ppye,3966.908
2013,TGS,Bolsar,transporte,Millones de pesos corrientes,ppye_neta,3830.474
2013,TGS,Bolsar,transporte,Millones de pesos corrientes,tg_ant,0.0452651551740072
2013,TGS,Bolsar,transporte,Millones de pesos corrientes,tg_desp,0.0452651551740072
2013,Tecpetrol,Bolsar,produccion,Millones de pesos corrientes,KTA,0.0
2013,Tecpetrol,Bolsar,produccion,Millones de pesos corrientes,activo,0.0
2013,Tecpetrol,Bolsar,produccion,Millones de pesos corrientes,activo_no_corr,0.0
2013,Tecpetrol,Bolsar,produccion,Millones de pesos corrientes,gcia_ant,0.0
2013,Tecpetrol,Bolsar,produccion,Millones de pesos corrientes,gcia_desp,0.0
2013,Tecpetrol,Bolsar,produccion,Millones de pesos corrientes,inventarios,0.0
2013,Tecpetrol,Bolsar,produccion,Millones de pesos corrientes,ppye,0.0
2013,Tecpetrol,Bolsar,produccion,Millones de pesos corrientes,ppye_neta,0.0
2013,Tecpetrol,Bolsar,produccion,Millones de pesos corrientes,tg_ant,0.0
2013,Tecpetrol,Bolsar,produccion,Millones de pesos corrientes,tg_desp,0.0
2013,YPF,Bolsar,integrada,Millones de pesos corrientes,KTA,77392.6417599201
2013,YPF,Bolsar,integrada,Millones de pesos corrientes,activo,0.0
2013,YPF,Bolsar,integrada,Millones de pesos corrientes,activo_no_corr,101081.0
2013,YPF,Bolsar,integrada,Millones de pesos corrientes,gcia_ant,14348.0
2013,YPF,Bolsar,integrada,Millones de pesos corrientes,gcia_desp,5079.0
2013,YPF,Bolsar,integrada,Millones de pesos corrientes,inventarios,9881.0
2013,YPF,Bolsar,integrada,Millones de pesos corrientes,ppye,90620.0
2013,YPF,Bolsar,integrada,Millones de pesos corrientes,ppye_neta,66973.0
2013,YPF,Bolsar,integrada,Millones de pesos corrientes,tg_ant,0.185392301822555
2013,YPF,Bolsar,integrada,Millones de pesos corrientes,tg_desp,0.0656263939891802
2014,Camuzzi Gas Pampeana,Bolsar,distribucion,Millones de pesos corrientes,KTA,854.323929464844
2014,Camuzzi Gas Pampeana,Bolsar,distribucion,Millones de pesos corrientes,activo,1369.587956
2014,Camuzzi Gas Pampeana,Bolsar,distribucion,Millones de pesos corrientes,activo_no_corr,1041.861547
2014,Camuzzi Gas Pampeana,Bolsar,distribucion,Millones de pesos corrientes,gcia_ant,-132.188367
2014,Camuzzi Gas Pampeana,Bolsar,distribucion,Millones de pesos corrientes,gcia_desp,-87.507748
2014,Camuzzi Gas Pampeana,Bolsar,distribucion,Millones de pesos corrientes,inventarios,3.527459
2014,Camuzzi Gas Pampeana,Bolsar,distribucion,Millones de pesos corrientes,ppye,1009.601205
2014,Camuzzi Gas Pampeana,Bolsar,distribucion,Millones de pesos corrientes,ppye_neta,849.66625
2014,Camuzzi Gas Pampeana,Bolsar,distribucion,Millones de pesos corrientes,tg_ant,-0.154728625104536
2014,Camuzzi Gas Pampeana,Bolsar,distribucion,Millones de pesos corrientes,tg_desp,-0.10242923671214
2014,Metrogas,Bolsar,distribucion,Millones de pesos corrientes,KTA,1821.614
2014,Metrogas,Bolsar,distribucion,Millones de pesos corrientes,activo,0.0
2014,Metrogas,Bolsar,distribucion,Millones de pesos corrientes,activo_no_corr,1968.68
2014,Metrogas,Bolsar,distribucion,Millones de pesos corrientes,gcia_ant,-605.358
2014,Metrogas,Bolsar,distribucion,Millones de pesos corrientes,gcia_desp,-631.179
2014,Metrogas,Bolsar,distribucion,Millones de pesos corrientes,inventarios,0.0
2014,Metrogas,Bolsar,distribucion,Millones de pesos corrientes,ppye,1950.718
2014,Metrogas,Bolsar,distribucion,Millones de pesos corrientes,ppye_neta,1821.614
2014,Metrogas,Bolsar,distribucion,Millones de pesos corrientes,tg_ant,-0.332319580328214
2014,Metrogas,Bolsar,distribucion,Millones de pesos corrientes,tg_desp,-0.332319580328214
2014,PAE,Bolsar,produccion,Millones de pesos corrientes,KTA,131044.326839827
2014,PAE,Bolsar,produccion,Millones de pesos corrientes,activo,0.0
2014,PAE,Bolsar,produccion,Millones de pesos corrientes,activo_no_corr,66376.0
2014,PAE,Bolsar,produccion,Millones de pesos corrientes,gcia_ant,8107.0
2014,PAE,Bolsar,produccion,Millones de pesos corrientes,gcia_desp,3921.0
2014,PAE,Bolsar,produccion,Millones de pesos corrientes,inventarios,920.0
2014,PAE,Bolsar,produccion,Millones de pesos corrientes,ppye,139149.0
2014,PAE,Bolsar,produccion,Millones de pesos corrientes,ppye_neta,130027.0
2014,PAE,Bolsar,produccion,Millones de pesos corrientes,tg_ant,0.0618645628964087
2014,PAE,Bolsar,produccion,Millones de pesos corrientes,tg_desp,0.0618645628964087
2014,Petrobras,Bolsar,integrada,Millones de pesos corrientes,KTA,12257.54478951
2014,Petrobras,Bolsar,integrada,Millones de pesos corrientes,activo,24432.0
2014,Petrobras,Bolsar,integrada,Millones de pesos corrientes,activo_no_corr,15549.0
2014,Petrobras,Bolsar,integrada,Millones de pesos corrientes,gcia_ant,1320.0
2014,Petrobras,Bolsar,integrada,Millones de pesos corrientes,gcia_desp,578.0
2014,Petrobras,Bolsar,integrada,Millones de pesos corrientes,inventarios,1951.0
2014,Petrobras,Bolsar,integrada,Millones de pesos corrientes,ppye,11589.0
2014,Petrobras,Bolsar,integrada,Millones de pesos corrientes,ppye_neta,10100.0
2014,Petrobras,Bolsar,integrada,Millones de pesos corrientes,tg_ant,0.107688776395878
2014,Petrobras,Bolsar,integrada,Millones de pesos corrientes,tg_desp,0.0471546308763768
2014,TGN,Bolsar,transporte,Millones de pesos corrientes,KTA,1664.74
2014,TGN,Bolsar,transporte,Millones de pesos corrientes,activo,0.0
2014,TGN,Bolsar,transporte,Millones de pesos corrientes,activo_no_corr,2534.704
2014,TGN,Bolsar,transporte,Millones de pesos corrientes,gcia_ant,-388.53
2014,TGN,Bolsar,transporte,Millones de pesos corrientes,gcia_desp,-256.625
2014,TGN,Bolsar,transporte,Millones de pesos corrientes,inventarios,0.0
2014,TGN,Bolsar,transporte,Millones de pesos corrientes,ppye,1776.447
2014,TGN,Bolsar,transporte,Millones de pesos corrientes,ppye_neta,1664.74
2014,TGN,Bolsar,transporte,Millones de pesos corrientes,tg_ant,-0.233387796292514
2014,TGN,Bolsar,transporte,Millones de pesos corrientes,tg_desp,-0.233387796292514
2014,TGS,Bolsar,transporte,Millones de pesos corrientes,KTA,3748.51
2014,TGS,Bolsar,transporte,Millones de pesos corrientes,activo,0.0
2014,TGS,Bolsar,transporte,Millones de pesos corrientes,activo_no_corr,4215.457
2014,TGS,Bolsar,transporte,Millones de pesos corrientes,gcia_ant,169.754
2014,TGS,Bolsar,transporte,Millones de pesos corrientes,gcia_desp,104.988
2014,TGS,Bolsar,transporte,Millones de pesos corrientes,inventarios,0.0
2014,TGS,Bolsar,transporte,Millones de pesos corrientes,ppye,4082.071
2014,TGS,Bolsar,transporte,Millones de pesos corrientes,ppye_neta,3748.51
2014,TGS,Bolsar,transporte,Millones de pesos corrientes,tg_ant,0.0452857268621399
2014,TGS,Bolsar,transporte,Millones de pesos corrientes,tg_desp,0.0452857268621399
2014,Tecpetrol,Bolsar,produccion,Millones de pesos corrientes,KTA,0.0
2014,Tecpetrol,Bolsar,produccion,Millones de pesos corrientes,activo,0.0
2014,Tecpetrol,Bolsar,produccion,Millones de pesos corrientes,activo_no_corr,0.0
2014,Tecpetrol,Bolsar,produccion,Millones de pesos corrientes,gcia_ant,0.0
2014,Tecpetrol,Bolsar,produccion,Millones de pesos corrientes,gcia_desp,0.0
2014,Tecpetrol,Bolsar,produccion,Millones de pesos corrientes,inventarios,0.0
2014,Tecpetrol,Bolsar,produccion,Millones de pesos corrientes,ppye,0.0
2014,Tecpetrol,Bolsar,produccion,Millones de pesos corrientes,ppye_neta,0.0
2014,Tecpetrol,Bolsar,produccion,Millones de pesos corrientes,tg_ant,0.0
2014,Tecpetrol,Bolsar,produccion,Millones de pesos corrientes,tg_desp,0.0
2014,YPF,Bolsar,integrada,Millones de pesos corrientes,KTA,110827.045467596
2014,YPF,Bolsar,integrada,Millones de pesos corrientes,activo,0.0
2014,YPF,Bolsar,integrada,Millones de pesos corrientes,activo_no_corr,166454.0
2014,YPF,Bolsar,integrada,Millones de pesos corrientes,gcia_ant,22072.0
2014,YPF,Bolsar,integrada,Millones de pesos corrientes,gcia_desp,8849.0
2014,YPF,Bolsar,integrada,Millones de pesos corrientes,inventarios,13001.0
2014,YPF,Bolsar,integrada,Millones de pesos corrientes,ppye,147119.0
2014,YPF,Bolsar,integrada,Millones de pesos corrientes,ppye_neta,97218.0
2014,YPF,Bolsar,integrada,Millones de pesos corrientes,tg_ant,0.199157163369961
2014,YPF,Bolsar,integrada,Millones de pesos corrientes,tg_desp,0.0798451313275092
2015,Camuzzi Gas Pampeana,Bolsar,distribucion,Millones de pesos corrientes,KTA,940.545936584436
2015,Camuzzi Gas Pampeana,Bolsar,distribucion,Millones de pesos corrientes,activo,1860.839164
2015,Camuzzi Gas Pampeana,Bolsar,distribucion,Millones de pesos corrientes,activo_no_corr,1110.035266
2015,Camuzzi Gas Pampeana,Bolsar,distribucion,Millones de pesos corrientes,gcia_ant,144.497594
2015,Camuzzi Gas Pampeana,Bolsar,distribucion,Millones de pesos corrientes,gcia_desp,90.806635
2015,Camuzzi Gas Pampeana,Bolsar,distribucion,Millones de pesos corrientes,inventarios,12.044317
2015,Camuzzi Gas Pampeana,Bolsar,distribucion,Millones de pesos corrientes,ppye,1076.467311
2015,Camuzzi Gas Pampeana,Bolsar,distribucion,Millones de pesos corrientes,ppye_neta,924.461603
2015,Camuzzi Gas Pampeana,Bolsar,distribucion,Millones de pesos corrientes,tg_ant,0.153631617956629
2015,Camuzzi Gas Pampeana,Bolsar,distribucion,Millones de pesos corrientes,tg_desp,0.0965467304337751
2015,Metrogas,Bolsar,distribucion,Millones de pesos corrientes,KTA,1960.781
2015,Metrogas,Bolsar,distribucion,Millones de pesos corrientes,activo,0.0
2015,Metrogas,Bolsar,distribucion,Millones de pesos corrientes,activo_no_corr,2167.859
2015,Metrogas,Bolsar,distribucion,Millones de pesos corrientes,gcia_ant,-478.832
2015,Metrogas,Bolsar,distribucion,Millones de pesos corrientes,gcia_desp,-560.708
2015,Metrogas,Bolsar,distribucion,Millones de pesos corrientes,inventarios,0.0
2015,Metrogas,Bolsar,distribucion,Millones de pesos corrientes,ppye,2076.672
2015,Metrogas,Bolsar,distribucion,Millones de pesos corrientes,ppye_neta,1960.781
2015,Metrogas,Bolsar,distribucion,Millones de pesos corrientes,tg_ant,-0.244204732705998
2015,Metrogas,Bolsar,distribucion,Millones de pesos corrientes,tg_desp,-0.244204732705998
2015,PAE,Bolsar,produccion,Millones de pesos corrientes,KTA,157503.0
2015,PAE,Bolsar,produccion,Millones de pesos corrientes,activo,0.0
2015,PAE,Bolsar,produccion,Millones de pesos corrientes,activo_no_corr,112942.0
2015,PAE,Bolsar,produccion,Millones de pesos corrientes,gcia_ant,8631.0
2015,PAE,Bolsar,produccion,Millones de pesos corrientes,gcia_desp,1986.0
2015,PAE,Bolsar,produccion,Millones de pesos corrientes,inventarios,0.0
2015,PAE,Bolsar,produccion,Millones de pesos corrientes,ppye,174050.0
2015,PAE,Bolsar,produccion,Millones de pesos corrientes,ppye_neta,157503.0
2015,PAE,Bolsar,produccion,Millones de pesos corrientes,tg_ant,0.0547989562103579
2015,PAE,Bolsar,produccion,Millones de pesos corrientes,tg_desp,0.0547989562103579
2015,Petrobras,Bolsar,integrada,Millones de pesos corrientes,KTA,15004.2252796708
2015,Petrobras,Bolsar,integrada,Millones de pesos corrientes,activo,29097.0
2015,Petrobras,Bolsar,integrada,Millones de pesos corrientes,activo_no_corr,18354.0
2015,Petrobras,Bolsar,integrada,Millones de pesos corrientes,gcia_ant,1866.0
2015,Petrobras,Bolsar,integrada,Millones de pesos corrientes,gcia_desp,895.0
2015,Petrobras,Bolsar,integrada,Millones de pesos corrientes,inventarios,2130.0
2015,Petrobras,Bolsar,integrada,Millones de pesos corrientes,ppye,14174.0
2015,Petrobras,Bolsar,integrada,Millones de pesos corrientes,ppye_neta,12595.0
2015,Petrobras,Bolsar,integrada,Millones de pesos corrientes,tg_ant,0.124364968215203
2015,Petrobras,Bolsar,integrada,Millones de pesos corrientes,tg_desp,0.059649864176102
2015,TGN,Bolsar,transporte,Millones de pesos corrientes,KTA,1672.356
2015,TGN,Bolsar,transporte,Millones de pesos corrientes,activo,0.0
2015,TGN,Bolsar,transporte,Millones de pesos corrientes,activo_no_corr,3130.333
2015,TGN,Bolsar,transporte,Millones de pesos corrientes,gcia_ant,-795.022
2015,TGN,Bolsar,transporte,Millones de pesos corrientes,gcia_desp,-517.663
2015,TGN,Bolsar,transporte,Millones de pesos corrientes,inventarios,0.0
2015,TGN,Bolsar,transporte,Millones de pesos corrientes,ppye,1844.199
2015,TGN,Bolsar,transporte,Millones de pesos corrientes,ppye_neta,1672.356
2015,TGN,Bolsar,transporte,Millones de pesos corrientes,tg_ant,-0.475390407305622
2015,TGN,Bolsar,transporte,Millones de pesos corrientes,tg_desp,-0.475390407305622
2015,TGS,Bolsar,transporte,Millones de pesos corrientes,KTA,3746.053
2015,TGS,Bolsar,transporte,Millones de pesos corrientes,activo,0.0
2015,TGS,Bolsar,transporte,Millones de pesos corrientes,activo_no_corr,4440.613
2015,TGS,Bolsar,transporte,Millones de pesos corrientes,gcia_ant,-293.179
2015,TGS,Bolsar,transporte,Millones de pesos corrientes,gcia_desp,-172.109
2015,TGS,Bolsar,transporte,Millones de pesos corrientes,inventarios,0.0
2015,TGS,Bolsar,transporte,Millones de pesos corrientes,ppye,4219.52
2015,TGS,Bolsar,transporte,Millones de pesos corrientes,ppye_neta,3746.053
2015,TGS,Bolsar,transporte,Millones de pesos corrientes,tg_ant,-0.078263441547677
2015,TGS,Bolsar,transporte,Millones de pesos corrientes,tg_desp,-0.078263441547677
2015,Tecpetrol,Bolsar,produccion,Millones de pesos corrientes,KTA,2839.96608169879
2015,Tecpetrol,Bolsar,produccion,Millones de pesos corrientes,activo,0.0
2015,Tecpetrol,Bolsar,produccion,Millones de pesos corrientes,activo_no_corr,3629.555
2015,Tecpetrol,Bolsar,produccion,Millones de pesos corrientes,gcia_ant,-432.013
2015,Tecpetrol,Bolsar,produccion,Millones de pesos corrientes,gcia_desp,-192.56
2015,Tecpetrol,Bolsar,produccion,Millones de pesos corrientes,inventarios,156.829
2015,Tecpetrol,Bolsar,produccion,Millones de pesos corrientes,ppye,2981.592
2015,Tecpetrol,Bolsar,produccion,Millones de pesos corrientes,ppye_neta,2645.227
2015,Tecpetrol,Bolsar,produccion,Millones de pesos corrientes,tg_ant,-0.152119070288889
2015,Tecpetrol,Bolsar,produccion,Millones de pesos corrientes,tg_desp,-0.0678039788013297
2015,YPF,Bolsar,integrada,Millones de pesos corrientes,KTA,210330.142734049
2015,YPF,Bolsar,integrada,Millones de pesos corrientes,activo,0.0
2015,YPF,Bolsar,integrada,Millones de pesos corrientes,activo_no_corr,286480.0
2015,YPF,Bolsar,integrada,Millones de pesos corrientes,gcia_ant,29063.0
2015,YPF,Bolsar,integrada,Millones de pesos corrientes,gcia_desp,4426.0
2015,YPF,Bolsar,integrada,Millones de pesos corrientes,inventarios,19258.0
2015,YPF,Bolsar,integrada,Millones de pesos corrientes,ppye,274122.0
2015,YPF,Bolsar,integrada,Millones de pesos corrientes,ppye_neta,189290.0
2015,YPF,Bolsar,integrada,Millones de pesos corrientes,tg_ant,0.13817800730896
2015,YPF,Bolsar,integrada,Millones de pesos corrientes,tg_desp,0.0210431084316642
2016,Camuzzi Gas Pampeana,Bolsar,distribucion,Millones de pesos corrientes,KTA,1026.31146887164
2016,Camuzzi Gas Pampeana,Bolsar,distribucion,Millones de pesos corrientes,activo,3353.226916
2016,Camuzzi Gas Pampeana,Bolsar,distribucion,Millones de pesos corrientes,activo_no_corr,1340.187352
2016,Camuzzi Gas Pampeana,Bolsar,distribucion,Millones de pesos corrientes,gcia_ant,-318.723525
2016,Camuzzi Gas Pampeana,Bolsar,distribucion,Millones de pesos corrientes,gcia_desp,-207.284306
2016,Camuzzi Gas Pampeana,Bolsar,distribucion,Millones de pesos corrientes,inventarios,19.871963
2016,Camuzzi Gas Pampeana,Bolsar,distribucion,Millones de pesos corrientes,ppye,1205.783312
2016,Camuzzi Gas Pampeana,Bolsar,distribucion,Millones de pesos corrientes,ppye_neta,1001.845343
2016,Camuzzi Gas Pampeana,Bolsar,distribucion,Millones de pesos corrientes,tg_ant,-0.310552434292112
2016,Camuzzi Gas Pampeana,Bolsar,distribucion,Millones de pesos corrientes,tg_desp,-0.201970174052421
2016,Metrogas,Bolsar,distribucion,Millones de pesos corrientes,KTA,2082.051
2016,Metrogas,Bolsar,distribucion,Millones de pesos corrientes,activo,0.0
2016,Metrogas,Bolsar,distribucion,Millones de pesos corrientes,activo_no_corr,2572.063
2016,Metrogas,Bolsar,distribucion,Millones de pesos corrientes,gcia_ant,-670.935
2016,Metrogas,Bolsar,distribucion,Millones de pesos corrientes,gcia_desp,-604.408
2016,Metrogas,Bolsar,distribucion,Millones de pesos corrientes,inventarios,0.0
2016,Metrogas,Bolsar,distribucion,Millones de pesos corrientes,ppye,2436.979
2016,Metrogas,Bolsar,distribucion,Millones de pesos corrientes,ppye_neta,2082.051
2016,Metrogas,Bolsar,distribucion,Millones de pesos corrientes,tg_ant,-0.322247149565501
2016,Metrogas,Bolsar,distribucion,Millones de pesos corrientes,tg_desp,-0.322247149565501
2016,PAE,Bolsar,produccion,Millones de pesos corrientes,KTA,345790.0
2016,PAE,Bolsar,produccion,Millones de pesos corrientes,activo,0.0
2016,PAE,Bolsar,produccion,Millones de pesos corrientes,activo_no_corr,136845.0
2016,PAE,Bolsar,produccion,Millones de pesos corrientes,gcia_ant,11960.0
2016,PAE,Bolsar,produccion,Millones de pesos corrientes,gcia_desp,5876.0
2016,PAE,Bolsar,produccion,Millones de pesos corrientes,inventarios,0.0
2016,PAE,Bolsar,produccion,Millones de pesos corrientes,ppye,425349.0
2016,PAE,Bolsar,produccion,Millones de pesos corrientes,ppye_neta,345790.0
2016,PAE,Bolsar,produccion,Millones de pesos corrientes,tg_ant,0.0345874663813297
2016,PAE,Bolsar,produccion,Millones de pesos corrientes,tg_desp,0.0345874663813297
2016,Petrobras,Bolsar,integrada,Millones de pesos corrientes,KTA,15349.5388747146
2016,Petrobras,Bolsar,integrada,Millones de pesos corrientes,activo,36195.0
2016,Petrobras,Bolsar,integrada,Millones de pesos corrientes,activo_no_corr,19331.0
2016,Petrobras,Bolsar,integrada,Millones de pesos corrientes,gcia_ant,2305.0
2016,Petrobras,Bolsar,integrada,Millones de pesos corrientes,gcia_desp,823.0
2016,Petrobras,Bolsar,integrada,Millones de pesos corrientes,inventarios,2881.0
2016,Petrobras,Bolsar,integrada,Millones de pesos corrientes,ppye,13219.0
2016,Petrobras,Bolsar,integrada,Millones de pesos corrientes,ppye_neta,12072.0
2016,Petrobras,Bolsar,integrada,Millones de pesos corrientes,tg_ant,0.150167377587937
2016,Petrobras,Bolsar,integrada,Millones de pesos corrientes,tg_desp,0.0536172458806389
2016,TGN,Bolsar,transporte,Millones de pesos corrientes,KTA,1789.415
2016,TGN,Bolsar,transporte,Millones de pesos corrientes,activo,0.0
2016,TGN,Bolsar,transporte,Millones de pesos corrientes,activo_no_corr,3704.053
2016,TGN,Bolsar,transporte,Millones de pesos corrientes,gcia_ant,-400.949
2016,TGN,Bolsar,transporte,Millones de pesos corrientes,gcia_desp,-258.826
2016,TGN,Bolsar,transporte,Millones de pesos corrientes,inventarios,0.0
2016,TGN,Bolsar,transporte,Millones de pesos corrientes,ppye,2009.912
2016,TGN,Bolsar,transporte,Millones de pesos corrientes,ppye_neta,1789.415
2016,TGN,Bolsar,transporte,Millones de pesos corrientes,tg_ant,-0.224067083376411
2016,TGN,Bolsar,transporte,Millones de pesos corrientes,tg_desp,-0.224067083376411
2016,TGS,Bolsar,transporte,Millones de pesos corrientes,KTA,4518.339
2016,TGS,Bolsar,transporte,Millones de pesos corrientes,activo,0.0
2016,TGS,Bolsar,transporte,Millones de pesos corrientes,activo_no_corr,5584.261
2016,TGS,Bolsar,transporte,Millones de pesos corrientes,gcia_ant,1419.982
2016,TGS,Bolsar,transporte,Millones de pesos corrientes,gcia_desp,930.678
2016,TGS,Bolsar,transporte,Millones de pesos corrientes,inventarios,0.0
2016,TGS,Bolsar,transporte,Millones de pesos corrientes,ppye,5333.344
2016,TGS,Bolsar,transporte,Millones de pesos corrientes,ppye_neta,4518.339
2016,TGS,Bolsar,transporte,Millones de pesos corrientes,tg_ant,0.314270797299627
2016,TGS,Bolsar,transporte,Millones de pesos corrientes,tg_desp,0.314270797299627
2016,Tecpetrol,Bolsar,produccion,Millones de pesos corrientes,KTA,3975.11559779151
2016,Tecpetrol,Bolsar,produccion,Millones de pesos corrientes,activo,0.0
2016,Tecpetrol,Bolsar,produccion,Millones de pesos corrientes,activo_no_corr,5185.974
2016,Tecpetrol,Bolsar,produccion,Millones de pesos corrientes,gcia_ant,-774.213
2016,Tecpetrol,Bolsar,produccion,Millones de pesos corrientes,gcia_desp,-550.456
2016,Tecpetrol,Bolsar,produccion,Millones de pesos corrientes,inventarios,233.028
2016,Tecpetrol,Bolsar,produccion,Millones de pesos corrientes,ppye,4636.289
2016,Tecpetrol,Bolsar,produccion,Millones de pesos corrientes,ppye_neta,3680.965
2016,Tecpetrol,Bolsar,produccion,Millones de pesos corrientes,tg_ant,-0.194764902039613
2016,Tecpetrol,Bolsar,produccion,Millones de pesos corrientes,tg_desp,-0.138475721386775
2016,YPF,Bolsar,integrada,Millones de pesos corrientes,KTA,305712.046180571
2016,YPF,Bolsar,integrada,Millones de pesos corrientes,activo,0.0
2016,YPF,Bolsar,integrada,Millones de pesos corrientes,activo_no_corr,333913.0
2016,YPF,Bolsar,integrada,Millones de pesos corrientes,gcia_ant,-29804.0
2016,YPF,Bolsar,integrada,Millones de pesos corrientes,gcia_desp,-28379.0
2016,YPF,Bolsar,integrada,Millones de pesos corrientes,inventarios,21820.0
2016,YPF,Bolsar,integrada,Millones de pesos corrientes,ppye,345679.0
2016,YPF,Bolsar,integrada,Millones de pesos corrientes,ppye_neta,282074.0
2016,YPF,Bolsar,integrada,Millones de pesos corrientes,tg_ant,-0.0974904337999034
2016,YPF,Bolsar,integrada,Millones de pesos corrientes,tg_desp,-0.0928291847002906
2017,Camuzzi Gas Pampeana,Bolsar,distribucion,Millones de pesos corrientes,KTA,1176.27985028462
2017,Camuzzi Gas Pampeana,Bolsar,distribucion,Millones de pesos corrientes,activo,5424.705324
2017,Camuzzi Gas Pampeana,Bolsar,distribucion,Millones de pesos corrientes,activo_no_corr,1416.1259
2017,Camuzzi Gas Pampeana,Bolsar,distribucion,Millones de pesos corrientes,gcia_ant,1233.826815
2017,Camuzzi Gas Pampeana,Bolsar,distribucion,Millones de pesos corrientes,gcia_desp,824.956285
2017,Camuzzi Gas Pampeana,Bolsar,distribucion,Millones de pesos corrientes,inventarios,43.732814
2017,Camuzzi Gas Pampeana,Bolsar,distribucion,Millones de pesos corrientes,ppye,1306.505948
2017,Camuzzi Gas Pampeana,Bolsar,distribucion,Millones de pesos corrientes,ppye_neta,1122.908938
2017,Camuzzi Gas Pampeana,Bolsar,distribucion,Millones de pesos corrientes,tg_ant,1.04892285173588
2017,Camuzzi Gas Pampeana,Bolsar,distribucion,Millones de pesos corrientes,tg_desp,0.701326546399983
2017,Metrogas,Bolsar,distribucion,Millones de pesos corrientes,KTA,15520.378
2017,Metrogas,Bolsar,distribucion,Millones de pesos corrientes,activo,0.0
2017,Metrogas,Bolsar,distribucion,Millones de pesos corrientes,activo_no_corr,15945.358
2017,Metrogas,Bolsar,distribucion,Millones de pesos corrientes,gcia_ant,69.168
2017,Metrogas,Bolsar,distribucion,Millones de pesos corrientes,gcia_desp,774.827
2017,Metrogas,Bolsar,distribucion,Millones de pesos corrientes,inventarios,0.0
2017,Metrogas,Bolsar,distribucion,Millones de pesos corrientes,ppye,15691.974
2017,Metrogas,Bolsar,distribucion,Millones de pesos corrientes,ppye_neta,15520.378
2017,Metrogas,Bolsar,distribucion,Millones de pesos corrientes,tg_ant,0.0044565924876314
2017,Metrogas,Bolsar,distribucion,Millones de pesos corrientes,tg_desp,0.0044565924876314
2017,PAE,Bolsar,produccion,Millones de pesos corrientes,KTA,0.0
2017,PAE,Bolsar,produccion,Millones de pesos corrientes,activo,0.0
2017,PAE,Bolsar,produccion,Millones de pesos corrientes,activo_no_corr,163251.0
2017,PAE,Bolsar,produccion,Millones de pesos corrientes,gcia_ant,6072.0
2017,PAE,Bolsar,produccion,Millones de pesos corrientes,gcia_desp,9402.0
2017,PAE,Bolsar,produccion,Millones de pesos corrientes,inventarios,0.0
2017,PAE,Bolsar,produccion,Millones de pesos corrientes,ppye,0.0
2017,PAE,Bolsar,produccion,Millones de pesos corrientes,ppye_neta,0.0
2017,PAE,Bolsar,produccion,Millones de pesos corrientes,tg_ant,0.0
2017,PAE,Bolsar,produccion,Millones de pesos corrientes,tg_desp,0.0
2017,TGN,Bolsar,transporte,Millones de pesos corrientes,KTA,21004.277
2017,TGN,Bolsar,transporte,Millones de pesos corrientes,activo,0.0
2017,TGN,Bolsar,transporte,Millones de pesos corrientes,activo_no_corr,23422.379
2017,TGN,Bolsar,transporte,Millones de pesos corrientes,gcia_ant,1183.49
2017,TGN,Bolsar,transporte,Millones de pesos corrientes,gcia_desp,841.856
2017,TGN,Bolsar,transporte,Millones de pesos corrientes,inventarios,0.0
2017,TGN,Bolsar,transporte,Millones de pesos corrientes,ppye,21696.171
2017,TGN,Bolsar,transporte,Millones de pesos corrientes,ppye_neta,21004.277
2017,TGN,Bolsar,transporte,Millones de pesos corrientes,tg_ant,0.056345191029427
2017,TGN,Bolsar,transporte,Millones de pesos corrientes,tg_desp,0.056345191029427
2017,TGS,Bolsar,transporte,Millones de pesos corrientes,KTA,5274.823
2017,TGS,Bolsar,transporte,Millones de pesos corrientes,activo,0.0
2017,TGS,Bolsar,transporte,Millones de pesos corrientes,activo_no_corr,6513.588
2017,TGS,Bolsar,transporte,Millones de pesos corrientes,gcia_ant,4148.296
2017,TGS,Bolsar,transporte,Millones de pesos corrientes,gcia_desp,2793.266
2017,TGS,Bolsar,transporte,Millones de pesos corrientes,inventarios,0.0
2017,TGS,Bolsar,transporte,Millones de pesos corrientes,ppye,6480.361
2017,TGS,Bolsar,transporte,Millones de pesos corrientes,ppye_neta,5274.823
2017,TGS,Bolsar,transporte,Millones de pesos corrientes,tg_ant,0.78643321301966
2017,TGS,Bolsar,transporte,Millones de pesos corrientes,tg_desp,0.78643321301966
2017,Tecpetrol,Bolsar,produccion,Millones de pesos corrientes,KTA,5905.78910153609
2017,Tecpetrol,Bolsar,produccion,Millones de pesos corrientes,activo,0.0
2017,Tecpetrol,Bolsar,produccion,Millones de pesos corrientes,activo_no_corr,16193.566
2017,Tecpetrol,Bolsar,produccion,Millones de pesos corrientes,gcia_ant,-833.092
2017,Tecpetrol,Bolsar,produccion,Millones de pesos corrientes,gcia_desp,-786.94
2017,Tecpetrol,Bolsar,produccion,Millones de pesos corrientes,inventarios,255.961
2017,Tecpetrol,Bolsar,produccion,Millones de pesos corrientes,ppye,15376.138
2017,Tecpetrol,Bolsar,produccion,Millones de pesos corrientes,ppye_neta,5588.141
2017,Tecpetrol,Bolsar,produccion,Millones de pesos corrientes,tg_ant,-0.141063621757728
2017,Tecpetrol,Bolsar,produccion,Millones de pesos corrientes,tg_desp,-0.114886086911489
2017,YPF,Bolsar,integrada,Millones de pesos corrientes,KTA,339703.308693558
2017,YPF,Bolsar,integrada,Millones de pesos corrientes,activo,0.0
2017,YPF,Bolsar,integrada,Millones de pesos corrientes,activo_no_corr,383420.0
2017,YPF,Bolsar,integrada,Millones de pesos corrientes,gcia_ant,8703.0
2017,YPF,Bolsar,integrada,Millones de pesos corrientes,gcia_desp,12672.0
2017,YPF,Bolsar,integrada,Millones de pesos corrientes,inventarios,27291.0
2017,YPF,Bolsar,integrada,Millones de pesos corrientes,ppye,382630.0
2017,YPF,Bolsar,integrada,Millones de pesos corrientes,ppye_neta,310957.0
2017,YPF,Bolsar,integrada,Millones de pesos corrientes,tg_ant,0.0256194148754991
2017,YPF,Bolsar,integrada,Millones de pesos corrientes,tg_desp,0.0373031397566729
2018,Camuzzi Gas Pampeana,Bolsar,distribucion,Millones de pesos corrientes,KTA,7750.21717774528
2018,Camuzzi Gas Pampeana,Bolsar,distribucion,Millones de pesos corrientes,activo,19666.874804
2018,Camuzzi Gas Pampeana,Bolsar,distribucion,Millones de pesos corrientes,activo_no_corr,12556.380441
2018,Camuzzi Gas Pampeana,Bolsar,distribucion,Millones de pesos corrientes,gcia_ant,3884.08684
2018,Camuzzi Gas Pampeana,Bolsar,distribucion,Millones de pesos corrientes,gcia_desp,2818.297301
2018,Camuzzi Gas Pampeana,Bolsar,distribucion,Millones de pesos corrientes,inventarios,125.565652
2018,Camuzzi Gas Pampeana,Bolsar,distribucion,Millones de pesos corrientes,ppye,8530.657247
2018,Camuzzi Gas Pampeana,Bolsar,distribucion,Millones de pesos corrientes,ppye_neta,7609.487748
2018,Camuzzi Gas Pampeana,Bolsar,distribucion,Millones de pesos corrientes,tg_ant,0.501158451553221
2018,Camuzzi Gas Pampeana,Bolsar,distribucion,Millones de pesos corrientes,tg_desp,0.363641074355017
2018,Metrogas,Bolsar,distribucion,Millones de pesos corrientes,KTA,21321.429
2018,Metrogas,Bolsar,distribucion,Millones de pesos corrientes,activo,0.0
2018,Metrogas,Bolsar,distribucion,Millones de pesos corrientes,activo_no_corr,28233.94
2018,Metrogas,Bolsar,distribucion,Millones de pesos corrientes,gcia_ant,-46.612
2018,Metrogas,Bolsar,distribucion,Millones de pesos corrientes,gcia_desp,-0.66
2018,Metrogas,Bolsar,distribucion,Millones de pesos corrientes,inventarios,0.0
2018,Metrogas,Bolsar,distribucion,Millones de pesos corrientes,ppye,23855.254
2018,Metrogas,Bolsar,distribucion,Millones de pesos corrientes,ppye_neta,21321.429
2018,Metrogas,Bolsar,distribucion,Millones de pesos corrientes,tg_ant,-0.0021861574099934
2018,Metrogas,Bolsar,distribucion,Millones de pesos corrientes,tg_desp,-0.0021861574099934
2018,PAE,Bolsar,produccion,Millones de pesos corrientes,KTA,0.0
2018,PAE,Bolsar,produccion,Millones de pesos corrientes,activo,0.0
2018,PAE,Bolsar,produccion,Millones de pesos corrientes,activo_no_corr,407735.0
2018,PAE,Bolsar,produccion,Millones de pesos corrientes,gcia_ant,24456.0
2018,PAE,Bolsar,produccion,Millones de pesos corrientes,gcia_desp,10481.0
2018,PAE,Bolsar,produccion,Millones de pesos corrientes,inventarios,0.0
2018,PAE,Bolsar,produccion,Millones de pesos corrientes,ppye,0.0
2018,PAE,Bolsar,produccion,Millones de pesos corrientes,ppye_neta,0.0
2018,PAE,Bolsar,produccion,Millones de pesos corrientes,tg_ant,0.0
2018,PAE,Bolsar,produccion,Millones de pesos corrientes,tg_desp,0.0
2018,TGN,Bolsar,transporte,Millones de pesos corrientes,KTA,33094.378
2018,TGN,Bolsar,transporte,Millones de pesos corrientes,activo,0.0
2018,TGN,Bolsar,transporte,Millones de pesos corrientes,activo_no_corr,39327.977
2018,TGN,Bolsar,transporte,Millones de pesos corrientes,gcia_ant,-426.647
2018,TGN,Bolsar,transporte,Millones de pesos corrientes,gcia_desp,992.195
2018,TGN,Bolsar,transporte,Millones de pesos corrientes,inventarios,0.0
2018,TGN,Bolsar,transporte,Millones de pesos corrientes,ppye,35558.844
2018,TGN,Bolsar,transporte,Millones de pesos corrientes,ppye_neta,33094.378
2018,TGN,Bolsar,transporte,Millones de pesos corrientes,tg_ant,-0.0128918271254411
2018,TGN,Bolsar,transporte,Millones de pesos corrientes,tg_desp,-0.0128918271254411
2018,TGS,Bolsar,transporte,Millones de pesos corrientes,KTA,32586.828
2018,TGS,Bolsar,transporte,Millones de pesos corrientes,activo,0.0
2018,TGS,Bolsar,transporte,Millones de pesos corrientes,activo_no_corr,38779.711
2018,TGS,Bolsar,transporte,Millones de pesos corrientes,gcia_ant,11429.007
2018,TGS,Bolsar,transporte,Millones de pesos corrientes,gcia_desp,11415.863
2018,TGS,Bolsar,transporte,Millones de pesos corrientes,inventarios,0.0
2018,TGS,Bolsar,transporte,Millones de pesos corrientes,ppye,38685.519
2018,TGS,Bolsar,transporte,Millones de pesos corrientes,ppye_neta,32586.828
2018,TGS,Bolsar,transporte,Millones de pesos corrientes,tg_ant,0.350724746821016
2018,TGS,Bolsar,transporte,Millones de pesos corrientes,tg_desp,0.350724746821016
2018,Tecpetrol,Bolsar,produccion,Millones de pesos corrientes,KTA,54139.3036905869
2018,Tecpetrol,Bolsar,produccion,Millones de pesos corrientes,activo,0.0
2018,Tecpetrol,Bolsar,produccion,Millones de pesos corrientes,activo_no_corr,67583.445
2018,Tecpetrol,Bolsar,produccion,Millones de pesos corrientes,gcia_ant,1660.711
2018,Tecpetrol,Bolsar,produccion,Millones de pesos corrientes,gcia_desp,3792.088
2018,Tecpetrol,Bolsar,produccion,Millones de pesos corrientes,inventarios,847.572
2018,Tecpetrol,Bolsar,produccion,Millones de pesos corrientes,ppye,62487.893
2018,Tecpetrol,Bolsar,produccion,Millones de pesos corrientes,ppye_neta,53250.446
2018,Tecpetrol,Bolsar,produccion,Millones de pesos corrientes,tg_ant,0.030674775750556
2018,Tecpetrol,Bolsar,produccion,Millones de pesos corrientes,tg_desp,0.0690566879353869
2018,YPF,Bolsar,integrada,Millones de pesos corrientes,KTA,647094.392852574
2018,YPF,Bolsar,integrada,Millones de pesos corrientes,activo,0.0
2018,YPF,Bolsar,integrada,Millones de pesos corrientes,activo_no_corr,785601.0
2018,YPF,Bolsar,integrada,Millones de pesos corrientes,gcia_ant,90144.0
2018,YPF,Bolsar,integrada,Millones de pesos corrientes,gcia_desp,38606.0
2018,YPF,Bolsar,integrada,Millones de pesos corrientes,inventarios,53324.0
2018,YPF,Bolsar,integrada,Millones de pesos corrientes,ppye,740103.0
2018,YPF,Bolsar,integrada,Millones de pesos corrientes,ppye_neta,589789.0
2018,YPF,Bolsar,integrada,Millones de pesos corrientes,tg_ant,0.139305796798238
2018,YPF,Bolsar,integrada,Millones de pesos corrientes,tg_desp,0.0596605385959441
2021,Aconcagua,S&P Capital IQ,produccion,Millones de pesos corrientes,KTA,8718.492405000397
2021,Aconcagua,S&P Capital IQ,produccion,Millones de pesos corrientes,activo,9125.352546999526
2021,Aconcagua,S&P Capital IQ,produccion,Millones de pesos corrientes,gcia_ant,146.69320100041418
2021,Aconcagua,S&P Capital IQ,produccion,Millones de pesos corrientes,gcia_desp,-557.79992553371
2021,Aconcagua,S&P Capital IQ,produccion,Millones de pesos corrientes,inventarios,57.97691399980198
2021,Aconcagua,S&P Capital IQ,produccion,Millones de pesos corrientes,ppye,8988.1825520002
2021,Aconcagua,S&P Capital IQ,produccion,Millones de pesos corrientes,ppye_neta,7914.737270000265
2021,Aconcagua,S&P Capital IQ,produccion,Millones de pesos corrientes,tg_ant,0.016825523747234082
2021,Aconcagua,S&P Capital IQ,produccion,Millones de pesos corrientes,tg_desp,-0.06397894264538097
2022,Aconcagua,S&P Capital IQ,produccion,Millones de pesos corrientes,KTA,16823.294
2022,Aconcagua,S&P Capital IQ,produccion,Millones de pesos corrientes,activo,18826.066
2022,Aconcagua,S&P Capital IQ,produccion,Millones de pesos corrientes,gcia_ant,511.099
2022,Aconcagua,S&P Capital IQ,produccion,Millones de pesos corrientes,gcia_desp,259.612
2022,Aconcagua,S&P Capital IQ,produccion,Millones de pesos corrientes,inventarios,303.54600000000005
2022,Aconcagua,S&P Capital IQ,produccion,Millones de pesos corrientes,ppye,17337.876
2022,Aconcagua,S&P Capital IQ,produccion,Millones de pesos corrientes,ppye_neta,14534.962
2022,Aconcagua,S&P Capital IQ,produccion,Millones de pesos corrientes,tg_ant,0.030380435603158333
2022,Aconcagua,S&P Capital IQ,produccion,Millones de pesos corrientes,tg_desp,0.015431698453346888
2023,Aconcagua,S&P Capital IQ,produccion,Millones de pesos corrientes,KTA,280285.14300000004
2023,Aconcagua,S&P Capital IQ,produccion,Millones de pesos corrientes,activo,297896.336
2023,Aconcagua,S&P Capital IQ,produccion,Millones de pesos corrientes,gcia_ant,-5856.899218103955
2023,Aconcagua,S&P Capital IQ,produccion,Millones de pesos corrientes,gcia_desp,-10458.748603757062
2023,Aconcagua,S&P Capital IQ,produccion,Millones de pesos corrientes,inventarios,10066.096
2023,Aconcagua,S&P Capital IQ,produccion,Millones de pesos corrientes,ppye,314343.927
2023,Aconcagua,S&P Capital IQ,produccion,Millones de pesos corrientes,ppye_neta,263826.694
2023,Aconcagua,S&P Capital IQ,produccion,Millones de pesos corrientes,tg_ant,-0.020896217171610675
2023,Aconcagua,S&P Capital IQ,produccion,Millones de pesos corrientes,tg_desp,-0.03731467352073335
2024,Aconcagua,S&P Capital IQ,produccion,Millones de pesos corrientes,KTA,401726.1820000001
2024,Aconcagua,S&P Capital IQ,produccion,Millones de pesos corrientes,activo,442005.6260000001
2024,Aconcagua,S&P Capital IQ,produccion,Millones de pesos corrientes,gcia_ant,5377.037
2024,Aconcagua,S&P Capital IQ,produccion,Millones de pesos corrientes,gcia_desp,8659.356
2024,Aconcagua,S&P Capital IQ,produccion,Millones de pesos corrientes,inventarios,7027.003
2024,Aconcagua,S&P Capital IQ,produccion,Millones de pesos corrientes,ppye,473179.111
2024,Aconcagua,S&P Capital IQ,produccion,Millones de pesos corrientes,ppye_neta,373679.6290000001
2024,Aconcagua,S&P Capital IQ,produccion,Millones de pesos corrientes,tg_ant,0.013384830864720684
2024,Aconcagua,S&P Capital IQ,produccion,Millones de pesos corrientes,tg_desp,0.021555368776038596
2025,Aconcagua,S&P Capital IQ,produccion,Millones de pesos corrientes,KTA,394983.17100000003
2025,Aconcagua,S&P Capital IQ,produccion,Millones de pesos corrientes,activo,478384.679
2025,Aconcagua,S&P Capital IQ,produccion,Millones de pesos corrientes,gcia_ant,40465.75
2025,Aconcagua,S&P Capital IQ,produccion,Millones de pesos corrientes,gcia_desp,44634.985
2025,Aconcagua,S&P Capital IQ,produccion,Millones de pesos corrientes,inventarios,9485.351
2025,Aconcagua,S&P Capital IQ,produccion,Millones de pesos corrientes,ppye,529855.4550000001
2025,Aconcagua,S&P Capital IQ,produccion,Millones de pesos corrientes,ppye_neta,375589.693
2025,Aconcagua,S&P Capital IQ,produccion,Millones de pesos corrientes,tg_ant,0.10244930156783819
2025,Aconcagua,S&P Capital IQ,produccion,Millones de pesos corrientes,tg_desp,0.11300477660097573
1999,CGC,S&P Capital IQ,produccion,Millones de pesos corrientes,KTA,325.45300000000003
1999,CGC,S&P Capital IQ,produccion,Millones de pesos corrientes,activo,587.841
1999,CGC,S&P Capital IQ,produccion,Millones de pesos corrientes,gcia_ant,0.0
1999,CGC,S&P Capital IQ,produccion,Millones de pesos corrientes,gcia_desp,0.0
1999,CGC,S&P Capital IQ,produccion,Millones de pesos corrientes,inventarios,3.565
1999,CGC,S&P Capital IQ,produccion,Millones de pesos corrientes,ppye_neta,280.60400000000004
1999,CGC,S&P Capital IQ,produccion,Millones de pesos corrientes,tg_ant,0.0
1999,CGC,S&P Capital IQ,produccion,Millones de pesos corrientes,tg_desp,0.0
2000,CGC,S&P Capital IQ,produccion,Millones de pesos corrientes,KTA,307.611
2000,CGC,S&P Capital IQ,produccion,Millones de pesos corrientes,activo,747.258
2000,CGC,S&P Capital IQ,produccion,Millones de pesos corrientes,gcia_ant,0.0
2000,CGC,S&P Capital IQ,produccion,Millones de pesos corrientes,gcia_desp,0.0
2000,CGC,S&P Capital IQ,produccion,Millones de pesos corrientes,inventarios,3.535
2000,CGC,S&P Capital IQ,produccion,Millones de pesos corrientes,ppye,354.93
2000,CGC,S&P Capital IQ,produccion,Millones de pesos corrientes,ppye_neta,278.807
2000,CGC,S&P Capital IQ,produccion,Millones de pesos corrientes,tg_ant,0.0
2000,CGC,S&P Capital IQ,produccion,Millones de pesos corrientes,tg_desp,0.0
2001,CGC,S&P Capital IQ,produccion,Millones de pesos corrientes,KTA,715.735
2001,CGC,S&P Capital IQ,produccion,Millones de pesos corrientes,activo,1672.385
2001,CGC,S&P Capital IQ,produccion,Millones de pesos corrientes,gcia_ant,58.748
2001,CGC,S&P Capital IQ,produccion,Millones de pesos corrientes,gcia_desp,56.882
2001,CGC,S&P Capital IQ,produccion,Millones de pesos corrientes,inventarios,7.106
2001,CGC,S&P Capital IQ,produccion,Millones de pesos corrientes,ppye,833.1650000000001
2001,CGC,S&P Capital IQ,produccion,Millones de pesos corrientes,ppye_neta,636.352
2001,CGC,S&P Capital IQ,produccion,Millones de pesos corrientes,tg_ant,0.08208065834421957
2001,CGC,S&P Capital IQ,produccion,Millones de pesos corrientes,tg_desp,0.07947354817076152
2002,CGC,S&P Capital IQ,produccion,Millones de pesos corrientes,KTA,736.275
2002,CGC,S&P Capital IQ,produccion,Millones de pesos corrientes,activo,1412.835
2002,CGC,S&P Capital IQ,produccion,Millones de pesos corrientes,gcia_ant,185.16900000000004
2002,CGC,S&P Capital IQ,produccion,Millones de pesos corrientes,gcia_desp,191.33
2002,CGC,S&P Capital IQ,produccion,Millones de pesos corrientes,inventarios,13.754
2002,CGC,S&P Capital IQ,produccion,Millones de pesos corrientes,ppye,792.8650000000001
2002,CGC,S&P Capital IQ,produccion,Millones de pesos corrientes,ppye_neta,573.221
2002,CGC,S&P Capital IQ,produccion,Millones de pesos corrientes,tg_ant,0.25149434654171343
2002,CGC,S&P Capital IQ,produccion,Millones de pesos corrientes,tg_desp,0.25986214390003737
2007,CGC,S&P Capital IQ,produccion,Millones de pesos corrientes,KTA,602.254
2007,CGC,S&P Capital IQ,produccion,Millones de pesos corrientes,activo,1092.056
2007,CGC,S&P Capital IQ,produccion,Millones de pesos corrientes,gcia_ant,101.023
2007,CGC,S&P Capital IQ,produccion,Millones de pesos corrientes,gcia_desp,75.813
2007,CGC,S&P Capital IQ,produccion,Millones de pesos corrientes,inventarios,5.800000000000001
2007,CGC,S&P Capital IQ,produccion,Millones de pesos corrientes,ppye,891.165
2007,CGC,S&P Capital IQ,produccion,Millones de pesos corrientes,ppye_neta,468.819
2007,CGC,S&P Capital IQ,produccion,Millones de pesos corrientes,tg_ant,0.1677415176985126
2007,CGC,S&P Capital IQ,produccion,Millones de pesos corrientes,tg_desp,0.12588210290010526
2008,CGC,S&P Capital IQ,produccion,Millones de pesos corrientes,KTA,605.6089999999999
2008,CGC,S&P Capital IQ,produccion,Millones de pesos corrientes,activo,1158.939
2008,CGC,S&P Capital IQ,produccion,Millones de pesos corrientes,gcia_ant,41.832
2008,CGC,S&P Capital IQ,produccion,Millones de pesos corrientes,gcia_desp,37.282
2008,CGC,S&P Capital IQ,produccion,Millones de pesos corrientes,inventarios,10.608
2008,CGC,S&P Capital IQ,produccion,Millones de pesos corrientes,ppye,957.124
2008,CGC,S&P Capital IQ,produccion,Millones de pesos corrientes,ppye_neta,518.074
2008,CGC,S&P Capital IQ,produccion,Millones de pesos corrientes,tg_ant,0.06907427069280675
2008,CGC,S&P Capital IQ,produccion,Millones de pesos corrientes,tg_desp,0.061561172307544966
2009,CGC,S&P Capital IQ,produccion,Millones de pesos corrientes,KTA,552.9820000000001
2009,CGC,S&P Capital IQ,produccion,Millones de pesos corrientes,activo,1090.22
2009,CGC,S&P Capital IQ,produccion,Millones de pesos corrientes,gcia_ant,0.0
2009,CGC,S&P Capital IQ,produccion,Millones de pesos corrientes,gcia_desp,0.0
2009,CGC,S&P Capital IQ,produccion,Millones de pesos corrientes,inventarios,12.544000000000002
2009,CGC,S&P Capital IQ,produccion,Millones de pesos corrientes,ppye,1040.027
2009,CGC,S&P Capital IQ,produccion,Millones de pesos corrientes,ppye_neta,512.9570000000001
2009,CGC,S&P Capital IQ,produccion,Millones de pesos corrientes,tg_ant,0.0
2009,CGC,S&P Capital IQ,produccion,Millones de pesos corrientes,tg_desp,0.0
2010,CGC,S&P Capital IQ,produccion,Millones de pesos corrientes,KTA,664.26
2010,CGC,S&P Capital IQ,produccion,Millones de pesos corrientes,activo,1188.514
2010,CGC,S&P Capital IQ,produccion,Millones de pesos corrientes,gcia_ant,83.424
2010,CGC,S&P Capital IQ,produccion,Millones de pesos corrientes,gcia_desp,63.826
2010,CGC,S&P Capital IQ,produccion,Millones de pesos corrientes,inventarios,18.824
2010,CGC,S&P Capital IQ,produccion,Millones de pesos corrientes,ppye,1131.85
2010,CGC,S&P Capital IQ,produccion,Millones de pesos corrientes,ppye_neta,548.478
2010,CGC,S&P Capital IQ,produccion,Millones de pesos corrientes,tg_ant,0.12558937765332853
2010,CGC,S&P Capital IQ,produccion,Millones de pesos corrientes,tg_desp,0.0960858699906663
2011,CGC,S&P Capital IQ,produccion,Millones de pesos corrientes,KTA,723.4050000000001
2011,CGC,S&P Capital IQ,produccion,Millones de pesos corrientes,activo,1213.709
2011,CGC,S&P Capital IQ,produccion,Millones de pesos corrientes,gcia_ant,874.965
2011,CGC,S&P Capital IQ,produccion,Millones de pesos corrientes,gcia_desp,875.681
2011,CGC,S&P Capital IQ,produccion,Millones de pesos corrientes,inventarios,71.314
2011,CGC,S&P Capital IQ,produccion,Millones de pesos corrientes,ppye,1266.155
2011,CGC,S&P Capital IQ,produccion,Millones de pesos corrientes,ppye_neta,617.267
2011,CGC,S&P Capital IQ,produccion,Millones de pesos corrientes,tg_ant,1.2095091960934745
2011,CGC,S&P Capital IQ,produccion,Millones de pesos corrientes,tg_desp,1.2104989597804825
2012,CGC,S&P Capital IQ,produccion,Millones de pesos corrientes,KTA,800.373
2012,CGC,S&P Capital IQ,produccion,Millones de pesos corrientes,activo,1355.429
2012,CGC,S&P Capital IQ,produccion,Millones de pesos corrientes,gcia_ant,0.0
2012,CGC,S&P Capital IQ,produccion,Millones de pesos corrientes,gcia_desp,0.0
2012,CGC,S&P Capital IQ,produccion,Millones de pesos corrientes,inventarios,36.413
2012,CGC,S&P Capital IQ,produccion,Millones de pesos corrientes,ppye,1469.352
2012,CGC,S&P Capital IQ,produccion,Millones de pesos corrientes,ppye_neta,708.104
2012,CGC,S&P Capital IQ,produccion,Millones de pesos corrientes,tg_ant,0.0
2012,CGC,S&P Capital IQ,produccion,Millones de pesos corrientes,tg_desp,0.0
2013,CGC,S&P Capital IQ,produccion,Millones de pesos corrientes,KTA,838.3989999999999
2013,CGC,S&P Capital IQ,produccion,Millones de pesos corrientes,activo,1498.09
2013,CGC,S&P Capital IQ,produccion,Millones de pesos corrientes,gcia_ant,46.684000000000005
2013,CGC,S&P Capital IQ,produccion,Millones de pesos corrientes,gcia_desp,38.432
2013,CGC,S&P Capital IQ,produccion,Millones de pesos corrientes,inventarios,21.548
2013,CGC,S&P Capital IQ,produccion,Millones de pesos corrientes,ppye,1626.076
2013,CGC,S&P Capital IQ,produccion,Millones de pesos corrientes,ppye_neta,715.9259999999999
2013,CGC,S&P Capital IQ,produccion,Millones de pesos corrientes,tg_ant,0.055682318323375876
2013,CGC,S&P Capital IQ,produccion,Millones de pesos corrientes,tg_desp,0.045839749331762096
2014,CGC,S&P Capital IQ,produccion,Millones de pesos corrientes,KTA,1007.146
2014,CGC,S&P Capital IQ,produccion,Millones de pesos corrientes,activo,1796.5020000000002
2014,CGC,S&P Capital IQ,produccion,Millones de pesos corrientes,gcia_ant,179.502
2014,CGC,S&P Capital IQ,produccion,Millones de pesos corrientes,gcia_desp,113.04
2014,CGC,S&P Capital IQ,produccion,Millones de pesos corrientes,inventarios,63.707
2014,CGC,S&P Capital IQ,produccion,Millones de pesos corrientes,ppye,1872.041
2014,CGC,S&P Capital IQ,produccion,Millones de pesos corrientes,ppye_neta,825.588
2014,CGC,S&P Capital IQ,produccion,Millones de pesos corrientes,tg_ant,0.1782283799965447
2014,CGC,S&P Capital IQ,produccion,Millones de pesos corrientes,tg_desp,0.11223794762626274
2015,CGC,S&P Capital IQ,produccion,Millones de pesos corrientes,KTA,3577.55
2015,CGC,S&P Capital IQ,produccion,Millones de pesos corrientes,activo,5340.116
2015,CGC,S&P Capital IQ,produccion,Millones de pesos corrientes,gcia_ant,113.636
2015,CGC,S&P Capital IQ,produccion,Millones de pesos corrientes,gcia_desp,58.941
2015,CGC,S&P Capital IQ,produccion,Millones de pesos corrientes,inventarios,140.09300000000002
2015,CGC,S&P Capital IQ,produccion,Millones de pesos corrientes,ppye,4578.259000000001
2015,CGC,S&P Capital IQ,produccion,Millones de pesos corrientes,ppye_neta,3153.638
2015,CGC,S&P Capital IQ,produccion,Millones de pesos corrientes,tg_ant,0.03176363712596609
2015,CGC,S&P Capital IQ,produccion,Millones de pesos corrientes,tg_desp,0.01647524143617839
2016,CGC,S&P Capital IQ,produccion,Millones de pesos corrientes,KTA,6676.471000000001
2016,CGC,S&P Capital IQ,produccion,Millones de pesos corrientes,activo,8861.11
2016,CGC,S&P Capital IQ,produccion,Millones de pesos corrientes,gcia_ant,-418.34994415028245
2016,CGC,S&P Capital IQ,produccion,Millones de pesos corrientes,gcia_desp,-278.899962766855
2016,CGC,S&P Capital IQ,produccion,Millones de pesos corrientes,inventarios,675.337
2016,CGC,S&P Capital IQ,produccion,Millones de pesos corrientes,ppye,6019.283
2016,CGC,S&P Capital IQ,produccion,Millones de pesos corrientes,ppye_neta,3813.141000000001
2016,CGC,S&P Capital IQ,produccion,Millones de pesos corrientes,tg_ant,-0.06266034019323717
2016,CGC,S&P Capital IQ,produccion,Millones de pesos corrientes,tg_desp,-0.04177356012882479
2017,CGC,S&P Capital IQ,produccion,Millones de pesos corrientes,KTA,13069.278999999999
2017,CGC,S&P Capital IQ,produccion,Millones de pesos corrientes,activo,19804.98
2017,CGC,S&P Capital IQ,produccion,Millones de pesos corrientes,gcia_ant,-418.34994415028245
2017,CGC,S&P Capital IQ,produccion,Millones de pesos corrientes,gcia_desp,-278.899962766855
2017,CGC,S&P Capital IQ,produccion,Millones de pesos corrientes,inventarios,703.155
2017,CGC,S&P Capital IQ,produccion,Millones de pesos corrientes,ppye,21432.436
2017,CGC,S&P Capital IQ,produccion,Millones de pesos corrientes,ppye_neta,11738.23
2017,CGC,S&P Capital IQ,produccion,Millones de pesos corrientes,tg_ant,-0.03201017777264396
2017,CGC,S&P Capital IQ,produccion,Millones de pesos corrientes,tg_desp,-0.021340118515095978
2018,CGC,S&P Capital IQ,produccion,Millones de pesos corrientes,KTA,24437.002999999997
2018,CGC,S&P Capital IQ,produccion,Millones de pesos corrientes,activo,50508.429
2018,CGC,S&P Capital IQ,produccion,Millones de pesos corrientes,gcia_ant,784.3210000000001
2018,CGC,S&P Capital IQ,produccion,Millones de pesos corrientes,gcia_desp,730.6610000000001
2018,CGC,S&P Capital IQ,produccion,Millones de pesos corrientes,inventarios,1309.781
2018,CGC,S&P Capital IQ,produccion,Millones de pesos corrientes,ppye,39857.086
2018,CGC,S&P Capital IQ,produccion,Millones de pesos corrientes,ppye_neta,21034.778
2018,CGC,S&P Capital IQ,produccion,Millones de pesos corrientes,tg_ant,0.03209562973004506
2018,CGC,S&P Capital IQ,produccion,Millones de pesos corrientes,tg_desp,0.02989977944513082
2019,CGC,S&P Capital IQ,produccion,Millones de pesos corrientes,KTA,43613.257
2019,CGC,S&P Capital IQ,produccion,Millones de pesos corrientes,activo,75830.697
2019,CGC,S&P Capital IQ,produccion,Millones de pesos corrientes,gcia_ant,8815.711
2019,CGC,S&P Capital IQ,produccion,Millones de pesos corrientes,gcia_desp,6392.7300000000005
2019,CGC,S&P Capital IQ,produccion,Millones de pesos corrientes,inventarios,1489.8
2019,CGC,S&P Capital IQ,produccion,Millones de pesos corrientes,ppye,69654.763
2019,CGC,S&P Capital IQ,produccion,Millones de pesos corrientes,ppye_neta,34150.769
2019,CGC,S&P Capital IQ,produccion,Millones de pesos corrientes,tg_ant,0.20213374570947545
2019,CGC,S&P Capital IQ,produccion,Millones de pesos corrientes,tg_desp,0.14657767935102853
2020,CGC,S&P Capital IQ,produccion,Millones de pesos corrientes,KTA,61942.498
2020,CGC,S&P Capital IQ,produccion,Millones de pesos corrientes,activo,107385.319
2020,CGC,S&P Capital IQ,produccion,Millones de pesos corrientes,gcia_ant,-697.2499069171374
2020,CGC,S&P Capital IQ,produccion,Millones de pesos corrientes,gcia_desp,62.255
2020,CGC,S&P Capital IQ,produccion,Millones de pesos corrientes,inventarios,2161.331
2020,CGC,S&P Capital IQ,produccion,Millones de pesos corrientes,ppye,115398.642
2020,CGC,S&P Capital IQ,produccion,Millones de pesos corrientes,ppye_neta,48598.199
2020,CGC,S&P Capital IQ,produccion,Millones de pesos corrientes,tg_ant,-0.011256406012510788
2020,CGC,S&P Capital IQ,produccion,Millones de pesos corrientes,tg_desp,0.0010050450338635036
2021,CGC,S&P Capital IQ,produccion,Millones de pesos corrientes,KTA,171159.32
2021,CGC,S&P Capital IQ,produccion,Millones de pesos corrientes,activo,253289.431
2021,CGC,S&P Capital IQ,produccion,Millones de pesos corrientes,gcia_ant,9551.295
2021,CGC,S&P Capital IQ,produccion,Millones de pesos corrientes,gcia_desp,910.926
2021,CGC,S&P Capital IQ,produccion,Millones de pesos corrientes,inventarios,8573.462
2021,CGC,S&P Capital IQ,produccion,Millones de pesos corrientes,ppye,283897.706
2021,CGC,S&P Capital IQ,produccion,Millones de pesos corrientes,ppye_neta,126501.441
2021,CGC,S&P Capital IQ,produccion,Millones de pesos corrientes,tg_ant,0.05580353439123268
2021,CGC,S&P Capital IQ,produccion,Millones de pesos corrientes,tg_desp,0.00532209405833115
2022,CGC,S&P Capital IQ,produccion,Millones de pesos corrientes,KTA,666756.1939999999
2022,CGC,S&P Capital IQ,produccion,Millones de pesos corrientes,activo,897513.522
2022,CGC,S&P Capital IQ,produccion,Millones de pesos corrientes,gcia_ant,22538.989
2022,CGC,S&P Capital IQ,produccion,Millones de pesos corrientes,gcia_desp,24521.544
2022,CGC,S&P Capital IQ,produccion,Millones de pesos corrientes,inventarios,40641.494
2022,CGC,S&P Capital IQ,produccion,Millones de pesos corrientes,ppye,1096819.046
2022,CGC,S&P Capital IQ,produccion,Millones de pesos corrientes,ppye_neta,528597.727
2022,CGC,S&P Capital IQ,produccion,Millones de pesos corrientes,tg_ant,0.03380394393456509
2022,CGC,S&P Capital IQ,produccion,Millones de pesos corrientes,tg_desp,0.036777377129247946
2023,CGC,S&P Capital IQ,produccion,Millones de pesos corrientes,KTA,2278060.464
2023,CGC,S&P Capital IQ,produccion,Millones de pesos corrientes,activo,3060495.722
2023,CGC,S&P Capital IQ,produccion,Millones de pesos corrientes,gcia_ant,-625572.6164860558
2023,CGC,S&P Capital IQ,produccion,Millones de pesos corrientes,gcia_desp,-336771.7050409774
2023,CGC,S&P Capital IQ,produccion,Millones de pesos corrientes,inventarios,169095.295
2023,CGC,S&P Capital IQ,produccion,Millones de pesos corrientes,ppye,3206163.22
2023,CGC,S&P Capital IQ,produccion,Millones de pesos corrientes,ppye_neta,1632256.328
2023,CGC,S&P Capital IQ,produccion,Millones de pesos corrientes,tg_ant,-0.27460755602053927
2023,CGC,S&P Capital IQ,produccion,Millones de pesos corrientes,tg_desp,-0.14783264551707587
2024,CGC,S&P Capital IQ,produccion,Millones de pesos corrientes,KTA,1723983.6230000001
2024,CGC,S&P Capital IQ,produccion,Millones de pesos corrientes,activo,2309786.234
2024,CGC,S&P Capital IQ,produccion,Millones de pesos corrientes,gcia_ant,397540.415
2024,CGC,S&P Capital IQ,produccion,Millones de pesos corrientes,gcia_desp,352445.336
2024,CGC,S&P Capital IQ,produccion,Millones de pesos corrientes,inventarios,171026.40600000002
2024,CGC,S&P Capital IQ,produccion,Millones de pesos corrientes,ppye,3232541.8940000003
2024,CGC,S&P Capital IQ,produccion,Millones de pesos corrientes,ppye_neta,1411097.691
2024,CGC,S&P Capital IQ,produccion,Millones de pesos corrientes,tg_ant,0.23059407856103512
2024,CGC,S&P Capital IQ,produccion,Millones de pesos corrientes,tg_desp,0.20443659168101042
2025,CGC,S&P Capital IQ,produccion,Millones de pesos corrientes,KTA,3089442.361
2025,CGC,S&P Capital IQ,produccion,Millones de pesos corrientes,activo,3840352.347
2025,CGC,S&P Capital IQ,produccion,Millones de pesos corrientes,gcia_ant,-190349.2245883785
2025,CGC,S&P Capital IQ,produccion,Millones de pesos corrientes,gcia_desp,-187281.32499794316
2025,CGC,S&P Capital IQ,produccion,Millones de pesos corrientes,inventarios,148609.399
2025,CGC,S&P Capital IQ,produccion,Millones de pesos corrientes,ppye_neta,2389830.136
2025,CGC,S&P Capital IQ,produccion,Millones de pesos corrientes,tg_ant,-0.0616128098038915
2025,CGC,S&P Capital IQ,produccion,Millones de pesos corrientes,tg_desp,-0.060619782832693266
1996,Capex,S&P Capital IQ,produccion,Millones de pesos corrientes,activo,325.1355479993809
1996,Capex,S&P Capital IQ,produccion,Millones de pesos corrientes,gcia_ant,28.075926999329248
1996,Capex,S&P Capital IQ,produccion,Millones de pesos corrientes,gcia_desp,28.075926999329248
1996,Capex,S&P Capital IQ,produccion,Millones de pesos corrientes,inventarios,0.519512000368148
1996,Capex,S&P Capital IQ,produccion,Millones de pesos corrientes,ppye,247.8423609997448
1996,Capex,S&P Capital IQ,produccion,Millones de pesos corrientes,ppye_neta,232.2189790002273
1997,Capex,S&P Capital IQ,produccion,Millones de pesos corrientes,activo,334.71479899958587
1997,Capex,S&P Capital IQ,produccion,Millones de pesos corrientes,gcia_ant,26.14426100016316
1997,Capex,S&P Capital IQ,produccion,Millones de pesos corrientes,gcia_desp,26.14426100016316
1997,Capex,S&P Capital IQ,produccion,Millones de pesos corrientes,inventarios,0.432631999866128
1997,Capex,S&P Capital IQ,produccion,Millones de pesos corrientes,ppye,263.2319049997002
1997,Capex,S&P Capital IQ,produccion,Millones de pesos corrientes,ppye_neta,235.0089200003347
1998,Capex,S&P Capital IQ,produccion,Millones de pesos corrientes,activo,413.8986880001897
1998,Capex,S&P Capital IQ,produccion,Millones de pesos corrientes,gcia_ant,14.519013999383631
1998,Capex,S&P Capital IQ,produccion,Millones de pesos corrientes,gcia_desp,14.519013999383631
1998,Capex,S&P Capital IQ,produccion,Millones de pesos corrientes,inventarios,0.3699449995328426
1998,Capex,S&P Capital IQ,produccion,Millones de pesos corrientes,ppye,307.948349000074
1998,Capex,S&P Capital IQ,produccion,Millones de pesos corrientes,ppye_neta,270.6723840006248
1999,Capex,S&P Capital IQ,produccion,Millones de pesos corrientes,activo,552.1284369999846
1999,Capex,S&P Capital IQ,produccion,Millones de pesos corrientes,gcia_ant,15.069531000428112
1999,Capex,S&P Capital IQ,produccion,Millones de pesos corrientes,gcia_desp,12.084264999588624
1999,Capex,S&P Capital IQ,produccion,Millones de pesos corrientes,inventarios,0.5968859996402192
1999,Capex,S&P Capital IQ,produccion,Millones de pesos corrientes,ppye,457.8904910005955
1999,Capex,S&P Capital IQ,produccion,Millones de pesos corrientes,ppye_neta,409.0159280005801
2000,Capex,S&P Capital IQ,produccion,Millones de pesos corrientes,activo,588.961272999834
2000,Capex,S&P Capital IQ,produccion,Millones de pesos corrientes,gcia_ant,23.542600000278902
2000,Capex,S&P Capital IQ,produccion,Millones de pesos corrientes,gcia_desp,23.542600000278902
2000,Capex,S&P Capital IQ,produccion,Millones de pesos corrientes,inventarios,0.943968000412772
2000,Capex,S&P Capital IQ,produccion,Millones de pesos corrientes,ppye,504.3603119998104
2000,Capex,S&P Capital IQ,produccion,Millones de pesos corrientes,ppye_neta,443.69997800037095
2001,Capex,S&P Capital IQ,produccion,Millones de pesos corrientes,activo,935.8559049997004
2001,Capex,S&P Capital IQ,produccion,Millones de pesos corrientes,gcia_ant,19.06212500017432
2001,Capex,S&P Capital IQ,produccion,Millones de pesos corrientes,gcia_desp,19.00730299970855
2001,Capex,S&P Capital IQ,produccion,Millones de pesos corrientes,inventarios,2.6006529996388243
2001,Capex,S&P Capital IQ,produccion,Millones de pesos corrientes,ppye,853.9058489993766
2001,Capex,S&P Capital IQ,produccion,Millones de pesos corrientes,ppye_neta,721.665662999597
2002,Capex,S&P Capital IQ,produccion,Millones de pesos corrientes,activo,1578.6359659993057
2002,Capex,S&P Capital IQ,produccion,Millones de pesos corrientes,gcia_ant,-278.899962766855
2002,Capex,S&P Capital IQ,produccion,Millones de pesos corrientes,gcia_desp,-278.899962766855
2002,Capex,S&P Capital IQ,produccion,Millones de pesos corrientes,inventarios,2.298514999937248
2002,Capex,S&P Capital IQ,produccion,Millones de pesos corrientes,ppye,1534.135492000452
2002,Capex,S&P Capital IQ,produccion,Millones de pesos corrientes,ppye_neta,1297.2358969994548
2003,Capex,S&P Capital IQ,produccion,Millones de pesos corrientes,activo,1234.9917689997114
2003,Capex,S&P Capital IQ,produccion,Millones de pesos corrientes,gcia_ant,0.0
2003,Capex,S&P Capital IQ,produccion,Millones de pesos corrientes,gcia_desp,0.0
2003,Capex,S&P Capital IQ,produccion,Millones de pesos corrientes,inventarios,2.1792749995467875
2003,Capex,S&P Capital IQ,produccion,Millones de pesos corrientes,ppye,1301.07903800012
2003,Capex,S&P Capital IQ,produccion,Millones de pesos corrientes,ppye_neta,1018.9498559997658
2004,Capex,S&P Capital IQ,produccion,Millones de pesos corrientes,activo,1224.1803270004448
2004,Capex,S&P Capital IQ,produccion,Millones de pesos corrientes,gcia_ant,18.488167999576078
2004,Capex,S&P Capital IQ,produccion,Millones de pesos corrientes,gcia_desp,0.0
2004,Capex,S&P Capital IQ,produccion,Millones de pesos corrientes,inventarios,6.561267000695856
2004,Capex,S&P Capital IQ,produccion,Millones de pesos corrientes,ppye_neta,1022.4960660002816
2005,Capex,S&P Capital IQ,produccion,Millones de pesos corrientes,activo,1303.6046990000043
2005,Capex,S&P Capital IQ,produccion,Millones de pesos corrientes,gcia_ant,0.0
2005,Capex,S&P Capital IQ,produccion,Millones de pesos corrientes,gcia_desp,0.0
2005,Capex,S&P Capital IQ,produccion,Millones de pesos corrientes,inventarios,5.930087999910752
2005,Capex,S&P Capital IQ,produccion,Millones de pesos corrientes,ppye_neta,1015.2960640005688
2006,Capex,S&P Capital IQ,produccion,Millones de pesos corrientes,activo,1421.7178050001185
2006,Capex,S&P Capital IQ,produccion,Millones de pesos corrientes,gcia_ant,109.93049500002093
2006,Capex,S&P Capital IQ,produccion,Millones de pesos corrientes,gcia_desp,108.1874330005592
2006,Capex,S&P Capital IQ,produccion,Millones de pesos corrientes,inventarios,12.00528299979222
2006,Capex,S&P Capital IQ,produccion,Millones de pesos corrientes,ppye_neta,1016.0646439995372
2007,Capex,S&P Capital IQ,produccion,Millones de pesos corrientes,activo,1395.3658749998258
2007,Capex,S&P Capital IQ,produccion,Millones de pesos corrientes,gcia_ant,49.0483880000502
2007,Capex,S&P Capital IQ,produccion,Millones de pesos corrientes,gcia_desp,2.0446270005842955
2007,Capex,S&P Capital IQ,produccion,Millones de pesos corrientes,inventarios,8.519058000036257
2007,Capex,S&P Capital IQ,produccion,Millones de pesos corrientes,ppye_neta,987.6110770000962
2008,Capex,S&P Capital IQ,produccion,Millones de pesos corrientes,activo,1513.2072439998162
2008,Capex,S&P Capital IQ,produccion,Millones de pesos corrientes,gcia_ant,37.35357399982987
2008,Capex,S&P Capital IQ,produccion,Millones de pesos corrientes,gcia_desp,7.700272999834055
2008,Capex,S&P Capital IQ,produccion,Millones de pesos corrientes,inventarios,12.277081999378051
2008,Capex,S&P Capital IQ,produccion,Millones de pesos corrientes,ppye,980.6304079999666
2008,Capex,S&P Capital IQ,produccion,Millones de pesos corrientes,ppye_neta,980.6304079999666
2009,Capex,S&P Capital IQ,produccion,Millones de pesos corrientes,activo,1611.9130670001382
2009,Capex,S&P Capital IQ,produccion,Millones de pesos corrientes,gcia_ant,0.0
2009,Capex,S&P Capital IQ,produccion,Millones de pesos corrientes,gcia_desp,-139.4499813834275
2009,Capex,S&P Capital IQ,produccion,Millones de pesos corrientes,inventarios,12.02103199958723
2009,Capex,S&P Capital IQ,produccion,Millones de pesos corrientes,ppye,927.0361499993724
2009,Capex,S&P Capital IQ,produccion,Millones de pesos corrientes,ppye_neta,927.0361499993724
2010,Capex,S&P Capital IQ,produccion,Millones de pesos corrientes,activo,1312.4837570000404
2010,Capex,S&P Capital IQ,produccion,Millones de pesos corrientes,gcia_ant,0.0
2010,Capex,S&P Capital IQ,produccion,Millones de pesos corrientes,gcia_desp,0.0
2010,Capex,S&P Capital IQ,produccion,Millones de pesos corrientes,inventarios,7.697554999769907
2010,Capex,S&P Capital IQ,produccion,Millones de pesos corrientes,ppye,1884.1000940004435
2010,Capex,S&P Capital IQ,produccion,Millones de pesos corrientes,ppye_neta,844.0632719999777
2011,Capex,S&P Capital IQ,produccion,Millones de pesos corrientes,activo,1487.4769059995567
2011,Capex,S&P Capital IQ,produccion,Millones de pesos corrientes,gcia_ant,4.724467999715523
2011,Capex,S&P Capital IQ,produccion,Millones de pesos corrientes,gcia_desp,1.7573300000139451
2011,Capex,S&P Capital IQ,produccion,Millones de pesos corrientes,inventarios,10.895913999801982
2011,Capex,S&P Capital IQ,produccion,Millones de pesos corrientes,ppye,2034.0605369995665
2011,Capex,S&P Capital IQ,produccion,Millones de pesos corrientes,ppye_neta,859.7312459995287
2012,Capex,S&P Capital IQ,produccion,Millones de pesos corrientes,activo,2010.017507999548
2012,Capex,S&P Capital IQ,produccion,Millones de pesos corrientes,gcia_ant,0.0
2012,Capex,S&P Capital IQ,produccion,Millones de pesos corrientes,gcia_desp,0.0
2012,Capex,S&P Capital IQ,produccion,Millones de pesos corrientes,inventarios,10.498155999905174
2012,Capex,S&P Capital IQ,produccion,Millones de pesos corrientes,ppye,2975.552427999883
2012,Capex,S&P Capital IQ,produccion,Millones de pesos corrientes,ppye_neta,1566.0037669999986
2013,Capex,S&P Capital IQ,produccion,Millones de pesos corrientes,activo,2120.3390460003657
2013,Capex,S&P Capital IQ,produccion,Millones de pesos corrientes,gcia_ant,-139.4499813834275
2013,Capex,S&P Capital IQ,produccion,Millones de pesos corrientes,gcia_desp,-139.4499813834275
2013,Capex,S&P Capital IQ,produccion,Millones de pesos corrientes,inventarios,13.97551699964998
2013,Capex,S&P Capital IQ,produccion,Millones de pesos corrientes,ppye,3172.3373599998886
2013,Capex,S&P Capital IQ,produccion,Millones de pesos corrientes,ppye_neta,1609.3469200003346
2014,Capex,S&P Capital IQ,produccion,Millones de pesos corrientes,activo,2455.9070519995034
2014,Capex,S&P Capital IQ,produccion,Millones de pesos corrientes,gcia_ant,-418.34994415028245
2014,Capex,S&P Capital IQ,produccion,Millones de pesos corrientes,gcia_desp,-278.899962766855
2014,Capex,S&P Capital IQ,produccion,Millones de pesos corrientes,inventarios,17.307613999662532
2014,Capex,S&P Capital IQ,produccion,Millones de pesos corrientes,ppye,3369.097944999533
2014,Capex,S&P Capital IQ,produccion,Millones de pesos corrientes,ppye_neta,1668.7291689994324
2015,Capex,S&P Capital IQ,produccion,Millones de pesos corrientes,activo,4017.442861000442
2015,Capex,S&P Capital IQ,produccion,Millones de pesos corrientes,gcia_ant,4.381467999715522
2015,Capex,S&P Capital IQ,produccion,Millones de pesos corrientes,gcia_desp,0.5314820004936529
2015,Capex,S&P Capital IQ,produccion,Millones de pesos corrientes,inventarios,20.81910300054525
2015,Capex,S&P Capital IQ,produccion,Millones de pesos corrientes,ppye,4721.830689999903
2015,Capex,S&P Capital IQ,produccion,Millones de pesos corrientes,ppye_neta,2646.497530000572
2016,Capex,S&P Capital IQ,produccion,Millones de pesos corrientes,activo,6618.647783000491
2016,Capex,S&P Capital IQ,produccion,Millones de pesos corrientes,gcia_ant,-418.34994415028245
2016,Capex,S&P Capital IQ,produccion,Millones de pesos corrientes,gcia_desp,-278.899962766855
2016,Capex,S&P Capital IQ,produccion,Millones de pesos corrientes,inventarios,50.41484300023846
2016,Capex,S&P Capital IQ,produccion,Millones de pesos corrientes,ppye,6923.571184000068
2016,Capex,S&P Capital IQ,produccion,Millones de pesos corrientes,ppye_neta,4553.549825999891
2017,Capex,S&P Capital IQ,produccion,Millones de pesos corrientes,activo,9230.780748999796
2017,Capex,S&P Capital IQ,produccion,Millones de pesos corrientes,gcia_ant,868.8663029997086
2017,Capex,S&P Capital IQ,produccion,Millones de pesos corrientes,gcia_desp,563.534686000477
2017,Capex,S&P Capital IQ,produccion,Millones de pesos corrientes,inventarios,37.374491000595455
2017,Capex,S&P Capital IQ,produccion,Millones de pesos corrientes,ppye,16086.78519599974
2017,Capex,S&P Capital IQ,produccion,Millones de pesos corrientes,ppye_neta,6849.140195999738
2018,Capex,S&P Capital IQ,produccion,Millones de pesos corrientes,activo,27107.041
2018,Capex,S&P Capital IQ,produccion,Millones de pesos corrientes,gcia_ant,2098.805
2018,Capex,S&P Capital IQ,produccion,Millones de pesos corrientes,gcia_desp,2011.012
2018,Capex,S&P Capital IQ,produccion,Millones de pesos corrientes,inventarios,157.371
2018,Capex,S&P Capital IQ,produccion,Millones de pesos corrientes,ppye,36988.685
2018,Capex,S&P Capital IQ,produccion,Millones de pesos corrientes,ppye_neta,17740.143
2019,Capex,S&P Capital IQ,produccion,Millones de pesos corrientes,activo,52104.238
2019,Capex,S&P Capital IQ,produccion,Millones de pesos corrientes,gcia_ant,2504.0440000000003
2019,Capex,S&P Capital IQ,produccion,Millones de pesos corrientes,gcia_desp,2015.403
2019,Capex,S&P Capital IQ,produccion,Millones de pesos corrientes,inventarios,309.79200000000003
2019,Capex,S&P Capital IQ,produccion,Millones de pesos corrientes,ppye,65887.236
2019,Capex,S&P Capital IQ,produccion,Millones de pesos corrientes,ppye_neta,34122.031
2020,Capex,S&P Capital IQ,produccion,Millones de pesos corrientes,activo,72890.32100000001
2020,Capex,S&P Capital IQ,produccion,Millones de pesos corrientes,gcia_ant,-139.4499813834275
2020,Capex,S&P Capital IQ,produccion,Millones de pesos corrientes,gcia_desp,1366.235
2020,Capex,S&P Capital IQ,produccion,Millones de pesos corrientes,inventarios,931.856
2020,Capex,S&P Capital IQ,produccion,Millones de pesos corrientes,ppye,100798.433
2020,Capex,S&P Capital IQ,produccion,Millones de pesos corrientes,ppye_neta,45812.0
2021,Capex,S&P Capital IQ,produccion,Millones de pesos corrientes,activo,97058.829
2021,Capex,S&P Capital IQ,produccion,Millones de pesos corrientes,gcia_ant,-139.4499813834275
2021,Capex,S&P Capital IQ,produccion,Millones de pesos corrientes,gcia_desp,-976.1498696839924
2021,Capex,S&P Capital IQ,produccion,Millones de pesos corrientes,inventarios,2425.8740000000003
2021,Capex,S&P Capital IQ,produccion,Millones de pesos corrientes,ppye,163118.575
2021,Capex,S&P Capital IQ,produccion,Millones de pesos corrientes,ppye_neta,64653.824
2022,Capex,S&P Capital IQ,produccion,Millones de pesos corrientes,activo,190971.281
2022,Capex,S&P Capital IQ,produccion,Millones de pesos corrientes,gcia_ant,21772.981
2022,Capex,S&P Capital IQ,produccion,Millones de pesos corrientes,gcia_desp,9851.483
2022,Capex,S&P Capital IQ,produccion,Millones de pesos corrientes,inventarios,8662.99
2022,Capex,S&P Capital IQ,produccion,Millones de pesos corrientes,ppye,368859.177
2022,Capex,S&P Capital IQ,produccion,Millones de pesos corrientes,ppye_neta,140240.95500000002
2023,Capex,S&P Capital IQ,produccion,Millones de pesos corrientes,activo,855887.5560000001
2023,Capex,S&P Capital IQ,produccion,Millones de pesos corrientes,gcia_ant,121551.059
2023,Capex,S&P Capital IQ,produccion,Millones de pesos corrientes,gcia_desp,90012.847
2023,Capex,S&P Capital IQ,produccion,Millones de pesos corrientes,inventarios,14806.579
2023,Capex,S&P Capital IQ,produccion,Millones de pesos corrientes,ppye,1618437.924
2023,Capex,S&P Capital IQ,produccion,Millones de pesos corrientes,ppye_neta,726054.268
2024,Capex,S&P Capital IQ,produccion,Millones de pesos corrientes,activo,1328115.652
2024,Capex,S&P Capital IQ,produccion,Millones de pesos corrientes,gcia_ant,-53967.14279538644
2024,Capex,S&P Capital IQ,produccion,Millones de pesos corrientes,gcia_desp,-52293.74301878531
2024,Capex,S&P Capital IQ,produccion,Millones de pesos corrientes,inventarios,19316.398
2024,Capex,S&P Capital IQ,produccion,Millones de pesos corrientes,ppye,2532054.215
2024,Capex,S&P Capital IQ,produccion,Millones de pesos corrientes,ppye_neta,1082329.21
2025,Capex,S&P Capital IQ,produccion,Millones de pesos corrientes,activo,1245576.686
2025,Capex,S&P Capital IQ,produccion,Millones de pesos corrientes,gcia_ant,-22869.796946882107
2025,Capex,S&P Capital IQ,produccion,Millones de pesos corrientes,gcia_desp,25856.74
2025,Capex,S&P Capital IQ,produccion,Millones de pesos corrientes,inventarios,14453.432
2025,Capex,S&P Capital IQ,produccion,Millones de pesos corrientes,ppye,2685674.122
2025,Capex,S&P Capital IQ,produccion,Millones de pesos corrientes,ppye_neta,1060446.028
2026,Capex,S&P Capital IQ,produccion,Millones de pesos corrientes,activo,1527327.554
2026,Capex,S&P Capital IQ,produccion,Millones de pesos corrientes,gcia_ant,-84506.68871835707
2026,Capex,S&P Capital IQ,produccion,Millones de pesos corrientes,gcia_desp,-60800.19188317439
2026,Capex,S&P Capital IQ,produccion,Millones de pesos corrientes,inventarios,18987.33
2026,Capex,S&P Capital IQ,produccion,Millones de pesos corrientes,ppye,3332959.427
2026,Capex,S&P Capital IQ,produccion,Millones de pesos corrientes,ppye_neta,1223221.65
2001,Mega,S&P Capital IQ,transporte,Millones de pesos corrientes,KTA,1173.2060000000001
2001,Mega,S&P Capital IQ,transporte,Millones de pesos corrientes,activo,1694.941
2001,Mega,S&P Capital IQ,transporte,Millones de pesos corrientes,gcia_ant,19.315
2001,Mega,S&P Capital IQ,transporte,Millones de pesos corrientes,gcia_desp,19.315
2001,Mega,S&P Capital IQ,transporte,Millones de pesos corrientes,inventarios,22.101
2001,Mega,S&P Capital IQ,transporte,Millones de pesos corrientes,ppye_neta,1145.095
2001,Mega,S&P Capital IQ,transporte,Millones de pesos corrientes,tg_ant,0.016463434384072363
2001,Mega,S&P Capital IQ,transporte,Millones de pesos corrientes,tg_desp,0.016463434384072363
2002,Mega,S&P Capital IQ,transporte,Millones de pesos corrientes,KTA,1491.0949999999998
2002,Mega,S&P Capital IQ,transporte,Millones de pesos corrientes,activo,2178.136
2002,Mega,S&P Capital IQ,transporte,Millones de pesos corrientes,gcia_ant,-139.4499813834275
2002,Mega,S&P Capital IQ,transporte,Millones de pesos corrientes,gcia_desp,0.0
2002,Mega,S&P Capital IQ,transporte,Millones de pesos corrientes,inventarios,23.276000000000003
2002,Mega,S&P Capital IQ,transporte,Millones de pesos corrientes,ppye_neta,1453.081
2002,Mega,S&P Capital IQ,transporte,Millones de pesos corrientes,tg_ant,-0.09352186237860602
2002,Mega,S&P Capital IQ,transporte,Millones de pesos corrientes,tg_desp,0.0
2003,Mega,S&P Capital IQ,transporte,Millones de pesos corrientes,KTA,1206.989
2003,Mega,S&P Capital IQ,transporte,Millones de pesos corrientes,activo,2135.532
2003,Mega,S&P Capital IQ,transporte,Millones de pesos corrientes,gcia_ant,302.79100000000005
2003,Mega,S&P Capital IQ,transporte,Millones de pesos corrientes,gcia_desp,362.696
2003,Mega,S&P Capital IQ,transporte,Millones de pesos corrientes,inventarios,15.723
2003,Mega,S&P Capital IQ,transporte,Millones de pesos corrientes,ppye,1336.894
2003,Mega,S&P Capital IQ,transporte,Millones de pesos corrientes,ppye_neta,1147.811
2003,Mega,S&P Capital IQ,transporte,Millones de pesos corrientes,tg_ant,0.250864755188324
2003,Mega,S&P Capital IQ,transporte,Millones de pesos corrientes,tg_desp,0.3004965248233414
2004,Mega,S&P Capital IQ,transporte,Millones de pesos corrientes,KTA,1488.7050000000002
2004,Mega,S&P Capital IQ,transporte,Millones de pesos corrientes,activo,1880.4210000000005
2004,Mega,S&P Capital IQ,transporte,Millones de pesos corrientes,gcia_ant,576.551
2004,Mega,S&P Capital IQ,transporte,Millones de pesos corrientes,gcia_desp,350.684
2004,Mega,S&P Capital IQ,transporte,Millones de pesos corrientes,inventarios,32.607000000000006
2004,Mega,S&P Capital IQ,transporte,Millones de pesos corrientes,ppye,1345.303
2004,Mega,S&P Capital IQ,transporte,Millones de pesos corrientes,ppye_neta,1089.209
2004,Mega,S&P Capital IQ,transporte,Millones de pesos corrientes,tg_ant,0.38728357868079977
2004,Mega,S&P Capital IQ,transporte,Millones de pesos corrientes,tg_desp,0.23556312365445134
2005,Mega,S&P Capital IQ,transporte,Millones de pesos corrientes,KTA,1297.767
2005,Mega,S&P Capital IQ,transporte,Millones de pesos corrientes,activo,1596.134
2005,Mega,S&P Capital IQ,transporte,Millones de pesos corrientes,gcia_ant,599.714
2005,Mega,S&P Capital IQ,transporte,Millones de pesos corrientes,gcia_desp,369.363
2005,Mega,S&P Capital IQ,transporte,Millones de pesos corrientes,inventarios,43.83800000000001
2005,Mega,S&P Capital IQ,transporte,Millones de pesos corrientes,ppye,1357.7240000000002
2005,Mega,S&P Capital IQ,transporte,Millones de pesos corrientes,ppye_neta,1033.217
2005,Mega,S&P Capital IQ,transporte,Millones de pesos corrientes,tg_ant,0.4621122281580592
2005,Mega,S&P Capital IQ,transporte,Millones de pesos corrientes,tg_desp,0.28461426434791454
2006,Mega,S&P Capital IQ,transporte,Millones de pesos corrientes,KTA,1471.3290000000002
2006,Mega,S&P Capital IQ,transporte,Millones de pesos corrientes,activo,1768.041
2006,Mega,S&P Capital IQ,transporte,Millones de pesos corrientes,gcia_ant,939.395
2006,Mega,S&P Capital IQ,transporte,Millones de pesos corrientes,gcia_desp,595.602
2006,Mega,S&P Capital IQ,transporte,Millones de pesos corrientes,inventarios,42.864
2006,Mega,S&P Capital IQ,transporte,Millones de pesos corrientes,ppye,1376.723
2006,Mega,S&P Capital IQ,transporte,Millones de pesos corrientes,ppye_neta,979.566
2006,Mega,S&P Capital IQ,transporte,Millones de pesos corrientes,tg_ant,0.6384669914070883
2006,Mega,S&P Capital IQ,transporte,Millones de pesos corrientes,tg_desp,0.4048054513980217
2007,Mega,S&P Capital IQ,transporte,Millones de pesos corrientes,KTA,1464.279
2007,Mega,S&P Capital IQ,transporte,Millones de pesos corrientes,activo,1939.979
2007,Mega,S&P Capital IQ,transporte,Millones de pesos corrientes,gcia_ant,1088.371
2007,Mega,S&P Capital IQ,transporte,Millones de pesos corrientes,gcia_desp,679.337
2007,Mega,S&P Capital IQ,transporte,Millones de pesos corrientes,inventarios,73.63900000000001
2007,Mega,S&P Capital IQ,transporte,Millones de pesos corrientes,ppye,1420.108
2007,Mega,S&P Capital IQ,transporte,Millones de pesos corrientes,ppye_neta,949.595
2007,Mega,S&P Capital IQ,transporte,Millones de pesos corrientes,tg_ant,0.7432811643136316
2007,Mega,S&P Capital IQ,transporte,Millones de pesos corrientes,tg_desp,0.4639395907473917
2008,Mega,S&P Capital IQ,transporte,Millones de pesos corrientes,KTA,1145.383
2008,Mega,S&P Capital IQ,transporte,Millones de pesos corrientes,activo,1518.451
2008,Mega,S&P Capital IQ,transporte,Millones de pesos corrientes,gcia_ant,572.1080000000001
2008,Mega,S&P Capital IQ,transporte,Millones de pesos corrientes,gcia_desp,359.26800000000003
2008,Mega,S&P Capital IQ,transporte,Millones de pesos corrientes,inventarios,34.794000000000004
2008,Mega,S&P Capital IQ,transporte,Millones de pesos corrientes,ppye,1463.402
2008,Mega,S&P Capital IQ,transporte,Millones de pesos corrientes,ppye_neta,920.374
2008,Mega,S&P Capital IQ,transporte,Millones de pesos corrientes,tg_ant,0.49949056341852466
2008,Mega,S&P Capital IQ,transporte,Millones de pesos corrientes,tg_desp,0.31366625836074047
2009,Mega,S&P Capital IQ,transporte,Millones de pesos corrientes,KTA,1168.679
2009,Mega,S&P Capital IQ,transporte,Millones de pesos corrientes,activo,1585.862
2009,Mega,S&P Capital IQ,transporte,Millones de pesos corrientes,gcia_ant,424.536
2009,Mega,S&P Capital IQ,transporte,Millones de pesos corrientes,gcia_desp,274.432
2009,Mega,S&P Capital IQ,transporte,Millones de pesos corrientes,inventarios,68.68
2009,Mega,S&P Capital IQ,transporte,Millones de pesos corrientes,ppye,1504.387
2009,Mega,S&P Capital IQ,transporte,Millones de pesos corrientes,ppye_neta,884.732
2009,Mega,S&P Capital IQ,transporte,Millones de pesos corrientes,tg_ant,0.36326142593475197
2009,Mega,S&P Capital IQ,transporte,Millones de pesos corrientes,tg_desp,0.23482239348871675
2010,Mega,S&P Capital IQ,transporte,Millones de pesos corrientes,KTA,1106.973
2010,Mega,S&P Capital IQ,transporte,Millones de pesos corrientes,activo,1683.564
2010,Mega,S&P Capital IQ,transporte,Millones de pesos corrientes,gcia_ant,478.481
2010,Mega,S&P Capital IQ,transporte,Millones de pesos corrientes,gcia_desp,311.115
2010,Mega,S&P Capital IQ,transporte,Millones de pesos corrientes,inventarios,88.176
2010,Mega,S&P Capital IQ,transporte,Millones de pesos corrientes,ppye,1536.482
2010,Mega,S&P Capital IQ,transporte,Millones de pesos corrientes,ppye_neta,841.235
2010,Mega,S&P Capital IQ,transporte,Millones de pesos corrientes,tg_ant,0.432242701493171
2010,Mega,S&P Capital IQ,transporte,Millones de pesos corrientes,tg_desp,0.2810502153169048
2015,Mega,S&P Capital IQ,transporte,Millones de pesos corrientes,KTA,1793.1950000000002
2015,Mega,S&P Capital IQ,transporte,Millones de pesos corrientes,activo,3284.075
2015,Mega,S&P Capital IQ,transporte,Millones de pesos corrientes,gcia_ant,1519.401
2015,Mega,S&P Capital IQ,transporte,Millones de pesos corrientes,gcia_desp,987.77
2015,Mega,S&P Capital IQ,transporte,Millones de pesos corrientes,inventarios,113.632
2015,Mega,S&P Capital IQ,transporte,Millones de pesos corrientes,ppye,1748.9910000000002
2015,Mega,S&P Capital IQ,transporte,Millones de pesos corrientes,ppye_neta,611.081
2015,Mega,S&P Capital IQ,transporte,Millones de pesos corrientes,tg_ant,0.8473149880520523
2015,Mega,S&P Capital IQ,transporte,Millones de pesos corrientes,tg_desp,0.5508436059658877
2016,Mega,S&P Capital IQ,transporte,Millones de pesos corrientes,KTA,3349.327
2016,Mega,S&P Capital IQ,transporte,Millones de pesos corrientes,activo,5116.927000000001
2016,Mega,S&P Capital IQ,transporte,Millones de pesos corrientes,gcia_ant,1007.772
2016,Mega,S&P Capital IQ,transporte,Millones de pesos corrientes,gcia_desp,540.9830000000001
2016,Mega,S&P Capital IQ,transporte,Millones de pesos corrientes,inventarios,204.731
2016,Mega,S&P Capital IQ,transporte,Millones de pesos corrientes,ppye,9838.092
2016,Mega,S&P Capital IQ,transporte,Millones de pesos corrientes,ppye_neta,2443.8900000000003
2016,Mega,S&P Capital IQ,transporte,Millones de pesos corrientes,tg_ant,0.30088790972037066
2016,Mega,S&P Capital IQ,transporte,Millones de pesos corrientes,tg_desp,0.16151991131352658
2017,Mega,S&P Capital IQ,transporte,Millones de pesos corrientes,KTA,5085.428
2017,Mega,S&P Capital IQ,transporte,Millones de pesos corrientes,activo,6420.696
2017,Mega,S&P Capital IQ,transporte,Millones de pesos corrientes,gcia_ant,1665.6280000000002
2017,Mega,S&P Capital IQ,transporte,Millones de pesos corrientes,gcia_desp,1076.21
2017,Mega,S&P Capital IQ,transporte,Millones de pesos corrientes,inventarios,463.727
2017,Mega,S&P Capital IQ,transporte,Millones de pesos corrientes,ppye,11721.278
2017,Mega,S&P Capital IQ,transporte,Millones de pesos corrientes,ppye_neta,2487.219
2017,Mega,S&P Capital IQ,transporte,Millones de pesos corrientes,tg_ant,0.32752956093371105
2017,Mega,S&P Capital IQ,transporte,Millones de pesos corrientes,tg_desp,0.2116262387354614
2018,Mega,S&P Capital IQ,transporte,Millones de pesos corrientes,KTA,10921.917000000001
2018,Mega,S&P Capital IQ,transporte,Millones de pesos corrientes,activo,14193.564
2018,Mega,S&P Capital IQ,transporte,Millones de pesos corrientes,gcia_ant,3233.808
2018,Mega,S&P Capital IQ,transporte,Millones de pesos corrientes,gcia_desp,953.254
2018,Mega,S&P Capital IQ,transporte,Millones de pesos corrientes,inventarios,879.5640000000001
2018,Mega,S&P Capital IQ,transporte,Millones de pesos corrientes,ppye,24386.019
2018,Mega,S&P Capital IQ,transporte,Millones de pesos corrientes,ppye_neta,5336.745
2018,Mega,S&P Capital IQ,transporte,Millones de pesos corrientes,tg_ant,0.29608428630248695
2018,Mega,S&P Capital IQ,transporte,Millones de pesos corrientes,tg_desp,0.08727900056372886
2019,Mega,S&P Capital IQ,transporte,Millones de pesos corrientes,KTA,15474.610000000002
2019,Mega,S&P Capital IQ,transporte,Millones de pesos corrientes,activo,21256.769
2019,Mega,S&P Capital IQ,transporte,Millones de pesos corrientes,gcia_ant,2528.158
2019,Mega,S&P Capital IQ,transporte,Millones de pesos corrientes,gcia_desp,1397.774
2019,Mega,S&P Capital IQ,transporte,Millones de pesos corrientes,inventarios,1527.073
2019,Mega,S&P Capital IQ,transporte,Millones de pesos corrientes,ppye,40405.395
2019,Mega,S&P Capital IQ,transporte,Millones de pesos corrientes,ppye_neta,9200.517000000002
2019,Mega,S&P Capital IQ,transporte,Millones de pesos corrientes,tg_ant,0.16337458585385994
2019,Mega,S&P Capital IQ,transporte,Millones de pesos corrientes,tg_desp,0.09032692907931118
2020,Mega,S&P Capital IQ,transporte,Millones de pesos corrientes,KTA,21872.953
2020,Mega,S&P Capital IQ,transporte,Millones de pesos corrientes,activo,27569.286
2020,Mega,S&P Capital IQ,transporte,Millones de pesos corrientes,gcia_ant,2688.545
2020,Mega,S&P Capital IQ,transporte,Millones de pesos corrientes,gcia_desp,1786.833
2020,Mega,S&P Capital IQ,transporte,Millones de pesos corrientes,inventarios,2350.98
2020,Mega,S&P Capital IQ,transporte,Millones de pesos corrientes,ppye,61420.783
2020,Mega,S&P Capital IQ,transporte,Millones de pesos corrientes,ppye_neta,16229.798
2020,Mega,S&P Capital IQ,transporte,Millones de pesos corrientes,tg_ant,0.12291641645277616
2020,Mega,S&P Capital IQ,transporte,Millones de pesos corrientes,tg_desp,0.0816914387371472
2021,Mega,S&P Capital IQ,transporte,Millones de pesos corrientes,KTA,35378.51
2021,Mega,S&P Capital IQ,transporte,Millones de pesos corrientes,activo,45372.493
2021,Mega,S&P Capital IQ,transporte,Millones de pesos corrientes,gcia_ant,14935.778
2021,Mega,S&P Capital IQ,transporte,Millones de pesos corrientes,gcia_desp,9157.214000000002
2021,Mega,S&P Capital IQ,transporte,Millones de pesos corrientes,inventarios,2957.114
2021,Mega,S&P Capital IQ,transporte,Millones de pesos corrientes,ppye,78109.569
2021,Mega,S&P Capital IQ,transporte,Millones de pesos corrientes,ppye_neta,20944.987
2021,Mega,S&P Capital IQ,transporte,Millones de pesos corrientes,tg_ant,0.42217091675144036
2021,Mega,S&P Capital IQ,transporte,Millones de pesos corrientes,tg_desp,0.2588354908106645
2022,Mega,S&P Capital IQ,transporte,Millones de pesos corrientes,KTA,81842.098
2022,Mega,S&P Capital IQ,transporte,Millones de pesos corrientes,activo,101364.886
2022,Mega,S&P Capital IQ,transporte,Millones de pesos corrientes,gcia_ant,32312.963000000003
2022,Mega,S&P Capital IQ,transporte,Millones de pesos corrientes,gcia_desp,17519.393
2022,Mega,S&P Capital IQ,transporte,Millones de pesos corrientes,inventarios,4430.4130000000005
2022,Mega,S&P Capital IQ,transporte,Millones de pesos corrientes,ppye,137556.341
2022,Mega,S&P Capital IQ,transporte,Millones de pesos corrientes,ppye_neta,35282.951
2022,Mega,S&P Capital IQ,transporte,Millones de pesos corrientes,tg_ant,0.3948208048136792
2022,Mega,S&P Capital IQ,transporte,Millones de pesos corrientes,tg_desp,0.2140633418268432
2023,Mega,S&P Capital IQ,transporte,Millones de pesos corrientes,KTA,313335.0
2023,Mega,S&P Capital IQ,transporte,Millones de pesos corrientes,activo,366222.0
2023,Mega,S&P Capital IQ,transporte,Millones de pesos corrientes,gcia_ant,9482.0
2023,Mega,S&P Capital IQ,transporte,Millones de pesos corrientes,gcia_desp,-36256.99515969115
2023,Mega,S&P Capital IQ,transporte,Millones de pesos corrientes,inventarios,20930.0
2023,Mega,S&P Capital IQ,transporte,Millones de pesos corrientes,ppye,646682.0
2023,Mega,S&P Capital IQ,transporte,Millones de pesos corrientes,ppye_neta,159156.0
2023,Mega,S&P Capital IQ,transporte,Millones de pesos corrientes,tg_ant,0.030261541162015095
2023,Mega,S&P Capital IQ,transporte,Millones de pesos corrientes,tg_desp,-0.1157131988437013
2024,Mega,S&P Capital IQ,transporte,Millones de pesos corrientes,KTA,470795.0
2024,Mega,S&P Capital IQ,transporte,Millones de pesos corrientes,activo,598074.0
2024,Mega,S&P Capital IQ,transporte,Millones de pesos corrientes,gcia_ant,144795.0
2024,Mega,S&P Capital IQ,transporte,Millones de pesos corrientes,gcia_desp,160000.0
2024,Mega,S&P Capital IQ,transporte,Millones de pesos corrientes,inventarios,37738.0
2024,Mega,S&P Capital IQ,transporte,Millones de pesos corrientes,ppye,971168.0
2024,Mega,S&P Capital IQ,transporte,Millones de pesos corrientes,ppye_neta,321351.0
2024,Mega,S&P Capital IQ,transporte,Millones de pesos corrientes,tg_ant,0.3075542433543262
2024,Mega,S&P Capital IQ,transporte,Millones de pesos corrientes,tg_desp,0.33985067810830616
2025,Mega,S&P Capital IQ,transporte,Millones de pesos corrientes,KTA,738228.0
2025,Mega,S&P Capital IQ,transporte,Millones de pesos corrientes,activo,927402.0
2025,Mega,S&P Capital IQ,transporte,Millones de pesos corrientes,gcia_ant,231631.0
2025,Mega,S&P Capital IQ,transporte,Millones de pesos corrientes,gcia_desp,124566.0
2025,Mega,S&P Capital IQ,transporte,Millones de pesos corrientes,inventarios,62758.00000000001
2025,Mega,S&P Capital IQ,transporte,Millones de pesos corrientes,ppye_neta,586068.0
2025,Mega,S&P Capital IQ,transporte,Millones de pesos corrientes,tg_ant,0.31376620772986125
2025,Mega,S&P Capital IQ,transporte,Millones de pesos corrientes,tg_desp,0.1687364879143029
1998,PAE,S&P Capital IQ,integrada,Millones de pesos corrientes,KTA,1215.3603230000003
1998,PAE,S&P Capital IQ,integrada,Millones de pesos corrientes,activo,1330.0322089999995
1998,PAE,S&P Capital IQ,integrada,Millones de pesos corrientes,gcia_ant,-6.3968000007996
1998,PAE,S&P Capital IQ,integrada,Millones de pesos corrientes,gcia_desp,-6.3968000007996
1998,PAE,S&P Capital IQ,integrada,Millones de pesos corrientes,inventarios,19.7728060000005
1998,PAE,S&P Capital IQ,integrada,Millones de pesos corrientes,ppye,2844.748768
1998,PAE,S&P Capital IQ,integrada,Millones de pesos corrientes,ppye_neta,1182.957188
1998,PAE,S&P Capital IQ,integrada,Millones de pesos corrientes,tg_ant,-0.005263295073686224
1998,PAE,S&P Capital IQ,integrada,Millones de pesos corrientes,tg_desp,-0.005263295073686224
1999,PAE,S&P Capital IQ,integrada,Millones de pesos corrientes,KTA,1109.77381
1999,PAE,S&P Capital IQ,integrada,Millones de pesos corrientes,activo,1259.2047389999998
1999,PAE,S&P Capital IQ,integrada,Millones de pesos corrientes,gcia_ant,17.08418100000019
1999,PAE,S&P Capital IQ,integrada,Millones de pesos corrientes,gcia_desp,17.08418100000019
1999,PAE,S&P Capital IQ,integrada,Millones de pesos corrientes,inventarios,18.58366800000032
1999,PAE,S&P Capital IQ,integrada,Millones de pesos corrientes,ppye,2831.095934
1999,PAE,S&P Capital IQ,integrada,Millones de pesos corrientes,ppye_neta,1088.3158359999998
1999,PAE,S&P Capital IQ,integrada,Millones de pesos corrientes,tg_ant,0.0153942910222401
1999,PAE,S&P Capital IQ,integrada,Millones de pesos corrientes,tg_desp,0.0153942910222401
2000,PAE,S&P Capital IQ,integrada,Millones de pesos corrientes,KTA,1211.918942000001
2000,PAE,S&P Capital IQ,integrada,Millones de pesos corrientes,activo,1379.3576180000005
2000,PAE,S&P Capital IQ,integrada,Millones de pesos corrientes,gcia_ant,263.7813849999999
2000,PAE,S&P Capital IQ,integrada,Millones de pesos corrientes,gcia_desp,213.7788529999999
2000,PAE,S&P Capital IQ,integrada,Millones de pesos corrientes,inventarios,22.992505000000182
2000,PAE,S&P Capital IQ,integrada,Millones de pesos corrientes,ppye,3024.2555660000003
2000,PAE,S&P Capital IQ,integrada,Millones de pesos corrientes,ppye_neta,1184.3540370000003
2000,PAE,S&P Capital IQ,integrada,Millones de pesos corrientes,tg_ant,0.21765596349594782
2000,PAE,S&P Capital IQ,integrada,Millones de pesos corrientes,tg_desp,0.17639698959338465
2001,PAE,S&P Capital IQ,integrada,Millones de pesos corrientes,KTA,3046.690296
2001,PAE,S&P Capital IQ,integrada,Millones de pesos corrientes,activo,3420.1400940000003
2001,PAE,S&P Capital IQ,integrada,Millones de pesos corrientes,gcia_ant,345.86048499999976
2001,PAE,S&P Capital IQ,integrada,Millones de pesos corrientes,gcia_desp,189.6467239999999
2001,PAE,S&P Capital IQ,integrada,Millones de pesos corrientes,inventarios,65.79595599999955
2001,PAE,S&P Capital IQ,integrada,Millones de pesos corrientes,ppye,7293.739323000001
2001,PAE,S&P Capital IQ,integrada,Millones de pesos corrientes,ppye_neta,2962.5138530000004
2001,PAE,S&P Capital IQ,integrada,Millones de pesos corrientes,tg_ant,0.11352006649775988
2001,PAE,S&P Capital IQ,integrada,Millones de pesos corrientes,tg_desp,0.06224680081496537
2002,PAE,S&P Capital IQ,integrada,Millones de pesos corrientes,KTA,4460.948331
2002,PAE,S&P Capital IQ,integrada,Millones de pesos corrientes,activo,4872.770861999999
2002,PAE,S&P Capital IQ,integrada,Millones de pesos corrientes,gcia_ant,285.0079929999992
2002,PAE,S&P Capital IQ,integrada,Millones de pesos corrientes,gcia_desp,154.21511299999875
2002,PAE,S&P Capital IQ,integrada,Millones de pesos corrientes,inventarios,61.87152599999991
2002,PAE,S&P Capital IQ,integrada,Millones de pesos corrientes,ppye,9209.628954
2002,PAE,S&P Capital IQ,integrada,Millones de pesos corrientes,ppye_neta,4383.796572000001
2002,PAE,S&P Capital IQ,integrada,Millones de pesos corrientes,tg_ant,0.06388955259118853
2002,PAE,S&P Capital IQ,integrada,Millones de pesos corrientes,tg_desp,0.03457002896185277
2003,PAE,S&P Capital IQ,integrada,Millones de pesos corrientes,KTA,4006.0138790000015
2003,PAE,S&P Capital IQ,integrada,Millones de pesos corrientes,activo,4436.998802999999
2003,PAE,S&P Capital IQ,integrada,Millones de pesos corrientes,gcia_ant,594.5203599999987
2003,PAE,S&P Capital IQ,integrada,Millones de pesos corrientes,gcia_desp,394.98700599999904
2003,PAE,S&P Capital IQ,integrada,Millones de pesos corrientes,inventarios,85.72875100000131
2003,PAE,S&P Capital IQ,integrada,Millones de pesos corrientes,ppye,9227.390098999998
2003,PAE,S&P Capital IQ,integrada,Millones de pesos corrientes,ppye_neta,3876.185920000001
2003,PAE,S&P Capital IQ,integrada,Millones de pesos corrientes,tg_ant,0.14840696461800715
2003,PAE,S&P Capital IQ,integrada,Millones de pesos corrientes,tg_desp,0.09859851162038345
2004,PAE,S&P Capital IQ,integrada,Millones de pesos corrientes,KTA,4400.690820999998
2004,PAE,S&P Capital IQ,integrada,Millones de pesos corrientes,activo,4857.537126000001
2004,PAE,S&P Capital IQ,integrada,Millones de pesos corrientes,gcia_ant,1088.0449660000006
2004,PAE,S&P Capital IQ,integrada,Millones de pesos corrientes,gcia_desp,679.3533780000002
2004,PAE,S&P Capital IQ,integrada,Millones de pesos corrientes,inventarios,113.10847799999884
2004,PAE,S&P Capital IQ,integrada,Millones de pesos corrientes,ppye,9973.48639
2004,PAE,S&P Capital IQ,integrada,Millones de pesos corrientes,ppye_neta,4129.740301
2004,PAE,S&P Capital IQ,integrada,Millones de pesos corrientes,tg_ant,0.24724412831000858
2004,PAE,S&P Capital IQ,integrada,Millones de pesos corrientes,tg_desp,0.15437425750478564
2005,PAE,S&P Capital IQ,integrada,Millones de pesos corrientes,KTA,5280.934644999997
2005,PAE,S&P Capital IQ,integrada,Millones de pesos corrientes,activo,6072.334831
2005,PAE,S&P Capital IQ,integrada,Millones de pesos corrientes,gcia_ant,1681.1717499999993
2005,PAE,S&P Capital IQ,integrada,Millones de pesos corrientes,gcia_desp,1086.2216350000003
2005,PAE,S&P Capital IQ,integrada,Millones de pesos corrientes,inventarios,123.0565519999998
2005,PAE,S&P Capital IQ,integrada,Millones de pesos corrientes,ppye,11191.863982
2005,PAE,S&P Capital IQ,integrada,Millones de pesos corrientes,ppye_neta,4774.583994999998
2005,PAE,S&P Capital IQ,integrada,Millones de pesos corrientes,tg_ant,0.31834738791773104
2005,PAE,S&P Capital IQ,integrada,Millones de pesos corrientes,tg_desp,0.20568738452925903
2006,PAE,S&P Capital IQ,integrada,Millones de pesos corrientes,KTA,6226.664938999997
2006,PAE,S&P Capital IQ,integrada,Millones de pesos corrientes,activo,7145.669880999998
2006,PAE,S&P Capital IQ,integrada,Millones de pesos corrientes,gcia_ant,2544.9078189999987
2006,PAE,S&P Capital IQ,integrada,Millones de pesos corrientes,gcia_desp,1645.037121999999
2006,PAE,S&P Capital IQ,integrada,Millones de pesos corrientes,inventarios,130.80961099999894
2006,PAE,S&P Capital IQ,integrada,Millones de pesos corrientes,ppye,12885.686350999998
2006,PAE,S&P Capital IQ,integrada,Millones de pesos corrientes,ppye_neta,5846.448090999998
2006,PAE,S&P Capital IQ,integrada,Millones de pesos corrientes,tg_ant,0.4087112192371654
2006,PAE,S&P Capital IQ,integrada,Millones de pesos corrientes,tg_desp,0.2641923305839855
2007,PAE,S&P Capital IQ,integrada,Millones de pesos corrientes,KTA,8017.640817999999
2007,PAE,S&P Capital IQ,integrada,Millones de pesos corrientes,activo,8707.219767
2007,PAE,S&P Capital IQ,integrada,Millones de pesos corrientes,gcia_ant,2214.703593
2007,PAE,S&P Capital IQ,integrada,Millones de pesos corrientes,gcia_desp,1435.7427829999997
2007,PAE,S&P Capital IQ,integrada,Millones de pesos corrientes,inventarios,189.47919699999855
2007,PAE,S&P Capital IQ,integrada,Millones de pesos corrientes,ppye,15112.569637
2007,PAE,S&P Capital IQ,integrada,Millones de pesos corrientes,ppye_neta,7343.080536
2007,PAE,S&P Capital IQ,integrada,Millones de pesos corrientes,tg_ant,0.27622883629656764
2007,PAE,S&P Capital IQ,integrada,Millones de pesos corrientes,tg_desp,0.1790729736578728
2008,PAE,S&P Capital IQ,integrada,Millones de pesos corrientes,KTA,10574.762157999996
2008,PAE,S&P Capital IQ,integrada,Millones de pesos corrientes,activo,11696.701657
2008,PAE,S&P Capital IQ,integrada,Millones de pesos corrientes,gcia_ant,1498.4067689999997
2008,PAE,S&P Capital IQ,integrada,Millones de pesos corrientes,gcia_desp,977.0495480000012
2008,PAE,S&P Capital IQ,integrada,Millones de pesos corrientes,inventarios,272.25087999999846
2008,PAE,S&P Capital IQ,integrada,Millones de pesos corrientes,ppye,18256.788597
2008,PAE,S&P Capital IQ,integrada,Millones de pesos corrientes,ppye_neta,9655.267289
2008,PAE,S&P Capital IQ,integrada,Millones de pesos corrientes,tg_ant,0.14169649838095208
2008,PAE,S&P Capital IQ,integrada,Millones de pesos corrientes,tg_desp,0.09239447028705472
2009,PAE,S&P Capital IQ,integrada,Millones de pesos corrientes,KTA,12146.576484000003
2009,PAE,S&P Capital IQ,integrada,Millones de pesos corrientes,activo,14491.371839
2009,PAE,S&P Capital IQ,integrada,Millones de pesos corrientes,gcia_ant,3321.327919000001
2009,PAE,S&P Capital IQ,integrada,Millones de pesos corrientes,gcia_desp,2155.4982780000005
2009,PAE,S&P Capital IQ,integrada,Millones de pesos corrientes,inventarios,266.6732900000006
2009,PAE,S&P Capital IQ,integrada,Millones de pesos corrientes,ppye,21502.218038
2009,PAE,S&P Capital IQ,integrada,Millones de pesos corrientes,ppye_neta,11838.320097000002
2009,PAE,S&P Capital IQ,integrada,Millones de pesos corrientes,tg_ant,0.2734373692352737
2009,PAE,S&P Capital IQ,integrada,Millones de pesos corrientes,tg_desp,0.17745726796676548
2010,PAE,S&P Capital IQ,integrada,Millones de pesos corrientes,KTA,14267.561
2010,PAE,S&P Capital IQ,integrada,Millones de pesos corrientes,activo,16850.076
2010,PAE,S&P Capital IQ,integrada,Millones de pesos corrientes,gcia_ant,3213.788
2010,PAE,S&P Capital IQ,integrada,Millones de pesos corrientes,gcia_desp,2111.253
2010,PAE,S&P Capital IQ,integrada,Millones de pesos corrientes,inventarios,245.421
2010,PAE,S&P Capital IQ,integrada,Millones de pesos corrientes,ppye,24828.636
2010,PAE,S&P Capital IQ,integrada,Millones de pesos corrientes,ppye_neta,13943.096
2010,PAE,S&P Capital IQ,integrada,Millones de pesos corrientes,tg_ant,0.22525139370352087
2010,PAE,S&P Capital IQ,integrada,Millones de pesos corrientes,tg_desp,0.1479757472212665
2011,PAE,S&P Capital IQ,integrada,Millones de pesos corrientes,KTA,25562.216999999997
2011,PAE,S&P Capital IQ,integrada,Millones de pesos corrientes,activo,27791.191000000003
2011,PAE,S&P Capital IQ,integrada,Millones de pesos corrientes,gcia_ant,5091.629
2011,PAE,S&P Capital IQ,integrada,Millones de pesos corrientes,gcia_desp,3152.582
2011,PAE,S&P Capital IQ,integrada,Millones de pesos corrientes,inventarios,368.735
2011,PAE,S&P Capital IQ,integrada,Millones de pesos corrientes,ppye,40115.042
2011,PAE,S&P Capital IQ,integrada,Millones de pesos corrientes,ppye_neta,23967.134
2011,PAE,S&P Capital IQ,integrada,Millones de pesos corrientes,tg_ant,0.1991857357286342
2011,PAE,S&P Capital IQ,integrada,Millones de pesos corrientes,tg_desp,0.12332975657001896
2012,PAE,S&P Capital IQ,integrada,Millones de pesos corrientes,KTA,30251.174
2012,PAE,S&P Capital IQ,integrada,Millones de pesos corrientes,activo,32855.452
2012,PAE,S&P Capital IQ,integrada,Millones de pesos corrientes,gcia_ant,2767.12
2012,PAE,S&P Capital IQ,integrada,Millones de pesos corrientes,gcia_desp,1387.249
2012,PAE,S&P Capital IQ,integrada,Millones de pesos corrientes,inventarios,653.629
2012,PAE,S&P Capital IQ,integrada,Millones de pesos corrientes,ppye,49486.296
2012,PAE,S&P Capital IQ,integrada,Millones de pesos corrientes,ppye_neta,28880.779
2012,PAE,S&P Capital IQ,integrada,Millones de pesos corrientes,tg_ant,0.09147149132129549
2012,PAE,S&P Capital IQ,integrada,Millones de pesos corrientes,tg_desp,0.045857691341169106
2013,PAE,S&P Capital IQ,integrada,Millones de pesos corrientes,KTA,43335.672
2013,PAE,S&P Capital IQ,integrada,Millones de pesos corrientes,activo,47429.345
2013,PAE,S&P Capital IQ,integrada,Millones de pesos corrientes,gcia_ant,5615.9580000000005
2013,PAE,S&P Capital IQ,integrada,Millones de pesos corrientes,gcia_desp,2485.978
2013,PAE,S&P Capital IQ,integrada,Millones de pesos corrientes,inventarios,676.682
2013,PAE,S&P Capital IQ,integrada,Millones de pesos corrientes,ppye,72638.44099999999
2013,PAE,S&P Capital IQ,integrada,Millones de pesos corrientes,ppye_neta,42351.401
2013,PAE,S&P Capital IQ,integrada,Millones de pesos corrientes,tg_ant,0.1295920367866916
2013,PAE,S&P Capital IQ,integrada,Millones de pesos corrientes,tg_desp,0.057365627098156
2014,PAE,S&P Capital IQ,integrada,Millones de pesos corrientes,KTA,65730.0
2014,PAE,S&P Capital IQ,integrada,Millones de pesos corrientes,activo,71777.0
2014,PAE,S&P Capital IQ,integrada,Millones de pesos corrientes,gcia_ant,8107.0
2014,PAE,S&P Capital IQ,integrada,Millones de pesos corrientes,gcia_desp,3921.0
2014,PAE,S&P Capital IQ,integrada,Millones de pesos corrientes,inventarios,920.0
2014,PAE,S&P Capital IQ,integrada,Millones de pesos corrientes,ppye,108692.0
2014,PAE,S&P Capital IQ,integrada,Millones de pesos corrientes,ppye_neta,64526.0
2014,PAE,S&P Capital IQ,integrada,Millones de pesos corrientes,tg_ant,0.12333789745930321
2014,PAE,S&P Capital IQ,integrada,Millones de pesos corrientes,tg_desp,0.059653126426289366
2015,PAE,S&P Capital IQ,integrada,Millones de pesos corrientes,KTA,116166.0
2015,PAE,S&P Capital IQ,integrada,Millones de pesos corrientes,activo,126555.0
2015,PAE,S&P Capital IQ,integrada,Millones de pesos corrientes,gcia_ant,8631.0
2015,PAE,S&P Capital IQ,integrada,Millones de pesos corrientes,gcia_desp,1986.0
2015,PAE,S&P Capital IQ,integrada,Millones de pesos corrientes,inventarios,2260.0
2015,PAE,S&P Capital IQ,integrada,Millones de pesos corrientes,ppye,182809.0
2015,PAE,S&P Capital IQ,integrada,Millones de pesos corrientes,ppye_neta,106956.0
2015,PAE,S&P Capital IQ,integrada,Millones de pesos corrientes,tg_ant,0.07429884819998966
2015,PAE,S&P Capital IQ,integrada,Millones de pesos corrientes,tg_desp,0.017096224368576003
2016,PAE,S&P Capital IQ,integrada,Millones de pesos corrientes,KTA,135885.0
2016,PAE,S&P Capital IQ,integrada,Millones de pesos corrientes,activo,147850.00000000003
2016,PAE,S&P Capital IQ,integrada,Millones de pesos corrientes,gcia_ant,11960.000000000002
2016,PAE,S&P Capital IQ,integrada,Millones de pesos corrientes,gcia_desp,5876.0
2016,PAE,S&P Capital IQ,integrada,Millones de pesos corrientes,inventarios,2545.0000000000005
2016,PAE,S&P Capital IQ,integrada,Millones de pesos corrientes,ppye,232999.00000000003
2016,PAE,S&P Capital IQ,integrada,Millones de pesos corrientes,ppye_neta,129279.0
2016,PAE,S&P Capital IQ,integrada,Millones de pesos corrientes,tg_ant,0.08801560142767782
2016,PAE,S&P Capital IQ,integrada,Millones de pesos corrientes,tg_desp,0.043242447657946055
2017,PAE,S&P Capital IQ,integrada,Millones de pesos corrientes,KTA,168969.0
2017,PAE,S&P Capital IQ,integrada,Millones de pesos corrientes,activo,176184.00000000003
2017,PAE,S&P Capital IQ,integrada,Millones de pesos corrientes,gcia_ant,6072.0
2017,PAE,S&P Capital IQ,integrada,Millones de pesos corrientes,gcia_desp,9402.0
2017,PAE,S&P Capital IQ,integrada,Millones de pesos corrientes,inventarios,3438.0
2017,PAE,S&P Capital IQ,integrada,Millones de pesos corrientes,ppye,298335.0
2017,PAE,S&P Capital IQ,integrada,Millones de pesos corrientes,ppye_neta,162359.0
2017,PAE,S&P Capital IQ,integrada,Millones de pesos corrientes,tg_ant,0.035935585817516824
2017,PAE,S&P Capital IQ,integrada,Millones de pesos corrientes,tg_desp,0.05564334286170836
2018,PAE,S&P Capital IQ,integrada,Millones de pesos corrientes,KTA,439830.0
2018,PAE,S&P Capital IQ,integrada,Millones de pesos corrientes,activo,465831.0
2018,PAE,S&P Capital IQ,integrada,Millones de pesos corrientes,gcia_ant,24456.000000000004
2018,PAE,S&P Capital IQ,integrada,Millones de pesos corrientes,gcia_desp,10481.0
2018,PAE,S&P Capital IQ,integrada,Millones de pesos corrientes,inventarios,16415.0
2018,PAE,S&P Capital IQ,integrada,Millones de pesos corrientes,ppye,735102.0
2018,PAE,S&P Capital IQ,integrada,Millones de pesos corrientes,ppye_neta,404902.0
2018,PAE,S&P Capital IQ,integrada,Millones de pesos corrientes,tg_ant,0.05560330127549281
2018,PAE,S&P Capital IQ,integrada,Millones de pesos corrientes,tg_desp,0.023829661460109588
2019,PAE,S&P Capital IQ,integrada,Millones de pesos corrientes,KTA,743264.0
2019,PAE,S&P Capital IQ,integrada,Millones de pesos corrientes,activo,773109.0
2019,PAE,S&P Capital IQ,integrada,Millones de pesos corrientes,gcia_ant,35360.0
2019,PAE,S&P Capital IQ,integrada,Millones de pesos corrientes,gcia_desp,12082.0
2019,PAE,S&P Capital IQ,integrada,Millones de pesos corrientes,inventarios,25510.0
2019,PAE,S&P Capital IQ,integrada,Millones de pesos corrientes,ppye,1279982.0
2019,PAE,S&P Capital IQ,integrada,Millones de pesos corrientes,ppye_neta,699695.0
2019,PAE,S&P Capital IQ,integrada,Millones de pesos corrientes,tg_ant,0.047573944116760664
2019,PAE,S&P Capital IQ,integrada,Millones de pesos corrientes,tg_desp,0.016255327851207646
2020,PAE,S&P Capital IQ,integrada,Millones de pesos corrientes,KTA,1022078.0
2020,PAE,S&P Capital IQ,integrada,Millones de pesos corrientes,activo,1063880.0
2020,PAE,S&P Capital IQ,integrada,Millones de pesos corrientes,gcia_ant,-32256.925232214548
2020,PAE,S&P Capital IQ,integrada,Millones de pesos corrientes,gcia_desp,-19719.10575326984
2020,PAE,S&P Capital IQ,integrada,Millones de pesos corrientes,inventarios,40819.0
2020,PAE,S&P Capital IQ,integrada,Millones de pesos corrientes,ppye,1849101.0
2020,PAE,S&P Capital IQ,integrada,Millones de pesos corrientes,ppye_neta,962704.0
2020,PAE,S&P Capital IQ,integrada,Millones de pesos corrientes,tg_ant,-0.031560140451330085
2020,PAE,S&P Capital IQ,integrada,Millones de pesos corrientes,tg_desp,-0.0192931515532766
2021,PAE,S&P Capital IQ,integrada,Millones de pesos corrientes,KTA,1279054.0000000002
2021,PAE,S&P Capital IQ,integrada,Millones de pesos corrientes,activo,1322621.0000000002
2021,PAE,S&P Capital IQ,integrada,Millones de pesos corrientes,gcia_ant,40229.00000000001
2021,PAE,S&P Capital IQ,integrada,Millones de pesos corrientes,gcia_desp,-33210.26844248154
2021,PAE,S&P Capital IQ,integrada,Millones de pesos corrientes,inventarios,47485.00000000001
2021,PAE,S&P Capital IQ,integrada,Millones de pesos corrientes,ppye,2366417.0
2021,PAE,S&P Capital IQ,integrada,Millones de pesos corrientes,ppye_neta,1198523.0000000002
2021,PAE,S&P Capital IQ,integrada,Millones de pesos corrientes,tg_ant,0.03145215135561125
2021,PAE,S&P Capital IQ,integrada,Millones de pesos corrientes,tg_desp,-0.02596471176547787
2022,PAE,S&P Capital IQ,integrada,Millones de pesos corrientes,KTA,2236680.0
2022,PAE,S&P Capital IQ,integrada,Millones de pesos corrientes,activo,2341094.0
2022,PAE,S&P Capital IQ,integrada,Millones de pesos corrientes,gcia_ant,67874.99999999999
2022,PAE,S&P Capital IQ,integrada,Millones de pesos corrientes,gcia_desp,51108.99999999999
2022,PAE,S&P Capital IQ,integrada,Millones de pesos corrientes,inventarios,95636.0
2022,PAE,S&P Capital IQ,integrada,Millones de pesos corrientes,ppye,4245109.0
2022,PAE,S&P Capital IQ,integrada,Millones de pesos corrientes,ppye_neta,2085659.0
2022,PAE,S&P Capital IQ,integrada,Millones de pesos corrientes,tg_ant,0.030346316862492617
2022,PAE,S&P Capital IQ,integrada,Millones de pesos corrientes,tg_desp,0.022850385392635512
2023,PAE,S&P Capital IQ,integrada,Millones de pesos corrientes,KTA,10925595.0
2023,PAE,S&P Capital IQ,integrada,Millones de pesos corrientes,activo,11247949.0
2023,PAE,S&P Capital IQ,integrada,Millones de pesos corrientes,gcia_ant,301155.0
2023,PAE,S&P Capital IQ,integrada,Millones de pesos corrientes,gcia_desp,92665.0
2023,PAE,S&P Capital IQ,integrada,Millones de pesos corrientes,inventarios,521961.0
2023,PAE,S&P Capital IQ,integrada,Millones de pesos corrientes,ppye,20611536.0
2023,PAE,S&P Capital IQ,integrada,Millones de pesos corrientes,ppye_neta,10150129.0
2023,PAE,S&P Capital IQ,integrada,Millones de pesos corrientes,tg_ant,0.027564173850485946
2023,PAE,S&P Capital IQ,integrada,Millones de pesos corrientes,tg_desp,0.00848146027744942
2024,PAE,S&P Capital IQ,integrada,Millones de pesos corrientes,KTA,13872461.0
2024,PAE,S&P Capital IQ,integrada,Millones de pesos corrientes,activo,14505377.0
2024,PAE,S&P Capital IQ,integrada,Millones de pesos corrientes,gcia_ant,-1025948.2108024068
2024,PAE,S&P Capital IQ,integrada,Millones de pesos corrientes,gcia_desp,386624.00000000006
2024,PAE,S&P Capital IQ,integrada,Millones de pesos corrientes,inventarios,731096.0
2024,PAE,S&P Capital IQ,integrada,Millones de pesos corrientes,ppye,26106816.0
2024,PAE,S&P Capital IQ,integrada,Millones de pesos corrientes,ppye_neta,12335940.0
2024,PAE,S&P Capital IQ,integrada,Millones de pesos corrientes,tg_ant,-0.07395574662652912
2024,PAE,S&P Capital IQ,integrada,Millones de pesos corrientes,tg_desp,0.02786989273208265
2025,PAE,S&P Capital IQ,integrada,Millones de pesos corrientes,KTA,19403283.0
2025,PAE,S&P Capital IQ,integrada,Millones de pesos corrientes,activo,20265878.0
2025,PAE,S&P Capital IQ,integrada,Millones de pesos corrientes,gcia_ant,191882.0
2025,PAE,S&P Capital IQ,integrada,Millones de pesos corrientes,gcia_desp,35025.0
2025,PAE,S&P Capital IQ,integrada,Millones de pesos corrientes,inventarios,841813.0
2025,PAE,S&P Capital IQ,integrada,Millones de pesos corrientes,ppye,38171394.0
2025,PAE,S&P Capital IQ,integrada,Millones de pesos corrientes,ppye_neta,17649530.0
2025,PAE,S&P Capital IQ,integrada,Millones de pesos corrientes,tg_ant,0.009889151232809416
2025,PAE,S&P Capital IQ,integrada,Millones de pesos corrientes,tg_desp,0.0018051068986624584
2006,PCR,S&P Capital IQ,produccion,Millones de pesos corrientes,KTA,540.7304010000014
2006,PCR,S&P Capital IQ,produccion,Millones de pesos corrientes,activo,601.3853760000003
2006,PCR,S&P Capital IQ,produccion,Millones de pesos corrientes,gcia_ant,122.76626699999886
2006,PCR,S&P Capital IQ,produccion,Millones de pesos corrientes,gcia_desp,85.01585500000024
2006,PCR,S&P Capital IQ,produccion,Millones de pesos corrientes,inventarios,38.331585000000494
2006,PCR,S&P Capital IQ,produccion,Millones de pesos corrientes,ppye_neta,463.6945550000008
2006,PCR,S&P Capital IQ,produccion,Millones de pesos corrientes,tg_ant,0.22703784875598024
2006,PCR,S&P Capital IQ,produccion,Millones de pesos corrientes,tg_desp,0.15722410806341924
2007,PCR,S&P Capital IQ,produccion,Millones de pesos corrientes,KTA,796.2709850000025
2007,PCR,S&P Capital IQ,produccion,Millones de pesos corrientes,activo,918.5035249999988
2007,PCR,S&P Capital IQ,produccion,Millones de pesos corrientes,gcia_ant,169.3300509999995
2007,PCR,S&P Capital IQ,produccion,Millones de pesos corrientes,gcia_desp,117.42772800000073
2007,PCR,S&P Capital IQ,produccion,Millones de pesos corrientes,inventarios,47.3494850000008
2007,PCR,S&P Capital IQ,produccion,Millones de pesos corrientes,ppye_neta,719.7927820000004
2007,PCR,S&P Capital IQ,produccion,Millones de pesos corrientes,tg_ant,0.2126538002637368
2007,PCR,S&P Capital IQ,produccion,Millones de pesos corrientes,tg_desp,0.14747206693711232
2008,PCR,S&P Capital IQ,produccion,Millones de pesos corrientes,KTA,858.2013090000012
2008,PCR,S&P Capital IQ,produccion,Millones de pesos corrientes,activo,969.4010159999992
2008,PCR,S&P Capital IQ,produccion,Millones de pesos corrientes,gcia_ant,58.83872599999935
2008,PCR,S&P Capital IQ,produccion,Millones de pesos corrientes,gcia_desp,37.51316899999889
2008,PCR,S&P Capital IQ,produccion,Millones de pesos corrientes,inventarios,65.79517499999949
2008,PCR,S&P Capital IQ,produccion,Millones de pesos corrientes,ppye_neta,716.719266000001
2008,PCR,S&P Capital IQ,produccion,Millones de pesos corrientes,tg_ant,0.06856051765821679
2008,PCR,S&P Capital IQ,produccion,Millones de pesos corrientes,tg_desp,0.04371138636890478
2009,PCR,S&P Capital IQ,produccion,Millones de pesos corrientes,KTA,974.2564769999973
2009,PCR,S&P Capital IQ,produccion,Millones de pesos corrientes,activo,1081.0091419999983
2009,PCR,S&P Capital IQ,produccion,Millones de pesos corrientes,gcia_ant,150.8835709999992
2009,PCR,S&P Capital IQ,produccion,Millones de pesos corrientes,gcia_desp,85.79583099999957
2009,PCR,S&P Capital IQ,produccion,Millones de pesos corrientes,inventarios,89.84332700000017
2009,PCR,S&P Capital IQ,produccion,Millones de pesos corrientes,ppye_neta,775.4054509999984
2009,PCR,S&P Capital IQ,produccion,Millones de pesos corrientes,tg_ant,0.1548704828369333
2009,PCR,S&P Capital IQ,produccion,Millones de pesos corrientes,tg_desp,0.0880628797708263
2010,PCR,S&P Capital IQ,produccion,Millones de pesos corrientes,KTA,1124.7331609999974
2010,PCR,S&P Capital IQ,produccion,Millones de pesos corrientes,activo,1249.8948140000005
2010,PCR,S&P Capital IQ,produccion,Millones de pesos corrientes,gcia_ant,297.2175820000002
2010,PCR,S&P Capital IQ,produccion,Millones de pesos corrientes,gcia_desp,189.05744099999995
2010,PCR,S&P Capital IQ,produccion,Millones de pesos corrientes,inventarios,110.6756689999998
2010,PCR,S&P Capital IQ,produccion,Millones de pesos corrientes,ppye_neta,879.7973409999987
2010,PCR,S&P Capital IQ,produccion,Millones de pesos corrientes,tg_ant,0.2642560851817909
2010,PCR,S&P Capital IQ,produccion,Millones de pesos corrientes,tg_desp,0.16809092819127824
2011,PCR,S&P Capital IQ,produccion,Millones de pesos corrientes,KTA,1118.8152719999996
2011,PCR,S&P Capital IQ,produccion,Millones de pesos corrientes,activo,1362.292680999999
2011,PCR,S&P Capital IQ,produccion,Millones de pesos corrientes,gcia_ant,307.56845800000025
2011,PCR,S&P Capital IQ,produccion,Millones de pesos corrientes,gcia_desp,205.89198199999856
2011,PCR,S&P Capital IQ,produccion,Millones de pesos corrientes,inventarios,108.87466700000138
2011,PCR,S&P Capital IQ,produccion,Millones de pesos corrientes,ppye,1821.070330999999
2011,PCR,S&P Capital IQ,produccion,Millones de pesos corrientes,ppye_neta,949.585081
2011,PCR,S&P Capital IQ,produccion,Millones de pesos corrientes,tg_ant,0.27490548770414025
2011,PCR,S&P Capital IQ,produccion,Millones de pesos corrientes,tg_desp,0.18402678900864936
2012,PCR,S&P Capital IQ,produccion,Millones de pesos corrientes,KTA,1289.211575999999
2012,PCR,S&P Capital IQ,produccion,Millones de pesos corrientes,activo,1589.6533270000014
2012,PCR,S&P Capital IQ,produccion,Millones de pesos corrientes,gcia_ant,295.3958449999976
2012,PCR,S&P Capital IQ,produccion,Millones de pesos corrientes,gcia_desp,190.28487000000223
2012,PCR,S&P Capital IQ,produccion,Millones de pesos corrientes,inventarios,167.70296900000147
2012,PCR,S&P Capital IQ,produccion,Millones de pesos corrientes,ppye,2115.0561969999985
2012,PCR,S&P Capital IQ,produccion,Millones de pesos corrientes,ppye_neta,1054.4931299999978
2012,PCR,S&P Capital IQ,produccion,Millones de pesos corrientes,tg_ant,0.22912906655439297
2012,PCR,S&P Capital IQ,produccion,Millones de pesos corrientes,tg_desp,0.14759786022895777
2013,PCR,S&P Capital IQ,produccion,Millones de pesos corrientes,KTA,1726.9854540000015
2013,PCR,S&P Capital IQ,produccion,Millones de pesos corrientes,activo,2223.562290000003
2013,PCR,S&P Capital IQ,produccion,Millones de pesos corrientes,gcia_ant,447.51041399999696
2013,PCR,S&P Capital IQ,produccion,Millones de pesos corrientes,gcia_desp,290.12135000000296
2013,PCR,S&P Capital IQ,produccion,Millones de pesos corrientes,inventarios,208.0523040000011
2013,PCR,S&P Capital IQ,produccion,Millones de pesos corrientes,ppye,2549.463725999999
2013,PCR,S&P Capital IQ,produccion,Millones de pesos corrientes,ppye_neta,1236.4925249999978
2013,PCR,S&P Capital IQ,produccion,Millones de pesos corrientes,tg_ant,0.25912807369829566
2013,PCR,S&P Capital IQ,produccion,Millones de pesos corrientes,tg_desp,0.1679929320354326
2014,PCR,S&P Capital IQ,produccion,Millones de pesos corrientes,KTA,2546.732433999997
2014,PCR,S&P Capital IQ,produccion,Millones de pesos corrientes,activo,3289.998505999998
2014,PCR,S&P Capital IQ,produccion,Millones de pesos corrientes,gcia_ant,849.8005609999963
2014,PCR,S&P Capital IQ,produccion,Millones de pesos corrientes,gcia_desp,512.0574170000027
2014,PCR,S&P Capital IQ,produccion,Millones de pesos corrientes,inventarios,275.96179600000136
2014,PCR,S&P Capital IQ,produccion,Millones de pesos corrientes,ppye,3920.515103999999
2014,PCR,S&P Capital IQ,produccion,Millones de pesos corrientes,ppye_neta,1966.5528569999976
2014,PCR,S&P Capital IQ,produccion,Millones de pesos corrientes,tg_ant,0.33368270245228177
2014,PCR,S&P Capital IQ,produccion,Millones de pesos corrientes,tg_desp,0.2010644738975368
2015,PCR,S&P Capital IQ,produccion,Millones de pesos corrientes,KTA,2966.5627730000015
2015,PCR,S&P Capital IQ,produccion,Millones de pesos corrientes,activo,4097.222661999996
2015,PCR,S&P Capital IQ,produccion,Millones de pesos corrientes,gcia_ant,904.1299220000052
2015,PCR,S&P Capital IQ,produccion,Millones de pesos corrientes,gcia_desp,548.9554819999946
2015,PCR,S&P Capital IQ,produccion,Millones de pesos corrientes,inventarios,348.1521560000028
2015,PCR,S&P Capital IQ,produccion,Millones de pesos corrientes,ppye,4893.438915000005
2015,PCR,S&P Capital IQ,produccion,Millones de pesos corrientes,ppye_neta,2080.1300969999934
2015,PCR,S&P Capital IQ,produccion,Millones de pesos corrientes,tg_ant,0.30477356832927693
2015,PCR,S&P Capital IQ,produccion,Millones de pesos corrientes,tg_desp,0.18504765413908683
2016,PCR,S&P Capital IQ,produccion,Millones de pesos corrientes,KTA,4283.1410000000005
2016,PCR,S&P Capital IQ,produccion,Millones de pesos corrientes,activo,5990.347000000001
2016,PCR,S&P Capital IQ,produccion,Millones de pesos corrientes,gcia_ant,1184.9060000000002
2016,PCR,S&P Capital IQ,produccion,Millones de pesos corrientes,gcia_desp,763.6460000000002
2016,PCR,S&P Capital IQ,produccion,Millones de pesos corrientes,inventarios,632.3800000000001
2016,PCR,S&P Capital IQ,produccion,Millones de pesos corrientes,ppye,5750.657000000001
2016,PCR,S&P Capital IQ,produccion,Millones de pesos corrientes,ppye_neta,2386.896
2016,PCR,S&P Capital IQ,produccion,Millones de pesos corrientes,tg_ant,0.2766441730496381
2016,PCR,S&P Capital IQ,produccion,Millones de pesos corrientes,tg_desp,0.1782911185973098
2017,PCR,S&P Capital IQ,produccion,Millones de pesos corrientes,KTA,12737.641000000003
2017,PCR,S&P Capital IQ,produccion,Millones de pesos corrientes,activo,17265.156
2017,PCR,S&P Capital IQ,produccion,Millones de pesos corrientes,gcia_ant,412.223
2017,PCR,S&P Capital IQ,produccion,Millones de pesos corrientes,gcia_desp,287.37600000000003
2017,PCR,S&P Capital IQ,produccion,Millones de pesos corrientes,inventarios,1245.9500000000005
2017,PCR,S&P Capital IQ,produccion,Millones de pesos corrientes,ppye,25162.322000000004
2017,PCR,S&P Capital IQ,produccion,Millones de pesos corrientes,ppye_neta,10586.501000000002
2017,PCR,S&P Capital IQ,produccion,Millones de pesos corrientes,tg_ant,0.03236258581946217
2017,PCR,S&P Capital IQ,produccion,Millones de pesos corrientes,tg_desp,0.022561163405374667
2018,PCR,S&P Capital IQ,produccion,Millones de pesos corrientes,KTA,35517.601
2018,PCR,S&P Capital IQ,produccion,Millones de pesos corrientes,activo,46925.05300000001
2018,PCR,S&P Capital IQ,produccion,Millones de pesos corrientes,gcia_ant,1544.2190000000005
2018,PCR,S&P Capital IQ,produccion,Millones de pesos corrientes,gcia_desp,577.3900000000001
2018,PCR,S&P Capital IQ,produccion,Millones de pesos corrientes,inventarios,2233.583
2018,PCR,S&P Capital IQ,produccion,Millones de pesos corrientes,ppye,50021.474
2018,PCR,S&P Capital IQ,produccion,Millones de pesos corrientes,ppye_neta,22565.503
2018,PCR,S&P Capital IQ,produccion,Millones de pesos corrientes,tg_ant,0.04347757045865796
2018,PCR,S&P Capital IQ,produccion,Millones de pesos corrientes,tg_desp,0.016256447050013317
2019,PCR,S&P Capital IQ,produccion,Millones de pesos corrientes,KTA,59456.274
2019,PCR,S&P Capital IQ,produccion,Millones de pesos corrientes,activo,70876.174
2019,PCR,S&P Capital IQ,produccion,Millones de pesos corrientes,gcia_ant,4176.387000000001
2019,PCR,S&P Capital IQ,produccion,Millones de pesos corrientes,gcia_desp,1859.036
2019,PCR,S&P Capital IQ,produccion,Millones de pesos corrientes,inventarios,2967.793
2019,PCR,S&P Capital IQ,produccion,Millones de pesos corrientes,ppye,93201.767
2019,PCR,S&P Capital IQ,produccion,Millones de pesos corrientes,ppye_neta,51107.187
2019,PCR,S&P Capital IQ,produccion,Millones de pesos corrientes,tg_ant,0.07024299908198083
2019,PCR,S&P Capital IQ,produccion,Millones de pesos corrientes,tg_desp,0.03126728055646407
2020,PCR,S&P Capital IQ,produccion,Millones de pesos corrientes,KTA,96845.10399999999
2020,PCR,S&P Capital IQ,produccion,Millones de pesos corrientes,activo,113057.23900000002
2020,PCR,S&P Capital IQ,produccion,Millones de pesos corrientes,gcia_ant,2523.627
2020,PCR,S&P Capital IQ,produccion,Millones de pesos corrientes,gcia_desp,-151.36200578202863
2020,PCR,S&P Capital IQ,produccion,Millones de pesos corrientes,inventarios,3678.273
2020,PCR,S&P Capital IQ,produccion,Millones de pesos corrientes,ppye,155300.408
2020,PCR,S&P Capital IQ,produccion,Millones de pesos corrientes,ppye_neta,84562.572
2020,PCR,S&P Capital IQ,produccion,Millones de pesos corrientes,tg_ant,0.026058384944271422
2020,PCR,S&P Capital IQ,produccion,Millones de pesos corrientes,tg_desp,-0.0015629288371875633
2021,PCR,S&P Capital IQ,produccion,Millones de pesos corrientes,KTA,179148.28100000002
2021,PCR,S&P Capital IQ,produccion,Millones de pesos corrientes,activo,201164.232
2021,PCR,S&P Capital IQ,produccion,Millones de pesos corrientes,gcia_ant,21460.647
2021,PCR,S&P Capital IQ,produccion,Millones de pesos corrientes,gcia_desp,4612.331000000001
2021,PCR,S&P Capital IQ,produccion,Millones de pesos corrientes,inventarios,6539.842000000001
2021,PCR,S&P Capital IQ,produccion,Millones de pesos corrientes,ppye,276827.833
2021,PCR,S&P Capital IQ,produccion,Millones de pesos corrientes,ppye_neta,135845.89800000002
2021,PCR,S&P Capital IQ,produccion,Millones de pesos corrientes,tg_ant,0.11979264819180709
2021,PCR,S&P Capital IQ,produccion,Millones de pesos corrientes,tg_desp,0.025745884773518985
2022,PCR,S&P Capital IQ,produccion,Millones de pesos corrientes,KTA,617150.112
2022,PCR,S&P Capital IQ,produccion,Millones de pesos corrientes,activo,696719.031
2022,PCR,S&P Capital IQ,produccion,Millones de pesos corrientes,gcia_ant,40505.882
2022,PCR,S&P Capital IQ,produccion,Millones de pesos corrientes,gcia_desp,52529.83
2022,PCR,S&P Capital IQ,produccion,Millones de pesos corrientes,inventarios,18962.206
2022,PCR,S&P Capital IQ,produccion,Millones de pesos corrientes,ppye,963464.662
2022,PCR,S&P Capital IQ,produccion,Millones de pesos corrientes,ppye_neta,489585.158
2022,PCR,S&P Capital IQ,produccion,Millones de pesos corrientes,tg_ant,0.0656337594572129
2022,PCR,S&P Capital IQ,produccion,Millones de pesos corrientes,tg_desp,0.08511677949756251
2023,PCR,S&P Capital IQ,produccion,Millones de pesos corrientes,KTA,2007595.0
2023,PCR,S&P Capital IQ,produccion,Millones de pesos corrientes,activo,2154658.0
2023,PCR,S&P Capital IQ,produccion,Millones de pesos corrientes,gcia_ant,-61444.627880014814
2023,PCR,S&P Capital IQ,produccion,Millones de pesos corrientes,gcia_desp,-30156.37657795464
2023,PCR,S&P Capital IQ,produccion,Millones de pesos corrientes,inventarios,52913.0
2023,PCR,S&P Capital IQ,produccion,Millones de pesos corrientes,ppye,2973317.0
2023,PCR,S&P Capital IQ,produccion,Millones de pesos corrientes,ppye_neta,1663079.0
2023,PCR,S&P Capital IQ,produccion,Millones de pesos corrientes,tg_ant,-0.030606087323396806
2023,PCR,S&P Capital IQ,produccion,Millones de pesos corrientes,tg_desp,-0.015021145488982908
2024,PCR,S&P Capital IQ,produccion,Millones de pesos corrientes,KTA,1321336.0
2024,PCR,S&P Capital IQ,produccion,Millones de pesos corrientes,activo,1462562.0
2024,PCR,S&P Capital IQ,produccion,Millones de pesos corrientes,gcia_ant,163238.0
2024,PCR,S&P Capital IQ,produccion,Millones de pesos corrientes,gcia_desp,122515.0
2024,PCR,S&P Capital IQ,produccion,Millones de pesos corrientes,inventarios,48715.00000000001
2024,PCR,S&P Capital IQ,produccion,Millones de pesos corrientes,ppye,2349944.0
2024,PCR,S&P Capital IQ,produccion,Millones de pesos corrientes,ppye_neta,1115519.0
2024,PCR,S&P Capital IQ,produccion,Millones de pesos corrientes,tg_ant,0.12354011394527963
2024,PCR,S&P Capital IQ,produccion,Millones de pesos corrientes,tg_desp,0.09272054950444096
2025,PCR,S&P Capital IQ,produccion,Millones de pesos corrientes,KTA,1736876.9999999998
2025,PCR,S&P Capital IQ,produccion,Millones de pesos corrientes,activo,1955392.0
2025,PCR,S&P Capital IQ,produccion,Millones de pesos corrientes,gcia_ant,-10689.895718696764
2025,PCR,S&P Capital IQ,produccion,Millones de pesos corrientes,gcia_desp,-33029.03677187077
2025,PCR,S&P Capital IQ,produccion,Millones de pesos corrientes,inventarios,62071.99999999999
2025,PCR,S&P Capital IQ,produccion,Millones de pesos corrientes,ppye,3123158.9999999995
2025,PCR,S&P Capital IQ,produccion,Millones de pesos corrientes,ppye_neta,1458579.9999999998
2025,PCR,S&P Capital IQ,produccion,Millones de pesos corrientes,tg_ant,-0.006154664791287331
2025,PCR,S&P Capital IQ,produccion,Millones de pesos corrientes,tg_desp,-0.0190163360859006
1992,Petrobras,S&P Capital IQ,integrada,Millones de pesos corrientes,KTA,1200.131
1992,Petrobras,S&P Capital IQ,integrada,Millones de pesos corrientes,activo,1953.892
1992,Petrobras,S&P Capital IQ,integrada,Millones de pesos corrientes,gcia_ant,177.998
1992,Petrobras,S&P Capital IQ,integrada,Millones de pesos corrientes,gcia_desp,104.463
1992,Petrobras,S&P Capital IQ,integrada,Millones de pesos corrientes,inventarios,175.98000000000002
1992,Petrobras,S&P Capital IQ,integrada,Millones de pesos corrientes,ppye_neta,756.562
1992,Petrobras,S&P Capital IQ,integrada,Millones de pesos corrientes,tg_ant,0.1483154755605846
1992,Petrobras,S&P Capital IQ,integrada,Millones de pesos corrientes,tg_desp,0.08704299780607283
1993,Petrobras,S&P Capital IQ,integrada,Millones de pesos corrientes,KTA,1103.371
1993,Petrobras,S&P Capital IQ,integrada,Millones de pesos corrientes,activo,2304.612
1993,Petrobras,S&P Capital IQ,integrada,Millones de pesos corrientes,gcia_ant,183.866
1993,Petrobras,S&P Capital IQ,integrada,Millones de pesos corrientes,gcia_desp,160.00400000000002
1993,Petrobras,S&P Capital IQ,integrada,Millones de pesos corrientes,inventarios,183.883
1993,Petrobras,S&P Capital IQ,integrada,Millones de pesos corrientes,ppye_neta,698.774
1993,Petrobras,S&P Capital IQ,integrada,Millones de pesos corrientes,tg_ant,0.16664023252378393
1993,Petrobras,S&P Capital IQ,integrada,Millones de pesos corrientes,tg_desp,0.1450137804963154
1994,Petrobras,S&P Capital IQ,integrada,Millones de pesos corrientes,KTA,1171.833
1994,Petrobras,S&P Capital IQ,integrada,Millones de pesos corrientes,activo,2386.036
1994,Petrobras,S&P Capital IQ,integrada,Millones de pesos corrientes,gcia_ant,245.50000000000003
1994,Petrobras,S&P Capital IQ,integrada,Millones de pesos corrientes,gcia_desp,180.526
1994,Petrobras,S&P Capital IQ,integrada,Millones de pesos corrientes,inventarios,155.52700000000002
1994,Petrobras,S&P Capital IQ,integrada,Millones de pesos corrientes,ppye_neta,831.5500000000001
1994,Petrobras,S&P Capital IQ,integrada,Millones de pesos corrientes,tg_ant,0.209500841843505
1994,Petrobras,S&P Capital IQ,integrada,Millones de pesos corrientes,tg_desp,0.15405437464212052
1995,Petrobras,S&P Capital IQ,integrada,Millones de pesos corrientes,KTA,1392.0
1995,Petrobras,S&P Capital IQ,integrada,Millones de pesos corrientes,activo,2818.0
1995,Petrobras,S&P Capital IQ,integrada,Millones de pesos corrientes,gcia_ant,330.0
1995,Petrobras,S&P Capital IQ,integrada,Millones de pesos corrientes,gcia_desp,281.0
1995,Petrobras,S&P Capital IQ,integrada,Millones de pesos corrientes,inventarios,141.0
1995,Petrobras,S&P Capital IQ,integrada,Millones de pesos corrientes,ppye_neta,945.0
1995,Petrobras,S&P Capital IQ,integrada,Millones de pesos corrientes,tg_ant,0.23706896551724138
1995,Petrobras,S&P Capital IQ,integrada,Millones de pesos corrientes,tg_desp,0.20186781609195403
1996,Petrobras,S&P Capital IQ,integrada,Millones de pesos corrientes,KTA,1675.0
1996,Petrobras,S&P Capital IQ,integrada,Millones de pesos corrientes,activo,3479.0000000000005
1996,Petrobras,S&P Capital IQ,integrada,Millones de pesos corrientes,gcia_ant,436.0
1996,Petrobras,S&P Capital IQ,integrada,Millones de pesos corrientes,gcia_desp,367.0
1996,Petrobras,S&P Capital IQ,integrada,Millones de pesos corrientes,inventarios,169.0
1996,Petrobras,S&P Capital IQ,integrada,Millones de pesos corrientes,ppye_neta,1336.0
1996,Petrobras,S&P Capital IQ,integrada,Millones de pesos corrientes,tg_ant,0.26029850746268657
1996,Petrobras,S&P Capital IQ,integrada,Millones de pesos corrientes,tg_desp,0.2191044776119403
1997,Petrobras,S&P Capital IQ,integrada,Millones de pesos corrientes,KTA,2456.0
1997,Petrobras,S&P Capital IQ,integrada,Millones de pesos corrientes,activo,4449.0
1997,Petrobras,S&P Capital IQ,integrada,Millones de pesos corrientes,gcia_ant,409.0
1997,Petrobras,S&P Capital IQ,integrada,Millones de pesos corrientes,gcia_desp,518.0
1997,Petrobras,S&P Capital IQ,integrada,Millones de pesos corrientes,inventarios,173.0
1997,Petrobras,S&P Capital IQ,integrada,Millones de pesos corrientes,ppye_neta,1928.0
1997,Petrobras,S&P Capital IQ,integrada,Millones de pesos corrientes,tg_ant,0.16653094462540716
1997,Petrobras,S&P Capital IQ,integrada,Millones de pesos corrientes,tg_desp,0.21091205211726385
1998,Petrobras,S&P Capital IQ,integrada,Millones de pesos corrientes,KTA,2936.0
1998,Petrobras,S&P Capital IQ,integrada,Millones de pesos corrientes,activo,4795.0
1998,Petrobras,S&P Capital IQ,integrada,Millones de pesos corrientes,gcia_ant,215.0
1998,Petrobras,S&P Capital IQ,integrada,Millones de pesos corrientes,gcia_desp,205.0
1998,Petrobras,S&P Capital IQ,integrada,Millones de pesos corrientes,inventarios,144.0
1998,Petrobras,S&P Capital IQ,integrada,Millones de pesos corrientes,ppye_neta,2344.0
1998,Petrobras,S&P Capital IQ,integrada,Millones de pesos corrientes,tg_ant,0.07322888283378746
1998,Petrobras,S&P Capital IQ,integrada,Millones de pesos corrientes,tg_desp,0.06982288828337875
1999,Petrobras,S&P Capital IQ,integrada,Millones de pesos corrientes,KTA,3015.0000000000005
1999,Petrobras,S&P Capital IQ,integrada,Millones de pesos corrientes,activo,4992.0
1999,Petrobras,S&P Capital IQ,integrada,Millones de pesos corrientes,gcia_ant,436.00000000000006
1999,Petrobras,S&P Capital IQ,integrada,Millones de pesos corrientes,gcia_desp,338.0
1999,Petrobras,S&P Capital IQ,integrada,Millones de pesos corrientes,inventarios,140.00000000000003
1999,Petrobras,S&P Capital IQ,integrada,Millones de pesos corrientes,ppye_neta,2621.0000000000005
1999,Petrobras,S&P Capital IQ,integrada,Millones de pesos corrientes,tg_ant,0.14461028192371475
1999,Petrobras,S&P Capital IQ,integrada,Millones de pesos corrientes,tg_desp,0.11210613598673298
2000,Petrobras,S&P Capital IQ,integrada,Millones de pesos corrientes,KTA,7493.000000000001
2000,Petrobras,S&P Capital IQ,integrada,Millones de pesos corrientes,activo,11986.000000000002
2000,Petrobras,S&P Capital IQ,integrada,Millones de pesos corrientes,gcia_ant,666.0000000000001
2000,Petrobras,S&P Capital IQ,integrada,Millones de pesos corrientes,gcia_desp,618.0000000000001
2000,Petrobras,S&P Capital IQ,integrada,Millones de pesos corrientes,inventarios,371.00000000000006
2000,Petrobras,S&P Capital IQ,integrada,Millones de pesos corrientes,ppye_neta,6524.000000000001
2000,Petrobras,S&P Capital IQ,integrada,Millones de pesos corrientes,tg_ant,0.08888295742693181
2000,Petrobras,S&P Capital IQ,integrada,Millones de pesos corrientes,tg_desp,0.08247697851327906
2001,Petrobras,S&P Capital IQ,integrada,Millones de pesos corrientes,KTA,9353.0
2001,Petrobras,S&P Capital IQ,integrada,Millones de pesos corrientes,activo,13514.0
2001,Petrobras,S&P Capital IQ,integrada,Millones de pesos corrientes,gcia_ant,364.00000000000006
2001,Petrobras,S&P Capital IQ,integrada,Millones de pesos corrientes,gcia_desp,222.00000000000003
2001,Petrobras,S&P Capital IQ,integrada,Millones de pesos corrientes,inventarios,340.00000000000006
2001,Petrobras,S&P Capital IQ,integrada,Millones de pesos corrientes,ppye_neta,7746.0
2001,Petrobras,S&P Capital IQ,integrada,Millones de pesos corrientes,tg_ant,0.03891799422645141
2001,Petrobras,S&P Capital IQ,integrada,Millones de pesos corrientes,tg_desp,0.023735699775473112
2002,Petrobras,S&P Capital IQ,integrada,Millones de pesos corrientes,KTA,11606.0
2002,Petrobras,S&P Capital IQ,integrada,Millones de pesos corrientes,activo,14709.0
2002,Petrobras,S&P Capital IQ,integrada,Millones de pesos corrientes,gcia_ant,-1489.9999186739
2002,Petrobras,S&P Capital IQ,integrada,Millones de pesos corrientes,gcia_desp,-1573.0006786000297
2002,Petrobras,S&P Capital IQ,integrada,Millones de pesos corrientes,inventarios,356.0
2002,Petrobras,S&P Capital IQ,integrada,Millones de pesos corrientes,ppye_neta,10433.0
2002,Petrobras,S&P Capital IQ,integrada,Millones de pesos corrientes,tg_ant,-0.12838186443855765
2002,Petrobras,S&P Capital IQ,integrada,Millones de pesos corrientes,tg_desp,-0.13553340329140356
2003,Petrobras,S&P Capital IQ,integrada,Millones de pesos corrientes,KTA,13733.999999999998
2003,Petrobras,S&P Capital IQ,integrada,Millones de pesos corrientes,activo,17491.0
2003,Petrobras,S&P Capital IQ,integrada,Millones de pesos corrientes,gcia_ant,437.0
2003,Petrobras,S&P Capital IQ,integrada,Millones de pesos corrientes,gcia_desp,388.0
2003,Petrobras,S&P Capital IQ,integrada,Millones de pesos corrientes,inventarios,433.0
2003,Petrobras,S&P Capital IQ,integrada,Millones de pesos corrientes,ppye_neta,12174.999999999998
2003,Petrobras,S&P Capital IQ,integrada,Millones de pesos corrientes,tg_ant,0.03181884374544926
2003,Petrobras,S&P Capital IQ,integrada,Millones de pesos corrientes,tg_desp,0.02825105577399156
2004,Petrobras,S&P Capital IQ,integrada,Millones de pesos corrientes,KTA,13989.000000000002
2004,Petrobras,S&P Capital IQ,integrada,Millones de pesos corrientes,activo,18160.0
2004,Petrobras,S&P Capital IQ,integrada,Millones de pesos corrientes,gcia_ant,482.0
2004,Petrobras,S&P Capital IQ,integrada,Millones de pesos corrientes,gcia_desp,824.9999999999999
2004,Petrobras,S&P Capital IQ,integrada,Millones de pesos corrientes,inventarios,627.0
2004,Petrobras,S&P Capital IQ,integrada,Millones de pesos corrientes,ppye_neta,12277.000000000002
2004,Petrobras,S&P Capital IQ,integrada,Millones de pesos corrientes,tg_ant,0.03445564372006576
2004,Petrobras,S&P Capital IQ,integrada,Millones de pesos corrientes,tg_desp,0.058974908856959024
2005,Petrobras,S&P Capital IQ,integrada,Millones de pesos corrientes,KTA,14424.000000000002
2005,Petrobras,S&P Capital IQ,integrada,Millones de pesos corrientes,activo,18625.000000000004
2005,Petrobras,S&P Capital IQ,integrada,Millones de pesos corrientes,gcia_ant,1236.0
2005,Petrobras,S&P Capital IQ,integrada,Millones de pesos corrientes,gcia_desp,-182.000924997725
2005,Petrobras,S&P Capital IQ,integrada,Millones de pesos corrientes,inventarios,782.0000000000001
2005,Petrobras,S&P Capital IQ,integrada,Millones de pesos corrientes,ppye_neta,12657.000000000002
2005,Petrobras,S&P Capital IQ,integrada,Millones de pesos corrientes,tg_ant,0.08569051580698835
2005,Petrobras,S&P Capital IQ,integrada,Millones de pesos corrientes,tg_desp,-0.01261792325275409
2006,Petrobras,S&P Capital IQ,integrada,Millones de pesos corrientes,KTA,13279.0
2006,Petrobras,S&P Capital IQ,integrada,Millones de pesos corrientes,activo,20511.0
2006,Petrobras,S&P Capital IQ,integrada,Millones de pesos corrientes,gcia_ant,1964.0
2006,Petrobras,S&P Capital IQ,integrada,Millones de pesos corrientes,gcia_desp,2590.0
2006,Petrobras,S&P Capital IQ,integrada,Millones de pesos corrientes,inventarios,843.0
2006,Petrobras,S&P Capital IQ,integrada,Millones de pesos corrientes,ppye,10838.0
2006,Petrobras,S&P Capital IQ,integrada,Millones de pesos corrientes,ppye_neta,10838.0
2006,Petrobras,S&P Capital IQ,integrada,Millones de pesos corrientes,tg_ant,0.14790270351683107
2006,Petrobras,S&P Capital IQ,integrada,Millones de pesos corrientes,tg_desp,0.19504480759093304
2007,Petrobras,S&P Capital IQ,integrada,Millones de pesos corrientes,KTA,12797.0
2007,Petrobras,S&P Capital IQ,integrada,Millones de pesos corrientes,activo,21357.0
2007,Petrobras,S&P Capital IQ,integrada,Millones de pesos corrientes,gcia_ant,1353.0
2007,Petrobras,S&P Capital IQ,integrada,Millones de pesos corrientes,gcia_desp,32.0
2007,Petrobras,S&P Capital IQ,integrada,Millones de pesos corrientes,inventarios,996.0
2007,Petrobras,S&P Capital IQ,integrada,Millones de pesos corrientes,ppye,10609.0
2007,Petrobras,S&P Capital IQ,integrada,Millones de pesos corrientes,ppye_neta,10609.0
2007,Petrobras,S&P Capital IQ,integrada,Millones de pesos corrientes,tg_ant,0.10572790497772916
2007,Petrobras,S&P Capital IQ,integrada,Millones de pesos corrientes,tg_desp,0.0025005860748612955
2008,Petrobras,S&P Capital IQ,integrada,Millones de pesos corrientes,KTA,15573.0
2008,Petrobras,S&P Capital IQ,integrada,Millones de pesos corrientes,activo,23091.0
2008,Petrobras,S&P Capital IQ,integrada,Millones de pesos corrientes,gcia_ant,1354.0
2008,Petrobras,S&P Capital IQ,integrada,Millones de pesos corrientes,gcia_desp,906.0
2008,Petrobras,S&P Capital IQ,integrada,Millones de pesos corrientes,inventarios,1536.0
2008,Petrobras,S&P Capital IQ,integrada,Millones de pesos corrientes,ppye,12556.0
2008,Petrobras,S&P Capital IQ,integrada,Millones de pesos corrientes,ppye_neta,12556.0
2008,Petrobras,S&P Capital IQ,integrada,Millones de pesos corrientes,tg_ant,0.08694535413857317
2008,Petrobras,S&P Capital IQ,integrada,Millones de pesos corrientes,tg_desp,0.05817761510306299
2009,Petrobras,S&P Capital IQ,integrada,Millones de pesos corrientes,KTA,13709.0
2009,Petrobras,S&P Capital IQ,integrada,Millones de pesos corrientes,activo,23083.0
2009,Petrobras,S&P Capital IQ,integrada,Millones de pesos corrientes,gcia_ant,1715.0
2009,Petrobras,S&P Capital IQ,integrada,Millones de pesos corrientes,gcia_desp,220.0
2009,Petrobras,S&P Capital IQ,integrada,Millones de pesos corrientes,inventarios,1011.0
2009,Petrobras,S&P Capital IQ,integrada,Millones de pesos corrientes,ppye,11128.0
2009,Petrobras,S&P Capital IQ,integrada,Millones de pesos corrientes,ppye_neta,11128.0
2009,Petrobras,S&P Capital IQ,integrada,Millones de pesos corrientes,tg_ant,0.1251002990736013
2009,Petrobras,S&P Capital IQ,integrada,Millones de pesos corrientes,tg_desp,0.01604785177620541
2010,Petrobras,S&P Capital IQ,integrada,Millones de pesos corrientes,KTA,10502.0
2010,Petrobras,S&P Capital IQ,integrada,Millones de pesos corrientes,activo,18345.0
2010,Petrobras,S&P Capital IQ,integrada,Millones de pesos corrientes,gcia_ant,510.0
2010,Petrobras,S&P Capital IQ,integrada,Millones de pesos corrientes,gcia_desp,625.0
2010,Petrobras,S&P Capital IQ,integrada,Millones de pesos corrientes,inventarios,1052.0
2010,Petrobras,S&P Capital IQ,integrada,Millones de pesos corrientes,ppye,17497.0
2010,Petrobras,S&P Capital IQ,integrada,Millones de pesos corrientes,ppye_neta,7295.0
2010,Petrobras,S&P Capital IQ,integrada,Millones de pesos corrientes,tg_ant,0.0485621786326414
2010,Petrobras,S&P Capital IQ,integrada,Millones de pesos corrientes,tg_desp,0.059512473814511524
2011,Petrobras,S&P Capital IQ,integrada,Millones de pesos corrientes,KTA,9239.0
2011,Petrobras,S&P Capital IQ,integrada,Millones de pesos corrientes,activo,17341.0
2011,Petrobras,S&P Capital IQ,integrada,Millones de pesos corrientes,gcia_ant,-13.9998600100099
2011,Petrobras,S&P Capital IQ,integrada,Millones de pesos corrientes,gcia_desp,681.0
2011,Petrobras,S&P Capital IQ,integrada,Millones de pesos corrientes,inventarios,970.0
2011,Petrobras,S&P Capital IQ,integrada,Millones de pesos corrientes,ppye,18014.0
2011,Petrobras,S&P Capital IQ,integrada,Millones de pesos corrientes,ppye_neta,7056.0
2011,Petrobras,S&P Capital IQ,integrada,Millones de pesos corrientes,tg_ant,-0.0015153003582649529
2011,Petrobras,S&P Capital IQ,integrada,Millones de pesos corrientes,tg_desp,0.0737092758956597
2012,Petrobras,S&P Capital IQ,integrada,Millones de pesos corrientes,KTA,10783.0
2012,Petrobras,S&P Capital IQ,integrada,Millones de pesos corrientes,activo,18847.0
2012,Petrobras,S&P Capital IQ,integrada,Millones de pesos corrientes,gcia_ant,1165.0
2012,Petrobras,S&P Capital IQ,integrada,Millones de pesos corrientes,gcia_desp,618.0
2012,Petrobras,S&P Capital IQ,integrada,Millones de pesos corrientes,inventarios,1023.0
2012,Petrobras,S&P Capital IQ,integrada,Millones de pesos corrientes,ppye,21217.0
2012,Petrobras,S&P Capital IQ,integrada,Millones de pesos corrientes,ppye_neta,8480.0
2012,Petrobras,S&P Capital IQ,integrada,Millones de pesos corrientes,tg_ant,0.10804043401650747
2012,Petrobras,S&P Capital IQ,integrada,Millones de pesos corrientes,tg_desp,0.057312436242233145
2013,Petrobras,S&P Capital IQ,integrada,Millones de pesos corrientes,KTA,12030.0
2013,Petrobras,S&P Capital IQ,integrada,Millones de pesos corrientes,activo,20862.0
2013,Petrobras,S&P Capital IQ,integrada,Millones de pesos corrientes,gcia_ant,1404.0
2013,Petrobras,S&P Capital IQ,integrada,Millones de pesos corrientes,gcia_desp,779.0
2013,Petrobras,S&P Capital IQ,integrada,Millones de pesos corrientes,inventarios,1310.0
2013,Petrobras,S&P Capital IQ,integrada,Millones de pesos corrientes,ppye,24645.0
2013,Petrobras,S&P Capital IQ,integrada,Millones de pesos corrientes,ppye_neta,9524.0
2013,Petrobras,S&P Capital IQ,integrada,Millones de pesos corrientes,tg_ant,0.11670822942643391
2013,Petrobras,S&P Capital IQ,integrada,Millones de pesos corrientes,tg_desp,0.06475477971737323
2014,Petrobras,S&P Capital IQ,integrada,Millones de pesos corrientes,KTA,15831.0
2014,Petrobras,S&P Capital IQ,integrada,Millones de pesos corrientes,activo,24432.0
2014,Petrobras,S&P Capital IQ,integrada,Millones de pesos corrientes,gcia_ant,1320.0
2014,Petrobras,S&P Capital IQ,integrada,Millones de pesos corrientes,gcia_desp,458.0
2014,Petrobras,S&P Capital IQ,integrada,Millones de pesos corrientes,inventarios,1951.0
2014,Petrobras,S&P Capital IQ,integrada,Millones de pesos corrientes,ppye,28262.0
2014,Petrobras,S&P Capital IQ,integrada,Millones de pesos corrientes,ppye_neta,11589.0
2014,Petrobras,S&P Capital IQ,integrada,Millones de pesos corrientes,tg_ant,0.08338070873602425
2014,Petrobras,S&P Capital IQ,integrada,Millones de pesos corrientes,tg_desp,0.028930579243256902
2015,Petrobras,S&P Capital IQ,integrada,Millones de pesos corrientes,KTA,18557.0
2015,Petrobras,S&P Capital IQ,integrada,Millones de pesos corrientes,activo,29097.0
2015,Petrobras,S&P Capital IQ,integrada,Millones de pesos corrientes,gcia_ant,1866.0
2015,Petrobras,S&P Capital IQ,integrada,Millones de pesos corrientes,gcia_desp,852.9999999999999
2015,Petrobras,S&P Capital IQ,integrada,Millones de pesos corrientes,inventarios,2129.9999999999995
2015,Petrobras,S&P Capital IQ,integrada,Millones de pesos corrientes,ppye,31158.0
2015,Petrobras,S&P Capital IQ,integrada,Millones de pesos corrientes,ppye_neta,14174.0
2015,Petrobras,S&P Capital IQ,integrada,Millones de pesos corrientes,tg_ant,0.1005550466131379
2015,Petrobras,S&P Capital IQ,integrada,Millones de pesos corrientes,tg_desp,0.045966481651128946
2016,Petrobras,S&P Capital IQ,integrada,Millones de pesos corrientes,KTA,49993.00000000001
2016,Petrobras,S&P Capital IQ,integrada,Millones de pesos corrientes,activo,77277.0
2016,Petrobras,S&P Capital IQ,integrada,Millones de pesos corrientes,gcia_ant,-1525.003466995743
2016,Petrobras,S&P Capital IQ,integrada,Millones de pesos corrientes,gcia_desp,-10.996289978337307
2016,Petrobras,S&P Capital IQ,integrada,Millones de pesos corrientes,inventarios,3360.0000000000005
2016,Petrobras,S&P Capital IQ,integrada,Millones de pesos corrientes,ppye_neta,41001.00000000001
2016,Petrobras,S&P Capital IQ,integrada,Millones de pesos corrientes,tg_ant,-0.03050433994750751
2016,Petrobras,S&P Capital IQ,integrada,Millones de pesos corrientes,tg_desp,-0.0002199565934898347
2017,Petrobras,S&P Capital IQ,integrada,Millones de pesos corrientes,KTA,58977.0
2017,Petrobras,S&P Capital IQ,integrada,Millones de pesos corrientes,activo,104467.0
2017,Petrobras,S&P Capital IQ,integrada,Millones de pesos corrientes,gcia_ant,4209.0
2017,Petrobras,S&P Capital IQ,integrada,Millones de pesos corrientes,gcia_desp,4606.0
2017,Petrobras,S&P Capital IQ,integrada,Millones de pesos corrientes,inventarios,2326.0
2017,Petrobras,S&P Capital IQ,integrada,Millones de pesos corrientes,ppye_neta,41214.0
2017,Petrobras,S&P Capital IQ,integrada,Millones de pesos corrientes,tg_ant,0.07136680400834224
2017,Petrobras,S&P Capital IQ,integrada,Millones de pesos corrientes,tg_desp,0.07809824168743748
2001,Puma Energy,S&P Capital IQ,distribucion,Millones de pesos corrientes,KTA,112482.0
2001,Puma Energy,S&P Capital IQ,distribucion,Millones de pesos corrientes,activo,176928.0
2001,Puma Energy,S&P Capital IQ,distribucion,Millones de pesos corrientes,gcia_ant,54452.00000000001
2001,Puma Energy,S&P Capital IQ,distribucion,Millones de pesos corrientes,gcia_desp,40117.0
2001,Puma Energy,S&P Capital IQ,distribucion,Millones de pesos corrientes,inventarios,37241.0
2001,Puma Energy,S&P Capital IQ,distribucion,Millones de pesos corrientes,ppye,69603.0
2001,Puma Energy,S&P Capital IQ,distribucion,Millones de pesos corrientes,ppye_neta,55146.0
2001,Puma Energy,S&P Capital IQ,distribucion,Millones de pesos corrientes,tg_ant,0.48409523301506024
2001,Puma Energy,S&P Capital IQ,distribucion,Millones de pesos corrientes,tg_desp,0.3566526199747515
2002,Puma Energy,S&P Capital IQ,distribucion,Millones de pesos corrientes,activo,224331.0
2002,Puma Energy,S&P Capital IQ,distribucion,Millones de pesos corrientes,gcia_ant,13363.0
2002,Puma Energy,S&P Capital IQ,distribucion,Millones de pesos corrientes,gcia_desp,8045.0
2002,Puma Energy,S&P Capital IQ,distribucion,Millones de pesos corrientes,inventarios,36816.0
2002,Puma Energy,S&P Capital IQ,distribucion,Millones de pesos corrientes,ppye,84504.00000000001
2002,Puma Energy,S&P Capital IQ,distribucion,Millones de pesos corrientes,ppye_neta,67312.00000000001
2003,Puma Energy,S&P Capital IQ,distribucion,Millones de pesos corrientes,activo,196857.00000000003
2003,Puma Energy,S&P Capital IQ,distribucion,Millones de pesos corrientes,gcia_ant,-33767.461673931
2003,Puma Energy,S&P Capital IQ,distribucion,Millones de pesos corrientes,gcia_desp,-20779.97641472677
2003,Puma Energy,S&P Capital IQ,distribucion,Millones de pesos corrientes,ppye_neta,60769.00000000001
2004,Puma Energy,S&P Capital IQ,distribucion,Millones de pesos corrientes,KTA,133878.0
2004,Puma Energy,S&P Capital IQ,distribucion,Millones de pesos corrientes,activo,231736.0
2004,Puma Energy,S&P Capital IQ,distribucion,Millones de pesos corrientes,gcia_ant,27541.000000000004
2004,Puma Energy,S&P Capital IQ,distribucion,Millones de pesos corrientes,gcia_desp,13622.0
2004,Puma Energy,S&P Capital IQ,distribucion,Millones de pesos corrientes,inventarios,34315.00000000001
2004,Puma Energy,S&P Capital IQ,distribucion,Millones de pesos corrientes,ppye,90134.0
2004,Puma Energy,S&P Capital IQ,distribucion,Millones de pesos corrientes,ppye_neta,61679.00000000001
2004,Puma Energy,S&P Capital IQ,distribucion,Millones de pesos corrientes,tg_ant,0.2057171454607927
2004,Puma Energy,S&P Capital IQ,distribucion,Millones de pesos corrientes,tg_desp,0.10174935388936196
2005,Puma Energy,S&P Capital IQ,distribucion,Millones de pesos corrientes,KTA,123172.0
2005,Puma Energy,S&P Capital IQ,distribucion,Millones de pesos corrientes,activo,197854.00000000003
2005,Puma Energy,S&P Capital IQ,distribucion,Millones de pesos corrientes,gcia_ant,50659.0
2005,Puma Energy,S&P Capital IQ,distribucion,Millones de pesos corrientes,gcia_desp,32445.000000000004
2005,Puma Energy,S&P Capital IQ,distribucion,Millones de pesos corrientes,inventarios,44964.0
2005,Puma Energy,S&P Capital IQ,distribucion,Millones de pesos corrientes,ppye,96534.0
2005,Puma Energy,S&P Capital IQ,distribucion,Millones de pesos corrientes,ppye_neta,61054.0
2005,Puma Energy,S&P Capital IQ,distribucion,Millones de pesos corrientes,tg_ant,0.41128665605819503
2005,Puma Energy,S&P Capital IQ,distribucion,Millones de pesos corrientes,tg_desp,0.26341213912252787
2006,Puma Energy,S&P Capital IQ,distribucion,Millones de pesos corrientes,activo,267305.0
2006,Puma Energy,S&P Capital IQ,distribucion,Millones de pesos corrientes,gcia_ant,28691.000000000004
2006,Puma Energy,S&P Capital IQ,distribucion,Millones de pesos corrientes,gcia_desp,10699.000000000002
2006,Puma Energy,S&P Capital IQ,distribucion,Millones de pesos corrientes,inventarios,101796.0
2006,Puma Energy,S&P Capital IQ,distribucion,Millones de pesos corrientes,ppye,113384.0
2006,Puma Energy,S&P Capital IQ,distribucion,Millones de pesos corrientes,ppye_neta,71332.00000000001
2007,Puma Energy,S&P Capital IQ,distribucion,Millones de pesos corrientes,activo,351103.00000000006
2007,Puma Energy,S&P Capital IQ,distribucion,Millones de pesos corrientes,gcia_ant,51251.0
2007,Puma Energy,S&P Capital IQ,distribucion,Millones de pesos corrientes,gcia_desp,30232.000000000004
2007,Puma Energy,S&P Capital IQ,distribucion,Millones de pesos corrientes,inventarios,120558.0
2007,Puma Energy,S&P Capital IQ,distribucion,Millones de pesos corrientes,ppye,145098.0
2007,Puma Energy,S&P Capital IQ,distribucion,Millones de pesos corrientes,ppye_neta,96345.0
2012,Puma Energy,S&P Capital IQ,distribucion,Millones de pesos corrientes,KTA,334.697
2012,Puma Energy,S&P Capital IQ,distribucion,Millones de pesos corrientes,activo,671.624
2012,Puma Energy,S&P Capital IQ,distribucion,Millones de pesos corrientes,gcia_ant,135.374
2012,Puma Energy,S&P Capital IQ,distribucion,Millones de pesos corrientes,gcia_desp,79.609
2012,Puma Energy,S&P Capital IQ,distribucion,Millones de pesos corrientes,inventarios,131.69400000000002
2012,Puma Energy,S&P Capital IQ,distribucion,Millones de pesos corrientes,ppye,229.281
2012,Puma Energy,S&P Capital IQ,distribucion,Millones de pesos corrientes,ppye_neta,195.092
2012,Puma Energy,S&P Capital IQ,distribucion,Millones de pesos corrientes,tg_ant,0.4044673241767927
2012,Puma Energy,S&P Capital IQ,distribucion,Millones de pesos corrientes,tg_desp,0.23785393953336897
2013,Puma Energy,S&P Capital IQ,distribucion,Millones de pesos corrientes,KTA,487.40999999999997
2013,Puma Energy,S&P Capital IQ,distribucion,Millones de pesos corrientes,activo,784.9
2013,Puma Energy,S&P Capital IQ,distribucion,Millones de pesos corrientes,gcia_ant,101.895
2013,Puma Energy,S&P Capital IQ,distribucion,Millones de pesos corrientes,gcia_desp,68.211
2013,Puma Energy,S&P Capital IQ,distribucion,Millones de pesos corrientes,inventarios,244.382
2013,Puma Energy,S&P Capital IQ,distribucion,Millones de pesos corrientes,ppye,251.56500000000003
2013,Puma Energy,S&P Capital IQ,distribucion,Millones de pesos corrientes,ppye_neta,205.321
2013,Puma Energy,S&P Capital IQ,distribucion,Millones de pesos corrientes,tg_ant,0.20905397919615928
2013,Puma Energy,S&P Capital IQ,distribucion,Millones de pesos corrientes,tg_desp,0.13994583615436695
2014,Puma Energy,S&P Capital IQ,distribucion,Millones de pesos corrientes,KTA,545.538
2014,Puma Energy,S&P Capital IQ,distribucion,Millones de pesos corrientes,activo,894.047
2014,Puma Energy,S&P Capital IQ,distribucion,Millones de pesos corrientes,gcia_ant,84.159
2014,Puma Energy,S&P Capital IQ,distribucion,Millones de pesos corrientes,gcia_desp,53.809000000000005
2014,Puma Energy,S&P Capital IQ,distribucion,Millones de pesos corrientes,inventarios,158.542
2014,Puma Energy,S&P Capital IQ,distribucion,Millones de pesos corrientes,ppye,320.641
2014,Puma Energy,S&P Capital IQ,distribucion,Millones de pesos corrientes,ppye_neta,320.641
2014,Puma Energy,S&P Capital IQ,distribucion,Millones de pesos corrientes,tg_ant,0.15426789701175722
2014,Puma Energy,S&P Capital IQ,distribucion,Millones de pesos corrientes,tg_desp,0.09863474221777402
2015,Puma Energy,S&P Capital IQ,distribucion,Millones de pesos corrientes,KTA,632.143
2015,Puma Energy,S&P Capital IQ,distribucion,Millones de pesos corrientes,activo,983.143
2015,Puma Energy,S&P Capital IQ,distribucion,Millones de pesos corrientes,gcia_ant,120.393
2015,Puma Energy,S&P Capital IQ,distribucion,Millones de pesos corrientes,gcia_desp,72.26
2015,Puma Energy,S&P Capital IQ,distribucion,Millones de pesos corrientes,inventarios,218.437
2015,Puma Energy,S&P Capital IQ,distribucion,Millones de pesos corrientes,ppye,415.692
2015,Puma Energy,S&P Capital IQ,distribucion,Millones de pesos corrientes,ppye_neta,394.91
2015,Puma Energy,S&P Capital IQ,distribucion,Millones de pesos corrientes,tg_ant,0.19045216034979426
2015,Puma Energy,S&P Capital IQ,distribucion,Millones de pesos corrientes,tg_desp,0.11430957868710087
2016,Puma Energy,S&P Capital IQ,distribucion,Millones de pesos corrientes,KTA,603.5840000000001
2016,Puma Energy,S&P Capital IQ,distribucion,Millones de pesos corrientes,activo,954.587
2016,Puma Energy,S&P Capital IQ,distribucion,Millones de pesos corrientes,gcia_ant,98.256
2016,Puma Energy,S&P Capital IQ,distribucion,Millones de pesos corrientes,gcia_desp,51.527
2016,Puma Energy,S&P Capital IQ,distribucion,Millones de pesos corrientes,inventarios,182.688
2016,Puma Energy,S&P Capital IQ,distribucion,Millones de pesos corrientes,ppye,521.452
2016,Puma Energy,S&P Capital IQ,distribucion,Millones de pesos corrientes,ppye_neta,406.007
2016,Puma Energy,S&P Capital IQ,distribucion,Millones de pesos corrientes,tg_ant,0.1627876153112077
2016,Puma Energy,S&P Capital IQ,distribucion,Millones de pesos corrientes,tg_desp,0.08536839942742021
2017,Puma Energy,S&P Capital IQ,distribucion,Millones de pesos corrientes,KTA,646.551
2017,Puma Energy,S&P Capital IQ,distribucion,Millones de pesos corrientes,activo,1147.317
2017,Puma Energy,S&P Capital IQ,distribucion,Millones de pesos corrientes,gcia_ant,83.30300000000001
2017,Puma Energy,S&P Capital IQ,distribucion,Millones de pesos corrientes,gcia_desp,54.315
2017,Puma Energy,S&P Capital IQ,distribucion,Millones de pesos corrientes,inventarios,217.338
2017,Puma Energy,S&P Capital IQ,distribucion,Millones de pesos corrientes,ppye,556.471
2017,Puma Energy,S&P Capital IQ,distribucion,Millones de pesos corrientes,ppye_neta,422.528
2017,Puma Energy,S&P Capital IQ,distribucion,Millones de pesos corrientes,tg_ant,0.1288421176365051
2017,Puma Energy,S&P Capital IQ,distribucion,Millones de pesos corrientes,tg_desp,0.08400729408816937
2018,Puma Energy,S&P Capital IQ,distribucion,Millones de pesos corrientes,KTA,629.421
2018,Puma Energy,S&P Capital IQ,distribucion,Millones de pesos corrientes,activo,1302.626
2018,Puma Energy,S&P Capital IQ,distribucion,Millones de pesos corrientes,gcia_ant,176.051
2018,Puma Energy,S&P Capital IQ,distribucion,Millones de pesos corrientes,gcia_desp,115.133
2018,Puma Energy,S&P Capital IQ,distribucion,Millones de pesos corrientes,inventarios,203.62
2018,Puma Energy,S&P Capital IQ,distribucion,Millones de pesos corrientes,ppye,571.193
2018,Puma Energy,S&P Capital IQ,distribucion,Millones de pesos corrientes,ppye_neta,420.833
2018,Puma Energy,S&P Capital IQ,distribucion,Millones de pesos corrientes,tg_ant,0.27970309220696477
2018,Puma Energy,S&P Capital IQ,distribucion,Millones de pesos corrientes,tg_desp,0.1829189048347608
2019,Puma Energy,S&P Capital IQ,distribucion,Millones de pesos corrientes,KTA,765.367
2019,Puma Energy,S&P Capital IQ,distribucion,Millones de pesos corrientes,activo,1613.207
2019,Puma Energy,S&P Capital IQ,distribucion,Millones de pesos corrientes,gcia_ant,161.352
2019,Puma Energy,S&P Capital IQ,distribucion,Millones de pesos corrientes,gcia_desp,105.548
2019,Puma Energy,S&P Capital IQ,distribucion,Millones de pesos corrientes,inventarios,184.214
2019,Puma Energy,S&P Capital IQ,distribucion,Millones de pesos corrientes,ppye,572.379
2019,Puma Energy,S&P Capital IQ,distribucion,Millones de pesos corrientes,ppye_neta,571.591
2019,Puma Energy,S&P Capital IQ,distribucion,Millones de pesos corrientes,tg_ant,0.21081651024933137
2019,Puma Energy,S&P Capital IQ,distribucion,Millones de pesos corrientes,tg_desp,0.137905083443629
2020,Puma Energy,S&P Capital IQ,distribucion,Millones de pesos corrientes,KTA,915.056
2020,Puma Energy,S&P Capital IQ,distribucion,Millones de pesos corrientes,activo,1861.84
2020,Puma Energy,S&P Capital IQ,distribucion,Millones de pesos corrientes,gcia_ant,243.722
2020,Puma Energy,S&P Capital IQ,distribucion,Millones de pesos corrientes,gcia_desp,160.18099999999998
2020,Puma Energy,S&P Capital IQ,distribucion,Millones de pesos corrientes,inventarios,250.068
2020,Puma Energy,S&P Capital IQ,distribucion,Millones de pesos corrientes,ppye,669.8000000000001
2020,Puma Energy,S&P Capital IQ,distribucion,Millones de pesos corrientes,ppye_neta,637.182
2020,Puma Energy,S&P Capital IQ,distribucion,Millones de pesos corrientes,tg_ant,0.2663465405395954
2020,Puma Energy,S&P Capital IQ,distribucion,Millones de pesos corrientes,tg_desp,0.17505048871325907
2021,Puma Energy,S&P Capital IQ,distribucion,Millones de pesos corrientes,KTA,1151.521
2021,Puma Energy,S&P Capital IQ,distribucion,Millones de pesos corrientes,activo,2062.377
2021,Puma Energy,S&P Capital IQ,distribucion,Millones de pesos corrientes,gcia_ant,128.232
2021,Puma Energy,S&P Capital IQ,distribucion,Millones de pesos corrientes,gcia_desp,76.878
2021,Puma Energy,S&P Capital IQ,distribucion,Millones de pesos corrientes,inventarios,433.626
2021,Puma Energy,S&P Capital IQ,distribucion,Millones de pesos corrientes,ppye,777.04
2021,Puma Energy,S&P Capital IQ,distribucion,Millones de pesos corrientes,ppye_neta,707.806
2021,Puma Energy,S&P Capital IQ,distribucion,Millones de pesos corrientes,tg_ant,0.11135880283555402
2021,Puma Energy,S&P Capital IQ,distribucion,Millones de pesos corrientes,tg_desp,0.06676213460284268
2022,Puma Energy,S&P Capital IQ,distribucion,Millones de pesos corrientes,activo,2402.045
2022,Puma Energy,S&P Capital IQ,distribucion,Millones de pesos corrientes,gcia_ant,325.895
2022,Puma Energy,S&P Capital IQ,distribucion,Millones de pesos corrientes,gcia_desp,231.509
2022,Puma Energy,S&P Capital IQ,distribucion,Millones de pesos corrientes,ppye_neta,627.452
2023,Puma Energy,S&P Capital IQ,distribucion,Millones de pesos corrientes,activo,3751.322
2023,Puma Energy,S&P Capital IQ,distribucion,Millones de pesos corrientes,gcia_ant,357.653
2023,Puma Energy,S&P Capital IQ,distribucion,Millones de pesos corrientes,gcia_desp,254.79100000000005
2023,Puma Energy,S&P Capital IQ,distribucion,Millones de pesos corrientes,ppye_neta,956.062
2024,Puma Energy,S&P Capital IQ,distribucion,Millones de pesos corrientes,activo,3136.6690000000003
2024,Puma Energy,S&P Capital IQ,distribucion,Millones de pesos corrientes,gcia_ant,-115.39126093176137
2024,Puma Energy,S&P Capital IQ,distribucion,Millones de pesos corrientes,gcia_desp,-77.55806062626583
2024,Puma Energy,S&P Capital IQ,distribucion,Millones de pesos corrientes,ppye_neta,1246.656
2025,Puma Energy,S&P Capital IQ,distribucion,Millones de pesos corrientes,activo,3030.114
2025,Puma Energy,S&P Capital IQ,distribucion,Millones de pesos corrientes,gcia_ant,-215.6492417413245
2025,Puma Energy,S&P Capital IQ,distribucion,Millones de pesos corrientes,gcia_desp,-155.11612125253166
2025,Puma Energy,S&P Capital IQ,distribucion,Millones de pesos corrientes,ppye_neta,1407.2220000000002
2012,Raízen,S&P Capital IQ,distribucion,Millones de pesos corrientes,KTA,2638.258
2012,Raízen,S&P Capital IQ,distribucion,Millones de pesos corrientes,activo,8346.015
2012,Raízen,S&P Capital IQ,distribucion,Millones de pesos corrientes,gcia_ant,969.749
2012,Raízen,S&P Capital IQ,distribucion,Millones de pesos corrientes,gcia_desp,829.303
2012,Raízen,S&P Capital IQ,distribucion,Millones de pesos corrientes,inventarios,730.492
2012,Raízen,S&P Capital IQ,distribucion,Millones de pesos corrientes,ppye,2729.384
2012,Raízen,S&P Capital IQ,distribucion,Millones de pesos corrientes,ppye_neta,1872.389
2012,Raízen,S&P Capital IQ,distribucion,Millones de pesos corrientes,tg_ant,0.3675717083014626
2012,Raízen,S&P Capital IQ,distribucion,Millones de pesos corrientes,tg_desp,0.31433733925946594
2013,Raízen,S&P Capital IQ,distribucion,Millones de pesos corrientes,KTA,2874.579
2013,Raízen,S&P Capital IQ,distribucion,Millones de pesos corrientes,activo,8335.194
2013,Raízen,S&P Capital IQ,distribucion,Millones de pesos corrientes,gcia_ant,1273.492
2013,Raízen,S&P Capital IQ,distribucion,Millones de pesos corrientes,gcia_desp,877.716
2013,Raízen,S&P Capital IQ,distribucion,Millones de pesos corrientes,inventarios,906.87
2013,Raízen,S&P Capital IQ,distribucion,Millones de pesos corrientes,ppye,2637.841
2013,Raízen,S&P Capital IQ,distribucion,Millones de pesos corrientes,ppye_neta,1828.996
2013,Raízen,S&P Capital IQ,distribucion,Millones de pesos corrientes,tg_ant,0.4430186124646426
2013,Raízen,S&P Capital IQ,distribucion,Millones de pesos corrientes,tg_desp,0.3053372337305741
2014,Raízen,S&P Capital IQ,distribucion,Millones de pesos corrientes,KTA,3324.0299999999997
2014,Raízen,S&P Capital IQ,distribucion,Millones de pesos corrientes,activo,8432.277
2014,Raízen,S&P Capital IQ,distribucion,Millones de pesos corrientes,gcia_ant,1552.353
2014,Raízen,S&P Capital IQ,distribucion,Millones de pesos corrientes,gcia_desp,1063.546
2014,Raízen,S&P Capital IQ,distribucion,Millones de pesos corrientes,inventarios,941.982
2014,Raízen,S&P Capital IQ,distribucion,Millones de pesos corrientes,ppye,2672.579
2014,Raízen,S&P Capital IQ,distribucion,Millones de pesos corrientes,ppye_neta,1815.442
2014,Raízen,S&P Capital IQ,distribucion,Millones de pesos corrientes,tg_ant,0.4670093230205504
2014,Raízen,S&P Capital IQ,distribucion,Millones de pesos corrientes,tg_desp,0.31995679942720134
2015,Raízen,S&P Capital IQ,distribucion,Millones de pesos corrientes,KTA,3193.846
2015,Raízen,S&P Capital IQ,distribucion,Millones de pesos corrientes,activo,10492.669
2015,Raízen,S&P Capital IQ,distribucion,Millones de pesos corrientes,gcia_ant,1737.0970000000002
2015,Raízen,S&P Capital IQ,distribucion,Millones de pesos corrientes,gcia_desp,1202.294
2015,Raízen,S&P Capital IQ,distribucion,Millones de pesos corrientes,inventarios,1079.085
2015,Raízen,S&P Capital IQ,distribucion,Millones de pesos corrientes,ppye,2708.9640000000004
2015,Raízen,S&P Capital IQ,distribucion,Millones de pesos corrientes,ppye_neta,1881.818
2015,Raízen,S&P Capital IQ,distribucion,Millones de pesos corrientes,tg_ant,0.5438887786073593
2015,Raízen,S&P Capital IQ,distribucion,Millones de pesos corrientes,tg_desp,0.37644081774763094
2016,Raízen,S&P Capital IQ,distribucion,Millones de pesos corrientes,KTA,4443.0380000000005
2016,Raízen,S&P Capital IQ,distribucion,Millones de pesos corrientes,activo,10766.366
2016,Raízen,S&P Capital IQ,distribucion,Millones de pesos corrientes,gcia_ant,1737.74
2016,Raízen,S&P Capital IQ,distribucion,Millones de pesos corrientes,gcia_desp,1164.287
2016,Raízen,S&P Capital IQ,distribucion,Millones de pesos corrientes,inventarios,1184.264
2016,Raízen,S&P Capital IQ,distribucion,Millones de pesos corrientes,ppye,2755.536
2016,Raízen,S&P Capital IQ,distribucion,Millones de pesos corrientes,ppye_neta,1873.817
2016,Raízen,S&P Capital IQ,distribucion,Millones de pesos corrientes,tg_ant,0.3911152684266936
2016,Raízen,S&P Capital IQ,distribucion,Millones de pesos corrientes,tg_desp,0.26204749993135323
2017,Raízen,S&P Capital IQ,distribucion,Millones de pesos corrientes,KTA,4074.8599999999997
2017,Raízen,S&P Capital IQ,distribucion,Millones de pesos corrientes,activo,11101.94
2017,Raízen,S&P Capital IQ,distribucion,Millones de pesos corrientes,gcia_ant,2355.283
2017,Raízen,S&P Capital IQ,distribucion,Millones de pesos corrientes,gcia_desp,1598.815
2017,Raízen,S&P Capital IQ,distribucion,Millones de pesos corrientes,inventarios,1652.253
2017,Raízen,S&P Capital IQ,distribucion,Millones de pesos corrientes,ppye,2826.512
2017,Raízen,S&P Capital IQ,distribucion,Millones de pesos corrientes,ppye_neta,1904.818
2017,Raízen,S&P Capital IQ,distribucion,Millones de pesos corrientes,tg_ant,0.5780034160682821
2017,Raízen,S&P Capital IQ,distribucion,Millones de pesos corrientes,tg_desp,0.39236071914127113
2018,Raízen,S&P Capital IQ,distribucion,Millones de pesos corrientes,KTA,5144.086
2018,Raízen,S&P Capital IQ,distribucion,Millones de pesos corrientes,activo,13341.52
2018,Raízen,S&P Capital IQ,distribucion,Millones de pesos corrientes,gcia_ant,2366.2850000000003
2018,Raízen,S&P Capital IQ,distribucion,Millones de pesos corrientes,gcia_desp,1607.085
2018,Raízen,S&P Capital IQ,distribucion,Millones de pesos corrientes,inventarios,1851.356
2018,Raízen,S&P Capital IQ,distribucion,Millones de pesos corrientes,ppye,2845.007
2018,Raízen,S&P Capital IQ,distribucion,Millones de pesos corrientes,ppye_neta,1872.394
2018,Raízen,S&P Capital IQ,distribucion,Millones de pesos corrientes,tg_ant,0.4600010575250881
2018,Raízen,S&P Capital IQ,distribucion,Millones de pesos corrientes,tg_desp,0.3124141003863466
2019,Raízen,S&P Capital IQ,distribucion,Millones de pesos corrientes,KTA,11596.873
2019,Raízen,S&P Capital IQ,distribucion,Millones de pesos corrientes,activo,23558.857
2019,Raízen,S&P Capital IQ,distribucion,Millones de pesos corrientes,gcia_ant,2216.286
2019,Raízen,S&P Capital IQ,distribucion,Millones de pesos corrientes,gcia_desp,1654.2659999999998
2019,Raízen,S&P Capital IQ,distribucion,Millones de pesos corrientes,inventarios,3290.088
2019,Raízen,S&P Capital IQ,distribucion,Millones de pesos corrientes,ppye,6558.076
2019,Raízen,S&P Capital IQ,distribucion,Millones de pesos corrientes,ppye_neta,5488.194
2019,Raízen,S&P Capital IQ,distribucion,Millones de pesos corrientes,tg_ant,0.19111065543271882
2019,Raízen,S&P Capital IQ,distribucion,Millones de pesos corrientes,tg_desp,0.1426475912946533
2020,Raízen,S&P Capital IQ,distribucion,Millones de pesos corrientes,KTA,13323.73
2020,Raízen,S&P Capital IQ,distribucion,Millones de pesos corrientes,activo,29179.467
2020,Raízen,S&P Capital IQ,distribucion,Millones de pesos corrientes,gcia_ant,3091.474
2020,Raízen,S&P Capital IQ,distribucion,Millones de pesos corrientes,gcia_desp,2056.092
2020,Raízen,S&P Capital IQ,distribucion,Millones de pesos corrientes,inventarios,4125.088
2020,Raízen,S&P Capital IQ,distribucion,Millones de pesos corrientes,ppye,8865.632000000001
2020,Raízen,S&P Capital IQ,distribucion,Millones de pesos corrientes,ppye_neta,7031.584
2020,Raízen,S&P Capital IQ,distribucion,Millones de pesos corrientes,tg_ant,0.23202766792782503
2020,Raízen,S&P Capital IQ,distribucion,Millones de pesos corrientes,tg_desp,0.15431804757376502
2021,Raízen,S&P Capital IQ,distribucion,Millones de pesos corrientes,KTA,14222.287
2021,Raízen,S&P Capital IQ,distribucion,Millones de pesos corrientes,activo,31392.153
2021,Raízen,S&P Capital IQ,distribucion,Millones de pesos corrientes,gcia_ant,1505.327
2021,Raízen,S&P Capital IQ,distribucion,Millones de pesos corrientes,gcia_desp,996.486
2021,Raízen,S&P Capital IQ,distribucion,Millones de pesos corrientes,inventarios,4436.129
2021,Raízen,S&P Capital IQ,distribucion,Millones de pesos corrientes,ppye,9968.696
2021,Raízen,S&P Capital IQ,distribucion,Millones de pesos corrientes,ppye_neta,7181.379000000001
2021,Raízen,S&P Capital IQ,distribucion,Millones de pesos corrientes,tg_ant,0.10584282260651891
2021,Raízen,S&P Capital IQ,distribucion,Millones de pesos corrientes,tg_desp,0.07006510275035231
2022,Raízen,S&P Capital IQ,distribucion,Millones de pesos corrientes,KTA,55514.490000000005
2022,Raízen,S&P Capital IQ,distribucion,Millones de pesos corrientes,activo,100344.344
2022,Raízen,S&P Capital IQ,distribucion,Millones de pesos corrientes,gcia_ant,4201.852
2022,Raízen,S&P Capital IQ,distribucion,Millones de pesos corrientes,gcia_desp,3149.0180000000005
2022,Raízen,S&P Capital IQ,distribucion,Millones de pesos corrientes,inventarios,14147.906
2022,Raízen,S&P Capital IQ,distribucion,Millones de pesos corrientes,ppye,52670.238
2022,Raízen,S&P Capital IQ,distribucion,Millones de pesos corrientes,ppye_neta,33044.487
2022,Raízen,S&P Capital IQ,distribucion,Millones de pesos corrientes,tg_ant,0.07568928400495077
2022,Raízen,S&P Capital IQ,distribucion,Millones de pesos corrientes,tg_desp,0.05672425343365309
2023,Raízen,S&P Capital IQ,distribucion,Millones de pesos corrientes,KTA,56760.375
2023,Raízen,S&P Capital IQ,distribucion,Millones de pesos corrientes,activo,111551.463
2023,Raízen,S&P Capital IQ,distribucion,Millones de pesos corrientes,gcia_ant,3263.5800000000004
2023,Raízen,S&P Capital IQ,distribucion,Millones de pesos corrientes,gcia_desp,2441.126
2023,Raízen,S&P Capital IQ,distribucion,Millones de pesos corrientes,inventarios,10622.771
2023,Raízen,S&P Capital IQ,distribucion,Millones de pesos corrientes,ppye,62134.10600000001
2023,Raízen,S&P Capital IQ,distribucion,Millones de pesos corrientes,ppye_neta,37395.457
2023,Raízen,S&P Capital IQ,distribucion,Millones de pesos corrientes,tg_ant,0.05749750596256632
2023,Raízen,S&P Capital IQ,distribucion,Millones de pesos corrientes,tg_desp,0.04300757350528428
2024,Raízen,S&P Capital IQ,distribucion,Millones de pesos corrientes,KTA,70390.364
2024,Raízen,S&P Capital IQ,distribucion,Millones de pesos corrientes,activo,128183.31
2024,Raízen,S&P Capital IQ,distribucion,Millones de pesos corrientes,gcia_ant,1612.088
2024,Raízen,S&P Capital IQ,distribucion,Millones de pesos corrientes,gcia_desp,520.715
2024,Raízen,S&P Capital IQ,distribucion,Millones de pesos corrientes,inventarios,12254.912
2024,Raízen,S&P Capital IQ,distribucion,Millones de pesos corrientes,ppye,72117.21399999999
2024,Raízen,S&P Capital IQ,distribucion,Millones de pesos corrientes,ppye_neta,43127.494
2024,Raízen,S&P Capital IQ,distribucion,Millones de pesos corrientes,tg_ant,0.022902111999307178
2024,Raízen,S&P Capital IQ,distribucion,Millones de pesos corrientes,tg_desp,0.007397532423614119
2025,Raízen,S&P Capital IQ,distribucion,Millones de pesos corrientes,KTA,69349.234
2025,Raízen,S&P Capital IQ,distribucion,Millones de pesos corrientes,activo,118686.69
2025,Raízen,S&P Capital IQ,distribucion,Millones de pesos corrientes,gcia_ant,-16476.631211138203
2025,Raízen,S&P Capital IQ,distribucion,Millones de pesos corrientes,gcia_desp,-22257.27721504592
2025,Raízen,S&P Capital IQ,distribucion,Millones de pesos corrientes,inventarios,13529.773
2025,Raízen,S&P Capital IQ,distribucion,Millones de pesos corrientes,ppye,69691.45
2025,Raízen,S&P Capital IQ,distribucion,Millones de pesos corrientes,ppye_neta,38581.594000000005
2025,Raízen,S&P Capital IQ,distribucion,Millones de pesos corrientes,tg_ant,-0.23758923149948857
2025,Raízen,S&P Capital IQ,distribucion,Millones de pesos corrientes,tg_desp,-0.3209448169974873
2014,Roch,S&P Capital IQ,produccion,Millones de pesos corrientes,KTA,287.35316099918714
2014,Roch,S&P Capital IQ,produccion,Millones de pesos corrientes,activo,427.2086600000279
2014,Roch,S&P Capital IQ,produccion,Millones de pesos corrientes,gcia_ant,18.71849799959002
2014,Roch,S&P Capital IQ,produccion,Millones de pesos corrientes,gcia_desp,14.373572999973506
2014,Roch,S&P Capital IQ,produccion,Millones de pesos corrientes,inventarios,10.335603999704366
2014,Roch,S&P Capital IQ,produccion,Millones de pesos corrientes,ppye,430.04150200041
2014,Roch,S&P Capital IQ,produccion,Millones de pesos corrientes,ppye_neta,265.4416590001716
2014,Roch,S&P Capital IQ,produccion,Millones de pesos corrientes,tg_ant,0.06514108957250334
2014,Roch,S&P Capital IQ,produccion,Millones de pesos corrientes,tg_desp,0.05002058425247031
2015,Roch,S&P Capital IQ,produccion,Millones de pesos corrientes,KTA,436.8534700008227
2015,Roch,S&P Capital IQ,produccion,Millones de pesos corrientes,activo,647.7668959995984
2015,Roch,S&P Capital IQ,produccion,Millones de pesos corrientes,gcia_ant,-112.95448492057628
2015,Roch,S&P Capital IQ,produccion,Millones de pesos corrientes,gcia_desp,-73.90849013321657
2015,Roch,S&P Capital IQ,produccion,Millones de pesos corrientes,inventarios,11.63481400022033
2015,Roch,S&P Capital IQ,produccion,Millones de pesos corrientes,ppye,627.748232000145
2015,Roch,S&P Capital IQ,produccion,Millones de pesos corrientes,ppye_neta,418.3600679999944
2015,Roch,S&P Capital IQ,produccion,Millones de pesos corrientes,tg_ant,-0.25856378094092636
2015,Roch,S&P Capital IQ,produccion,Millones de pesos corrientes,tg_desp,-0.16918370851690245
2016,Roch,S&P Capital IQ,produccion,Millones de pesos corrientes,KTA,433.8544539989374
2016,Roch,S&P Capital IQ,produccion,Millones de pesos corrientes,activo,669.2564019994338
2016,Roch,S&P Capital IQ,produccion,Millones de pesos corrientes,gcia_ant,-39.045994787359696
2016,Roch,S&P Capital IQ,produccion,Millones de pesos corrientes,gcia_desp,-25.100996649016945
2016,Roch,S&P Capital IQ,produccion,Millones de pesos corrientes,inventarios,18.329129999456143
2016,Roch,S&P Capital IQ,produccion,Millones de pesos corrientes,ppye,608.2933570003194
2016,Roch,S&P Capital IQ,produccion,Millones de pesos corrientes,ppye_neta,362.5758099994004
2016,Roch,S&P Capital IQ,produccion,Millones de pesos corrientes,tg_ant,-0.0899979115748696
2016,Roch,S&P Capital IQ,produccion,Millones de pesos corrientes,tg_desp,-0.05785580029813045
2017,Roch,S&P Capital IQ,produccion,Millones de pesos corrientes,KTA,1193.7772520000615
2017,Roch,S&P Capital IQ,produccion,Millones de pesos corrientes,activo,1419.1665030002662
2017,Roch,S&P Capital IQ,produccion,Millones de pesos corrientes,gcia_ant,81.24498099994004
2017,Roch,S&P Capital IQ,produccion,Millones de pesos corrientes,gcia_desp,-68.33049087787947
2017,Roch,S&P Capital IQ,produccion,Millones de pesos corrientes,inventarios,39.69773899983685
2017,Roch,S&P Capital IQ,produccion,Millones de pesos corrientes,ppye,2359.541102000689
2017,Roch,S&P Capital IQ,produccion,Millones de pesos corrientes,ppye_neta,1028.2086329997226
2017,Roch,S&P Capital IQ,produccion,Millones de pesos corrientes,tg_ant,0.06805706915910964
2017,Roch,S&P Capital IQ,produccion,Millones de pesos corrientes,tg_desp,-0.057238895081471994
2018,Roch,S&P Capital IQ,produccion,Millones de pesos corrientes,KTA,1883.2821450000908
2018,Roch,S&P Capital IQ,produccion,Millones de pesos corrientes,activo,2548.309660000028
2018,Roch,S&P Capital IQ,produccion,Millones de pesos corrientes,gcia_ant,-146.42248045259885
2018,Roch,S&P Capital IQ,produccion,Millones de pesos corrientes,gcia_desp,-157.57847896327306
2018,Roch,S&P Capital IQ,produccion,Millones de pesos corrientes,inventarios,39.12408300062892
2018,Roch,S&P Capital IQ,produccion,Millones de pesos corrientes,ppye,4015.359471000679
2018,Roch,S&P Capital IQ,produccion,Millones de pesos corrientes,ppye_neta,1733.6197029994298
2018,Roch,S&P Capital IQ,produccion,Millones de pesos corrientes,tg_ant,-0.07774856297625643
2018,Roch,S&P Capital IQ,produccion,Millones de pesos corrientes,tg_desp,-0.08367226301254263
2019,Roch,S&P Capital IQ,produccion,Millones de pesos corrientes,KTA,2588.717903999844
2019,Roch,S&P Capital IQ,produccion,Millones de pesos corrientes,activo,4124.920417999925
2019,Roch,S&P Capital IQ,produccion,Millones de pesos corrientes,gcia_ant,-270.53296388384933
2019,Roch,S&P Capital IQ,produccion,Millones de pesos corrientes,gcia_desp,-423.92794340561954
2019,Roch,S&P Capital IQ,produccion,Millones de pesos corrientes,inventarios,97.55824900049228
2019,Roch,S&P Capital IQ,produccion,Millones de pesos corrientes,ppye,6348.726048999934
2019,Roch,S&P Capital IQ,produccion,Millones de pesos corrientes,ppye_neta,2394.0092639997324
2019,Roch,S&P Capital IQ,produccion,Millones de pesos corrientes,tg_ant,-0.10450461344816567
2019,Roch,S&P Capital IQ,produccion,Millones de pesos corrientes,tg_desp,-0.16375980664042453
2020,Roch,S&P Capital IQ,produccion,Millones de pesos corrientes,KTA,3535.229825999891
2020,Roch,S&P Capital IQ,produccion,Millones de pesos corrientes,activo,4258.714442000662
2020,Roch,S&P Capital IQ,produccion,Millones de pesos corrientes,gcia_ant,-801.837392954708
2020,Roch,S&P Capital IQ,produccion,Millones de pesos corrientes,gcia_desp,-538.2769281400301
2020,Roch,S&P Capital IQ,produccion,Millones de pesos corrientes,inventarios,46.89222699946869
2020,Roch,S&P Capital IQ,produccion,Millones de pesos corrientes,ppye,8820.812513000224
2020,Roch,S&P Capital IQ,produccion,Millones de pesos corrientes,ppye_neta,3278.6281730002524
2020,Roch,S&P Capital IQ,produccion,Millones de pesos corrientes,tg_ant,-0.22681337067751156
2020,Roch,S&P Capital IQ,produccion,Millones de pesos corrientes,tg_desp,-0.15226080188090343
2021,Roch,S&P Capital IQ,produccion,Millones de pesos corrientes,KTA,7203.843318000344
2021,Roch,S&P Capital IQ,produccion,Millones de pesos corrientes,activo,8142.822398000009
2021,Roch,S&P Capital IQ,produccion,Millones de pesos corrientes,gcia_ant,609.6970280001618
2021,Roch,S&P Capital IQ,produccion,Millones de pesos corrientes,gcia_desp,-32.073495718188326
2021,Roch,S&P Capital IQ,produccion,Millones de pesos corrientes,inventarios,132.04942999959562
2021,Roch,S&P Capital IQ,produccion,Millones de pesos corrientes,ppye,17188.158832000423
2021,Roch,S&P Capital IQ,produccion,Millones de pesos corrientes,ppye_neta,5439.202326000589
2021,Roch,S&P Capital IQ,produccion,Millones de pesos corrientes,tg_ant,0.08463496512711532
2021,Roch,S&P Capital IQ,produccion,Millones de pesos corrientes,tg_desp,-0.004452275584346183
2022,Roch,S&P Capital IQ,produccion,Millones de pesos corrientes,KTA,17831.154631000012
2022,Roch,S&P Capital IQ,produccion,Millones de pesos corrientes,activo,20190.642341999686
2022,Roch,S&P Capital IQ,produccion,Millones de pesos corrientes,gcia_ant,-1259.2333318923502
2022,Roch,S&P Capital IQ,produccion,Millones de pesos corrientes,gcia_desp,-1037.5078614927006
2022,Roch,S&P Capital IQ,produccion,Millones de pesos corrientes,inventarios,588.6851250001744
2022,Roch,S&P Capital IQ,produccion,Millones de pesos corrientes,ppye,56683.70832700045
2022,Roch,S&P Capital IQ,produccion,Millones de pesos corrientes,ppye_neta,16596.328038000123
2022,Roch,S&P Capital IQ,produccion,Millones de pesos corrientes,tg_ant,-0.07061984251446814
2022,Roch,S&P Capital IQ,produccion,Millones de pesos corrientes,tg_desp,-0.05818511941391396
2023,Roch,S&P Capital IQ,produccion,Millones de pesos corrientes,KTA,30588.983
2023,Roch,S&P Capital IQ,produccion,Millones de pesos corrientes,activo,43612.58
2023,Roch,S&P Capital IQ,produccion,Millones de pesos corrientes,gcia_ant,-9531.406227557269
2023,Roch,S&P Capital IQ,produccion,Millones de pesos corrientes,gcia_desp,-5223.796302623194
2023,Roch,S&P Capital IQ,produccion,Millones de pesos corrientes,inventarios,909.743
2023,Roch,S&P Capital IQ,produccion,Millones de pesos corrientes,ppye,118904.737
2023,Roch,S&P Capital IQ,produccion,Millones de pesos corrientes,ppye_neta,29486.971
2023,Roch,S&P Capital IQ,produccion,Millones de pesos corrientes,tg_ant,-0.31159604840596594
2023,Roch,S&P Capital IQ,produccion,Millones de pesos corrientes,tg_desp,-0.17077378161356963
2024,Roch,S&P Capital IQ,produccion,Millones de pesos corrientes,KTA,20661.296000000002
2024,Roch,S&P Capital IQ,produccion,Millones de pesos corrientes,activo,40428.655
2024,Roch,S&P Capital IQ,produccion,Millones de pesos corrientes,gcia_ant,11670.489
2024,Roch,S&P Capital IQ,produccion,Millones de pesos corrientes,gcia_desp,3615.182
2024,Roch,S&P Capital IQ,produccion,Millones de pesos corrientes,inventarios,381.78
2024,Roch,S&P Capital IQ,produccion,Millones de pesos corrientes,ppye,112976.577
2024,Roch,S&P Capital IQ,produccion,Millones de pesos corrientes,ppye_neta,19583.383
2024,Roch,S&P Capital IQ,produccion,Millones de pesos corrientes,tg_ant,0.5648478682072993
2024,Roch,S&P Capital IQ,produccion,Millones de pesos corrientes,tg_desp,0.17497363185736264
2025,Roch,S&P Capital IQ,produccion,Millones de pesos corrientes,KTA,29730.086000000003
2025,Roch,S&P Capital IQ,produccion,Millones de pesos corrientes,activo,86286.272
2025,Roch,S&P Capital IQ,produccion,Millones de pesos corrientes,gcia_ant,33226.549
2025,Roch,S&P Capital IQ,produccion,Millones de pesos corrientes,gcia_desp,33347.96
2025,Roch,S&P Capital IQ,produccion,Millones de pesos corrientes,inventarios,518.201
2025,Roch,S&P Capital IQ,produccion,Millones de pesos corrientes,ppye_neta,20272.239
2025,Roch,S&P Capital IQ,produccion,Millones de pesos corrientes,tg_ant,1.1176068915508686
2025,Roch,S&P Capital IQ,produccion,Millones de pesos corrientes,tg_desp,1.1216906671578413
1996,Soc. Com. del Plata,S&P Capital IQ,holding,Millones de pesos corrientes,KTA,410.91700000000003
1996,Soc. Com. del Plata,S&P Capital IQ,holding,Millones de pesos corrientes,activo,1297.274
1996,Soc. Com. del Plata,S&P Capital IQ,holding,Millones de pesos corrientes,gcia_ant,55.650000000000006
1996,Soc. Com. del Plata,S&P Capital IQ,holding,Millones de pesos corrientes,gcia_desp,36.345000000000006
1996,Soc. Com. del Plata,S&P Capital IQ,holding,Millones de pesos corrientes,inventarios,76.289
1996,Soc. Com. del Plata,S&P Capital IQ,holding,Millones de pesos corrientes,ppye_neta,308.213
1996,Soc. Com. del Plata,S&P Capital IQ,holding,Millones de pesos corrientes,tg_ant,0.13542880922424724
1996,Soc. Com. del Plata,S&P Capital IQ,holding,Millones de pesos corrientes,tg_desp,0.08844851880063372
1997,Soc. Com. del Plata,S&P Capital IQ,holding,Millones de pesos corrientes,KTA,541.9110000000001
1997,Soc. Com. del Plata,S&P Capital IQ,holding,Millones de pesos corrientes,activo,1414.97
1997,Soc. Com. del Plata,S&P Capital IQ,holding,Millones de pesos corrientes,gcia_ant,113.173
1997,Soc. Com. del Plata,S&P Capital IQ,holding,Millones de pesos corrientes,gcia_desp,98.609
1997,Soc. Com. del Plata,S&P Capital IQ,holding,Millones de pesos corrientes,inventarios,72.957
1997,Soc. Com. del Plata,S&P Capital IQ,holding,Millones de pesos corrientes,ppye_neta,397.026
1997,Soc. Com. del Plata,S&P Capital IQ,holding,Millones de pesos corrientes,tg_ant,0.20884056607081233
1997,Soc. Com. del Plata,S&P Capital IQ,holding,Millones de pesos corrientes,tg_desp,0.1819653042658296
1998,Soc. Com. del Plata,S&P Capital IQ,holding,Millones de pesos corrientes,KTA,838.1950000000002
1998,Soc. Com. del Plata,S&P Capital IQ,holding,Millones de pesos corrientes,activo,1438.747
1998,Soc. Com. del Plata,S&P Capital IQ,holding,Millones de pesos corrientes,gcia_ant,73.74300000000001
1998,Soc. Com. del Plata,S&P Capital IQ,holding,Millones de pesos corrientes,gcia_desp,62.117
1998,Soc. Com. del Plata,S&P Capital IQ,holding,Millones de pesos corrientes,inventarios,78.48800000000001
1998,Soc. Com. del Plata,S&P Capital IQ,holding,Millones de pesos corrientes,ppye_neta,645.4820000000001
1998,Soc. Com. del Plata,S&P Capital IQ,holding,Millones de pesos corrientes,tg_ant,0.08797833439712716
1998,Soc. Com. del Plata,S&P Capital IQ,holding,Millones de pesos corrientes,tg_desp,0.07410805361520885
1999,Soc. Com. del Plata,S&P Capital IQ,holding,Millones de pesos corrientes,KTA,681.865
1999,Soc. Com. del Plata,S&P Capital IQ,holding,Millones de pesos corrientes,activo,1140.266
1999,Soc. Com. del Plata,S&P Capital IQ,holding,Millones de pesos corrientes,gcia_ant,-233.7766200002338
1999,Soc. Com. del Plata,S&P Capital IQ,holding,Millones de pesos corrientes,gcia_desp,-235.1764800002352
1999,Soc. Com. del Plata,S&P Capital IQ,holding,Millones de pesos corrientes,inventarios,21.801
1999,Soc. Com. del Plata,S&P Capital IQ,holding,Millones de pesos corrientes,ppye_neta,618.326
1999,Soc. Com. del Plata,S&P Capital IQ,holding,Millones de pesos corrientes,tg_ant,-0.34284883371376124
1999,Soc. Com. del Plata,S&P Capital IQ,holding,Millones de pesos corrientes,tg_desp,-0.34490182074198733
2000,Soc. Com. del Plata,S&P Capital IQ,holding,Millones de pesos corrientes,KTA,649.3960000000001
2000,Soc. Com. del Plata,S&P Capital IQ,holding,Millones de pesos corrientes,activo,1111.863
2000,Soc. Com. del Plata,S&P Capital IQ,holding,Millones de pesos corrientes,gcia_ant,-98.34240001007026
2000,Soc. Com. del Plata,S&P Capital IQ,holding,Millones de pesos corrientes,gcia_desp,-99.54048001019297
2000,Soc. Com. del Plata,S&P Capital IQ,holding,Millones de pesos corrientes,inventarios,19.077
2000,Soc. Com. del Plata,S&P Capital IQ,holding,Millones de pesos corrientes,ppye_neta,603.7810000000001
2000,Soc. Com. del Plata,S&P Capital IQ,holding,Millones de pesos corrientes,tg_ant,-0.15143671967500608
2000,Soc. Com. del Plata,S&P Capital IQ,holding,Millones de pesos corrientes,tg_desp,-0.15328163402637673
2001,Soc. Com. del Plata,S&P Capital IQ,holding,Millones de pesos corrientes,KTA,1418.3980000000001
2001,Soc. Com. del Plata,S&P Capital IQ,holding,Millones de pesos corrientes,activo,2399.8240000000005
2001,Soc. Com. del Plata,S&P Capital IQ,holding,Millones de pesos corrientes,gcia_ant,26.862000000000005
2001,Soc. Com. del Plata,S&P Capital IQ,holding,Millones de pesos corrientes,gcia_desp,24.905
2001,Soc. Com. del Plata,S&P Capital IQ,holding,Millones de pesos corrientes,inventarios,39.96
2001,Soc. Com. del Plata,S&P Capital IQ,holding,Millones de pesos corrientes,ppye_neta,1303.765
2001,Soc. Com. del Plata,S&P Capital IQ,holding,Millones de pesos corrientes,tg_ant,0.01893826697443172
2001,Soc. Com. del Plata,S&P Capital IQ,holding,Millones de pesos corrientes,tg_desp,0.017558541396702477
2002,Soc. Com. del Plata,S&P Capital IQ,holding,Millones de pesos corrientes,KTA,1453.9070000000002
2002,Soc. Com. del Plata,S&P Capital IQ,holding,Millones de pesos corrientes,activo,2215.645
2002,Soc. Com. del Plata,S&P Capital IQ,holding,Millones de pesos corrientes,gcia_ant,-208.82399981414665
2002,Soc. Com. del Plata,S&P Capital IQ,holding,Millones de pesos corrientes,gcia_desp,-202.38299981987916
2002,Soc. Com. del Plata,S&P Capital IQ,holding,Millones de pesos corrientes,inventarios,32.051
2002,Soc. Com. del Plata,S&P Capital IQ,holding,Millones de pesos corrientes,ppye_neta,1273.688
2002,Soc. Com. del Plata,S&P Capital IQ,holding,Millones de pesos corrientes,tg_ant,-0.14362954426531177
2002,Soc. Com. del Plata,S&P Capital IQ,holding,Millones de pesos corrientes,tg_desp,-0.13919941221816742
2003,Soc. Com. del Plata,S&P Capital IQ,holding,Millones de pesos corrientes,KTA,159.535
2003,Soc. Com. del Plata,S&P Capital IQ,holding,Millones de pesos corrientes,activo,368.416
2003,Soc. Com. del Plata,S&P Capital IQ,holding,Millones de pesos corrientes,gcia_ant,-663.2640008224473
2003,Soc. Com. del Plata,S&P Capital IQ,holding,Millones de pesos corrientes,gcia_desp,-663.2640008224473
2003,Soc. Com. del Plata,S&P Capital IQ,holding,Millones de pesos corrientes,inventarios,2.457
2003,Soc. Com. del Plata,S&P Capital IQ,holding,Millones de pesos corrientes,ppye_neta,152.083
2003,Soc. Com. del Plata,S&P Capital IQ,holding,Millones de pesos corrientes,tg_ant,-4.1574826892058
2003,Soc. Com. del Plata,S&P Capital IQ,holding,Millones de pesos corrientes,tg_desp,-4.1574826892058
2004,Soc. Com. del Plata,S&P Capital IQ,holding,Millones de pesos corrientes,KTA,225.213
2004,Soc. Com. del Plata,S&P Capital IQ,holding,Millones de pesos corrientes,activo,382.894
2004,Soc. Com. del Plata,S&P Capital IQ,holding,Millones de pesos corrientes,gcia_ant,-28.56960003199795
2004,Soc. Com. del Plata,S&P Capital IQ,holding,Millones de pesos corrientes,gcia_desp,-33.03360003699763
2004,Soc. Com. del Plata,S&P Capital IQ,holding,Millones de pesos corrientes,inventarios,2.971
2004,Soc. Com. del Plata,S&P Capital IQ,holding,Millones de pesos corrientes,ppye_neta,200.594
2004,Soc. Com. del Plata,S&P Capital IQ,holding,Millones de pesos corrientes,tg_ant,-0.12685590988085924
2004,Soc. Com. del Plata,S&P Capital IQ,holding,Millones de pesos corrientes,tg_desp,-0.1466771457997435
2005,Soc. Com. del Plata,S&P Capital IQ,holding,Millones de pesos corrientes,KTA,205.33800000000002
2005,Soc. Com. del Plata,S&P Capital IQ,holding,Millones de pesos corrientes,activo,476.932
2005,Soc. Com. del Plata,S&P Capital IQ,holding,Millones de pesos corrientes,gcia_ant,114.513
2005,Soc. Com. del Plata,S&P Capital IQ,holding,Millones de pesos corrientes,gcia_desp,115.42300000000002
2005,Soc. Com. del Plata,S&P Capital IQ,holding,Millones de pesos corrientes,inventarios,2.662
2005,Soc. Com. del Plata,S&P Capital IQ,holding,Millones de pesos corrientes,ppye_neta,175.151
2005,Soc. Com. del Plata,S&P Capital IQ,holding,Millones de pesos corrientes,tg_ant,0.5576805072611986
2005,Soc. Com. del Plata,S&P Capital IQ,holding,Millones de pesos corrientes,tg_desp,0.5621122247221654
2006,Soc. Com. del Plata,S&P Capital IQ,holding,Millones de pesos corrientes,KTA,179.851
2006,Soc. Com. del Plata,S&P Capital IQ,holding,Millones de pesos corrientes,activo,456.864
2006,Soc. Com. del Plata,S&P Capital IQ,holding,Millones de pesos corrientes,gcia_ant,-208.9640000016717
2006,Soc. Com. del Plata,S&P Capital IQ,holding,Millones de pesos corrientes,gcia_desp,-213.26620000170612
2006,Soc. Com. del Plata,S&P Capital IQ,holding,Millones de pesos corrientes,inventarios,1.508
2006,Soc. Com. del Plata,S&P Capital IQ,holding,Millones de pesos corrientes,ppye_neta,156.253
2006,Soc. Com. del Plata,S&P Capital IQ,holding,Millones de pesos corrientes,tg_ant,-1.1618728836741063
2006,Soc. Com. del Plata,S&P Capital IQ,holding,Millones de pesos corrientes,tg_desp,-1.185793795985044
2007,Soc. Com. del Plata,S&P Capital IQ,holding,Millones de pesos corrientes,KTA,195.775
2007,Soc. Com. del Plata,S&P Capital IQ,holding,Millones de pesos corrientes,activo,452.609
2007,Soc. Com. del Plata,S&P Capital IQ,holding,Millones de pesos corrientes,gcia_ant,0.763
2007,Soc. Com. del Plata,S&P Capital IQ,holding,Millones de pesos corrientes,gcia_desp,-12.60000001827
2007,Soc. Com. del Plata,S&P Capital IQ,holding,Millones de pesos corrientes,inventarios,2.7430000000000003
2007,Soc. Com. del Plata,S&P Capital IQ,holding,Millones de pesos corrientes,ppye_neta,116.668
2007,Soc. Com. del Plata,S&P Capital IQ,holding,Millones de pesos corrientes,tg_ant,0.003897331119908058
2007,Soc. Com. del Plata,S&P Capital IQ,holding,Millones de pesos corrientes,tg_desp,-0.06435959656886732
2008,Soc. Com. del Plata,S&P Capital IQ,holding,Millones de pesos corrientes,KTA,322.467
2008,Soc. Com. del Plata,S&P Capital IQ,holding,Millones de pesos corrientes,activo,531.491
2008,Soc. Com. del Plata,S&P Capital IQ,holding,Millones de pesos corrientes,gcia_ant,-133.24719994989906
2008,Soc. Com. del Plata,S&P Capital IQ,holding,Millones de pesos corrientes,gcia_desp,-133.24719994989906
2008,Soc. Com. del Plata,S&P Capital IQ,holding,Millones de pesos corrientes,inventarios,4.257
2008,Soc. Com. del Plata,S&P Capital IQ,holding,Millones de pesos corrientes,ppye_neta,219.18
2008,Soc. Com. del Plata,S&P Capital IQ,holding,Millones de pesos corrientes,tg_ant,-0.4132118943950825
2008,Soc. Com. del Plata,S&P Capital IQ,holding,Millones de pesos corrientes,tg_desp,-0.4132118943950825
2009,Soc. Com. del Plata,S&P Capital IQ,holding,Millones de pesos corrientes,KTA,363.97
2009,Soc. Com. del Plata,S&P Capital IQ,holding,Millones de pesos corrientes,activo,448.118
2009,Soc. Com. del Plata,S&P Capital IQ,holding,Millones de pesos corrientes,gcia_ant,-54.32570000896374
2009,Soc. Com. del Plata,S&P Capital IQ,holding,Millones de pesos corrientes,gcia_desp,-68.38200001128304
2009,Soc. Com. del Plata,S&P Capital IQ,holding,Millones de pesos corrientes,inventarios,2.2950000000000004
2009,Soc. Com. del Plata,S&P Capital IQ,holding,Millones de pesos corrientes,ppye_neta,198.35
2009,Soc. Com. del Plata,S&P Capital IQ,holding,Millones de pesos corrientes,tg_ant,-0.14925873013974705
2009,Soc. Com. del Plata,S&P Capital IQ,holding,Millones de pesos corrientes,tg_desp,-0.1878781218542271
2010,Soc. Com. del Plata,S&P Capital IQ,holding,Millones de pesos corrientes,KTA,454.22
2010,Soc. Com. del Plata,S&P Capital IQ,holding,Millones de pesos corrientes,activo,569.339
2010,Soc. Com. del Plata,S&P Capital IQ,holding,Millones de pesos corrientes,gcia_ant,-34.944799943144815
2010,Soc. Com. del Plata,S&P Capital IQ,holding,Millones de pesos corrientes,gcia_desp,-50.828799917301545
2010,Soc. Com. del Plata,S&P Capital IQ,holding,Millones de pesos corrientes,inventarios,5.972
2010,Soc. Com. del Plata,S&P Capital IQ,holding,Millones de pesos corrientes,ppye_neta,228.293
2010,Soc. Com. del Plata,S&P Capital IQ,holding,Millones de pesos corrientes,tg_ant,-0.07693364436428342
2010,Soc. Com. del Plata,S&P Capital IQ,holding,Millones de pesos corrientes,tg_desp,-0.11190348271168496
2011,Soc. Com. del Plata,S&P Capital IQ,holding,Millones de pesos corrientes,KTA,634.69
2011,Soc. Com. del Plata,S&P Capital IQ,holding,Millones de pesos corrientes,activo,989.001
2011,Soc. Com. del Plata,S&P Capital IQ,holding,Millones de pesos corrientes,gcia_ant,-387.8805002773345
2011,Soc. Com. del Plata,S&P Capital IQ,holding,Millones de pesos corrientes,gcia_desp,-386.5890002764111
2011,Soc. Com. del Plata,S&P Capital IQ,holding,Millones de pesos corrientes,inventarios,20.788
2011,Soc. Com. del Plata,S&P Capital IQ,holding,Millones de pesos corrientes,ppye_neta,370.265
2011,Soc. Com. del Plata,S&P Capital IQ,holding,Millones de pesos corrientes,tg_ant,-0.6111337822832161
2011,Soc. Com. del Plata,S&P Capital IQ,holding,Millones de pesos corrientes,tg_desp,-0.6090989306218959
2012,Soc. Com. del Plata,S&P Capital IQ,holding,Millones de pesos corrientes,KTA,667.2090000000001
2012,Soc. Com. del Plata,S&P Capital IQ,holding,Millones de pesos corrientes,activo,1064.042
2012,Soc. Com. del Plata,S&P Capital IQ,holding,Millones de pesos corrientes,gcia_ant,943.875
2012,Soc. Com. del Plata,S&P Capital IQ,holding,Millones de pesos corrientes,gcia_desp,912.186
2012,Soc. Com. del Plata,S&P Capital IQ,holding,Millones de pesos corrientes,inventarios,14.273
2012,Soc. Com. del Plata,S&P Capital IQ,holding,Millones de pesos corrientes,ppye_neta,354.285
2012,Soc. Com. del Plata,S&P Capital IQ,holding,Millones de pesos corrientes,tg_ant,1.4146616727292347
2012,Soc. Com. del Plata,S&P Capital IQ,holding,Millones de pesos corrientes,tg_desp,1.3671668098002274
2013,Soc. Com. del Plata,S&P Capital IQ,holding,Millones de pesos corrientes,KTA,576.685
2013,Soc. Com. del Plata,S&P Capital IQ,holding,Millones de pesos corrientes,activo,1117.794
2013,Soc. Com. del Plata,S&P Capital IQ,holding,Millones de pesos corrientes,gcia_ant,122.72899999999998
2013,Soc. Com. del Plata,S&P Capital IQ,holding,Millones de pesos corrientes,gcia_desp,113.348
2013,Soc. Com. del Plata,S&P Capital IQ,holding,Millones de pesos corrientes,inventarios,15.784
2013,Soc. Com. del Plata,S&P Capital IQ,holding,Millones de pesos corrientes,ppye_neta,291.565
2013,Soc. Com. del Plata,S&P Capital IQ,holding,Millones de pesos corrientes,tg_ant,0.21281808959830756
2013,Soc. Com. del Plata,S&P Capital IQ,holding,Millones de pesos corrientes,tg_desp,0.1965509767030528
2014,Soc. Com. del Plata,S&P Capital IQ,holding,Millones de pesos corrientes,KTA,560.604
2014,Soc. Com. del Plata,S&P Capital IQ,holding,Millones de pesos corrientes,activo,1530.021
2014,Soc. Com. del Plata,S&P Capital IQ,holding,Millones de pesos corrientes,gcia_ant,231.738
2014,Soc. Com. del Plata,S&P Capital IQ,holding,Millones de pesos corrientes,gcia_desp,259.059
2014,Soc. Com. del Plata,S&P Capital IQ,holding,Millones de pesos corrientes,inventarios,44.602
2014,Soc. Com. del Plata,S&P Capital IQ,holding,Millones de pesos corrientes,ppye_neta,418.288
2014,Soc. Com. del Plata,S&P Capital IQ,holding,Millones de pesos corrientes,tg_ant,0.41337200590791356
2014,Soc. Com. del Plata,S&P Capital IQ,holding,Millones de pesos corrientes,tg_desp,0.46210694179848877
2015,Soc. Com. del Plata,S&P Capital IQ,holding,Millones de pesos corrientes,KTA,2388.374
2015,Soc. Com. del Plata,S&P Capital IQ,holding,Millones de pesos corrientes,activo,3556.488
2015,Soc. Com. del Plata,S&P Capital IQ,holding,Millones de pesos corrientes,gcia_ant,358.917
2015,Soc. Com. del Plata,S&P Capital IQ,holding,Millones de pesos corrientes,gcia_desp,359.842
2015,Soc. Com. del Plata,S&P Capital IQ,holding,Millones de pesos corrientes,inventarios,358.088
2015,Soc. Com. del Plata,S&P Capital IQ,holding,Millones de pesos corrientes,ppye_neta,1838.771
2015,Soc. Com. del Plata,S&P Capital IQ,holding,Millones de pesos corrientes,tg_ant,0.15027671545578708
2015,Soc. Com. del Plata,S&P Capital IQ,holding,Millones de pesos corrientes,tg_desp,0.1506640082332164
2016,Soc. Com. del Plata,S&P Capital IQ,holding,Millones de pesos corrientes,KTA,2391.097
2016,Soc. Com. del Plata,S&P Capital IQ,holding,Millones de pesos corrientes,activo,3864.829
2016,Soc. Com. del Plata,S&P Capital IQ,holding,Millones de pesos corrientes,gcia_ant,-109.17179978493157
2016,Soc. Com. del Plata,S&P Capital IQ,holding,Millones de pesos corrientes,gcia_desp,151.85100000000003
2016,Soc. Com. del Plata,S&P Capital IQ,holding,Millones de pesos corrientes,inventarios,505.0340000000001
2016,Soc. Com. del Plata,S&P Capital IQ,holding,Millones de pesos corrientes,ppye,2540.5950000000003
2016,Soc. Com. del Plata,S&P Capital IQ,holding,Millones de pesos corrientes,ppye_neta,1829.627
2016,Soc. Com. del Plata,S&P Capital IQ,holding,Millones de pesos corrientes,tg_ant,-0.04565762065902452
2016,Soc. Com. del Plata,S&P Capital IQ,holding,Millones de pesos corrientes,tg_desp,0.06350683389256062
2017,Soc. Com. del Plata,S&P Capital IQ,holding,Millones de pesos corrientes,KTA,4766.106
2017,Soc. Com. del Plata,S&P Capital IQ,holding,Millones de pesos corrientes,activo,10711.315
2017,Soc. Com. del Plata,S&P Capital IQ,holding,Millones de pesos corrientes,gcia_ant,-810.7491936696703
2017,Soc. Com. del Plata,S&P Capital IQ,holding,Millones de pesos corrientes,gcia_desp,-297.7115976754679
2017,Soc. Com. del Plata,S&P Capital IQ,holding,Millones de pesos corrientes,inventarios,674.34
2017,Soc. Com. del Plata,S&P Capital IQ,holding,Millones de pesos corrientes,ppye,8348.746
2017,Soc. Com. del Plata,S&P Capital IQ,holding,Millones de pesos corrientes,ppye_neta,4052.944
2017,Soc. Com. del Plata,S&P Capital IQ,holding,Millones de pesos corrientes,tg_ant,-0.17010725184661657
2017,Soc. Com. del Plata,S&P Capital IQ,holding,Millones de pesos corrientes,tg_desp,-0.06246432573582457
2018,Soc. Com. del Plata,S&P Capital IQ,holding,Millones de pesos corrientes,KTA,17164.907
2018,Soc. Com. del Plata,S&P Capital IQ,holding,Millones de pesos corrientes,activo,27550.709000000003
2018,Soc. Com. del Plata,S&P Capital IQ,holding,Millones de pesos corrientes,gcia_ant,3181.0270000000005
2018,Soc. Com. del Plata,S&P Capital IQ,holding,Millones de pesos corrientes,gcia_desp,6933.5830000000005
2018,Soc. Com. del Plata,S&P Capital IQ,holding,Millones de pesos corrientes,inventarios,1327.455
2018,Soc. Com. del Plata,S&P Capital IQ,holding,Millones de pesos corrientes,ppye,21106.052
2018,Soc. Com. del Plata,S&P Capital IQ,holding,Millones de pesos corrientes,ppye_neta,12609.291
2018,Soc. Com. del Plata,S&P Capital IQ,holding,Millones de pesos corrientes,tg_ant,0.18532154004679435
2018,Soc. Com. del Plata,S&P Capital IQ,holding,Millones de pesos corrientes,tg_desp,0.40393944458889297
2019,Soc. Com. del Plata,S&P Capital IQ,holding,Millones de pesos corrientes,KTA,23753.209
2019,Soc. Com. del Plata,S&P Capital IQ,holding,Millones de pesos corrientes,activo,40914.023
2019,Soc. Com. del Plata,S&P Capital IQ,holding,Millones de pesos corrientes,gcia_ant,2371.055
2019,Soc. Com. del Plata,S&P Capital IQ,holding,Millones de pesos corrientes,gcia_desp,1441.447
2019,Soc. Com. del Plata,S&P Capital IQ,holding,Millones de pesos corrientes,inventarios,1794.458
2019,Soc. Com. del Plata,S&P Capital IQ,holding,Millones de pesos corrientes,ppye,31064.506
2019,Soc. Com. del Plata,S&P Capital IQ,holding,Millones de pesos corrientes,ppye_neta,20516.337
2019,Soc. Com. del Plata,S&P Capital IQ,holding,Millones de pesos corrientes,tg_ant,0.09982040742368746
2019,Soc. Com. del Plata,S&P Capital IQ,holding,Millones de pesos corrientes,tg_desp,0.0606843058552636
2020,Soc. Com. del Plata,S&P Capital IQ,holding,Millones de pesos corrientes,KTA,33761.68
2020,Soc. Com. del Plata,S&P Capital IQ,holding,Millones de pesos corrientes,activo,56338.18200000001
2020,Soc. Com. del Plata,S&P Capital IQ,holding,Millones de pesos corrientes,gcia_ant,3049.717
2020,Soc. Com. del Plata,S&P Capital IQ,holding,Millones de pesos corrientes,gcia_desp,1346.483
2020,Soc. Com. del Plata,S&P Capital IQ,holding,Millones de pesos corrientes,inventarios,1949.336
2020,Soc. Com. del Plata,S&P Capital IQ,holding,Millones de pesos corrientes,ppye,33959.942
2020,Soc. Com. del Plata,S&P Capital IQ,holding,Millones de pesos corrientes,ppye_neta,28826.234
2020,Soc. Com. del Plata,S&P Capital IQ,holding,Millones de pesos corrientes,tg_ant,0.09033072406349447
2020,Soc. Com. del Plata,S&P Capital IQ,holding,Millones de pesos corrientes,tg_desp,0.03988199046966857
2021,Soc. Com. del Plata,S&P Capital IQ,holding,Millones de pesos corrientes,KTA,56613.810000000005
2021,Soc. Com. del Plata,S&P Capital IQ,holding,Millones de pesos corrientes,activo,97835.359
2021,Soc. Com. del Plata,S&P Capital IQ,holding,Millones de pesos corrientes,gcia_ant,9608.905
2021,Soc. Com. del Plata,S&P Capital IQ,holding,Millones de pesos corrientes,gcia_desp,2023.886
2021,Soc. Com. del Plata,S&P Capital IQ,holding,Millones de pesos corrientes,inventarios,3710.941
2021,Soc. Com. del Plata,S&P Capital IQ,holding,Millones de pesos corrientes,ppye,55714.523
2021,Soc. Com. del Plata,S&P Capital IQ,holding,Millones de pesos corrientes,ppye_neta,44650.505000000005
2021,Soc. Com. del Plata,S&P Capital IQ,holding,Millones de pesos corrientes,tg_ant,0.16972722733198842
2021,Soc. Com. del Plata,S&P Capital IQ,holding,Millones de pesos corrientes,tg_desp,0.03574898068156868
2022,Soc. Com. del Plata,S&P Capital IQ,holding,Millones de pesos corrientes,KTA,190221.76899999997
2022,Soc. Com. del Plata,S&P Capital IQ,holding,Millones de pesos corrientes,activo,296053.795
2022,Soc. Com. del Plata,S&P Capital IQ,holding,Millones de pesos corrientes,gcia_ant,34629.34
2022,Soc. Com. del Plata,S&P Capital IQ,holding,Millones de pesos corrientes,gcia_desp,20152.559
2022,Soc. Com. del Plata,S&P Capital IQ,holding,Millones de pesos corrientes,inventarios,11985.071
2022,Soc. Com. del Plata,S&P Capital IQ,holding,Millones de pesos corrientes,ppye,179475.48299999998
2022,Soc. Com. del Plata,S&P Capital IQ,holding,Millones de pesos corrientes,ppye_neta,139164.618
2022,Soc. Com. del Plata,S&P Capital IQ,holding,Millones de pesos corrientes,tg_ant,0.18204719776315403
2022,Soc. Com. del Plata,S&P Capital IQ,holding,Millones de pesos corrientes,tg_desp,0.10594244342244553
2023,Soc. Com. del Plata,S&P Capital IQ,holding,Millones de pesos corrientes,KTA,511672.564
2023,Soc. Com. del Plata,S&P Capital IQ,holding,Millones de pesos corrientes,activo,691756.041
2023,Soc. Com. del Plata,S&P Capital IQ,holding,Millones de pesos corrientes,gcia_ant,-52470.47828174949
2023,Soc. Com. del Plata,S&P Capital IQ,holding,Millones de pesos corrientes,gcia_desp,-65082.79663606832
2023,Soc. Com. del Plata,S&P Capital IQ,holding,Millones de pesos corrientes,inventarios,51231.038
2023,Soc. Com. del Plata,S&P Capital IQ,holding,Millones de pesos corrientes,ppye,463982.878
2023,Soc. Com. del Plata,S&P Capital IQ,holding,Millones de pesos corrientes,ppye_neta,347081.123
2023,Soc. Com. del Plata,S&P Capital IQ,holding,Millones de pesos corrientes,tg_ant,-0.10254698409381491
2023,Soc. Com. del Plata,S&P Capital IQ,holding,Millones de pesos corrientes,tg_desp,-0.12719618211944683
2024,Soc. Com. del Plata,S&P Capital IQ,holding,Millones de pesos corrientes,KTA,542155.8319999999
2024,Soc. Com. del Plata,S&P Capital IQ,holding,Millones de pesos corrientes,activo,839287.449
2024,Soc. Com. del Plata,S&P Capital IQ,holding,Millones de pesos corrientes,gcia_ant,65050.22
2024,Soc. Com. del Plata,S&P Capital IQ,holding,Millones de pesos corrientes,gcia_desp,86375.744
2024,Soc. Com. del Plata,S&P Capital IQ,holding,Millones de pesos corrientes,inventarios,63126.606
2024,Soc. Com. del Plata,S&P Capital IQ,holding,Millones de pesos corrientes,ppye,587863.795
2024,Soc. Com. del Plata,S&P Capital IQ,holding,Millones de pesos corrientes,ppye_neta,404121.837
2024,Soc. Com. del Plata,S&P Capital IQ,holding,Millones de pesos corrientes,tg_ant,0.11998435903572464
2024,Soc. Com. del Plata,S&P Capital IQ,holding,Millones de pesos corrientes,tg_desp,0.15931903504821104
2025,Soc. Com. del Plata,S&P Capital IQ,holding,Millones de pesos corrientes,KTA,521995.958
2025,Soc. Com. del Plata,S&P Capital IQ,holding,Millones de pesos corrientes,activo,787361.0199999999
2025,Soc. Com. del Plata,S&P Capital IQ,holding,Millones de pesos corrientes,gcia_ant,-62845.61459527714
2025,Soc. Com. del Plata,S&P Capital IQ,holding,Millones de pesos corrientes,gcia_desp,-58201.13499470239
2025,Soc. Com. del Plata,S&P Capital IQ,holding,Millones de pesos corrientes,inventarios,51835.978
2025,Soc. Com. del Plata,S&P Capital IQ,holding,Millones de pesos corrientes,ppye,601223.294
2025,Soc. Com. del Plata,S&P Capital IQ,holding,Millones de pesos corrientes,ppye_neta,399770.537
2025,Soc. Com. del Plata,S&P Capital IQ,holding,Millones de pesos corrientes,tg_ant,-0.12039482994478885
2025,Soc. Com. del Plata,S&P Capital IQ,holding,Millones de pesos corrientes,tg_desp,-0.11149729054933102
2026,Soc. Com. del Plata,S&P Capital IQ,holding,Millones de pesos corrientes,KTA,553697.8180000001
2026,Soc. Com. del Plata,S&P Capital IQ,holding,Millones de pesos corrientes,activo,858474.198
2026,Soc. Com. del Plata,S&P Capital IQ,holding,Millones de pesos corrientes,gcia_ant,-49458.17054503456
2026,Soc. Com. del Plata,S&P Capital IQ,holding,Millones de pesos corrientes,gcia_desp,-43793.966655798766
2026,Soc. Com. del Plata,S&P Capital IQ,holding,Millones de pesos corrientes,inventarios,56467.563
2026,Soc. Com. del Plata,S&P Capital IQ,holding,Millones de pesos corrientes,ppye_neta,434270.19000000006
2026,Soc. Com. del Plata,S&P Capital IQ,holding,Millones de pesos corrientes,tg_ant,-0.08932339795681578
2026,Soc. Com. del Plata,S&P Capital IQ,holding,Millones de pesos corrientes,tg_desp,-0.07909362333047655
1996,TGN,S&P Capital IQ,transporte,Millones de pesos corrientes,activo,829.853274
1996,TGN,S&P Capital IQ,transporte,Millones de pesos corrientes,gcia_ant,67.974146
1996,TGN,S&P Capital IQ,transporte,Millones de pesos corrientes,gcia_desp,87.884216
1996,TGN,S&P Capital IQ,transporte,Millones de pesos corrientes,ppye,789.581161
1996,TGN,S&P Capital IQ,transporte,Millones de pesos corrientes,ppye_neta,738.944574
1997,TGN,S&P Capital IQ,transporte,Millones de pesos corrientes,activo,926.519815
1997,TGN,S&P Capital IQ,transporte,Millones de pesos corrientes,gcia_ant,73.636179
1997,TGN,S&P Capital IQ,transporte,Millones de pesos corrientes,gcia_desp,97.364974
1997,TGN,S&P Capital IQ,transporte,Millones de pesos corrientes,ppye,945.061429
1997,TGN,S&P Capital IQ,transporte,Millones de pesos corrientes,ppye_neta,876.123559
1998,TGN,S&P Capital IQ,transporte,Millones de pesos corrientes,activo,1101.17368
1998,TGN,S&P Capital IQ,transporte,Millones de pesos corrientes,gcia_ant,83.1132380000005
1998,TGN,S&P Capital IQ,transporte,Millones de pesos corrientes,gcia_desp,103.4441980000005
1998,TGN,S&P Capital IQ,transporte,Millones de pesos corrientes,ppye,1128.895873
1998,TGN,S&P Capital IQ,transporte,Millones de pesos corrientes,ppye_neta,1039.0847790000005
1999,TGN,S&P Capital IQ,transporte,Millones de pesos corrientes,activo,1213.558987
1999,TGN,S&P Capital IQ,transporte,Millones de pesos corrientes,gcia_ant,70.56470599999994
1999,TGN,S&P Capital IQ,transporte,Millones de pesos corrientes,gcia_desp,47.68470599999995
1999,TGN,S&P Capital IQ,transporte,Millones de pesos corrientes,ppye,1254.401198
1999,TGN,S&P Capital IQ,transporte,Millones de pesos corrientes,ppye_neta,1128.6502870000002
2000,TGN,S&P Capital IQ,transporte,Millones de pesos corrientes,activo,1302.882057
2000,TGN,S&P Capital IQ,transporte,Millones de pesos corrientes,gcia_ant,56.22133800000037
2000,TGN,S&P Capital IQ,transporte,Millones de pesos corrientes,gcia_desp,39.42133800000037
2000,TGN,S&P Capital IQ,transporte,Millones de pesos corrientes,ppye,1385.4679980000003
2000,TGN,S&P Capital IQ,transporte,Millones de pesos corrientes,ppye_neta,1224.012821
2001,TGN,S&P Capital IQ,transporte,Millones de pesos corrientes,activo,2813.221931
2001,TGN,S&P Capital IQ,transporte,Millones de pesos corrientes,gcia_ant,101.0194889999999
2001,TGN,S&P Capital IQ,transporte,Millones de pesos corrientes,gcia_desp,59.30864699999961
2001,TGN,S&P Capital IQ,transporte,Millones de pesos corrientes,ppye,3059.696090000001
2001,TGN,S&P Capital IQ,transporte,Millones de pesos corrientes,ppye_neta,2611.273214
2002,TGN,S&P Capital IQ,transporte,Millones de pesos corrientes,activo,3295.799785
2002,TGN,S&P Capital IQ,transporte,Millones de pesos corrientes,gcia_ant,-184.07699983617147
2002,TGN,S&P Capital IQ,transporte,Millones de pesos corrientes,gcia_desp,-195.60299982591332
2002,TGN,S&P Capital IQ,transporte,Millones de pesos corrientes,ppye,3571.46488
2002,TGN,S&P Capital IQ,transporte,Millones de pesos corrientes,ppye_neta,2999.399266000001
2003,TGN,S&P Capital IQ,transporte,Millones de pesos corrientes,KTA,2668.0216190000015
2003,TGN,S&P Capital IQ,transporte,Millones de pesos corrientes,activo,2867.6617679999986
2003,TGN,S&P Capital IQ,transporte,Millones de pesos corrientes,gcia_ant,-325.75200040393247
2003,TGN,S&P Capital IQ,transporte,Millones de pesos corrientes,gcia_desp,-237.5520002945645
2003,TGN,S&P Capital IQ,transporte,Millones de pesos corrientes,inventarios,7.84
2003,TGN,S&P Capital IQ,transporte,Millones de pesos corrientes,ppye,3061.3434760000005
2003,TGN,S&P Capital IQ,transporte,Millones de pesos corrientes,ppye_neta,2402.719214000001
2003,TGN,S&P Capital IQ,transporte,Millones de pesos corrientes,tg_ant,-0.1220949628309336
2003,TGN,S&P Capital IQ,transporte,Millones de pesos corrientes,tg_desp,-0.08903675989837036
2004,TGN,S&P Capital IQ,transporte,Millones de pesos corrientes,KTA,2725.475
2004,TGN,S&P Capital IQ,transporte,Millones de pesos corrientes,activo,2972.733
2004,TGN,S&P Capital IQ,transporte,Millones de pesos corrientes,gcia_ant,-58.627200065662464
2004,TGN,S&P Capital IQ,transporte,Millones de pesos corrientes,gcia_desp,-32.43840003633101
2004,TGN,S&P Capital IQ,transporte,Millones de pesos corrientes,inventarios,5.777
2004,TGN,S&P Capital IQ,transporte,Millones de pesos corrientes,ppye,3101.7390000000005
2004,TGN,S&P Capital IQ,transporte,Millones de pesos corrientes,ppye_neta,2343.047
2004,TGN,S&P Capital IQ,transporte,Millones de pesos corrientes,tg_ant,-0.021510819239091337
2004,TGN,S&P Capital IQ,transporte,Millones de pesos corrientes,tg_desp,-0.011901925365791655
2005,TGN,S&P Capital IQ,transporte,Millones de pesos corrientes,KTA,2799.371
2005,TGN,S&P Capital IQ,transporte,Millones de pesos corrientes,activo,3113.0830000000005
2005,TGN,S&P Capital IQ,transporte,Millones de pesos corrientes,gcia_ant,-71.07749999911152
2005,TGN,S&P Capital IQ,transporte,Millones de pesos corrientes,gcia_desp,-45.56249999943047
2005,TGN,S&P Capital IQ,transporte,Millones de pesos corrientes,inventarios,8.619
2005,TGN,S&P Capital IQ,transporte,Millones de pesos corrientes,ppye,3182.8180000000007
2005,TGN,S&P Capital IQ,transporte,Millones de pesos corrientes,ppye_neta,2315.701
2005,TGN,S&P Capital IQ,transporte,Millones de pesos corrientes,tg_ant,-0.025390525228385776
2005,TGN,S&P Capital IQ,transporte,Millones de pesos corrientes,tg_desp,-0.016275977710503705
2006,TGN,S&P Capital IQ,transporte,Millones de pesos corrientes,KTA,2308.563
2006,TGN,S&P Capital IQ,transporte,Millones de pesos corrientes,activo,2648.398
2006,TGN,S&P Capital IQ,transporte,Millones de pesos corrientes,gcia_ant,231.583
2006,TGN,S&P Capital IQ,transporte,Millones de pesos corrientes,gcia_desp,215.246
2006,TGN,S&P Capital IQ,transporte,Millones de pesos corrientes,inventarios,10.145
2006,TGN,S&P Capital IQ,transporte,Millones de pesos corrientes,ppye,3231.2359999999994
2006,TGN,S&P Capital IQ,transporte,Millones de pesos corrientes,ppye_neta,2256.846
2006,TGN,S&P Capital IQ,transporte,Millones de pesos corrientes,tg_ant,0.10031478456511692
2006,TGN,S&P Capital IQ,transporte,Millones de pesos corrientes,tg_desp,0.09323808793608838
2007,TGN,S&P Capital IQ,transporte,Millones de pesos corrientes,KTA,2273.61
2007,TGN,S&P Capital IQ,transporte,Millones de pesos corrientes,activo,2613.5550000000003
2007,TGN,S&P Capital IQ,transporte,Millones de pesos corrientes,gcia_ant,73.37400000000001
2007,TGN,S&P Capital IQ,transporte,Millones de pesos corrientes,gcia_desp,59.651
2007,TGN,S&P Capital IQ,transporte,Millones de pesos corrientes,inventarios,11.359
2007,TGN,S&P Capital IQ,transporte,Millones de pesos corrientes,ppye,3284.902
2007,TGN,S&P Capital IQ,transporte,Millones de pesos corrientes,ppye_neta,2195.223
2007,TGN,S&P Capital IQ,transporte,Millones de pesos corrientes,tg_ant,0.032272025545278214
2007,TGN,S&P Capital IQ,transporte,Millones de pesos corrientes,tg_desp,0.026236249840561925
2008,TGN,S&P Capital IQ,transporte,Millones de pesos corrientes,KTA,2281.652
2008,TGN,S&P Capital IQ,transporte,Millones de pesos corrientes,activo,2639.251
2008,TGN,S&P Capital IQ,transporte,Millones de pesos corrientes,gcia_ant,-26.235199990135563
2008,TGN,S&P Capital IQ,transporte,Millones de pesos corrientes,gcia_desp,-33.48439998740986
2008,TGN,S&P Capital IQ,transporte,Millones de pesos corrientes,inventarios,12.175999999999998
2008,TGN,S&P Capital IQ,transporte,Millones de pesos corrientes,ppye,3325.418
2008,TGN,S&P Capital IQ,transporte,Millones de pesos corrientes,ppye_neta,2115.496
2008,TGN,S&P Capital IQ,transporte,Millones de pesos corrientes,tg_ant,-0.01149833541229581
2008,TGN,S&P Capital IQ,transporte,Millones de pesos corrientes,tg_desp,-0.014675507039377547
2009,TGN,S&P Capital IQ,transporte,Millones de pesos corrientes,KTA,2373.431
2009,TGN,S&P Capital IQ,transporte,Millones de pesos corrientes,activo,2878.1
2009,TGN,S&P Capital IQ,transporte,Millones de pesos corrientes,gcia_ant,-53.565900008838376
2009,TGN,S&P Capital IQ,transporte,Millones de pesos corrientes,gcia_desp,-51.66640000852496
2009,TGN,S&P Capital IQ,transporte,Millones de pesos corrientes,inventarios,15.014
2009,TGN,S&P Capital IQ,transporte,Millones de pesos corrientes,ppye,3399.315
2009,TGN,S&P Capital IQ,transporte,Millones de pesos corrientes,ppye_neta,2065.601
2009,TGN,S&P Capital IQ,transporte,Millones de pesos corrientes,tg_ant,-0.022568972937843306
2009,TGN,S&P Capital IQ,transporte,Millones de pesos corrientes,tg_desp,-0.021768654748558082
2010,TGN,S&P Capital IQ,transporte,Millones de pesos corrientes,KTA,2518.954
2010,TGN,S&P Capital IQ,transporte,Millones de pesos corrientes,activo,3186.31
2010,TGN,S&P Capital IQ,transporte,Millones de pesos corrientes,gcia_ant,141.02100000000002
2010,TGN,S&P Capital IQ,transporte,Millones de pesos corrientes,gcia_desp,73.064
2010,TGN,S&P Capital IQ,transporte,Millones de pesos corrientes,inventarios,17.665
2010,TGN,S&P Capital IQ,transporte,Millones de pesos corrientes,ppye,3473.211
2010,TGN,S&P Capital IQ,transporte,Millones de pesos corrientes,ppye_neta,2010.836
2010,TGN,S&P Capital IQ,transporte,Millones de pesos corrientes,tg_ant,0.05598395206899372
2010,TGN,S&P Capital IQ,transporte,Millones de pesos corrientes,tg_desp,0.029005690457229463
2011,TGN,S&P Capital IQ,transporte,Millones de pesos corrientes,KTA,2612.837
2011,TGN,S&P Capital IQ,transporte,Millones de pesos corrientes,activo,3247.882
2011,TGN,S&P Capital IQ,transporte,Millones de pesos corrientes,gcia_ant,-207.931500148671
2011,TGN,S&P Capital IQ,transporte,Millones de pesos corrientes,gcia_desp,-136.03800009726717
2011,TGN,S&P Capital IQ,transporte,Millones de pesos corrientes,inventarios,18.072
2011,TGN,S&P Capital IQ,transporte,Millones de pesos corrientes,ppye,3530.58
2011,TGN,S&P Capital IQ,transporte,Millones de pesos corrientes,ppye_neta,1937.531
2011,TGN,S&P Capital IQ,transporte,Millones de pesos corrientes,tg_ant,-0.07958073930699504
2011,TGN,S&P Capital IQ,transporte,Millones de pesos corrientes,tg_desp,-0.052065245592154114
2012,TGN,S&P Capital IQ,transporte,Millones de pesos corrientes,KTA,2309.687
2012,TGN,S&P Capital IQ,transporte,Millones de pesos corrientes,activo,2835.556
2012,TGN,S&P Capital IQ,transporte,Millones de pesos corrientes,gcia_ant,328.757
2012,TGN,S&P Capital IQ,transporte,Millones de pesos corrientes,gcia_desp,214.613
2012,TGN,S&P Capital IQ,transporte,Millones de pesos corrientes,inventarios,19.407
2012,TGN,S&P Capital IQ,transporte,Millones de pesos corrientes,ppye,3556.929
2012,TGN,S&P Capital IQ,transporte,Millones de pesos corrientes,ppye_neta,1847.095
2012,TGN,S&P Capital IQ,transporte,Millones de pesos corrientes,tg_ant,0.14233833415523403
2012,TGN,S&P Capital IQ,transporte,Millones de pesos corrientes,tg_desp,0.09291865088213251
2013,TGN,S&P Capital IQ,transporte,Millones de pesos corrientes,KTA,2459.8050000000003
2013,TGN,S&P Capital IQ,transporte,Millones de pesos corrientes,activo,3137.884
2013,TGN,S&P Capital IQ,transporte,Millones de pesos corrientes,gcia_ant,49.334
2013,TGN,S&P Capital IQ,transporte,Millones de pesos corrientes,gcia_desp,28.876
2013,TGN,S&P Capital IQ,transporte,Millones de pesos corrientes,inventarios,11.591
2013,TGN,S&P Capital IQ,transporte,Millones de pesos corrientes,ppye,3637.356
2013,TGN,S&P Capital IQ,transporte,Millones de pesos corrientes,ppye_neta,1794.381
2013,TGN,S&P Capital IQ,transporte,Millones de pesos corrientes,tg_ant,0.020056061354456957
2013,TGN,S&P Capital IQ,transporte,Millones de pesos corrientes,tg_desp,0.011739141923851686
2014,TGN,S&P Capital IQ,transporte,Millones de pesos corrientes,KTA,2429.247
2014,TGN,S&P Capital IQ,transporte,Millones de pesos corrientes,activo,3259.158
2014,TGN,S&P Capital IQ,transporte,Millones de pesos corrientes,gcia_ant,-388.306201506628
2014,TGN,S&P Capital IQ,transporte,Millones de pesos corrientes,gcia_desp,-256.5900009955692
2014,TGN,S&P Capital IQ,transporte,Millones de pesos corrientes,inventarios,14.51
2014,TGN,S&P Capital IQ,transporte,Millones de pesos corrientes,ppye,3808.949
2014,TGN,S&P Capital IQ,transporte,Millones de pesos corrientes,ppye_neta,1830.501
2014,TGN,S&P Capital IQ,transporte,Millones de pesos corrientes,tg_ant,-0.1598463233695989
2014,TGN,S&P Capital IQ,transporte,Millones de pesos corrientes,tg_desp,-0.1056253238125103
2015,TGN,S&P Capital IQ,transporte,Millones de pesos corrientes,KTA,2198.582
2015,TGN,S&P Capital IQ,transporte,Millones de pesos corrientes,activo,3875.43
2015,TGN,S&P Capital IQ,transporte,Millones de pesos corrientes,gcia_ant,-795.0071994116946
2015,TGN,S&P Capital IQ,transporte,Millones de pesos corrientes,gcia_desp,-517.9199996167391
2015,TGN,S&P Capital IQ,transporte,Millones de pesos corrientes,inventarios,17.483
2015,TGN,S&P Capital IQ,transporte,Millones de pesos corrientes,ppye,3964.119
2015,TGN,S&P Capital IQ,transporte,Millones de pesos corrientes,ppye_neta,1844.199
2015,TGN,S&P Capital IQ,transporte,Millones de pesos corrientes,tg_ant,-0.36159997644467873
2015,TGN,S&P Capital IQ,transporte,Millones de pesos corrientes,tg_desp,-0.2355700172278037
2016,TGN,S&P Capital IQ,transporte,Millones de pesos corrientes,KTA,2392.3460000000005
2016,TGN,S&P Capital IQ,transporte,Millones de pesos corrientes,activo,4584.665000000001
2016,TGN,S&P Capital IQ,transporte,Millones de pesos corrientes,gcia_ant,-400.29659921141575
2016,TGN,S&P Capital IQ,transporte,Millones de pesos corrientes,gcia_desp,-259.4807994888228
2016,TGN,S&P Capital IQ,transporte,Millones de pesos corrientes,inventarios,21.542
2016,TGN,S&P Capital IQ,transporte,Millones de pesos corrientes,ppye,4285.279
2016,TGN,S&P Capital IQ,transporte,Millones de pesos corrientes,ppye_neta,2009.9120000000005
2016,TGN,S&P Capital IQ,transporte,Millones de pesos corrientes,tg_ant,-0.16732387339097926
2016,TGN,S&P Capital IQ,transporte,Millones de pesos corrientes,tg_desp,-0.1084629060716229
2017,TGN,S&P Capital IQ,transporte,Millones de pesos corrientes,KTA,33230.861
2017,TGN,S&P Capital IQ,transporte,Millones de pesos corrientes,activo,37421.279
2017,TGN,S&P Capital IQ,transporte,Millones de pesos corrientes,gcia_ant,1659.0990000000002
2017,TGN,S&P Capital IQ,transporte,Millones de pesos corrientes,gcia_desp,2160.118
2017,TGN,S&P Capital IQ,transporte,Millones de pesos corrientes,inventarios,117.133
2017,TGN,S&P Capital IQ,transporte,Millones de pesos corrientes,ppye,32929.798
2017,TGN,S&P Capital IQ,transporte,Millones de pesos corrientes,ppye_neta,32224.706
2017,TGN,S&P Capital IQ,transporte,Millones de pesos corrientes,tg_ant,0.04992645240218122
2017,TGN,S&P Capital IQ,transporte,Millones de pesos corrientes,tg_desp,0.06500337141430071
2018,TGN,S&P Capital IQ,transporte,Millones de pesos corrientes,KTA,62718.186
2018,TGN,S&P Capital IQ,transporte,Millones de pesos corrientes,activo,71177.66
2018,TGN,S&P Capital IQ,transporte,Millones de pesos corrientes,gcia_ant,3945.098
2018,TGN,S&P Capital IQ,transporte,Millones de pesos corrientes,gcia_desp,5725.5560000000005
2018,TGN,S&P Capital IQ,transporte,Millones de pesos corrientes,inventarios,85.77400000000002
2018,TGN,S&P Capital IQ,transporte,Millones de pesos corrientes,ppye,55821.6
2018,TGN,S&P Capital IQ,transporte,Millones de pesos corrientes,ppye_neta,54701.024
2018,TGN,S&P Capital IQ,transporte,Millones de pesos corrientes,tg_ant,0.0629019787019988
2018,TGN,S&P Capital IQ,transporte,Millones de pesos corrientes,tg_desp,0.09129020408849198
2019,TGN,S&P Capital IQ,transporte,Millones de pesos corrientes,KTA,72359.049
2019,TGN,S&P Capital IQ,transporte,Millones de pesos corrientes,activo,85276.383
2019,TGN,S&P Capital IQ,transporte,Millones de pesos corrientes,gcia_ant,7550.071000000001
2019,TGN,S&P Capital IQ,transporte,Millones de pesos corrientes,gcia_desp,5792.862
2019,TGN,S&P Capital IQ,transporte,Millones de pesos corrientes,inventarios,231.65500000000003
2019,TGN,S&P Capital IQ,transporte,Millones de pesos corrientes,ppye,68358.979
2019,TGN,S&P Capital IQ,transporte,Millones de pesos corrientes,ppye_neta,66780.442
2019,TGN,S&P Capital IQ,transporte,Millones de pesos corrientes,tg_ant,0.10434176657020466
2019,TGN,S&P Capital IQ,transporte,Millones de pesos corrientes,tg_desp,0.08005718814795369
2020,TGN,S&P Capital IQ,transporte,Millones de pesos corrientes,KTA,86674.441
2020,TGN,S&P Capital IQ,transporte,Millones de pesos corrientes,activo,111376.012
2020,TGN,S&P Capital IQ,transporte,Millones de pesos corrientes,gcia_ant,5522.808
2020,TGN,S&P Capital IQ,transporte,Millones de pesos corrientes,gcia_desp,4670.6140000000005
2020,TGN,S&P Capital IQ,transporte,Millones de pesos corrientes,inventarios,225.94
2020,TGN,S&P Capital IQ,transporte,Millones de pesos corrientes,ppye,82468.136
2020,TGN,S&P Capital IQ,transporte,Millones de pesos corrientes,ppye_neta,79889.296
2020,TGN,S&P Capital IQ,transporte,Millones de pesos corrientes,tg_ant,0.06371899185366536
2020,TGN,S&P Capital IQ,transporte,Millones de pesos corrientes,tg_desp,0.05388686614084999
2021,TGN,S&P Capital IQ,transporte,Millones de pesos corrientes,KTA,138819.58800000002
2021,TGN,S&P Capital IQ,transporte,Millones de pesos corrientes,activo,178469.50100000002
2021,TGN,S&P Capital IQ,transporte,Millones de pesos corrientes,gcia_ant,-12897.989228125174
2021,TGN,S&P Capital IQ,transporte,Millones de pesos corrientes,gcia_desp,-18063.3463791976
2021,TGN,S&P Capital IQ,transporte,Millones de pesos corrientes,inventarios,350.32
2021,TGN,S&P Capital IQ,transporte,Millones de pesos corrientes,ppye,129849.617
2021,TGN,S&P Capital IQ,transporte,Millones de pesos corrientes,ppye_neta,124306.08500000002
2021,TGN,S&P Capital IQ,transporte,Millones de pesos corrientes,tg_ant,-0.09291188234995462
2021,TGN,S&P Capital IQ,transporte,Millones de pesos corrientes,tg_desp,-0.13012101994711003
2022,TGN,S&P Capital IQ,transporte,Millones de pesos corrientes,KTA,398214.461
2022,TGN,S&P Capital IQ,transporte,Millones de pesos corrientes,activo,509147.15
2022,TGN,S&P Capital IQ,transporte,Millones de pesos corrientes,gcia_ant,-39091.26881366944
2022,TGN,S&P Capital IQ,transporte,Millones de pesos corrientes,gcia_desp,-22335.337550537904
2022,TGN,S&P Capital IQ,transporte,Millones de pesos corrientes,inventarios,789.898
2022,TGN,S&P Capital IQ,transporte,Millones de pesos corrientes,ppye,359307.063
2022,TGN,S&P Capital IQ,transporte,Millones de pesos corrientes,ppye_neta,340225.768
2022,TGN,S&P Capital IQ,transporte,Millones de pesos corrientes,tg_ant,-0.09816637174728178
2022,TGN,S&P Capital IQ,transporte,Millones de pesos corrientes,tg_desp,-0.05608871534812972
2023,TGN,S&P Capital IQ,transporte,Millones de pesos corrientes,KTA,697838.896
2023,TGN,S&P Capital IQ,transporte,Millones de pesos corrientes,activo,1218191.113
2023,TGN,S&P Capital IQ,transporte,Millones de pesos corrientes,gcia_ant,209822.22800000003
2023,TGN,S&P Capital IQ,transporte,Millones de pesos corrientes,gcia_desp,133389.62900000002
2023,TGN,S&P Capital IQ,transporte,Millones de pesos corrientes,inventarios,3328.752
2023,TGN,S&P Capital IQ,transporte,Millones de pesos corrientes,ppye,1145818.539
2023,TGN,S&P Capital IQ,transporte,Millones de pesos corrientes,ppye_neta,536082.613
2023,TGN,S&P Capital IQ,transporte,Millones de pesos corrientes,tg_ant,0.3006743092176393
2023,TGN,S&P Capital IQ,transporte,Millones de pesos corrientes,tg_desp,0.19114673854465117
2024,TGN,S&P Capital IQ,transporte,Millones de pesos corrientes,KTA,895954.817
2024,TGN,S&P Capital IQ,transporte,Millones de pesos corrientes,activo,1341362.086
2024,TGN,S&P Capital IQ,transporte,Millones de pesos corrientes,gcia_ant,45636.033
2024,TGN,S&P Capital IQ,transporte,Millones de pesos corrientes,gcia_desp,48528.422
2024,TGN,S&P Capital IQ,transporte,Millones de pesos corrientes,inventarios,4412.819
2024,TGN,S&P Capital IQ,transporte,Millones de pesos corrientes,ppye,1570435.18
2024,TGN,S&P Capital IQ,transporte,Millones de pesos corrientes,ppye_neta,689290.023
2024,TGN,S&P Capital IQ,transporte,Millones de pesos corrientes,tg_ant,0.050935641099410484
2024,TGN,S&P Capital IQ,transporte,Millones de pesos corrientes,tg_desp,0.05416391661634428
2025,TGN,S&P Capital IQ,transporte,Millones de pesos corrientes,KTA,898857.9240000001
2025,TGN,S&P Capital IQ,transporte,Millones de pesos corrientes,activo,1302696.187
2025,TGN,S&P Capital IQ,transporte,Millones de pesos corrientes,gcia_ant,349063.758
2025,TGN,S&P Capital IQ,transporte,Millones de pesos corrientes,gcia_desp,219036.93500000003
2025,TGN,S&P Capital IQ,transporte,Millones de pesos corrientes,inventarios,4659.201
2025,TGN,S&P Capital IQ,transporte,Millones de pesos corrientes,ppye,1655403.856
2025,TGN,S&P Capital IQ,transporte,Millones de pesos corrientes,ppye_neta,707034.8200000001
2025,TGN,S&P Capital IQ,transporte,Millones de pesos corrientes,tg_ant,0.3883414148997366
2025,TGN,S&P Capital IQ,transporte,Millones de pesos corrientes,tg_desp,0.24368360021266275
2026,TGN,S&P Capital IQ,transporte,Millones de pesos corrientes,KTA,1141566.043
2026,TGN,S&P Capital IQ,transporte,Millones de pesos corrientes,activo,1416987.517
2026,TGN,S&P Capital IQ,transporte,Millones de pesos corrientes,gcia_ant,270981.445
2026,TGN,S&P Capital IQ,transporte,Millones de pesos corrientes,gcia_desp,172931.605
2026,TGN,S&P Capital IQ,transporte,Millones de pesos corrientes,inventarios,5043.621
2026,TGN,S&P Capital IQ,transporte,Millones de pesos corrientes,ppye_neta,775276.0960000001
2026,TGN,S&P Capital IQ,transporte,Millones de pesos corrientes,tg_ant,0.2373769320326568
2026,TGN,S&P Capital IQ,transporte,Millones de pesos corrientes,tg_desp,0.1514862903118081
1996,TGS,S&P Capital IQ,transporte,Millones de pesos corrientes,activo,1717.101
1996,TGS,S&P Capital IQ,transporte,Millones de pesos corrientes,gcia_ant,236.589
1996,TGS,S&P Capital IQ,transporte,Millones de pesos corrientes,gcia_desp,163.78900000000002
1996,TGS,S&P Capital IQ,transporte,Millones de pesos corrientes,inventarios,1.878
1996,TGS,S&P Capital IQ,transporte,Millones de pesos corrientes,ppye,1716.2510000000002
1996,TGS,S&P Capital IQ,transporte,Millones de pesos corrientes,ppye_neta,1578.316
1997,TGS,S&P Capital IQ,transporte,Millones de pesos corrientes,activo,1876.752
1997,TGS,S&P Capital IQ,transporte,Millones de pesos corrientes,gcia_ant,245.15600000000003
1997,TGS,S&P Capital IQ,transporte,Millones de pesos corrientes,gcia_desp,163.936
1997,TGS,S&P Capital IQ,transporte,Millones de pesos corrientes,inventarios,1.664
1997,TGS,S&P Capital IQ,transporte,Millones de pesos corrientes,ppye,1887.119
1997,TGS,S&P Capital IQ,transporte,Millones de pesos corrientes,ppye_neta,1704.169
1998,TGS,S&P Capital IQ,transporte,Millones de pesos corrientes,activo,1993.481
1998,TGS,S&P Capital IQ,transporte,Millones de pesos corrientes,gcia_ant,230.333
1998,TGS,S&P Capital IQ,transporte,Millones de pesos corrientes,gcia_desp,141.581
1998,TGS,S&P Capital IQ,transporte,Millones de pesos corrientes,inventarios,1.288
1998,TGS,S&P Capital IQ,transporte,Millones de pesos corrientes,ppye_neta,1848.022
1999,TGS,S&P Capital IQ,transporte,Millones de pesos corrientes,activo,2135.326
1999,TGS,S&P Capital IQ,transporte,Millones de pesos corrientes,gcia_ant,212.48200000000003
1999,TGS,S&P Capital IQ,transporte,Millones de pesos corrientes,gcia_desp,145.35600000000002
1999,TGS,S&P Capital IQ,transporte,Millones de pesos corrientes,inventarios,2.047
1999,TGS,S&P Capital IQ,transporte,Millones de pesos corrientes,ppye,2211.9120000000003
1999,TGS,S&P Capital IQ,transporte,Millones de pesos corrientes,ppye_neta,1949.773
2000,TGS,S&P Capital IQ,transporte,Millones de pesos corrientes,activo,2121.999
2000,TGS,S&P Capital IQ,transporte,Millones de pesos corrientes,gcia_ant,428.211
2000,TGS,S&P Capital IQ,transporte,Millones de pesos corrientes,gcia_desp,280.435
2000,TGS,S&P Capital IQ,transporte,Millones de pesos corrientes,inventarios,1.127
2000,TGS,S&P Capital IQ,transporte,Millones de pesos corrientes,ppye,2264.367
2000,TGS,S&P Capital IQ,transporte,Millones de pesos corrientes,ppye_neta,1930.609
2001,TGS,S&P Capital IQ,transporte,Millones de pesos corrientes,activo,4936.429
2001,TGS,S&P Capital IQ,transporte,Millones de pesos corrientes,gcia_ant,374.121
2001,TGS,S&P Capital IQ,transporte,Millones de pesos corrientes,gcia_desp,239.925
2001,TGS,S&P Capital IQ,transporte,Millones de pesos corrientes,inventarios,6.319
2001,TGS,S&P Capital IQ,transporte,Millones de pesos corrientes,ppye,5361.766
2001,TGS,S&P Capital IQ,transporte,Millones de pesos corrientes,ppye_neta,4472.434
2002,TGS,S&P Capital IQ,transporte,Millones de pesos corrientes,activo,5445.692
2002,TGS,S&P Capital IQ,transporte,Millones de pesos corrientes,gcia_ant,-697.2499069171374
2002,TGS,S&P Capital IQ,transporte,Millones de pesos corrientes,gcia_desp,-557.79992553371
2002,TGS,S&P Capital IQ,transporte,Millones de pesos corrientes,inventarios,6.771
2002,TGS,S&P Capital IQ,transporte,Millones de pesos corrientes,ppye,6020.597000000001
2002,TGS,S&P Capital IQ,transporte,Millones de pesos corrientes,ppye_neta,4955.88
2003,TGS,S&P Capital IQ,transporte,Millones de pesos corrientes,activo,5453.229
2003,TGS,S&P Capital IQ,transporte,Millones de pesos corrientes,gcia_ant,164.642
2003,TGS,S&P Capital IQ,transporte,Millones de pesos corrientes,gcia_desp,597.714
2003,TGS,S&P Capital IQ,transporte,Millones de pesos corrientes,inventarios,5.454000000000001
2003,TGS,S&P Capital IQ,transporte,Millones de pesos corrientes,ppye,5633.396
2003,TGS,S&P Capital IQ,transporte,Millones de pesos corrientes,ppye_neta,4403.769
2004,TGS,S&P Capital IQ,transporte,Millones de pesos corrientes,activo,5145.4710000000005
2004,TGS,S&P Capital IQ,transporte,Millones de pesos corrientes,gcia_ant,158.494
2004,TGS,S&P Capital IQ,transporte,Millones de pesos corrientes,gcia_desp,151.634
2004,TGS,S&P Capital IQ,transporte,Millones de pesos corrientes,inventarios,5.501
2004,TGS,S&P Capital IQ,transporte,Millones de pesos corrientes,ppye,5723.131
2004,TGS,S&P Capital IQ,transporte,Millones de pesos corrientes,ppye_neta,4312.5650000000005
2005,TGS,S&P Capital IQ,transporte,Millones de pesos corrientes,activo,5197.23
2005,TGS,S&P Capital IQ,transporte,Millones de pesos corrientes,gcia_ant,230.322
2005,TGS,S&P Capital IQ,transporte,Millones de pesos corrientes,gcia_desp,270.62
2005,TGS,S&P Capital IQ,transporte,Millones de pesos corrientes,inventarios,5.926000000000001
2005,TGS,S&P Capital IQ,transporte,Millones de pesos corrientes,ppye,5856.757
2005,TGS,S&P Capital IQ,transporte,Millones de pesos corrientes,ppye_neta,4261.274
2006,TGS,S&P Capital IQ,transporte,Millones de pesos corrientes,activo,5139.242
2006,TGS,S&P Capital IQ,transporte,Millones de pesos corrientes,gcia_ant,379.914
2006,TGS,S&P Capital IQ,transporte,Millones de pesos corrientes,gcia_desp,405.5820000000001
2006,TGS,S&P Capital IQ,transporte,Millones de pesos corrientes,inventarios,9.636
2006,TGS,S&P Capital IQ,transporte,Millones de pesos corrientes,ppye,5986.578
2006,TGS,S&P Capital IQ,transporte,Millones de pesos corrientes,ppye_neta,4198.492
2007,TGS,S&P Capital IQ,transporte,Millones de pesos corrientes,activo,5001.684
2007,TGS,S&P Capital IQ,transporte,Millones de pesos corrientes,gcia_ant,294.52000000000004
2007,TGS,S&P Capital IQ,transporte,Millones de pesos corrientes,gcia_desp,219.556
2007,TGS,S&P Capital IQ,transporte,Millones de pesos corrientes,inventarios,16.525
2007,TGS,S&P Capital IQ,transporte,Millones de pesos corrientes,ppye,6143.488
2007,TGS,S&P Capital IQ,transporte,Millones de pesos corrientes,ppye_neta,4157.853
2008,TGS,S&P Capital IQ,transporte,Millones de pesos corrientes,activo,5033.324
2008,TGS,S&P Capital IQ,transporte,Millones de pesos corrientes,gcia_ant,318.48
2008,TGS,S&P Capital IQ,transporte,Millones de pesos corrientes,gcia_desp,208.469
2008,TGS,S&P Capital IQ,transporte,Millones de pesos corrientes,inventarios,12.3
2008,TGS,S&P Capital IQ,transporte,Millones de pesos corrientes,ppye,6374.014000000001
2008,TGS,S&P Capital IQ,transporte,Millones de pesos corrientes,ppye_neta,4154.526
2009,TGS,S&P Capital IQ,transporte,Millones de pesos corrientes,activo,5619.1900000000005
2009,TGS,S&P Capital IQ,transporte,Millones de pesos corrientes,gcia_ant,321.712
2009,TGS,S&P Capital IQ,transporte,Millones de pesos corrientes,gcia_desp,132.739
2009,TGS,S&P Capital IQ,transporte,Millones de pesos corrientes,inventarios,12.459
2009,TGS,S&P Capital IQ,transporte,Millones de pesos corrientes,ppye,6531.048000000001
2009,TGS,S&P Capital IQ,transporte,Millones de pesos corrientes,ppye_neta,4103.299
2010,TGS,S&P Capital IQ,transporte,Millones de pesos corrientes,activo,5611.345
2010,TGS,S&P Capital IQ,transporte,Millones de pesos corrientes,gcia_ant,201.425
2010,TGS,S&P Capital IQ,transporte,Millones de pesos corrientes,gcia_desp,226.141
2010,TGS,S&P Capital IQ,transporte,Millones de pesos corrientes,inventarios,12.911
2010,TGS,S&P Capital IQ,transporte,Millones de pesos corrientes,ppye_neta,4059.222
2011,TGS,S&P Capital IQ,transporte,Millones de pesos corrientes,activo,5024.166
2011,TGS,S&P Capital IQ,transporte,Millones de pesos corrientes,gcia_ant,359.473
2011,TGS,S&P Capital IQ,transporte,Millones de pesos corrientes,gcia_desp,225.027
2011,TGS,S&P Capital IQ,transporte,Millones de pesos corrientes,inventarios,7.588000000000001
2011,TGS,S&P Capital IQ,transporte,Millones de pesos corrientes,ppye,6838.518
2011,TGS,S&P Capital IQ,transporte,Millones de pesos corrientes,ppye_neta,3983.453
2012,TGS,S&P Capital IQ,transporte,Millones de pesos corrientes,activo,5552.725
2012,TGS,S&P Capital IQ,transporte,Millones de pesos corrientes,gcia_ant,359.54400000000004
2012,TGS,S&P Capital IQ,transporte,Millones de pesos corrientes,gcia_desp,232.747
2012,TGS,S&P Capital IQ,transporte,Millones de pesos corrientes,inventarios,54.282
2012,TGS,S&P Capital IQ,transporte,Millones de pesos corrientes,ppye,7021.401000000001
2012,TGS,S&P Capital IQ,transporte,Millones de pesos corrientes,ppye_neta,3948.031
2013,TGS,S&P Capital IQ,transporte,Millones de pesos corrientes,activo,6072.910000000001
2013,TGS,S&P Capital IQ,transporte,Millones de pesos corrientes,gcia_ant,173.387
2013,TGS,S&P Capital IQ,transporte,Millones de pesos corrientes,gcia_desp,107.504
2013,TGS,S&P Capital IQ,transporte,Millones de pesos corrientes,inventarios,7.356
2013,TGS,S&P Capital IQ,transporte,Millones de pesos corrientes,ppye,7282.950000000001
2013,TGS,S&P Capital IQ,transporte,Millones de pesos corrientes,ppye_neta,3966.908
2014,TGS,S&P Capital IQ,transporte,Millones de pesos corrientes,activo,6174.42
2014,TGS,S&P Capital IQ,transporte,Millones de pesos corrientes,gcia_ant,169.75400000000002
2014,TGS,S&P Capital IQ,transporte,Millones de pesos corrientes,gcia_desp,104.983
2014,TGS,S&P Capital IQ,transporte,Millones de pesos corrientes,inventarios,29.131000000000004
2014,TGS,S&P Capital IQ,transporte,Millones de pesos corrientes,ppye,7651.564000000001
2014,TGS,S&P Capital IQ,transporte,Millones de pesos corrientes,ppye_neta,4082.071
2015,TGS,S&P Capital IQ,transporte,Millones de pesos corrientes,activo,6646.577
2015,TGS,S&P Capital IQ,transporte,Millones de pesos corrientes,gcia_ant,-278.899962766855
2015,TGS,S&P Capital IQ,transporte,Millones de pesos corrientes,gcia_desp,-139.4499813834275
2015,TGS,S&P Capital IQ,transporte,Millones de pesos corrientes,inventarios,8.452
2015,TGS,S&P Capital IQ,transporte,Millones de pesos corrientes,ppye,8049.016
2015,TGS,S&P Capital IQ,transporte,Millones de pesos corrientes,ppye_neta,4219.52
2016,TGS,S&P Capital IQ,transporte,Millones de pesos corrientes,activo,8931.332
2016,TGS,S&P Capital IQ,transporte,Millones de pesos corrientes,gcia_ant,1419.982
2016,TGS,S&P Capital IQ,transporte,Millones de pesos corrientes,gcia_desp,930.675
2016,TGS,S&P Capital IQ,transporte,Millones de pesos corrientes,inventarios,116.863
2016,TGS,S&P Capital IQ,transporte,Millones de pesos corrientes,ppye,9449.249
2016,TGS,S&P Capital IQ,transporte,Millones de pesos corrientes,ppye_neta,5333.344
2017,TGS,S&P Capital IQ,transporte,Millones de pesos corrientes,activo,44853.427
2017,TGS,S&P Capital IQ,transporte,Millones de pesos corrientes,gcia_ant,8765.549
2017,TGS,S&P Capital IQ,transporte,Millones de pesos corrientes,gcia_desp,8847.196
2017,TGS,S&P Capital IQ,transporte,Millones de pesos corrientes,inventarios,183.745
2017,TGS,S&P Capital IQ,transporte,Millones de pesos corrientes,ppye,76666.974
2017,TGS,S&P Capital IQ,transporte,Millones de pesos corrientes,ppye_neta,34160.708
2018,TGS,S&P Capital IQ,transporte,Millones de pesos corrientes,activo,95288.446
2018,TGS,S&P Capital IQ,transporte,Millones de pesos corrientes,gcia_ant,17581.516
2018,TGS,S&P Capital IQ,transporte,Millones de pesos corrientes,gcia_desp,17561.249
2018,TGS,S&P Capital IQ,transporte,Millones de pesos corrientes,inventarios,554.2180000000001
2018,TGS,S&P Capital IQ,transporte,Millones de pesos corrientes,ppye,124700.42
2018,TGS,S&P Capital IQ,transporte,Millones de pesos corrientes,ppye_neta,59510.863000000005
2019,TGS,S&P Capital IQ,transporte,Millones de pesos corrientes,activo,130152.20500000002
2019,TGS,S&P Capital IQ,transporte,Millones de pesos corrientes,gcia_ant,34583.065
2019,TGS,S&P Capital IQ,transporte,Millones de pesos corrientes,gcia_desp,26313.572000000004
2019,TGS,S&P Capital IQ,transporte,Millones de pesos corrientes,inventarios,418.823
2019,TGS,S&P Capital IQ,transporte,Millones de pesos corrientes,ppye,195076.934
2019,TGS,S&P Capital IQ,transporte,Millones de pesos corrientes,ppye_neta,101496.521
2020,TGS,S&P Capital IQ,transporte,Millones de pesos corrientes,activo,194102.43500000003
2020,TGS,S&P Capital IQ,transporte,Millones de pesos corrientes,gcia_ant,11608.351000000002
2020,TGS,S&P Capital IQ,transporte,Millones de pesos corrientes,gcia_desp,4960.229
2020,TGS,S&P Capital IQ,transporte,Millones de pesos corrientes,inventarios,862.634
2020,TGS,S&P Capital IQ,transporte,Millones de pesos corrientes,ppye,299761.219
2020,TGS,S&P Capital IQ,transporte,Millones de pesos corrientes,ppye_neta,149241.162
2021,TGS,S&P Capital IQ,transporte,Millones de pesos corrientes,activo,405519.916
2021,TGS,S&P Capital IQ,transporte,Millones de pesos corrientes,gcia_ant,65583.16100000001
2021,TGS,S&P Capital IQ,transporte,Millones de pesos corrientes,gcia_desp,40772.306
2021,TGS,S&P Capital IQ,transporte,Millones de pesos corrientes,inventarios,2278.309
2021,TGS,S&P Capital IQ,transporte,Millones de pesos corrientes,ppye,613612.215
2021,TGS,S&P Capital IQ,transporte,Millones de pesos corrientes,ppye_neta,292534.643
2022,TGS,S&P Capital IQ,transporte,Millones de pesos corrientes,activo,1283286.6870000002
2022,TGS,S&P Capital IQ,transporte,Millones de pesos corrientes,gcia_ant,334854.783
2022,TGS,S&P Capital IQ,transporte,Millones de pesos corrientes,gcia_desp,219157.465
2022,TGS,S&P Capital IQ,transporte,Millones de pesos corrientes,inventarios,5709.799000000001
2022,TGS,S&P Capital IQ,transporte,Millones de pesos corrientes,ppye,1972040.938
2022,TGS,S&P Capital IQ,transporte,Millones de pesos corrientes,ppye_neta,917031.971
2023,TGS,S&P Capital IQ,transporte,Millones de pesos corrientes,activo,3322617.5680000004
2023,TGS,S&P Capital IQ,transporte,Millones de pesos corrientes,gcia_ant,124973.223
2023,TGS,S&P Capital IQ,transporte,Millones de pesos corrientes,gcia_desp,67369.367
2023,TGS,S&P Capital IQ,transporte,Millones de pesos corrientes,inventarios,16700.896
2023,TGS,S&P Capital IQ,transporte,Millones de pesos corrientes,ppye,4589976.63
2023,TGS,S&P Capital IQ,transporte,Millones de pesos corrientes,ppye_neta,2162194.24
2024,TGS,S&P Capital IQ,transporte,Millones de pesos corrientes,activo,4465551.9350000005
2024,TGS,S&P Capital IQ,transporte,Millones de pesos corrientes,gcia_ant,765749.247
2024,TGS,S&P Capital IQ,transporte,Millones de pesos corrientes,gcia_desp,486945.767
2024,TGS,S&P Capital IQ,transporte,Millones de pesos corrientes,inventarios,4820.8730000000005
2024,TGS,S&P Capital IQ,transporte,Millones de pesos corrientes,ppye,6490266.334000001
2024,TGS,S&P Capital IQ,transporte,Millones de pesos corrientes,ppye_neta,3137276.2750000004
2025,TGS,S&P Capital IQ,transporte,Millones de pesos corrientes,activo,5414210.081
2025,TGS,S&P Capital IQ,transporte,Millones de pesos corrientes,gcia_ant,644043.098
2025,TGS,S&P Capital IQ,transporte,Millones de pesos corrientes,gcia_desp,420859.657
2025,TGS,S&P Capital IQ,transporte,Millones de pesos corrientes,inventarios,10364.857
2025,TGS,S&P Capital IQ,transporte,Millones de pesos corrientes,ppye,6668265.501
2025,TGS,S&P Capital IQ,transporte,Millones de pesos corrientes,ppye_neta,3171441.918
2026,TGS,S&P Capital IQ,transporte,Millones de pesos corrientes,activo,5849563.0
2026,TGS,S&P Capital IQ,transporte,Millones de pesos corrientes,gcia_ant,696791.0980000001
2026,TGS,S&P Capital IQ,transporte,Millones de pesos corrientes,gcia_desp,438485.65700000006
2026,TGS,S&P Capital IQ,transporte,Millones de pesos corrientes,inventarios,12343.0
2026,TGS,S&P Capital IQ,transporte,Millones de pesos corrientes,ppye_neta,3608703.0
1999,Tecpetrol,S&P Capital IQ,produccion,Millones de pesos corrientes,KTA,227.0740459989709
1999,Tecpetrol,S&P Capital IQ,produccion,Millones de pesos corrientes,activo,479.33759299988986
1999,Tecpetrol,S&P Capital IQ,produccion,Millones de pesos corrientes,gcia_ant,17.333438999697393
1999,Tecpetrol,S&P Capital IQ,produccion,Millones de pesos corrientes,gcia_desp,13.097906999412915
1999,Tecpetrol,S&P Capital IQ,produccion,Millones de pesos corrientes,inventarios,2.798333999439411
1999,Tecpetrol,S&P Capital IQ,produccion,Millones de pesos corrientes,ppye_neta,220.5139410001074
1999,Tecpetrol,S&P Capital IQ,produccion,Millones de pesos corrientes,tg_ant,0.07633386247839151
1999,Tecpetrol,S&P Capital IQ,produccion,Millones de pesos corrientes,tg_desp,0.0576812155779013
2000,Tecpetrol,S&P Capital IQ,produccion,Millones de pesos corrientes,KTA,254.62138700019383
2000,Tecpetrol,S&P Capital IQ,produccion,Millones de pesos corrientes,activo,504.3248250000349
2000,Tecpetrol,S&P Capital IQ,produccion,Millones de pesos corrientes,gcia_ant,49.44909500029981
2000,Tecpetrol,S&P Capital IQ,produccion,Millones de pesos corrientes,gcia_desp,32.77402199962906
2000,Tecpetrol,S&P Capital IQ,produccion,Millones de pesos corrientes,inventarios,5.89782300032213
2000,Tecpetrol,S&P Capital IQ,produccion,Millones de pesos corrientes,ppye_neta,228.75158399978804
2000,Tecpetrol,S&P Capital IQ,produccion,Millones de pesos corrientes,tg_ant,0.19420636884780684
2000,Tecpetrol,S&P Capital IQ,produccion,Millones de pesos corrientes,tg_desp,0.12871668945705694
2001,Tecpetrol,S&P Capital IQ,produccion,Millones de pesos corrientes,KTA,345.84023400125227
2001,Tecpetrol,S&P Capital IQ,produccion,Millones de pesos corrientes,activo,592.002487999632
2001,Tecpetrol,S&P Capital IQ,produccion,Millones de pesos corrientes,gcia_ant,87.96290699941292
2001,Tecpetrol,S&P Capital IQ,produccion,Millones de pesos corrientes,gcia_desp,56.51245799975736
2001,Tecpetrol,S&P Capital IQ,produccion,Millones de pesos corrientes,inventarios,9.376267000695856
2001,Tecpetrol,S&P Capital IQ,produccion,Millones de pesos corrientes,ppye_neta,273.3568159999331
2001,Tecpetrol,S&P Capital IQ,produccion,Millones de pesos corrientes,tg_ant,0.25434549931253636
2001,Tecpetrol,S&P Capital IQ,produccion,Millones de pesos corrientes,tg_desp,0.16340625654200988
2002,Tecpetrol,S&P Capital IQ,produccion,Millones de pesos corrientes,KTA,900.659232000145
2002,Tecpetrol,S&P Capital IQ,produccion,Millones de pesos corrientes,activo,1857.38807600024
2002,Tecpetrol,S&P Capital IQ,produccion,Millones de pesos corrientes,gcia_ant,-139.4499813834275
2002,Tecpetrol,S&P Capital IQ,produccion,Millones de pesos corrientes,gcia_desp,-139.4499813834275
2002,Tecpetrol,S&P Capital IQ,produccion,Millones de pesos corrientes,inventarios,32.838191000456
2002,Tecpetrol,S&P Capital IQ,produccion,Millones de pesos corrientes,ppye_neta,760.5133229996248
2002,Tecpetrol,S&P Capital IQ,produccion,Millones de pesos corrientes,tg_ant,-0.15483101313883502
2002,Tecpetrol,S&P Capital IQ,produccion,Millones de pesos corrientes,tg_desp,-0.15483101313883502
2003,Tecpetrol,S&P Capital IQ,produccion,Millones de pesos corrientes,KTA,898.0775829999317
2003,Tecpetrol,S&P Capital IQ,produccion,Millones de pesos corrientes,activo,1674.512640999968
2003,Tecpetrol,S&P Capital IQ,produccion,Millones de pesos corrientes,gcia_ant,356.0289310001492
2003,Tecpetrol,S&P Capital IQ,produccion,Millones de pesos corrientes,gcia_desp,281.5477280000223
2003,Tecpetrol,S&P Capital IQ,produccion,Millones de pesos corrientes,inventarios,28.352825000034866
2003,Tecpetrol,S&P Capital IQ,produccion,Millones de pesos corrientes,ppye_neta,825.7353819995175
2003,Tecpetrol,S&P Capital IQ,produccion,Millones de pesos corrientes,tg_ant,0.3964344926758697
2003,Tecpetrol,S&P Capital IQ,produccion,Millones de pesos corrientes,tg_desp,0.31350045177560537
2004,Tecpetrol,S&P Capital IQ,produccion,Millones de pesos corrientes,KTA,1193.785844000095
2004,Tecpetrol,S&P Capital IQ,produccion,Millones de pesos corrientes,activo,1772.9127109996753
2004,Tecpetrol,S&P Capital IQ,produccion,Millones de pesos corrientes,gcia_ant,171.35258599950075
2004,Tecpetrol,S&P Capital IQ,produccion,Millones de pesos corrientes,gcia_desp,112.1364389996974
2004,Tecpetrol,S&P Capital IQ,produccion,Millones de pesos corrientes,inventarios,22.196563999871707
2004,Tecpetrol,S&P Capital IQ,produccion,Millones de pesos corrientes,ppye_neta,923.013978000371
2004,Tecpetrol,S&P Capital IQ,produccion,Millones de pesos corrientes,tg_ant,0.1435371233967213
2004,Tecpetrol,S&P Capital IQ,produccion,Millones de pesos corrientes,tg_desp,0.09393346349622862
2005,Tecpetrol,S&P Capital IQ,produccion,Millones de pesos corrientes,KTA,812.8591530003362
2005,Tecpetrol,S&P Capital IQ,produccion,Millones de pesos corrientes,activo,1596.8036929994714
2005,Tecpetrol,S&P Capital IQ,produccion,Millones de pesos corrientes,gcia_ant,132.05488799935296
2005,Tecpetrol,S&P Capital IQ,produccion,Millones de pesos corrientes,gcia_desp,77.8076300001534
2005,Tecpetrol,S&P Capital IQ,produccion,Millones de pesos corrientes,inventarios,22.30484000066936
2005,Tecpetrol,S&P Capital IQ,produccion,Millones de pesos corrientes,ppye_neta,748.2887619993223
2005,Tecpetrol,S&P Capital IQ,produccion,Millones de pesos corrientes,tg_ant,0.1624572812053927
2005,Tecpetrol,S&P Capital IQ,produccion,Millones de pesos corrientes,tg_desp,0.09572092497569652
2006,Tecpetrol,S&P Capital IQ,produccion,Millones de pesos corrientes,KTA,1079.100105000258
2006,Tecpetrol,S&P Capital IQ,produccion,Millones de pesos corrientes,activo,1796.01351699965
2006,Tecpetrol,S&P Capital IQ,produccion,Millones de pesos corrientes,gcia_ant,221.2435320002845
2006,Tecpetrol,S&P Capital IQ,produccion,Millones de pesos corrientes,gcia_desp,134.72121399994143
2006,Tecpetrol,S&P Capital IQ,produccion,Millones de pesos corrientes,inventarios,31.09258000036257
2006,Tecpetrol,S&P Capital IQ,produccion,Millones de pesos corrientes,ppye_neta,811.3893809996612
2006,Tecpetrol,S&P Capital IQ,produccion,Millones de pesos corrientes,tg_ant,0.2050259572537356
2006,Tecpetrol,S&P Capital IQ,produccion,Millones de pesos corrientes,tg_desp,0.12484589091936861
2007,Tecpetrol,S&P Capital IQ,produccion,Millones de pesos corrientes,KTA,1169.9411260000306
2007,Tecpetrol,S&P Capital IQ,produccion,Millones de pesos corrientes,activo,1584.3504920004518
2007,Tecpetrol,S&P Capital IQ,produccion,Millones de pesos corrientes,gcia_ant,272.15684799952027
2007,Tecpetrol,S&P Capital IQ,produccion,Millones de pesos corrientes,gcia_desp,155.6466449993934
2007,Tecpetrol,S&P Capital IQ,produccion,Millones de pesos corrientes,inventarios,15.39890299998745
2007,Tecpetrol,S&P Capital IQ,produccion,Millones de pesos corrientes,ppye_neta,907.1915530000572
2007,Tecpetrol,S&P Capital IQ,produccion,Millones de pesos corrientes,tg_ant,0.23262439617796044
2007,Tecpetrol,S&P Capital IQ,produccion,Millones de pesos corrientes,tg_desp,0.13303801493972725
2013,Tecpetrol,S&P Capital IQ,produccion,Millones de pesos corrientes,KTA,2044.583446999943
2013,Tecpetrol,S&P Capital IQ,produccion,Millones de pesos corrientes,activo,2785.8524840002065
2013,Tecpetrol,S&P Capital IQ,produccion,Millones de pesos corrientes,gcia_ant,102.62314799965976
2013,Tecpetrol,S&P Capital IQ,produccion,Millones de pesos corrientes,gcia_desp,54.64701999991633
2013,Tecpetrol,S&P Capital IQ,produccion,Millones de pesos corrientes,inventarios,98.51409999958165
2013,Tecpetrol,S&P Capital IQ,produccion,Millones de pesos corrientes,ppye,1767.053229000576
2013,Tecpetrol,S&P Capital IQ,produccion,Millones de pesos corrientes,ppye_neta,1767.053229000576
2013,Tecpetrol,S&P Capital IQ,produccion,Millones de pesos corrientes,tg_ant,0.05019269237958505
2013,Tecpetrol,S&P Capital IQ,produccion,Millones de pesos corrientes,tg_desp,0.026727703425409692
2014,Tecpetrol,S&P Capital IQ,produccion,Millones de pesos corrientes,KTA,3655.486305000816
2014,Tecpetrol,S&P Capital IQ,produccion,Millones de pesos corrientes,activo,4978.341749999651
2014,Tecpetrol,S&P Capital IQ,produccion,Millones de pesos corrientes,gcia_ant,224.61839400058287
2014,Tecpetrol,S&P Capital IQ,produccion,Millones de pesos corrientes,gcia_desp,108.00724100024684
2014,Tecpetrol,S&P Capital IQ,produccion,Millones de pesos corrientes,inventarios,150.27826399973227
2014,Tecpetrol,S&P Capital IQ,produccion,Millones de pesos corrientes,ppye,3350.9234430005176
2014,Tecpetrol,S&P Capital IQ,produccion,Millones de pesos corrientes,ppye_neta,3350.9234430005176
2014,Tecpetrol,S&P Capital IQ,produccion,Millones de pesos corrientes,tg_ant,0.06144692532243879
2014,Tecpetrol,S&P Capital IQ,produccion,Millones de pesos corrientes,tg_desp,0.029546613497769
2015,Tecpetrol,S&P Capital IQ,produccion,Millones de pesos corrientes,KTA,6994.775571000261
2015,Tecpetrol,S&P Capital IQ,produccion,Millones de pesos corrientes,activo,9179.541448999656
2015,Tecpetrol,S&P Capital IQ,produccion,Millones de pesos corrientes,gcia_ant,-418.34994415028245
2015,Tecpetrol,S&P Capital IQ,produccion,Millones de pesos corrientes,gcia_desp,-139.4499813834275
2015,Tecpetrol,S&P Capital IQ,produccion,Millones de pesos corrientes,inventarios,171.27850200041
2015,Tecpetrol,S&P Capital IQ,produccion,Millones de pesos corrientes,ppye,6627.356561000303
2015,Tecpetrol,S&P Capital IQ,produccion,Millones de pesos corrientes,ppye_neta,6627.356561000303
2015,Tecpetrol,S&P Capital IQ,produccion,Millones de pesos corrientes,tg_ant,-0.059808915940738026
2015,Tecpetrol,S&P Capital IQ,produccion,Millones de pesos corrientes,tg_desp,-0.019936305313579348
2016,Tecpetrol,S&P Capital IQ,produccion,Millones de pesos corrientes,KTA,9997.345000000001
2016,Tecpetrol,S&P Capital IQ,produccion,Millones de pesos corrientes,activo,12369.04
2016,Tecpetrol,S&P Capital IQ,produccion,Millones de pesos corrientes,gcia_ant,-278.899962766855
2016,Tecpetrol,S&P Capital IQ,produccion,Millones de pesos corrientes,gcia_desp,-557.79992553371
2016,Tecpetrol,S&P Capital IQ,produccion,Millones de pesos corrientes,inventarios,271.129
2016,Tecpetrol,S&P Capital IQ,produccion,Millones de pesos corrientes,ppye,23626.737
2016,Tecpetrol,S&P Capital IQ,produccion,Millones de pesos corrientes,ppye_neta,9507.575
2016,Tecpetrol,S&P Capital IQ,produccion,Millones de pesos corrientes,tg_ant,-0.027897403037191872
2016,Tecpetrol,S&P Capital IQ,produccion,Millones de pesos corrientes,tg_desp,-0.055794806074383745
2017,Tecpetrol,S&P Capital IQ,produccion,Millones de pesos corrientes,KTA,24098.885000000002
2017,Tecpetrol,S&P Capital IQ,produccion,Millones de pesos corrientes,activo,27204.521
2017,Tecpetrol,S&P Capital IQ,produccion,Millones de pesos corrientes,gcia_ant,-836.6998883005649
2017,Tecpetrol,S&P Capital IQ,produccion,Millones de pesos corrientes,gcia_desp,-836.6998883005649
2017,Tecpetrol,S&P Capital IQ,produccion,Millones de pesos corrientes,inventarios,255.961
2017,Tecpetrol,S&P Capital IQ,produccion,Millones de pesos corrientes,ppye,33652.911
2017,Tecpetrol,S&P Capital IQ,produccion,Millones de pesos corrientes,ppye_neta,15376.138
2017,Tecpetrol,S&P Capital IQ,produccion,Millones de pesos corrientes,tg_ant,-0.03471944400334558
2017,Tecpetrol,S&P Capital IQ,produccion,Millones de pesos corrientes,tg_desp,-0.03471944400334558
2018,Tecpetrol,S&P Capital IQ,produccion,Millones de pesos corrientes,KTA,63802.759999999995
2018,Tecpetrol,S&P Capital IQ,produccion,Millones de pesos corrientes,activo,83726.18000000001
2018,Tecpetrol,S&P Capital IQ,produccion,Millones de pesos corrientes,gcia_ant,1660.711
2018,Tecpetrol,S&P Capital IQ,produccion,Millones de pesos corrientes,gcia_desp,3790.753
2018,Tecpetrol,S&P Capital IQ,produccion,Millones de pesos corrientes,inventarios,847.572
2018,Tecpetrol,S&P Capital IQ,produccion,Millones de pesos corrientes,ppye,115333.634
2018,Tecpetrol,S&P Capital IQ,produccion,Millones de pesos corrientes,ppye_neta,62487.893
2018,Tecpetrol,S&P Capital IQ,produccion,Millones de pesos corrientes,tg_ant,0.026028826966106172
2018,Tecpetrol,S&P Capital IQ,produccion,Millones de pesos corrientes,tg_desp,0.05941362097815205
2019,Tecpetrol,S&P Capital IQ,produccion,Millones de pesos corrientes,KTA,101146.66100000001
2019,Tecpetrol,S&P Capital IQ,produccion,Millones de pesos corrientes,activo,122504.922
2019,Tecpetrol,S&P Capital IQ,produccion,Millones de pesos corrientes,gcia_ant,9698.773
2019,Tecpetrol,S&P Capital IQ,produccion,Millones de pesos corrientes,gcia_desp,4212.967000000001
2019,Tecpetrol,S&P Capital IQ,produccion,Millones de pesos corrientes,inventarios,1607.093
2019,Tecpetrol,S&P Capital IQ,produccion,Millones de pesos corrientes,ppye,210669.06
2019,Tecpetrol,S&P Capital IQ,produccion,Millones de pesos corrientes,ppye_neta,97415.115
2019,Tecpetrol,S&P Capital IQ,produccion,Millones de pesos corrientes,tg_ant,0.09588821720966151
2019,Tecpetrol,S&P Capital IQ,produccion,Millones de pesos corrientes,tg_desp,0.04165206204879072
2020,Tecpetrol,S&P Capital IQ,produccion,Millones de pesos corrientes,KTA,132202.136
2020,Tecpetrol,S&P Capital IQ,produccion,Millones de pesos corrientes,activo,161840.239
2020,Tecpetrol,S&P Capital IQ,produccion,Millones de pesos corrientes,gcia_ant,5497.362
2020,Tecpetrol,S&P Capital IQ,produccion,Millones de pesos corrientes,gcia_desp,3813.936
2020,Tecpetrol,S&P Capital IQ,produccion,Millones de pesos corrientes,inventarios,2771.888
2020,Tecpetrol,S&P Capital IQ,produccion,Millones de pesos corrientes,ppye,300266.56000000006
2020,Tecpetrol,S&P Capital IQ,produccion,Millones de pesos corrientes,ppye_neta,107105.25
2020,Tecpetrol,S&P Capital IQ,produccion,Millones de pesos corrientes,tg_ant,0.04158300437747844
2020,Tecpetrol,S&P Capital IQ,produccion,Millones de pesos corrientes,tg_desp,0.028849276686422072
2021,Tecpetrol,S&P Capital IQ,produccion,Millones de pesos corrientes,KTA,188559.374
2021,Tecpetrol,S&P Capital IQ,produccion,Millones de pesos corrientes,activo,218525.09000000003
2021,Tecpetrol,S&P Capital IQ,produccion,Millones de pesos corrientes,gcia_ant,38738.96000000001
2021,Tecpetrol,S&P Capital IQ,produccion,Millones de pesos corrientes,gcia_desp,44167.158
2021,Tecpetrol,S&P Capital IQ,produccion,Millones de pesos corrientes,inventarios,3426.98
2021,Tecpetrol,S&P Capital IQ,produccion,Millones de pesos corrientes,ppye,406396.282
2021,Tecpetrol,S&P Capital IQ,produccion,Millones de pesos corrientes,ppye_neta,132061.892
2021,Tecpetrol,S&P Capital IQ,produccion,Millones de pesos corrientes,tg_ant,0.20544701214377178
2021,Tecpetrol,S&P Capital IQ,produccion,Millones de pesos corrientes,tg_desp,0.23423475090662954
2022,Tecpetrol,S&P Capital IQ,produccion,Millones de pesos corrientes,KTA,316378.0
2022,Tecpetrol,S&P Capital IQ,produccion,Millones de pesos corrientes,activo,382333.0
2022,Tecpetrol,S&P Capital IQ,produccion,Millones de pesos corrientes,gcia_ant,17394.0
2022,Tecpetrol,S&P Capital IQ,produccion,Millones de pesos corrientes,gcia_desp,23882.0
2022,Tecpetrol,S&P Capital IQ,produccion,Millones de pesos corrientes,inventarios,6368.000000000001
2022,Tecpetrol,S&P Capital IQ,produccion,Millones de pesos corrientes,ppye,826620.0
2022,Tecpetrol,S&P Capital IQ,produccion,Millones de pesos corrientes,ppye_neta,269671.0
2022,Tecpetrol,S&P Capital IQ,produccion,Millones de pesos corrientes,tg_ant,0.054978538330730964
2022,Tecpetrol,S&P Capital IQ,produccion,Millones de pesos corrientes,tg_desp,0.0754856532375829
2023,Tecpetrol,S&P Capital IQ,produccion,Millones de pesos corrientes,KTA,1373200.0
2023,Tecpetrol,S&P Capital IQ,produccion,Millones de pesos corrientes,activo,1552609.0
2023,Tecpetrol,S&P Capital IQ,produccion,Millones de pesos corrientes,gcia_ant,17124.0
2023,Tecpetrol,S&P Capital IQ,produccion,Millones de pesos corrientes,gcia_desp,-32910.19560648889
2023,Tecpetrol,S&P Capital IQ,produccion,Millones de pesos corrientes,inventarios,31675.000000000004
2023,Tecpetrol,S&P Capital IQ,produccion,Millones de pesos corrientes,ppye,4307720.0
2023,Tecpetrol,S&P Capital IQ,produccion,Millones de pesos corrientes,ppye_neta,1273555.0
2023,Tecpetrol,S&P Capital IQ,produccion,Millones de pesos corrientes,tg_ant,0.012470142732304108
2023,Tecpetrol,S&P Capital IQ,produccion,Millones de pesos corrientes,tg_desp,-0.023966061467003266
2024,Tecpetrol,S&P Capital IQ,produccion,Millones de pesos corrientes,KTA,1930546.0
2024,Tecpetrol,S&P Capital IQ,produccion,Millones de pesos corrientes,activo,2462362.0000000005
2024,Tecpetrol,S&P Capital IQ,produccion,Millones de pesos corrientes,gcia_ant,165191.0
2024,Tecpetrol,S&P Capital IQ,produccion,Millones de pesos corrientes,gcia_desp,305182.0
2024,Tecpetrol,S&P Capital IQ,produccion,Millones de pesos corrientes,inventarios,66605.0
2024,Tecpetrol,S&P Capital IQ,produccion,Millones de pesos corrientes,ppye,6241784.000000001
2024,Tecpetrol,S&P Capital IQ,produccion,Millones de pesos corrientes,ppye_neta,1798181.0
2024,Tecpetrol,S&P Capital IQ,produccion,Millones de pesos corrientes,tg_ant,0.08556698467687379
2024,Tecpetrol,S&P Capital IQ,produccion,Millones de pesos corrientes,tg_desp,0.15808066733452608
2025,Tecpetrol,S&P Capital IQ,produccion,Millones de pesos corrientes,KTA,4270312.0
2025,Tecpetrol,S&P Capital IQ,produccion,Millones de pesos corrientes,activo,5353497.0
2025,Tecpetrol,S&P Capital IQ,produccion,Millones de pesos corrientes,gcia_ant,27627.000000000004
2025,Tecpetrol,S&P Capital IQ,produccion,Millones de pesos corrientes,gcia_desp,-18407.397542612427
2025,Tecpetrol,S&P Capital IQ,produccion,Millones de pesos corrientes,inventarios,92703.0
2025,Tecpetrol,S&P Capital IQ,produccion,Millones de pesos corrientes,ppye,9116435.0
2025,Tecpetrol,S&P Capital IQ,produccion,Millones de pesos corrientes,ppye_neta,3151452.0000000005
2025,Tecpetrol,S&P Capital IQ,produccion,Millones de pesos corrientes,tg_ant,0.006469550702618451
2025,Tecpetrol,S&P Capital IQ,produccion,Millones de pesos corrientes,tg_desp,-0.004310550972063031
1995,YPF,S&P Capital IQ,integrada,Millones de pesos corrientes,KTA,9768.0
1995,YPF,S&P Capital IQ,integrada,Millones de pesos corrientes,activo,11572.0
1995,YPF,S&P Capital IQ,integrada,Millones de pesos corrientes,gcia_ant,867.0
1995,YPF,S&P Capital IQ,integrada,Millones de pesos corrientes,gcia_desp,793.0
1995,YPF,S&P Capital IQ,integrada,Millones de pesos corrientes,inventarios,282.0
1995,YPF,S&P Capital IQ,integrada,Millones de pesos corrientes,ppye,19011.0
1995,YPF,S&P Capital IQ,integrada,Millones de pesos corrientes,ppye_neta,9331.0
1995,YPF,S&P Capital IQ,integrada,Millones de pesos corrientes,tg_ant,0.08875921375921376
1995,YPF,S&P Capital IQ,integrada,Millones de pesos corrientes,tg_desp,0.08118345618345618
1996,YPF,S&P Capital IQ,integrada,Millones de pesos corrientes,KTA,10238.0
1996,YPF,S&P Capital IQ,integrada,Millones de pesos corrientes,activo,12084.000000000002
1996,YPF,S&P Capital IQ,integrada,Millones de pesos corrientes,gcia_ant,1225.0
1996,YPF,S&P Capital IQ,integrada,Millones de pesos corrientes,gcia_desp,1578.0
1996,YPF,S&P Capital IQ,integrada,Millones de pesos corrientes,inventarios,242.0
1996,YPF,S&P Capital IQ,integrada,Millones de pesos corrientes,ppye_neta,9866.0
1996,YPF,S&P Capital IQ,integrada,Millones de pesos corrientes,tg_ant,0.11965227583512404
1996,YPF,S&P Capital IQ,integrada,Millones de pesos corrientes,tg_desp,0.15413166634108225
1997,YPF,S&P Capital IQ,integrada,Millones de pesos corrientes,KTA,10836.0
1997,YPF,S&P Capital IQ,integrada,Millones de pesos corrientes,activo,12761.0
1997,YPF,S&P Capital IQ,integrada,Millones de pesos corrientes,gcia_ant,1380.0
1997,YPF,S&P Capital IQ,integrada,Millones de pesos corrientes,gcia_desp,1618.0
1997,YPF,S&P Capital IQ,integrada,Millones de pesos corrientes,inventarios,288.0
1997,YPF,S&P Capital IQ,integrada,Millones de pesos corrientes,ppye_neta,10370.0
1997,YPF,S&P Capital IQ,integrada,Millones de pesos corrientes,tg_ant,0.1273532668881506
1997,YPF,S&P Capital IQ,integrada,Millones de pesos corrientes,tg_desp,0.1493170911775563
1998,YPF,S&P Capital IQ,integrada,Millones de pesos corrientes,KTA,10891.0
1998,YPF,S&P Capital IQ,integrada,Millones de pesos corrientes,activo,13146.0
1998,YPF,S&P Capital IQ,integrada,Millones de pesos corrientes,gcia_ant,855.0
1998,YPF,S&P Capital IQ,integrada,Millones de pesos corrientes,gcia_desp,580.0000000000001
1998,YPF,S&P Capital IQ,integrada,Millones de pesos corrientes,inventarios,262.0
1998,YPF,S&P Capital IQ,integrada,Millones de pesos corrientes,ppye,23002.0
1998,YPF,S&P Capital IQ,integrada,Millones de pesos corrientes,ppye_neta,10513.0
1998,YPF,S&P Capital IQ,integrada,Millones de pesos corrientes,tg_ant,0.07850518776971811
1998,YPF,S&P Capital IQ,integrada,Millones de pesos corrientes,tg_desp,0.05325498117711873
1999,YPF,S&P Capital IQ,integrada,Millones de pesos corrientes,KTA,10105.000000000002
1999,YPF,S&P Capital IQ,integrada,Millones de pesos corrientes,activo,12918.000000000002
1999,YPF,S&P Capital IQ,integrada,Millones de pesos corrientes,gcia_ant,872.0000000000001
1999,YPF,S&P Capital IQ,integrada,Millones de pesos corrientes,gcia_desp,477.00000000000006
1999,YPF,S&P Capital IQ,integrada,Millones de pesos corrientes,inventarios,278.0
1999,YPF,S&P Capital IQ,integrada,Millones de pesos corrientes,ppye,9297.000000000002
1999,YPF,S&P Capital IQ,integrada,Millones de pesos corrientes,ppye_neta,9297.000000000002
1999,YPF,S&P Capital IQ,integrada,Millones de pesos corrientes,tg_ant,0.08629391390400791
1999,YPF,S&P Capital IQ,integrada,Millones de pesos corrientes,tg_desp,0.047204354280059375
2000,YPF,S&P Capital IQ,integrada,Millones de pesos corrientes,KTA,22210.0
2000,YPF,S&P Capital IQ,integrada,Millones de pesos corrientes,activo,28894.000000000004
2000,YPF,S&P Capital IQ,integrada,Millones de pesos corrientes,gcia_ant,4706.0
2000,YPF,S&P Capital IQ,integrada,Millones de pesos corrientes,gcia_desp,2681.0
2000,YPF,S&P Capital IQ,integrada,Millones de pesos corrientes,inventarios,724.0
2000,YPF,S&P Capital IQ,integrada,Millones de pesos corrientes,ppye,20520.0
2000,YPF,S&P Capital IQ,integrada,Millones de pesos corrientes,ppye_neta,20520.0
2000,YPF,S&P Capital IQ,integrada,Millones de pesos corrientes,tg_ant,0.21188653759567763
2000,YPF,S&P Capital IQ,integrada,Millones de pesos corrientes,tg_desp,0.12071139126519585
2001,YPF,S&P Capital IQ,integrada,Millones de pesos corrientes,KTA,23116.000000000004
2001,YPF,S&P Capital IQ,integrada,Millones de pesos corrientes,activo,30856.0
2001,YPF,S&P Capital IQ,integrada,Millones de pesos corrientes,gcia_ant,3345.0000000000005
2001,YPF,S&P Capital IQ,integrada,Millones de pesos corrientes,gcia_desp,2504.0000000000005
2001,YPF,S&P Capital IQ,integrada,Millones de pesos corrientes,inventarios,774.0000000000001
2001,YPF,S&P Capital IQ,integrada,Millones de pesos corrientes,ppye,53082.00000000001
2001,YPF,S&P Capital IQ,integrada,Millones de pesos corrientes,ppye_neta,21981.000000000004
2001,YPF,S&P Capital IQ,integrada,Millones de pesos corrientes,tg_ant,0.1447049662571379
2001,YPF,S&P Capital IQ,integrada,Millones de pesos corrientes,tg_desp,0.10832323931476034
2002,YPF,S&P Capital IQ,integrada,Millones de pesos corrientes,KTA,22232.0
2002,YPF,S&P Capital IQ,integrada,Millones de pesos corrientes,activo,31756.0
2002,YPF,S&P Capital IQ,integrada,Millones de pesos corrientes,gcia_ant,3687.0
2002,YPF,S&P Capital IQ,integrada,Millones de pesos corrientes,gcia_desp,6996.0
2002,YPF,S&P Capital IQ,integrada,Millones de pesos corrientes,inventarios,743.0
2002,YPF,S&P Capital IQ,integrada,Millones de pesos corrientes,ppye,53295.0
2002,YPF,S&P Capital IQ,integrada,Millones de pesos corrientes,ppye_neta,20668.0
2002,YPF,S&P Capital IQ,integrada,Millones de pesos corrientes,tg_ant,0.1658420295070169
2002,YPF,S&P Capital IQ,integrada,Millones de pesos corrientes,tg_desp,0.31468154012234617
2003,YPF,S&P Capital IQ,integrada,Millones de pesos corrientes,KTA,22501.0
2003,YPF,S&P Capital IQ,integrada,Millones de pesos corrientes,activo,32944.0
2003,YPF,S&P Capital IQ,integrada,Millones de pesos corrientes,gcia_ant,7903.0
2003,YPF,S&P Capital IQ,integrada,Millones de pesos corrientes,gcia_desp,8870.0
2003,YPF,S&P Capital IQ,integrada,Millones de pesos corrientes,inventarios,806.0
2003,YPF,S&P Capital IQ,integrada,Millones de pesos corrientes,ppye,55177.99999999999
2003,YPF,S&P Capital IQ,integrada,Millones de pesos corrientes,ppye_neta,20388.0
2003,YPF,S&P Capital IQ,integrada,Millones de pesos corrientes,tg_ant,0.3512288342740323
2003,YPF,S&P Capital IQ,integrada,Millones de pesos corrientes,tg_desp,0.39420470201324387
2004,YPF,S&P Capital IQ,integrada,Millones de pesos corrientes,KTA,22588.0
2004,YPF,S&P Capital IQ,integrada,Millones de pesos corrientes,activo,30922.0
2004,YPF,S&P Capital IQ,integrada,Millones de pesos corrientes,gcia_ant,7782.0
2004,YPF,S&P Capital IQ,integrada,Millones de pesos corrientes,gcia_desp,4907.0
2004,YPF,S&P Capital IQ,integrada,Millones de pesos corrientes,inventarios,1134.0
2004,YPF,S&P Capital IQ,integrada,Millones de pesos corrientes,ppye_neta,20554.0
2004,YPF,S&P Capital IQ,integrada,Millones de pesos corrientes,tg_ant,0.3445192137418098
2004,YPF,S&P Capital IQ,integrada,Millones de pesos corrientes,tg_desp,0.2172392420754383
2005,YPF,S&P Capital IQ,integrada,Millones de pesos corrientes,KTA,23803.000000000004
2005,YPF,S&P Capital IQ,integrada,Millones de pesos corrientes,activo,32224.000000000004
2005,YPF,S&P Capital IQ,integrada,Millones de pesos corrientes,gcia_ant,8772.0
2005,YPF,S&P Capital IQ,integrada,Millones de pesos corrientes,gcia_desp,10284.0
2005,YPF,S&P Capital IQ,integrada,Millones de pesos corrientes,inventarios,1315.0
2005,YPF,S&P Capital IQ,integrada,Millones de pesos corrientes,ppye,61761.00000000001
2005,YPF,S&P Capital IQ,integrada,Millones de pesos corrientes,ppye_neta,21958.000000000004
2005,YPF,S&P Capital IQ,integrada,Millones de pesos corrientes,tg_ant,0.368524975843381
2005,YPF,S&P Capital IQ,integrada,Millones de pesos corrientes,tg_desp,0.432046380708314
2006,YPF,S&P Capital IQ,integrada,Millones de pesos corrientes,KTA,25299.0
2006,YPF,S&P Capital IQ,integrada,Millones de pesos corrientes,activo,35394.0
2006,YPF,S&P Capital IQ,integrada,Millones de pesos corrientes,gcia_ant,7258.0
2006,YPF,S&P Capital IQ,integrada,Millones de pesos corrientes,gcia_desp,7334.0
2006,YPF,S&P Capital IQ,integrada,Millones de pesos corrientes,inventarios,1697.0
2006,YPF,S&P Capital IQ,integrada,Millones de pesos corrientes,ppye,61890.0
2006,YPF,S&P Capital IQ,integrada,Millones de pesos corrientes,ppye_neta,22513.0
2006,YPF,S&P Capital IQ,integrada,Millones de pesos corrientes,tg_ant,0.2868888098343808
2006,YPF,S&P Capital IQ,integrada,Millones de pesos corrientes,tg_desp,0.2898928811415471
2007,YPF,S&P Capital IQ,integrada,Millones de pesos corrientes,KTA,28858.000000000004
2007,YPF,S&P Capital IQ,integrada,Millones de pesos corrientes,activo,37468.0
2007,YPF,S&P Capital IQ,integrada,Millones de pesos corrientes,gcia_ant,6858.0
2007,YPF,S&P Capital IQ,integrada,Millones de pesos corrientes,gcia_desp,6650.0
2007,YPF,S&P Capital IQ,integrada,Millones de pesos corrientes,inventarios,2573.0
2007,YPF,S&P Capital IQ,integrada,Millones de pesos corrientes,ppye,73013.0
2007,YPF,S&P Capital IQ,integrada,Millones de pesos corrientes,ppye_neta,25434.000000000004
2007,YPF,S&P Capital IQ,integrada,Millones de pesos corrientes,tg_ant,0.2376464065423799
2007,YPF,S&P Capital IQ,integrada,Millones de pesos corrientes,tg_desp,0.23043869984059875
2008,YPF,S&P Capital IQ,integrada,Millones de pesos corrientes,KTA,32693.0
2008,YPF,S&P Capital IQ,integrada,Millones de pesos corrientes,activo,38418.0
2008,YPF,S&P Capital IQ,integrada,Millones de pesos corrientes,gcia_ant,6212.0
2008,YPF,S&P Capital IQ,integrada,Millones de pesos corrientes,gcia_desp,6028.0
2008,YPF,S&P Capital IQ,integrada,Millones de pesos corrientes,inventarios,3448.9999999999995
2008,YPF,S&P Capital IQ,integrada,Millones de pesos corrientes,ppye,80319.0
2008,YPF,S&P Capital IQ,integrada,Millones de pesos corrientes,ppye_neta,28028.0
2008,YPF,S&P Capital IQ,integrada,Millones de pesos corrientes,tg_ant,0.1900100939038938
2008,YPF,S&P Capital IQ,integrada,Millones de pesos corrientes,tg_desp,0.18438197779341142
2009,YPF,S&P Capital IQ,integrada,Millones de pesos corrientes,KTA,33204.0
2009,YPF,S&P Capital IQ,integrada,Millones de pesos corrientes,activo,39747.0
2009,YPF,S&P Capital IQ,integrada,Millones de pesos corrientes,gcia_ant,5907.0
2009,YPF,S&P Capital IQ,integrada,Millones de pesos corrientes,gcia_desp,5210.000000000001
2009,YPF,S&P Capital IQ,integrada,Millones de pesos corrientes,inventarios,3066.0000000000005
2009,YPF,S&P Capital IQ,integrada,Millones de pesos corrientes,ppye,85081.00000000001
2009,YPF,S&P Capital IQ,integrada,Millones de pesos corrientes,ppye_neta,27993.0
2009,YPF,S&P Capital IQ,integrada,Millones de pesos corrientes,tg_ant,0.17790025298156847
2009,YPF,S&P Capital IQ,integrada,Millones de pesos corrientes,tg_desp,0.1569088061679316
2010,YPF,S&P Capital IQ,integrada,Millones de pesos corrientes,KTA,37959.0
2010,YPF,S&P Capital IQ,integrada,Millones de pesos corrientes,activo,46589.0
2010,YPF,S&P Capital IQ,integrada,Millones de pesos corrientes,gcia_ant,9020.0
2010,YPF,S&P Capital IQ,integrada,Millones de pesos corrientes,gcia_desp,9372.0
2010,YPF,S&P Capital IQ,integrada,Millones de pesos corrientes,inventarios,3865.0
2010,YPF,S&P Capital IQ,integrada,Millones de pesos corrientes,ppye,93886.0
2010,YPF,S&P Capital IQ,integrada,Millones de pesos corrientes,ppye_neta,31567.0
2010,YPF,S&P Capital IQ,integrada,Millones de pesos corrientes,tg_ant,0.2376248057114255
2010,YPF,S&P Capital IQ,integrada,Millones de pesos corrientes,tg_desp,0.24689796886113966
2011,YPF,S&P Capital IQ,integrada,Millones de pesos corrientes,KTA,50640.0
2011,YPF,S&P Capital IQ,integrada,Millones de pesos corrientes,activo,60990.0
2011,YPF,S&P Capital IQ,integrada,Millones de pesos corrientes,gcia_ant,7586.0
2011,YPF,S&P Capital IQ,integrada,Millones de pesos corrientes,gcia_desp,4445.0
2011,YPF,S&P Capital IQ,integrada,Millones de pesos corrientes,inventarios,6005.999999999999
2011,YPF,S&P Capital IQ,integrada,Millones de pesos corrientes,ppye,135495.0
2011,YPF,S&P Capital IQ,integrada,Millones de pesos corrientes,ppye_neta,43522.0
2011,YPF,S&P Capital IQ,integrada,Millones de pesos corrientes,tg_ant,0.14980252764612953
2011,YPF,S&P Capital IQ,integrada,Millones de pesos corrientes,tg_desp,0.08777646129541865
2012,YPF,S&P Capital IQ,integrada,Millones de pesos corrientes,KTA,68640.0
2012,YPF,S&P Capital IQ,integrada,Millones de pesos corrientes,activo,79949.0
2012,YPF,S&P Capital IQ,integrada,Millones de pesos corrientes,gcia_ant,8565.0
2012,YPF,S&P Capital IQ,integrada,Millones de pesos corrientes,gcia_desp,3902.0
2012,YPF,S&P Capital IQ,integrada,Millones de pesos corrientes,inventarios,6921.999999999999
2012,YPF,S&P Capital IQ,integrada,Millones de pesos corrientes,ppye,170711.0
2012,YPF,S&P Capital IQ,integrada,Millones de pesos corrientes,ppye_neta,56970.99999999999
2012,YPF,S&P Capital IQ,integrada,Millones de pesos corrientes,tg_ant,0.12478146853146853
2012,YPF,S&P Capital IQ,integrada,Millones de pesos corrientes,tg_desp,0.05684731934731935
2013,YPF,S&P Capital IQ,integrada,Millones de pesos corrientes,KTA,114090.0
2013,YPF,S&P Capital IQ,integrada,Millones de pesos corrientes,activo,135595.0
2013,YPF,S&P Capital IQ,integrada,Millones de pesos corrientes,gcia_ant,14348.0
2013,YPF,S&P Capital IQ,integrada,Millones de pesos corrientes,gcia_desp,5125.0
2013,YPF,S&P Capital IQ,integrada,Millones de pesos corrientes,inventarios,9881.0
2013,YPF,S&P Capital IQ,integrada,Millones de pesos corrientes,ppye,258437.0
2013,YPF,S&P Capital IQ,integrada,Millones de pesos corrientes,ppye_neta,93496.0
2013,YPF,S&P Capital IQ,integrada,Millones de pesos corrientes,tg_ant,0.1257603646244193
2013,YPF,S&P Capital IQ,integrada,Millones de pesos corrientes,tg_desp,0.04492067665877816
2014,YPF,S&P Capital IQ,integrada,Millones de pesos corrientes,KTA,179689.0
2014,YPF,S&P Capital IQ,integrada,Millones de pesos corrientes,activo,208554.0
2014,YPF,S&P Capital IQ,integrada,Millones de pesos corrientes,gcia_ant,22072.0
2014,YPF,S&P Capital IQ,integrada,Millones de pesos corrientes,gcia_desp,9001.999999999998
2014,YPF,S&P Capital IQ,integrada,Millones de pesos corrientes,inventarios,13001.0
2014,YPF,S&P Capital IQ,integrada,Millones de pesos corrientes,ppye,392086.0
2014,YPF,S&P Capital IQ,integrada,Millones de pesos corrientes,ppye_neta,156930.0
2014,YPF,S&P Capital IQ,integrada,Millones de pesos corrientes,tg_ant,0.1228344528602196
2014,YPF,S&P Capital IQ,integrada,Millones de pesos corrientes,tg_desp,0.050097668749895644
2015,YPF,S&P Capital IQ,integrada,Millones de pesos corrientes,KTA,306354.0
2015,YPF,S&P Capital IQ,integrada,Millones de pesos corrientes,activo,363453.0
2015,YPF,S&P Capital IQ,integrada,Millones de pesos corrientes,gcia_ant,29063.0
2015,YPF,S&P Capital IQ,integrada,Millones de pesos corrientes,gcia_desp,4578.999999999999
2015,YPF,S&P Capital IQ,integrada,Millones de pesos corrientes,inventarios,19258.0
2015,YPF,S&P Capital IQ,integrada,Millones de pesos corrientes,ppye,664980.9999999999
2015,YPF,S&P Capital IQ,integrada,Millones de pesos corrientes,ppye_neta,270905.0
2015,YPF,S&P Capital IQ,integrada,Millones de pesos corrientes,tg_ant,0.09486737565039138
2015,YPF,S&P Capital IQ,integrada,Millones de pesos corrientes,tg_desp,0.014946760936694148
2016,YPF,S&P Capital IQ,integrada,Millones de pesos corrientes,KTA,348127.00000000006
2016,YPF,S&P Capital IQ,integrada,Millones de pesos corrientes,activo,421139.00000000006
2016,YPF,S&P Capital IQ,integrada,Millones de pesos corrientes,gcia_ant,-29803.90134128632
2016,YPF,S&P Capital IQ,integrada,Millones de pesos corrientes,gcia_desp,-28237.523344372083
2016,YPF,S&P Capital IQ,integrada,Millones de pesos corrientes,inventarios,21808.000000000004
2016,YPF,S&P Capital IQ,integrada,Millones de pesos corrientes,ppye,830746.0000000001
2016,YPF,S&P Capital IQ,integrada,Millones de pesos corrientes,ppye_neta,308014.00000000006
2016,YPF,S&P Capital IQ,integrada,Millones de pesos corrientes,tg_ant,-0.08561215114393976
2016,YPF,S&P Capital IQ,integrada,Millones de pesos corrientes,tg_desp,-0.08111270698443981
2017,YPF,S&P Capital IQ,integrada,Millones de pesos corrientes,KTA,423266.0
2017,YPF,S&P Capital IQ,integrada,Millones de pesos corrientes,activo,505718.0
2017,YPF,S&P Capital IQ,integrada,Millones de pesos corrientes,gcia_ant,8703.0
2017,YPF,S&P Capital IQ,integrada,Millones de pesos corrientes,gcia_desp,12340.000000000002
2017,YPF,S&P Capital IQ,integrada,Millones de pesos corrientes,inventarios,27149.0
2017,YPF,S&P Capital IQ,integrada,Millones de pesos corrientes,ppye,1033868.0
2017,YPF,S&P Capital IQ,integrada,Millones de pesos corrientes,ppye_neta,354443.0
2017,YPF,S&P Capital IQ,integrada,Millones de pesos corrientes,tg_ant,0.02056153813441193
2017,YPF,S&P Capital IQ,integrada,Millones de pesos corrientes,tg_desp,0.02915424343084491
2018,YPF,S&P Capital IQ,integrada,Millones de pesos corrientes,KTA,809380.0
2018,YPF,S&P Capital IQ,integrada,Millones de pesos corrientes,activo,994016.0
2018,YPF,S&P Capital IQ,integrada,Millones de pesos corrientes,gcia_ant,90144.0
2018,YPF,S&P Capital IQ,integrada,Millones de pesos corrientes,gcia_desp,38613.0
2018,YPF,S&P Capital IQ,integrada,Millones de pesos corrientes,inventarios,53324.00000000001
2018,YPF,S&P Capital IQ,integrada,Millones de pesos corrientes,ppye,2197375.0
2018,YPF,S&P Capital IQ,integrada,Millones de pesos corrientes,ppye_neta,699087.0
2018,YPF,S&P Capital IQ,integrada,Millones de pesos corrientes,tg_ant,0.1113741382292619
2018,YPF,S&P Capital IQ,integrada,Millones de pesos corrientes,tg_desp,0.04770688675282315
2019,YPF,S&P Capital IQ,integrada,Millones de pesos corrientes,KTA,1285351.0
2019,YPF,S&P Capital IQ,integrada,Millones de pesos corrientes,activo,1573289.0
2019,YPF,S&P Capital IQ,integrada,Millones de pesos corrientes,gcia_ant,-7011.245534896364
2019,YPF,S&P Capital IQ,integrada,Millones de pesos corrientes,gcia_desp,-34068.30665547422
2019,YPF,S&P Capital IQ,integrada,Millones de pesos corrientes,inventarios,80479.0
2019,YPF,S&P Capital IQ,integrada,Millones de pesos corrientes,ppye,3724257.0
2019,YPF,S&P Capital IQ,integrada,Millones de pesos corrientes,ppye_neta,1130402.0
2019,YPF,S&P Capital IQ,integrada,Millones de pesos corrientes,tg_ant,-0.0054547322364835475
2019,YPF,S&P Capital IQ,integrada,Millones de pesos corrientes,tg_desp,-0.026505060995381198
2020,YPF,S&P Capital IQ,integrada,Millones de pesos corrientes,KTA,1607297.0
2020,YPF,S&P Capital IQ,integrada,Millones de pesos corrientes,activo,1923225.0
2020,YPF,S&P Capital IQ,integrada,Millones de pesos corrientes,gcia_ant,-56424.39215541178
2020,YPF,S&P Capital IQ,integrada,Millones de pesos corrientes,gcia_desp,-69651.74966069683
2020,YPF,S&P Capital IQ,integrada,Millones de pesos corrientes,inventarios,100137.0
2020,YPF,S&P Capital IQ,integrada,Millones de pesos corrientes,ppye,5328305.0
2020,YPF,S&P Capital IQ,integrada,Millones de pesos corrientes,ppye_neta,1423608.0
2020,YPF,S&P Capital IQ,integrada,Millones de pesos corrientes,tg_ant,-0.035105143701140346
2020,YPF,S&P Capital IQ,integrada,Millones de pesos corrientes,tg_desp,-0.0433347101753421
2021,YPF,S&P Capital IQ,integrada,Millones de pesos corrientes,KTA,1963136.0000000002
2021,YPF,S&P Capital IQ,integrada,Millones de pesos corrientes,activo,2390068.0000000005
2021,YPF,S&P Capital IQ,integrada,Millones de pesos corrientes,gcia_ant,63601.0
2021,YPF,S&P Capital IQ,integrada,Millones de pesos corrientes,gcia_desp,257.0
2021,YPF,S&P Capital IQ,integrada,Millones de pesos corrientes,inventarios,153927.0
2021,YPF,S&P Capital IQ,integrada,Millones de pesos corrientes,ppye,6785186.000000001
2021,YPF,S&P Capital IQ,integrada,Millones de pesos corrientes,ppye_neta,1695519.0000000002
2021,YPF,S&P Capital IQ,integrada,Millones de pesos corrientes,tg_ant,0.032397653550237986
2021,YPF,S&P Capital IQ,integrada,Millones de pesos corrientes,tg_desp,0.00013091298819847426
2022,YPF,S&P Capital IQ,integrada,Millones de pesos corrientes,KTA,3697182.9999999995
2022,YPF,S&P Capital IQ,integrada,Millones de pesos corrientes,activo,4588159.0
2022,YPF,S&P Capital IQ,integrada,Millones de pesos corrientes,gcia_ant,399176.0
2022,YPF,S&P Capital IQ,integrada,Millones de pesos corrientes,gcia_desp,289057.0
2022,YPF,S&P Capital IQ,integrada,Millones de pesos corrientes,inventarios,307766.0
2022,YPF,S&P Capital IQ,integrada,Millones de pesos corrientes,ppye,12499527.0
2022,YPF,S&P Capital IQ,integrada,Millones de pesos corrientes,ppye_neta,3196053.9999999995
2022,YPF,S&P Capital IQ,integrada,Millones de pesos corrientes,tg_ant,0.10796760668866
2022,YPF,S&P Capital IQ,integrada,Millones de pesos corrientes,tg_desp,0.07818303827535722
2023,YPF,S&P Capital IQ,integrada,Millones de pesos corrientes,KTA,17278956.0
2023,YPF,S&P Capital IQ,integrada,Millones de pesos corrientes,activo,20202123.0
2023,YPF,S&P Capital IQ,integrada,Millones de pesos corrientes,gcia_ant,-1447101.834768928
2023,YPF,S&P Capital IQ,integrada,Millones de pesos corrientes,gcia_desp,-1561178.63731985
2023,YPF,S&P Capital IQ,integrada,Millones de pesos corrientes,inventarios,1357716.0
2023,YPF,S&P Capital IQ,integrada,Millones de pesos corrientes,ppye,59716971.00000001
2023,YPF,S&P Capital IQ,integrada,Millones de pesos corrientes,ppye_neta,14802610.0
2023,YPF,S&P Capital IQ,integrada,Millones de pesos corrientes,tg_ant,-0.08374937900003494
2023,YPF,S&P Capital IQ,integrada,Millones de pesos corrientes,tg_desp,-0.09035144468912648
2024,YPF,S&P Capital IQ,integrada,Millones de pesos corrientes,KTA,23219582.0
2024,YPF,S&P Capital IQ,integrada,Millones de pesos corrientes,activo,30287297.000000004
2024,YPF,S&P Capital IQ,integrada,Millones de pesos corrientes,gcia_ant,830855.0
2024,YPF,S&P Capital IQ,integrada,Millones de pesos corrientes,gcia_desp,2077482.0
2024,YPF,S&P Capital IQ,integrada,Millones de pesos corrientes,inventarios,1593666.0
2024,YPF,S&P Capital IQ,integrada,Millones de pesos corrientes,ppye,55342908.0
2024,YPF,S&P Capital IQ,integrada,Millones de pesos corrientes,ppye_neta,20072666.0
2024,YPF,S&P Capital IQ,integrada,Millones de pesos corrientes,tg_ant,0.03578251322525961
2024,YPF,S&P Capital IQ,integrada,Millones de pesos corrientes,tg_desp,0.08947111967820953
2025,YPF,S&P Capital IQ,integrada,Millones de pesos corrientes,KTA,32293618.0
2025,YPF,S&P Capital IQ,integrada,Millones de pesos corrientes,activo,42703377.0
2025,YPF,S&P Capital IQ,integrada,Millones de pesos corrientes,gcia_ant,1346555.0
2025,YPF,S&P Capital IQ,integrada,Millones de pesos corrientes,gcia_desp,-1087679.0664596003
2025,YPF,S&P Capital IQ,integrada,Millones de pesos corrientes,inventarios,2098590.0
2025,YPF,S&P Capital IQ,integrada,Millones de pesos corrientes,ppye,76687692.0
2025,YPF,S&P Capital IQ,integrada,Millones de pesos corrientes,ppye_neta,28461756.0
2025,YPF,S&P Capital IQ,integrada,Millones de pesos corrientes,tg_ant,0.04169724804448978
2025,YPF,S&P Capital IQ,integrada,Millones de pesos corrientes,tg_desp,-0.0336809293545121
2026,YPF,S&P Capital IQ,integrada,Millones de pesos corrientes,KTA,32121644.000000004
2026,YPF,S&P Capital IQ,integrada,Millones de pesos corrientes,activo,41817608.00000001
2026,YPF,S&P Capital IQ,integrada,Millones de pesos corrientes,gcia_ant,2273539.0
2026,YPF,S&P Capital IQ,integrada,Millones de pesos corrientes,gcia_desp,-461563.5413155321
2026,YPF,S&P Capital IQ,integrada,Millones de pesos corrientes,inventarios,2011757.0
2026,YPF,S&P Capital IQ,integrada,Millones de pesos corrientes,ppye,74848808.0
2026,YPF,S&P Capital IQ,integrada,Millones de pesos corrientes,ppye_neta,27779371.000000004
2026,YPF,S&P Capital IQ,integrada,Millones de pesos corrientes,tg_ant,0.07077903609167699
2026,YPF,S&P Capital IQ,integrada,Millones de pesos corrientes,tg_desp,-0.014369237804750344
